1.3639385,-0.36631158,1.7057134,-1.0138693,-0.25061697,4.686193
1.4766984,-1.0617417,0.28868198,-0.40317863,-0.3624837,4.3762035
-0.35634318,0.8048904,-0.9405096,1.5486275,-1.0821553,4.45633
1.6293025,-0.7265618,0.19410187,-1.2349892,1.2908895,4.604255
-0.33021733,-0.08424894,-1.7150449,-1.3337507,0.33860952,4.143861
0.39470145,-1.2310292,0.0142205255,-1.4267921,-1.1693451,3.924217
-0.79137355,-0.17074361,1.318,1.6087672,-0.36333525,3.8518002
1.0586454,0.25698936,0.19723867,-0.23627359,-1.263773,4.8502812
1.5654585,-0.06481308,0.40842873,-0.47600657,-1.0226752,4.89903
-1.2163984,-0.6510179,-1.6193694,0.936895,1.3027426,3.530089
1.5441934,0.52988064,-0.3240981,-1.0395166,0.51663727,5.168376
0.36950117,-0.44933945,1.0129108,-0.47292483,0.7464607,4.2731237
1.3196235,-0.9692511,-1.26068,1.5758655,-0.23613493,4.369314
0.28040725,-1.2915022,-0.80469596,0.9096932,-0.4434176,3.843862
0.87763816,-0.3661189,1.1601927,-1.3602886,0.21205157,4.5088844
-0.19602622,-1.6563821,0.49247748,-0.49124548,-1.2409718,3.4988039
1.3748708,1.4681754,0.802249,0.15598388,-1.7334584,5.4798098
0.30172703,-0.8342629,-1.6031296,0.6124737,1.2049123,4.0772743
-0.7569007,-0.72279906,1.0925732,-0.81261194,0.02363903,3.7002025
0.48617005,0.16958088,-0.37568322,1.2004404,1.0379906,4.581966
-0.74638927,0.46324074,0.3601588,0.012739794,1.290401,4.158004
-0.15483129,-0.15918124,1.3878386,-1.5145143,0.7452391,4.1883183
-0.65238744,1.2146521,-1.5843037,0.45051685,-0.60307646,4.473869
1.1896948,-1.0195177,0.49064478,-1.6986591,-0.32895043,4.3063745
-1.312404,0.63780123,-1.5541729,0.10639701,-0.101937,3.9424307
-0.7468607,0.0028602646,1.2710694,-1.7303584,0.09188721,3.9926102
-0.4391913,-1.4253769,0.5035645,-0.50929266,0.05568253,3.5227065
-0.98843825,-0.67504513,0.19024105,-0.41761628,-1.3645031,3.6137779
0.20971023,0.4548845,-0.68924177,-1.5728885,-0.96286076,4.592533
-1.6539574,0.34318224,0.6468637,-0.5051406,1.2494246,3.663807
1.6026025,1.2870356,-0.8927432,0.04386993,0.043764204,5.5172544
-1.4159129,1.1846693,0.32749996,-0.9919186,-0.79618734,4.062988
1.3768369,-0.95344746,1.4419295,0.23182718,1.1583092,4.3934817
0.3337796,-0.7450028,-1.2905744,0.9017992,-0.525208,4.125943
-0.5120972,-0.36649168,-0.49116236,0.19037321,-0.7154787,3.9439657
1.1114646,-1.2545086,0.40036687,-1.7173994,1.1977761,4.159762
0.31557778,-0.46851674,0.29729643,-0.019875163,-1.3768617,4.2337923
1.4387302,-1.4339014,0.022692215,-0.82749116,-0.84034145,4.168605
0.23543571,0.67646646,1.4772141,0.4801539,1.2979795,4.680218
-0.4960253,1.2525697,-0.4474173,-1.4064959,-0.18082784,4.5655956
0.50991297,0.1462303,0.44226223,-1.2145534,-0.7252026,4.5903
-0.41990912,-1.2535578,0.90961546,-0.071990095,1.4242586,3.6063159
0.77200633,-1.3264954,-0.33406845,0.9860833,0.25169462,3.9959002
1.5848852,-0.6785741,1.121753,-0.47790486,-1.637484,4.602254
1.0427604,0.5189118,1.121181,-0.10588325,-1.2912431,4.951372
-0.7058037,0.04977633,0.7641514,-0.18621804,-0.4502931,4.019438
1.0413914,0.32694915,-0.42010623,-1.3719399,-0.10659038,4.882295
0.3553211,1.6661764,1.4914567,-0.1516618,-1.3144976,5.1080174
0.9218102,0.82453406,-0.99371463,-0.06322388,-0.6637086,5.042178
-1.0026175,0.38540283,0.5300825,0.27279013,0.5733467,4.002083
-1.6577972,-0.3493796,0.34405026,0.7621527,-1.6253873,3.3887565
-0.6182891,0.83968747,1.2117743,0.5023085,-1.6332732,4.3213263
-1.2739148,0.6509348,-1.4092339,0.953167,0.4382712,3.9649165
1.4603896,-1.5779006,0.29859805,-0.34515253,0.31864318,4.09451
0.5432361,-1.0331789,-0.99039537,-0.7638962,-1.6827346,4.071228
0.76056355,0.06592755,0.9097328,1.4590623,-1.6217002,4.5914426
0.5918573,0.6748823,0.58906233,1.368965,1.4261779,4.8295207
0.017189605,0.8633747,-1.3374501,0.93155164,1.7153496,4.665054
1.3950604,-1.0412245,-0.10850222,1.249493,-0.7679213,4.340241
-1.1765872,-1.7398986,0.4796872,0.8353616,1.712117,3.088537
0.15559548,-0.08488195,0.73097515,1.5193027,1.183533,4.327263
-1.1284078,-0.19443755,1.5275856,1.4948823,1.5265561,3.7131832
0.5782349,0.51772594,0.77066684,-1.4250572,-0.756239,4.7742867
-0.54598856,-0.47734854,0.32673106,-1.6494019,-0.4350911,3.8930602
0.574901,1.3528603,0.9155788,-0.9145514,1.0085983,5.1044416
-0.31168166,0.12430692,-1.626716,1.3121599,0.630231,4.233588
1.4756373,1.2925138,1.1445962,1.552179,-1.39273,5.412497
-0.97367674,-1.2191092,-0.20294428,0.09878759,1.0239872,3.4023721
-0.9800424,0.71113974,0.9714689,-1.297212,1.6758546,4.1367536
-0.9801048,0.21661909,0.4910761,-0.8298407,-1.1105604,3.958482
1.5962877,-0.87373656,-0.09154204,0.81039554,-1.6182578,4.4917674
0.6211192,0.8796514,1.2084806,1.601753,-1.6599904,4.8627276
1.704464,-1.7256463,-1.0025371,0.32165706,-1.1064306,4.0837035
-1.3742466,1.430229,0.48358244,-1.1554544,-0.7736635,4.1635413
-1.6611862,0.14871572,0.7522549,1.6317732,-0.9895491,3.534918
-1.3003372,0.17682303,-0.6123905,1.509109,-1.5272101,3.7590559
-1.1114408,0.82101935,0.6214896,-0.77552885,1.0691372,4.106178
0.744764,0.15298386,-1.700435,-0.9518781,1.6808306,4.6889687
0.66387576,0.7615209,-0.86871374,0.9830746,1.4371216,4.9063725
1.478277,1.1269586,0.83443266,-1.2681607,1.0719798,5.4009914
-0.8423034,-1.3672544,0.88462746,1.4338453,0.7566788,3.3660212
-1.1269809,1.1715835,-1.5780113,-0.36463058,-0.69383156,4.215986
0.96098155,-0.2568009,0.59365785,-0.038006555,-1.4080359,4.576012
-0.64902186,-0.402598,0.1606186,-0.9412893,-1.0336705,3.8762279
1.092474,0.3612102,1.6762173,-1.7296304,0.77188617,4.9176726
-0.36155865,1.383898,-1.6767824,0.3781431,0.36696917,4.677867
1.0324025,-0.9502652,-0.41042835,-0.6325485,0.20928816,4.2849455
-1.2910436,-1.179701,-0.97398305,-1.0317016,-1.0618516,3.2899063
-0.8220217,1.0994809,-1.0463861,1.3685975,-0.8257571,4.3385925
0.5722487,-0.8200724,-0.2815537,0.30733627,-0.741417,4.1744227
0.41126484,0.5736606,-1.5800357,-0.47960228,-0.23128393,4.726591
-0.39197156,-0.2525529,1.3451447,-1.6143858,-0.3381561,4.0496807
1.073779,0.49144503,-0.6088144,-0.9910905,0.1713705,4.966031
1.2180064,1.3503816,0.60108703,-0.5807415,-0.58788484,5.381372
-1.2018363,-0.88544583,-1.0119398,0.7149586,-0.20770143,3.439295
-0.8723459,-0.84753036,0.0083289305,-1.5957024,-1.1121972,3.603893
1.6242225,0.8706244,-1.2181222,0.9876379,0.8434877,5.347585
-0.5340185,0.10322894,1.3819642,1.5637909,-1.4497159,4.041682
-0.563443,-0.18693891,1.4481033,0.5224991,0.3042346,3.9819884
-1.6193655,-1.5396707,1.3517388,-1.7370303,-1.6579107,3.0051572
-0.93917555,1.4985256,-0.60241157,0.21196195,-0.9984689,4.414555
0.4773952,-0.059844762,1.0684122,-0.7145575,1.6615545,4.488097
-0.18018474,-0.3174516,-1.4364452,0.5344318,-0.3354278,4.110455
-1.2030634,-0.715883,0.78741646,-0.07924708,-0.3295169,3.4997633
0.08755115,-0.3406049,-0.2130115,0.83451295,0.8810844,4.2034144
-1.1293404,0.8625499,-1.4247124,-0.15555203,-1.5044535,4.110998
-1.4140675,-0.033633504,-1.37983,0.29855558,-0.41025564,3.6602485
-0.90127105,1.512523,-1.6087505,0.6768486,-0.06732114,4.4463053
-1.4602525,-0.09481731,0.3210287,-1.2998501,0.18313535,3.6179266
-1.0495214,-0.24574266,-0.6223652,0.27494943,-0.29820487,3.7529552
1.7688072,1.0006124,-0.7922477,1.5316943,-1.2322732,5.4475093
0.3724561,-0.03872565,1.6347411,1.1970899,-1.5976144,4.383494
0.5779039,-0.34457502,-0.5244111,0.09360344,0.0070264824,4.3999553
-1.5592386,0.59527504,0.57858837,-0.31949466,1.433416,3.7954676
-1.0840297,1.3953055,-0.30340123,0.70300806,-0.7884257,4.297298
-0.526136,0.44619122,1.0352385,-1.5400983,0.20715271,4.260395
0.31647378,1.2327783,0.51178426,-0.5369576,1.0883266,4.9407716
-1.4683634,1.1477762,1.0870926,1.4904926,-1.7023684,3.9373171
-0.6949539,0.50472885,0.4477026,0.20888352,1.519696,4.196516
-0.9839533,0.61897653,-0.37749708,-0.036838803,1.4499097,4.1001124
0.051924426,0.5749535,1.5176076,-1.3800364,-0.7686285,4.570539
-0.59373313,0.18945412,-0.12342363,-1.1388949,1.4967146,4.1326294
-0.072199136,1.504649,-1.0294882,0.22555223,1.1704438,4.8597174
-1.1199504,1.6321248,0.53373605,-1.3185784,1.4258726,4.36798
-1.1350474,0.6335893,-0.20942493,-0.51610625,1.4870096,4.0307484
-0.95765865,-0.081091486,-1.2751613,-0.8691027,0.38522252,3.8636758
-0.5423979,1.5853868,0.22382241,0.52029365,0.9392271,4.648949
-1.3122505,-1.3634903,-0.40014362,0.2506589,-0.93818986,3.1941617
1.4912727,1.3005016,-0.6851528,-1.689593,0.27898777,5.4794993
-0.29466903,0.9396494,-0.82094496,0.5582537,1.6477923,4.5477285
1.5290381,1.1373847,-0.73210716,-0.17082174,-0.6079217,5.4234366
0.58379817,-0.12844662,-0.69671744,-0.85493207,0.39616966,4.5018682
-1.4113121,-1.306759,0.16788699,1.2637267,-0.89577436,3.1459503
1.2390637,1.2627451,1.6589042,-1.1566099,0.6279862,5.3575726
-0.4267388,-0.76300687,-1.0079973,-1.596943,0.5518023,3.8242965
-0.61306256,0.4700707,-0.8024815,0.17476512,1.2948263,4.226077
-1.3825036,1.004298,-1.1526847,-0.95608395,-0.0020843043,4.0255466
-1.665121,-1.6385069,-0.06613128,-0.7189669,0.81458676,2.9433093
0.53992796,0.12367224,0.11953004,-1.5317228,1.037474,4.593837
-0.3290811,-0.61858535,-1.1802548,-0.44558668,0.26703522,3.9241223
0.71769404,1.2564361,0.78385836,1.3640498,-1.6440537,5.0773487
-1.3663017,-1.1141541,-1.5418785,-1.5885712,1.2152733,3.284355
1.325859,1.0758222,1.5893099,-1.1876056,-1.1196679,5.315573
-1.2171309,1.1046969,0.32239833,-0.39406887,0.78996783,4.1432433
-0.25024897,0.97818786,-0.17409872,-1.3874992,-1.3063196,4.5856037
0.4068936,1.697042,-0.6161422,0.31037602,0.49242103,5.15481
0.9363069,0.2734781,0.77050894,-0.3591699,-0.33546284,4.8114257
1.4376055,-1.5889555,1.2537081,1.2980952,-1.5612946,4.0114684
1.6161231,1.2636712,-1.1247504,-1.7386996,0.7785327,5.515489
-1.3185217,0.1680097,-0.4316002,0.043691438,-0.41426703,3.7733803
0.48060513,0.04177061,1.2638829,0.7506857,-0.73166305,4.5051093
-0.69366735,-1.6703103,-0.32292655,0.21083556,-0.54928887,3.3087964
-0.14158994,-0.38887763,-1.2660706,-0.4868878,1.1649648,4.0982018
-1.2419953,-0.84771377,-0.55308664,1.6127174,1.0051764,3.4291224
1.6159499,1.7311956,0.058414344,-1.3611474,0.4597818,5.708982
-1.2169535,1.260439,-0.32168904,1.6015731,0.7124447,4.181804
0.9676523,1.3202283,-1.1783693,0.45795855,0.8772079,5.263952
0.65244573,1.2125638,-1.0773362,0.8117662,0.70427334,5.0823054
0.6068324,-1.0845273,0.46363008,1.2087231,1.4618239,4.055882
-0.88401943,-0.7492987,1.1779488,0.15828279,1.0303506,3.6279316
1.6126652,-0.6821853,1.5620922,0.16957954,-0.902104,4.600829
0.4256338,-0.6989674,-0.1951356,-0.36619565,-0.27518636,4.1823688
0.26871195,1.3773493,0.66012424,-1.5883164,0.7954629,4.9757504
-1.4706596,0.6050295,-1.3655177,0.7164796,1.3651513,3.8478248
0.770165,1.4177057,0.9146044,1.2832301,-1.449545,5.170016
-0.21123369,-0.07552837,1.6408349,0.71104646,-0.8698782,4.1610236
-0.74188954,-1.5626272,0.8937773,-0.28511173,-0.86980224,3.3375168
1.5265402,-0.5039636,-0.6802544,-1.567497,1.622784,4.679898
0.43114245,1.2441807,1.3998963,-0.04307054,1.6868256,4.993892
-0.9057733,1.0787026,-1.6281466,0.43680993,-0.7851086,4.2995973
-0.8245866,0.55186695,-0.2071064,-1.3723991,-0.5463877,4.1573377
-0.035099875,-0.50960565,-0.42664874,1.4609472,0.019054553,4.0736227
1.0088333,-1.6364744,-1.7147217,-0.060081337,0.08970554,3.924495
-0.392962,-0.93919355,-0.98109233,0.4594789,-0.5048122,3.7560902
-0.9355665,0.9247806,-1.2527473,1.5161994,-1.2740723,4.2218647
-0.54264843,-0.7033258,0.4608505,0.73880213,-0.93257564,3.7734075
-1.2395577,0.84900075,-0.14385097,-0.9545243,-0.15601382,4.04985
0.66138977,0.4875513,0.78816056,0.62543255,0.17568515,4.7820873
1.3803035,-0.66939807,-0.38743854,1.005767,0.054777764,4.5355473
-1.5743192,1.0791829,1.4163232,0.85122985,-1.6006947,3.8842304
0.4471634,-0.558911,0.19367503,-0.82954705,1.5205829,4.2571316
0.93689245,-0.051661067,1.423302,0.16183527,-1.0195735,4.654121
0.3594599,-0.66380936,1.3942765,-1.2610278,-0.43533123,4.176292
-0.5662127,-1.6632367,-1.4580065,-0.2093191,1.5935898,3.3697972
0.9461075,0.29070935,-1.1547878,-1.2183444,-0.00033211897,4.828733
0.952258,0.5155944,1.0339458,0.97744477,-1.3948852,4.886359
0.6911769,-0.8796049,1.6223143,1.6831701,0.9852633,4.1645675
-0.25549895,1.0868738,-1.4673927,-1.6947423,-0.6626516,4.623212
-0.4089238,-1.572537,0.024211146,-0.8250055,1.6658869,3.4695473
0.23140739,-1.6903589,-0.661493,-0.7482726,-0.5137179,3.6379871
-0.25710535,-1.08061,1.6166289,-1.229279,-1.3051125,3.751017
-0.46610478,-0.6016454,1.4263637,1.5643599,-1.2989314,3.790163
1.148076,-0.1886994,1.2495309,-1.3545773,-0.0022893518,4.6919484
1.5273204,-0.33340344,0.9236703,-0.9214644,-0.29034913,4.760835
-0.12335485,0.8103549,-0.16209863,-1.4557145,1.3356047,4.582529
-0.33847314,-1.5383279,1.5844569,-0.020149004,0.09198458,3.4982898
0.07228373,0.26607725,-0.80493885,-1.298624,-1.05181,4.4573317
-0.055685848,0.037321124,0.08398221,-1.1831094,0.18222027,4.309904
0.46121863,0.47186223,-0.4530072,1.7108771,-1.2915521,4.676092
0.52980584,1.7570219,-1.2543279,0.760909,0.24672437,5.235571
-1.5171661,1.0903981,-0.8151386,0.7216714,0.4455019,3.9735339
-0.5884532,-0.9680288,0.41564447,1.216064,-1.6430924,3.612607
1.4975755,-1.4359078,-0.15422972,0.28539777,-1.195325,4.174919
0.7180932,-0.41941497,-1.139118,0.26714933,-0.8807713,4.42063
-0.038513076,-0.8763399,-0.21936476,-1.3175238,-0.6166847,3.9285667
-0.9912511,0.62182254,0.2957976,0.47302535,-0.32601583,4.0858216
-1.0065784,0.022970688,-1.2030339,-1.3698834,0.7140545,3.8795242
-1.4956542,1.4229343,1.0367105,-0.021941584,-1.3774788,4.0747204
-0.5142637,0.6984108,-1.4616766,-0.95067,0.88336056,4.35891
0.62878907,-0.3168933,0.015502687,-0.9978225,-1.2111546,4.4348927
1.1453457,0.06734341,-1.4064128,-1.0302348,1.5079331,4.807979
0.84234613,0.42847344,-1.5502752,-0.85428226,-0.99924695,4.8460894
-1.4752916,-0.2116386,-0.21436535,-1.0462292,-1.3354248,3.568086
-0.98859304,1.4275311,1.558405,-0.9632427,1.2285807,4.371579
-0.22466105,-1.369793,1.623296,-0.6464018,1.3958985,3.6299517
1.7132457,0.86496437,0.61657864,-1.5996797,-0.59790736,5.383013
0.29629925,-1.1154612,1.3307925,1.3743794,1.5055795,3.9202971
-0.3988817,-1.5356095,-0.9401541,0.5686369,0.18326077,3.4858608
0.75970536,-0.35461658,0.96636486,-1.7401248,0.61683404,4.470034
-0.60885227,0.8647868,1.0474135,-1.7485381,-0.11315933,4.3737288
-1.0676363,1.2508138,-1.642961,-0.8881694,-0.48434538,4.2735972
1.3042575,0.4486439,-1.3175993,0.6550905,-0.63754874,5.036235
-0.73599523,-0.14533705,0.74133873,1.5736597,-1.4952883,3.867776
-0.29811838,-0.09186764,0.15783103,-0.2846559,1.2513323,4.151302
-1.6662296,-0.7068884,-1.1639096,1.0179259,0.9051141,3.2959914
1.1998554,-0.15116167,-1.3567581,-0.9502005,1.5605205,4.7290187
1.3520477,-0.1148165,1.2408141,-0.37451077,-1.712745,4.788861
0.6748508,1.5050474,0.18675648,-0.28336093,1.6980864,5.2068076
-1.1537846,1.03722,-0.0047378535,-1.7035708,1.1424922,4.1582394
-1.6526845,-1.4020536,-1.6618863,-0.005341133,0.46021497,3.0451603
-1.3516887,0.014114109,1.5065479,0.44480363,-0.7543544,3.679439
1.3314929,-1.076069,-1.1367283,1.0431082,1.2094573,4.3217764
0.8740517,-0.2726503,0.764646,-1.3568441,1.0980237,4.550422
1.4964993,-1.3924482,-0.20753036,-0.536794,1.4776525,4.2104707
0.9494279,0.46452227,0.055051435,0.051060524,-1.4403563,4.8930707
0.4830595,-1.2627082,0.8426887,0.1696544,0.25139424,3.9287517
0.030284766,1.7449458,-0.45862925,0.2782109,0.61151934,4.9926248
-1.2626909,1.3364509,-0.48295242,-1.3032075,-1.713882,4.1961284
-1.4284928,-1.2051024,1.3687375,1.33218,1.6081394,3.1927173
-1.563827,-1.6507229,-1.3175114,-1.5822146,1.0685654,2.9835267
0.75220716,0.07552627,0.76365143,-0.61671555,-1.4012594,4.651501
-0.7984574,-0.48464695,-0.44433683,0.8502044,-1.497243,3.7571528
-0.29947183,0.5236887,-0.57502,-0.44710088,0.05896989,4.3915324
-0.9440584,-1.184953,1.1492165,-0.8503825,1.3763266,3.4323137
-0.2666978,0.727523,0.28912953,-1.726036,0.49086896,4.485571
-1.1650845,-1.5138978,-1.6005489,1.1805803,0.23170476,3.2036574
-1.0782459,-0.9223678,1.5344336,-0.05335011,-0.12371782,3.4706182
0.6184665,-0.9187263,-0.8534812,0.82365245,-1.7309946,4.1385784
-0.46471888,0.85877705,1.4843711,0.26240674,1.0299182,4.429987
1.1104195,-0.039263785,-0.54016346,-1.3046708,1.0921025,4.746407
-0.50538737,-1.6851685,1.6743174,-0.6274663,-1.2283636,3.3709016
-1.2162932,-0.99869037,0.5059185,1.2227182,-0.3303973,3.360026
-0.25673455,-0.80794,-0.0839351,-0.8640346,1.6706916,3.872519
-0.7877435,-1.6267183,0.6549352,-0.81379914,-0.67487526,3.2995021
-0.47978097,0.23227246,-0.054364476,0.93704724,-1.1997181,4.1752543
-1.5924989,0.63420475,-0.85310453,-0.76634157,0.97828674,3.793429
1.0107789,-0.31620196,0.93890244,0.268836,0.7877317,4.5727224
-1.1519426,-0.6937959,1.1134837,-0.85785705,1.4789922,3.5412521
0.9128247,-0.0038458682,-0.21618168,0.5196695,-0.75676626,4.6743765
0.8287171,-1.3915918,1.6151803,0.1620998,0.40912643,3.9803624
1.2776396,-1.0652089,0.10817656,-1.3915635,0.4049574,4.312699
-1.2739654,-0.033321623,-0.90958107,-1.3303372,1.3963449,3.7312763
1.285845,1.57092,-0.93723416,0.6235818,0.95809186,5.5004373
-0.7670828,-0.5345723,1.1550788,-0.5825974,0.39499176,3.7703266
0.68625456,0.87949574,-0.6969321,0.93601,-0.25508675,4.9591756
1.6646159,-0.6860589,1.0842539,0.075896464,-0.32031575,4.624928
-0.19575192,-0.46183997,-1.6699249,-0.60771275,-0.9454775,4.045796
0.033831835,-1.6691748,0.058249466,-0.31630433,0.71623826,3.5784051
-0.3493817,1.465473,-1.1880763,-0.8048712,1.4631078,4.712316
-1.3909672,1.7211893,0.6085287,0.8417509,-0.8912695,4.2160544
0.8737018,-0.030147374,1.394404,1.3618213,-1.1941307,4.60097
-1.6626358,1.1254717,0.6751728,-0.068431824,1.2768506,3.9034092
1.1163733,1.4469103,-0.5916775,-1.1329068,0.22088057,5.3804
1.3358415,0.8813586,-1.6127403,1.2328491,-0.82733643,5.237925
1.6759691,0.9135813,-0.8149901,1.3973854,1.1089585,5.3835497
-0.35911086,-1.6692562,-1.0143229,1.1683791,-1.4215554,3.425608
-1.3679868,-1.6475654,1.6397457,-0.045794882,-0.86185366,3.0414116
0.4343828,-1.3445108,-0.9247155,0.4121051,-0.5676858,3.8766196
0.998613,0.55752575,0.663389,0.07385548,-0.06672868,4.955889
-1.6670985,-1.5160582,1.3783281,-0.67338794,0.3572581,2.9884048
-0.34378925,-1.3371238,0.6184845,-1.7323495,0.8159326,3.6041675
-0.9853084,-0.8465431,-1.5086124,-0.22645958,-0.61585623,3.5551956
-0.10349037,-1.6159002,-0.19610888,0.73600173,-0.17939252,3.5453925
-0.80060256,0.009203723,-0.5108759,0.9976552,-0.9141275,3.9522748
-0.65688145,0.26083145,1.1060826,0.3982588,-1.1494381,4.102995
-0.49961755,-1.0234803,-0.16210374,0.77677876,0.3659361,3.6707394
-1.5895854,1.1596199,-0.091557816,1.0716426,1.2643802,3.9496584
1.4603355,-0.6615766,1.5274718,-0.34981072,1.4816653,4.5744915
1.4910337,-0.48882905,0.40791646,1.1185596,-1.3621656,4.6379347
-0.22302878,1.3481988,0.7955158,-0.050835285,0.8072401,4.7267823
-0.14899123,1.5184085,-0.5540202,-0.62884915,-0.545504,4.827438
-0.6557657,-0.19514695,1.1226829,-0.6881367,-0.09786122,3.9530952
-1.5082204,-1.2570746,0.24610049,-1.0255569,-0.08384539,3.164061
-1.6289243,-0.8764138,-0.34606385,-1.3506879,1.483033,3.2563927
0.6872693,0.2310266,0.3301728,0.38306332,1.4383751,4.692847
-0.898487,1.0388898,-1.3533598,1.5888376,-1.4127879,4.280976
-1.060095,0.8833433,0.062240552,0.23225057,0.36365706,4.147605
-0.087230444,-0.77062476,0.7870257,0.22009961,1.0003535,3.9476333
-0.5264037,-1.657594,-1.6097767,-0.6652656,0.4526439,3.3875449
-0.5100579,-1.533964,-0.91357666,-0.69832236,-0.051717732,3.4498377
0.10249171,-0.5533189,1.0755157,-0.5581832,-0.828511,4.1195884
-0.31817627,0.028916629,0.038028587,0.58615565,-1.2325599,4.1730146
-0.5458682,-0.78399336,-0.059459124,0.2847326,-1.7148532,3.7449236
-0.77751046,-1.3852949,0.17439857,-0.6518619,-0.045161165,3.4119039
-1.3545278,0.1923782,-0.77207005,0.3255723,-0.6792827,3.7631087
1.4913368,-1.3906394,1.4198331,-0.31752586,0.39676705,4.2044597
-0.64210266,-1.3451866,-0.17129353,-0.13257423,-0.74318445,3.4777641
0.50353295,-1.4244521,-0.6265269,1.2158365,1.4257224,3.8590324
-0.55043817,-0.47024825,0.90347546,-0.7373645,-1.2325517,3.8877392
0.18710968,1.5619073,-1.431025,1.6044639,1.5238712,5.003939
1.6528798,0.6950888,-0.3178522,-0.96338147,-0.6977349,5.283423
0.8406674,-0.20192276,0.17223303,1.5930257,0.25583845,4.547493
-1.4454187,0.3691853,-0.5341469,0.63740504,-0.64618635,3.7722728
0.7307486,0.7079235,0.9341695,0.6822607,0.7177264,4.903759
1.68206,0.017088968,-1.4682249,-0.41127244,1.353997,4.9858794
0.50026757,-1.4132344,-0.49626395,-0.48721522,1.6064181,3.8701572
1.2018434,-1.077905,-0.7230657,-1.2834842,-1.210126,4.2803946
1.7451743,-1.1892463,1.5889158,-1.6782191,1.1763039,4.401443
-0.2167596,-0.03787479,0.6847485,1.2003719,1.132911,4.193395
0.40462816,-1.6048373,-1.2826035,1.6686133,-1.4316312,3.7283115
-1.149928,-0.31328547,0.66495466,0.48313552,0.6878184,3.675004
-0.30778146,-0.636976,-0.037372146,-0.69304246,0.32292566,3.9239247
1.3226806,1.7346443,1.5718942,0.36665937,0.9381585,5.574763
0.93009603,1.4379004,0.9472447,-0.07937076,1.5045204,5.291748
-1.0427201,1.02949,-1.0043763,-1.5141453,0.027960291,4.213432
-1.3339591,0.10557038,1.5305965,-1.403917,-0.6521785,3.7501905
-1.1298262,-0.5632077,-0.30823392,0.58799684,-0.79155666,3.587515
-1.6525773,0.45591167,-0.3921719,-0.5209719,0.2118494,3.7019587
-1.2818651,-1.2096288,0.5128358,-0.42705736,-0.26554787,3.2757056
-0.3787762,-0.7440777,1.7060546,-1.0604652,-1.2509849,3.8479488
1.209512,-0.34685013,0.517477,0.7507703,0.036641594,4.625622
0.33543855,-0.4068334,-1.6587054,-0.8899235,0.97922206,4.2827888
-1.2628617,-1.6610019,-0.54940856,-0.56848013,0.045743715,3.1000605
-1.3345426,0.7067297,1.598973,0.9138846,1.0762548,3.9326937
0.90396726,1.4566647,-0.60649854,1.653513,-0.6653494,5.275058
-1.2339883,-0.9642761,-0.82752335,1.5323517,1.3454865,3.391858
-0.16491485,0.48143324,-1.3704416,0.66859514,0.40064564,4.436367
0.873363,-0.19735491,-0.9493711,0.047239162,-0.5931748,4.5808935
-0.7499634,-0.057382435,-0.9403198,1.289601,0.8227218,3.96112
-0.14065123,0.10945739,0.40940264,1.519599,0.8393587,4.282175
-0.10276806,1.5325478,0.6855051,0.76452273,-0.75357586,4.8339777
-0.36032307,0.24273674,1.638814,0.49562755,-0.32638508,4.2346826
-0.8261252,-1.1070685,1.1266253,0.40397614,0.88147676,3.5010316
-1.4881995,-0.6264853,0.024451807,0.16215688,-1.536632,3.3945143
-1.3451059,0.86693895,0.92565006,1.130775,0.64771324,3.9783647
-0.8750902,0.5562388,0.981131,0.47639996,0.36774358,4.1195993
1.7106419,0.04104988,-1.4828734,-1.4772446,-1.191187,5.007915
-0.78475904,-0.22552939,0.8660294,-1.0392756,-0.22496253,3.886352
-1.109441,-0.6781824,-1.1762584,-1.5899931,0.49485767,3.5682871
0.46463388,-0.61805815,1.3258406,-0.53582835,1.1921061,4.23445
0.5218432,-0.92186743,-0.7482286,0.07428382,1.253804,4.115832
0.99083227,0.2953284,0.35555756,-0.74998105,-1.127897,4.8449626
1.356329,0.50128555,-0.019217065,-1.6100307,-1.136764,5.0829754
1.0062722,1.3550124,0.7961839,-1.1427715,0.80669016,5.2958
-1.6605399,-0.39091516,0.26630437,0.72400856,1.6956233,3.4052262
0.1999022,0.13287134,-1.247265,-0.13660966,1.4661547,4.456671
1.0904573,1.144697,0.6950668,-0.30526695,0.6698336,5.243477
-0.11203569,0.7726816,1.0125886,0.26650608,1.6291343,4.5660605
-0.96778166,0.23304819,-0.8956811,-0.3808819,-0.80606055,3.9714797
1.6891164,0.5478301,-1.1155038,-0.95992184,-0.060605317,5.2325587
-0.59704775,0.09821865,-1.1708754,-0.81056535,-1.4231397,4.095749
-0.9334476,-1.5034087,-0.83690524,-0.7215794,-1.073574,3.2999442
-1.5056236,0.07470479,-0.2175515,-1.6384009,-1.1818926,3.654315
0.124084555,-0.37800157,0.12753065,-1.6144559,-1.5813545,4.211372
0.8103724,1.5956298,-0.013053676,-0.67175525,0.47660804,5.3031697
0.42841092,1.5960096,-0.45536464,0.6366851,0.43535185,5.1249156
0.38774118,0.35612017,1.0652701,1.6823658,0.68503684,4.59858
-1.259042,1.580473,0.08986376,-0.061352298,1.1351979,4.2712493
-1.5613103,-0.899918,-0.9985774,1.1704369,-1.3899554,3.260498
0.077480316,1.5371097,-0.45564094,0.55929446,-0.5110593,4.9360795
1.6176301,1.5226934,-1.0110893,-1.396226,1.3500285,5.6242485
1.0408,-0.060460974,-0.607072,-0.88239145,-1.5430466,4.70851
-0.9556482,-1.4060774,-1.6216642,-0.49044442,1.2045993,3.3356364
-0.17642167,-0.561312,0.29927558,-1.4444009,0.52125806,4.0115404
-1.2225218,-0.4640051,-1.3322129,0.2285986,-1.4164573,3.5944033
-0.78374064,0.03591324,0.66358155,0.39772683,0.36170396,3.9752748
0.3590624,-1.5894312,1.1760583,-1.3668869,0.04397214,3.7339568
0.9850259,0.333118,-1.2791066,-0.37955737,0.32259396,4.8619914
1.4738758,-0.7253932,-0.9076515,-1.5447714,-0.5081127,4.551839
-1.5341299,-0.44395807,-1.3585001,1.7133505,0.7716947,3.453903
1.1987271,-0.90251213,0.45758548,1.0118043,1.3341739,4.3554206
-1.1675943,-0.36489406,0.33151603,-0.66887414,1.1944607,3.6587465
0.6921074,-1.6282948,-0.8877489,1.4771599,-0.1777084,3.8130639
1.5046643,-0.9265898,1.0369595,-1.1003458,-1.6034489,4.45757
0.0713368,0.16902763,0.71200097,1.4452454,1.6824846,4.4008904
1.6141422,1.1605186,-1.5533403,-0.68209314,0.4699438,5.4708505
-1.4203621,1.6067846,-0.09439352,0.492539,1.524292,4.187107
-0.61070836,-1.3249943,-0.74057597,1.1912566,0.6117244,3.4970534
1.0517049,0.74615,-0.29884383,0.79337776,0.016821723,5.056489
-0.328089,-0.98561937,0.95573276,0.40605104,0.919538,3.7550087
-0.30541003,-1.3543996,-0.18573894,-0.21446168,0.95681494,3.6068554
-0.6707014,-0.07069816,-1.1942066,-0.0016204995,-0.123603955,3.9968169
1.2343637,-1.0031385,1.2076632,1.4670482,0.25330362,4.295775
0.8919595,-1.5094906,-1.5713933,-0.58139694,-0.081875786,3.953874
0.5990718,-1.6385262,-0.59100115,-0.57731646,1.1740595,3.788521
-0.9207352,-1.1716323,0.66108686,0.20732383,0.7761719,3.4390419
-1.3509488,1.4535904,1.5177091,-0.8562227,-0.30016252,4.1814055
0.2334392,0.98873943,1.6665919,-0.6703536,1.6009727,4.809888
0.5574412,-0.69010246,-0.40456113,0.12118234,1.6465613,4.236737
-0.74806875,-1.1715835,0.5724018,1.2904598,1.3941195,3.499923
-0.43475235,-1.3475062,-1.5098593,0.5513012,0.29843384,3.5634863
1.2103571,-1.0328486,-0.33525148,-1.0864623,0.09421287,4.3059382
0.18435144,-0.7176582,-0.5353738,1.0332441,-0.91524893,4.0683627
0.12485983,1.0642368,0.48679933,-0.6533618,1.2498643,4.790093
-0.3767148,0.5830033,-1.1266645,0.43304896,-1.2549621,4.374745
-1.5125724,-0.6716602,0.37026393,0.08777875,-1.5031205,3.3645198
-1.5722821,1.2188926,0.88671535,1.2247214,0.5105056,3.9632282
-0.776148,-1.0869203,1.3380919,-0.40191862,-1.6303605,3.5268722
-0.8283455,-1.4275193,-0.29145133,-0.71936095,0.54006714,3.3750389
0.58374894,0.39108557,1.5687674,-0.36001977,-0.84503275,4.7142425
-0.4542374,-0.96397257,-1.6242436,0.0013758217,-0.03337734,3.7267869
-0.62666196,0.50768775,-0.48781174,-0.8331657,-0.6783074,4.2345195
1.6892712,1.4984857,0.65043676,1.1780943,1.3876631,5.6320457
0.6470779,-0.82577235,0.43964097,-0.944594,-1.2978247,4.2065716
1.2750038,-1.2217461,0.808201,0.26007703,0.30626443,4.219613
-0.7866504,0.6695261,-1.14105,-1.34648,0.012906432,4.217836
-0.6563632,-1.5832618,1.0569787,-0.22982675,-1.6582048,3.351626
0.6801768,1.577611,-1.6134514,-0.3882328,1.326434,5.239279
-1.1003939,-0.82462937,-1.1790261,-0.70849746,0.33062053,3.5141757
-1.0787427,0.85801727,-0.117782936,0.8925955,-1.4001348,4.1102586
-0.036036946,-1.3931588,-1.6701196,-1.5635936,-1.7290708,3.6919188
-0.5828094,-1.184872,-1.6340764,0.16758591,0.753561,3.5797331
-1.244007,0.20077093,-1.5261835,-0.17669752,1.4088862,3.8282275
1.0687664,0.63256174,1.3804294,-0.91671544,-0.40595993,5.022355
1.4321847,1.3720024,0.37594703,1.3348581,-0.5228229,5.4604735
0.32655323,1.4792954,-0.5491443,1.0747813,-1.4872288,5.0211744
-0.2527292,-0.09442441,-0.071548924,0.509908,1.1569214,4.165933
-1.5481958,-0.21952595,-1.4984976,0.01935892,-0.6635498,3.5300884
-0.5801879,0.29786378,-1.6236331,0.9472458,-0.8070025,4.1788874
0.4856317,-0.4021434,-1.1991298,-0.77650386,0.6468056,4.342996
0.8592828,0.06676414,-1.6631294,-1.4262211,1.5017537,4.6967797
-0.17058161,-1.6605545,1.1294501,1.6505144,0.78927803,3.477076
-0.6337766,-1.4384696,-0.6021656,-0.66387653,0.4874801,3.4460893
1.0068783,1.2133135,-0.46473712,0.33363262,1.5199608,5.2365274
-1.3245113,-1.0219952,-1.4805036,0.020256555,0.061972987,3.3377984
1.1356945,1.393289,0.28362462,1.4462491,0.25606743,5.349045
-0.6210346,0.20004727,-0.25871503,1.7113825,-0.13806288,4.1006045
0.073512346,0.43569002,-1.1706234,-1.1816909,-1.0959245,4.525593
-0.29320842,1.6070133,1.1006678,-0.03289707,0.30626774,4.781541
0.2559646,-0.9724048,1.4473008,-1.4209882,-0.91025144,3.9962585
-0.473334,-0.2710955,-1.2255898,1.106203,0.9897859,4.0035577
1.2995036,0.3187579,0.97252846,1.6421587,-1.2052432,4.923456
0.0023755254,0.60833055,-0.2799215,-0.67758906,-1.4260788,4.558581
1.3916008,-1.7066226,-0.017156389,0.30006334,-0.34596607,3.9950607
1.7031375,0.6325861,0.7303881,-0.39640623,1.2738644,5.273391
-0.79195213,-1.0314482,-0.31418267,-0.43471476,-1.3263899,3.5550036
-1.2093039,0.23808786,1.4588702,1.3632523,-0.5631141,3.8047993
1.4289793,1.1979736,1.056177,-1.6264229,-0.14421348,5.4108973
1.3967925,-0.16855246,-1.1162344,-0.25197515,-0.7683921,4.7920628
-1.267929,-0.048865445,-1.0465305,-0.021507865,0.80586874,3.72663
-0.085990734,-0.12471367,-1.7032678,-1.5446091,1.4999503,4.2316055
-1.6512834,1.4760326,0.54915434,0.69902617,0.92497814,4.0085454
-1.3627464,1.0074395,-1.293297,1.1426172,-0.37656307,4.032174
0.37980607,0.30291227,-1.4410436,-1.3926052,-1.3702403,4.602942
0.5053504,-1.0527327,-1.1022062,0.6569108,-1.4403698,4.041216
0.41225243,-0.9492469,-1.6996112,-0.12664632,-0.425996,4.0654306
-0.42160627,1.4092562,-1.3999184,1.6111109,-0.5567597,4.6520977
1.6361341,1.2734529,1.5315845,-1.6494045,-1.3239669,5.527749
0.29340634,1.026244,0.95879215,1.4586024,0.41631752,4.8276987
-0.9691692,-1.3659497,1.5213807,-0.6589489,-0.6673252,3.3394976
-0.050356623,1.3779844,-0.8343723,1.4481792,0.49019727,4.818092
0.46076035,-0.16146937,-0.70563275,-0.89942396,-0.9305334,4.4382563
0.6502981,1.3039756,-0.60377526,0.27947444,-0.16754763,5.1153703
-1.1706749,1.5360109,0.032620773,0.39034408,-0.5323983,4.297839
0.69266254,0.19981387,-1.2341564,1.0619774,1.0512964,4.6851697
-0.8327553,-0.72579235,0.2509473,0.7988175,-1.59092,3.6313152
-1.3840016,1.6629539,-1.1020888,0.9552426,-0.6939987,4.2234573
-0.8935979,-0.91065973,0.2705652,-0.37961882,0.35791326,3.564343
1.7081817,1.157242,1.5728759,-1.3870729,-0.4991484,5.5071583
1.5194981,-1.6814033,0.2892567,0.005753549,-0.0412401,4.0511575
1.5894704,-0.5469041,1.2523513,1.5681484,1.1579008,4.655755
1.0581781,-1.528168,-1.2246099,1.4863906,0.23609203,3.9921527
1.3482841,-0.78293806,-0.2434057,-1.0352545,0.20169523,4.4788947
-0.18338193,0.7544215,-1.0618495,1.1791348,0.49391785,4.528488
-0.9005225,-1.2546974,-0.19155762,0.7659345,-0.94262916,3.4002762
0.9077246,-1.5157543,-0.6844058,-0.3283434,-0.7027105,3.9522655
-0.8453302,1.2657322,-0.9764749,0.9326505,0.8172887,4.3895035
-1.1151899,0.946683,-1.6605558,-0.086750805,0.23922838,4.148161
-0.5028472,-0.012421625,-0.6380092,0.19686908,1.1172049,4.0929265
0.40859818,-1.2343322,0.22915506,-1.1512649,-0.23255382,3.926923
0.93380076,-0.45961943,-0.3031913,-0.22805506,1.6139649,4.4847975
-0.6218173,-0.5632211,-1.6011161,1.684028,1.0217948,3.8246226
-0.96655387,1.0941691,1.2896937,1.0604385,-0.49639615,4.237946
0.2794813,-0.56904155,1.2730423,-1.4165694,-0.89597076,4.188602
-0.9680469,-0.5002529,-1.0368037,-0.1126606,0.33782193,3.6979325
-1.0741912,-1.2411958,0.17372246,1.0907788,-1.45521,3.310109
0.9449187,-0.8223962,1.1399245,-0.756868,-0.80410707,4.313822
-0.24217342,0.96011287,-1.6325634,-0.23170991,0.5184963,4.582995
1.6209899,1.1411692,-1.5190835,0.85102594,0.13930513,5.464297
1.7226033,0.26262593,0.95240057,1.4437914,0.7714983,5.094084
0.5623096,-0.6537476,-0.034965124,1.5597391,-0.73544055,4.227166
0.63990414,1.697884,0.5461855,-1.2677994,1.4446305,5.2664776
0.44377565,0.3543412,-0.7154321,-1.6492327,-0.96319866,4.650987
0.074124195,-0.6727591,0.31058136,1.211745,-0.89830506,4.028893
-0.07811803,-0.6033924,1.1386046,-0.14877778,1.1461108,4.0267916
0.070823096,-0.23956795,-0.4212739,1.552051,-0.34548664,4.228357
0.6903117,0.841534,-0.55590373,1.2171234,0.48341215,4.945083
1.6485231,0.65080637,-1.6369289,-0.69173056,-0.31903058,5.263156
-0.39920613,1.2832065,-0.2660586,0.48266375,-1.2354504,4.609734
-0.68090445,-0.07249642,1.0877903,0.56932545,-0.08084601,3.9728873
-0.36993644,1.4630216,-1.6246953,-0.6353841,0.7734382,4.701524
-0.78494793,-0.70830756,-0.13365594,1.5444467,1.154587,3.6809852
0.34001386,-0.8040249,1.251476,0.12797375,1.308399,4.0974016
1.3327814,-0.6433589,-0.4913176,-0.58145654,-0.07256077,4.541311
1.393974,-1.6449906,-0.6357335,-1.5991441,1.2417338,4.041187
0.8379166,-1.1489059,-0.51918066,1.374167,0.4765082,4.107737
-1.220365,-1.5863035,-0.6970517,-1.7348202,0.052413326,3.151948
-0.87723124,-0.0972171,0.20470224,1.3061967,0.021066245,3.8706484
-0.33126405,0.023429489,-1.6551667,-0.6220451,-0.17674299,4.1860523
-0.27031592,-0.45012188,0.6556295,-0.3320202,0.48256844,4.0147395
0.18880889,-1.1963428,-0.43486154,0.2199815,-0.101024814,3.859974
-1.5338984,1.6042156,-0.21968633,1.6911345,1.1012377,4.112032
0.58321714,-0.576531,-0.11685675,-1.1565297,-0.2751913,4.301231
-1.2667661,0.8458567,0.9588765,-1.2465962,-0.97255,4.0346246
-1.0426438,1.2329403,-1.0681826,1.0284863,0.491265,4.275727
-1.3847634,-1.1505198,-1.5644143,-0.8570583,-0.98125476,3.2616177
1.5478508,-0.21328616,-1.2437501,-0.65287906,1.0630171,4.827661
-1.5837914,1.024408,-1.261346,0.98860705,1.4016464,3.9194639
1.3464195,1.7134975,-0.8374433,-0.733576,0.26616922,5.585944
-0.01074838,-0.2152897,1.3560777,1.0190341,-0.35875574,4.190916
-0.15315343,1.2826126,-1.3301139,-0.69106746,-0.08976619,4.7424097
1.1244313,-1.3750149,-1.0109056,1.3201743,0.79880387,4.0946665
-0.1120398,-1.1371084,-1.4015689,1.714,-1.333541,3.773397
1.1273172,1.4546456,-0.86406493,0.22558883,-0.4748208,5.384601
1.2924209,-0.15986294,-0.049169056,-0.59199214,-1.0659195,4.7556596
-1.4481926,1.7461811,-1.0485977,0.96158516,-1.5768096,4.2067604
0.709876,0.13485809,0.017225413,0.470555,-1.2497629,4.6501846
0.3722906,-0.7233112,0.5796907,-0.006861528,-1.1234665,4.1406054
0.417472,1.6789132,-0.293257,1.5334935,1.3059685,5.1468854
0.29859635,1.5464587,0.7403728,-0.114747085,1.0460703,5.0477777
0.5182616,0.17022647,0.39332193,0.5954677,-1.1864003,4.582147
-0.78140414,-1.0604622,1.6588006,-0.5311139,-1.3772148,3.5397236
-0.17320557,-0.069397725,-0.08865268,-0.32916966,1.538052,4.2147703
1.6835707,-0.83987767,1.4882778,-0.08907556,0.39912158,4.556216
1.2042973,1.2897569,1.2850794,0.102347314,0.7852435,5.347105
-0.01755425,0.08838906,0.8204186,0.7443584,0.25861177,4.329856
-1.5727526,0.37747812,0.9714173,1.2944008,-0.6582004,3.6740608
0.12263706,1.0745814,-1.1515764,1.0492228,-0.9465106,4.7874956
-1.1257095,0.59001964,-1.1516517,-0.74414265,0.91939235,4.021849
1.4477347,-1.0922605,0.7327845,1.5407492,-1.7210504,4.282481
-0.99845326,1.4694154,0.6229233,1.1575316,-1.4515632,4.334901
-0.07720396,1.0884546,1.5495747,0.611059,0.5109364,4.690582
-0.33510718,-1.0800593,-0.22463842,0.17495438,-0.46542245,3.7137303
0.35364613,1.3380363,-0.31677914,-0.99630314,0.31937838,4.999266
1.6679108,0.5063231,1.1769124,-1.0499184,0.9112994,5.205088
0.2108058,-0.33974352,0.054552704,-0.005694396,-1.0060561,4.2522864
1.0446625,-1.2522948,1.6120923,-1.3049237,-0.98571134,4.137251
1.3840607,-0.28529483,-0.87731236,0.5942563,-1.075952,4.726082
1.4376068,-1.7193507,-0.5646603,-1.5893189,-1.5256835,4.0128965
-0.5476578,1.0117207,0.07330196,-1.5615153,-0.12875861,4.455592
-0.33805925,1.2819619,0.9154245,-0.79368365,1.4578104,4.651875
0.877207,-0.50004596,-1.5071727,0.9839071,-0.117391475,4.4452705
-0.42281684,1.6390072,-0.48187017,1.3441113,0.9373994,4.726436
0.85365623,-0.64510846,1.2468446,-1.4727058,-0.87220794,4.3701806
-0.32912216,0.30833352,0.35681802,-1.1101023,0.16006772,4.2972054
-1.1210226,-1.22013,1.2137524,0.37050864,-1.3110098,3.308674
0.7482141,-0.067604505,-0.5829291,-0.33061457,-0.12600924,4.5912647
0.3112152,0.71852374,-1.0840194,-1.4362352,0.36812025,4.7415137
0.8150491,0.7651884,-1.1739231,0.46758825,-0.75202256,4.9719563
1.7582612,-0.05220676,-0.9669257,-1.4585625,1.5771191,4.981059
1.2230425,-0.88098,-1.2921304,0.09419311,0.47694388,4.385983
1.6798869,1.2374746,0.85052174,0.69286644,0.853915,5.5194755
0.13933514,1.1724734,0.46087548,1.5859786,1.7105583,4.824217
-1.4344182,0.28937533,-1.1002429,-1.4951074,0.72191894,3.7634497
-1.1611096,-0.8028327,1.5739055,1.2811267,-0.14757304,3.4475157
-1.0227149,0.38012642,0.48821726,0.22703208,0.81483305,3.991746
-1.470649,0.011539283,0.6384825,1.4961973,1.6936215,3.6294937
-0.81616193,1.6153326,-0.7248787,1.693449,-1.677589,4.4952044
-1.5383697,0.2677416,1.1885974,-0.44711018,-0.33787885,3.6946647
-1.5418962,0.14262621,-1.2128916,-0.28461102,0.82868594,3.657804
-0.9820348,0.12718566,1.2514627,-0.43380988,-0.43104133,3.92092
-1.6507795,0.9434936,-0.93459636,1.3501669,-1.419476,3.8402114
-1.010036,-0.014922572,0.72882026,-0.7657194,-1.016169,3.8590145
0.70389014,1.515931,-0.62249625,1.1314143,-0.91102874,5.2127237
1.4836649,0.924093,1.1152867,0.69918275,0.705792,5.3040285
-0.46517798,-1.323536,-1.4418894,1.6169662,1.0900775,3.560982
-0.45383787,0.0068110735,-0.33593598,1.2145151,-0.2085505,4.108629
0.9667945,-1.4875895,-0.4646892,1.3936807,-1.4275608,3.9585814
-0.8025962,-1.3449826,-1.0283346,-1.4404855,0.23424412,3.4231672
-0.7672224,0.34890613,-0.84487534,-0.92760056,0.4721655,4.111171
1.1083289,0.40247375,-0.483054,-1.2453885,-0.66436046,4.9414907
-1.4535173,-0.14724402,0.17721687,0.8470997,0.5850612,3.588088
0.2577488,1.680228,1.21861,0.3385632,-0.7185008,5.064466
1.5686257,-0.93899125,-0.28327253,0.64692926,0.5709195,4.46756
0.34250724,-0.73101676,1.6831858,0.63680416,1.2264869,4.124035
0.515528,-0.27512354,-0.8185466,0.05904244,0.85138595,4.4088016
-0.9559184,0.017505793,-0.885459,0.6477075,-0.17515872,3.8943715
0.023388967,-0.14229712,-0.0905581,-0.95520514,1.6504568,4.269284
0.14185274,1.5920676,-0.31197616,1.1128253,-0.16379076,4.9824305
0.46986988,-0.7367574,0.5448018,-1.5080937,-1.5550936,4.185453
0.7163554,-0.91410184,1.5866014,-1.6086129,1.2322369,4.192632
1.5437313,0.15815577,0.5873384,0.5748368,1.5974439,4.9927607
-1.267502,1.3291966,-1.4386219,1.6144593,0.7780838,4.188842
0.09877874,0.42472285,-0.5879527,-0.6491239,1.5049107,4.5315933
-0.81338686,0.9553309,-0.34226856,1.619937,0.92299783,4.290791
-1.3153212,0.34766027,-1.565467,-0.63026756,0.69469386,3.8435862
-0.09076889,1.5073818,0.53029305,-1.3328384,0.9903053,4.8534126
-1.4689066,1.0642972,1.4988382,-0.2841473,-1.3409264,3.9813714
1.2491637,1.2666712,0.8523848,0.94514066,-0.032272473,5.3455043
0.24662225,-0.23030588,-0.034956932,-0.9174768,-0.750864,4.3221827
-0.88111216,-1.4507729,-0.13173966,1.6126636,0.46439844,3.321772
0.9472047,-0.8283409,-0.8055292,-0.79028934,-1.5419158,4.3145294
-1.5829092,0.6066162,-0.19180955,-0.78236455,0.090675905,3.7885923
-0.61904466,1.2419837,1.5059361,-0.73698205,0.6653688,4.4978943
-0.28839085,-0.68104815,-0.88426924,-1.3358446,-0.65463537,3.9151025
-1.4163986,1.4635962,0.27394223,1.6040652,-0.709565,4.112825
-1.048058,0.25987777,-1.2615712,-0.99462724,-1.1339135,3.9447737
-0.23396482,0.013824473,-0.4707807,-0.794992,0.46481267,4.223432
1.353994,0.0754675,0.09855645,-0.5400969,-1.4641615,4.885577
1.7103261,-0.30422068,-1.2983012,1.4461263,-0.3668124,4.836981
1.1430047,1.6550976,0.46588123,0.79500836,0.08462515,5.461744
-0.9812932,0.08330364,-1.4763424,0.62441474,0.48209026,3.9120398
-1.079633,1.0852224,-0.7028022,-0.47063297,-1.4972055,4.208703
1.5502161,-1.4791505,1.1947144,0.8624348,0.3375612,4.159285
0.656369,-0.900274,1.6107721,0.30034235,-0.6905149,4.1538196
0.09290953,0.20478891,-0.13526663,1.3679593,-0.21308877,4.4215674
0.28023767,1.4126803,-1.2289615,0.37076387,-1.2743479,4.99019
-1.3370792,0.845037,-1.4116533,1.2590346,-1.3707622,3.9918547
-0.5279095,0.34215674,-0.42317173,1.1829729,0.22443445,4.207813
1.7050967,-1.73264,-0.87771565,0.2887999,0.28222233,4.082231
-0.37763053,0.03992995,1.3648326,-1.6769903,1.4756186,4.1723166
-0.039248113,-1.1553526,-1.2257435,0.3386271,1.6166339,3.8003669
-1.3829525,-1.4965069,1.0332701,-1.323455,1.2527156,3.1223145
-0.9163323,0.24758375,0.32573277,0.28369766,0.6588898,3.995305
0.011981929,-1.107118,-0.52351093,-0.20869014,1.1392411,3.8408966
-1.0226902,1.6048326,1.3996011,1.3660882,0.72735703,4.384016
-0.1664342,-0.95013595,0.9551906,-1.2597649,-1.6236867,3.8447225
0.74806875,0.5742206,-0.06102803,-1.4648718,1.2477288,4.8687954
-1.6375923,1.0402457,-1.1654524,0.75890875,0.19846687,3.8928676
0.55870384,-1.361583,-0.50662774,1.1311647,-0.44316182,3.9013045
-1.091667,0.907878,0.55303955,-0.39200556,-0.5262526,4.140837
-0.7934333,-0.22890806,1.4877809,0.45520318,1.3686705,3.8696427
0.70837015,0.9191155,-0.58073527,1.3780446,1.1959192,4.985515
1.4166101,1.710638,-0.7149651,0.15819302,-0.17236644,5.6121
-0.4235765,-0.7434816,-1.6796447,-0.499325,-0.6584937,3.8337593
-0.6599842,-0.75569755,1.0551084,0.98879343,-0.9419822,3.686378
-1.5102408,1.4057252,1.6760131,1.5492941,0.9859539,4.0467796
-0.8409812,0.20261201,1.1819669,-0.30889615,-1.0610414,4.0108104
-1.4609842,-0.16875981,-0.9583024,1.1628133,-1.1588266,3.5762868
-0.347039,1.342553,1.2299019,0.13036531,-1.0500839,4.6518607
0.39860165,-0.84379864,-0.52182096,-0.3776796,0.49081904,4.1072364
-1.5664576,-0.08010084,0.89734054,-0.16581443,1.3148829,3.5643973
1.5509405,1.216154,1.003687,-1.6986914,0.33424163,5.468752
1.1277249,0.69489825,-1.4017253,0.8179311,0.63338965,5.073742
-1.6389158,-1.1319596,0.42424968,-0.958746,-1.4092163,3.1517956
-0.77549016,0.46444377,0.68498504,-1.4920253,-1.2689193,4.1495323
0.60889786,-1.3355254,-1.0338254,-0.25493714,-1.0251284,3.9448848
-0.3067179,-0.9493111,1.5875688,-0.72129023,-1.1189352,3.7841005
-0.140542,1.1389264,1.3403736,-1.1187093,-0.7840677,4.694699
-0.73050755,-0.46239406,1.4350253,-0.3796583,-1.0607257,3.8066049
1.4305599,-0.8899495,-0.016434815,-0.19750445,-0.57781893,4.4478745
-0.91562766,0.13162759,-0.92020625,0.5129294,-1.0828362,3.9534695
1.4754391,0.43707314,-0.9398626,0.22340474,0.5038224,5.0983286
0.1582798,-1.0875957,0.60633653,-0.2462061,0.033032842,3.899967
0.39337674,-1.180462,-0.34227574,0.3675332,0.07643563,3.9404898
1.3907952,-1.6982685,1.3646725,-1.1369997,0.7220477,4.0092735
-0.23662943,0.4617447,1.4380141,1.4536875,-1.5696177,4.317212
-0.9334456,-1.1291682,0.13165179,0.83517873,-0.6890957,3.436846
-0.23140821,0.14100467,-1.40755,1.0832143,-0.07040344,4.273043
1.4440521,-0.3869442,0.6810462,-1.5619146,-1.6285245,4.707275
-1.2307953,-1.1443636,1.536619,1.1698825,0.907918,3.2985165
0.4380863,-0.55497867,-0.4324795,0.29229116,-1.3109945,4.2445927
-1.6455394,-1.3465348,-0.90012527,-1.6910396,1.1581327,3.070324
0.95017195,-0.92511934,-0.40285417,1.6330445,1.7008885,4.2597218
0.68349636,-0.048049424,0.24522285,-0.050700642,0.34499693,4.571401
0.120164625,-1.4983438,-1.2757329,0.3183515,-0.8538754,3.693157
0.78636295,-1.5372852,0.9166141,1.4209772,1.2096726,3.8808289
0.04908858,1.3256373,0.7334772,1.1044782,-1.1460729,4.8180428
1.0002071,0.17250158,-0.6578346,1.5291938,0.07030567,4.7862206
-1.31628,-0.7718068,-0.63741136,-1.633781,1.0733181,3.4394813
-0.20577717,-0.05170682,-0.81617785,1.7008911,1.6106511,4.2025175
0.81120145,1.3124409,1.3421278,0.40822378,0.11517267,5.1806746
1.7622756,-1.4619882,1.018082,0.008139933,-0.1429605,4.2460623
0.9244908,-0.926617,0.4874107,-1.3776163,-0.16178608,4.2602587
-1.2052824,-1.2663395,-0.077995986,-0.94739884,-1.6893312,3.2883956
1.3717893,-0.12116709,0.42827907,1.6699831,0.2958718,4.7820144
-0.33692506,-0.05375652,1.6567255,1.2756071,-1.3851378,4.0785728
-0.3205908,-1.3652252,0.543058,1.3380631,0.14393128,3.5695422
-1.5182909,1.2288446,-0.85782355,-0.16019863,-0.42281467,4.018823
-0.22396831,-1.3451786,0.6636928,-0.9808349,1.0887408,3.6439526
1.2654011,1.6506028,-0.682763,0.3907199,-0.7044986,5.520438
0.28732112,-1.2051206,-0.061945,-0.8411282,1.2182657,3.8974254
-0.9560264,-0.23445271,-1.1075499,-1.1437802,-0.42397192,3.8069866
0.57730526,0.3360429,-0.05120372,0.5459538,-0.34630892,4.687341
-0.50510406,-0.7757219,0.08869814,1.3464688,-1.5869448,3.7359133
1.6196275,1.6259652,-1.0429482,-1.3453879,1.4922712,5.66764
-1.4477527,-1.206996,1.1036568,-1.5479977,0.13804968,3.2119017
-0.49689052,-0.090756945,1.5859187,0.2200237,-1.5712074,4.033845
-1.6158845,-1.2859186,-1.4380498,-0.6256958,0.085692056,3.106509
-0.6311543,0.4955612,0.4969204,-0.94216233,0.69711196,4.2282653
0.5901113,1.5079077,-1.1878325,-0.36951277,-0.37730408,5.1708436
1.7050905,1.6399517,-0.3424287,-0.11472723,1.4005069,5.707164
0.33641014,0.21584043,0.8220813,-0.49557355,0.83471066,4.5454073
1.7356516,-0.8746114,-0.031095903,1.2704474,-0.23343095,4.5448093
0.38412842,1.7178748,0.51971585,0.9470391,1.7184013,5.146361
1.0418587,0.13822626,-0.5576111,0.53131104,1.2087773,4.795307
1.4278775,1.1980219,1.6387261,-0.57075876,-0.2238816,5.4054704
1.4868863,-0.9076618,-0.80758226,-0.1690424,-0.16110122,4.4612694
-0.9168776,-0.8102575,0.32064077,1.1104434,0.51944935,3.5795665
1.6306436,-1.4547129,0.17542717,0.12946291,-0.61461604,4.2095056
1.0904787,1.6268173,1.169422,-1.6882006,1.0536426,5.4409842
-0.75817364,0.29888928,0.17451715,0.15046115,-1.6764829,4.0782843
-0.7747502,-1.2576224,1.0349638,0.8941089,-0.93870145,3.4278407
-1.3974458,0.1580483,0.44174874,-0.45942825,0.7815832,3.7335336
0.47969228,-0.74830467,1.0945812,-0.33828688,-1.6724563,4.16856
-1.3488816,0.09478499,0.020779828,-0.2497714,-0.58497334,3.732652
0.7747058,0.5912193,0.57237744,1.0518308,-0.9317389,4.8577366
0.591059,-0.86684656,1.6938714,1.4182508,0.9258066,4.138079
-1.4492122,0.3140574,-0.5606979,-1.3759619,0.07538028,3.7640302
0.51648766,-1.1047875,-0.7000951,1.1287187,-1.2406669,4.0098205
-0.09292678,0.3460937,1.2462782,0.69608057,1.3828282,4.404327
0.83394164,-1.693105,0.6560795,0.5929661,-0.80075616,3.8124447
1.0354059,0.28738734,-1.6227018,-0.99996734,-0.20253687,4.862807
-1.6650938,1.7560346,0.6101429,-1.0049081,0.5722678,4.094604
1.6266978,1.6285543,-1.6860079,1.7084062,-1.1654768,5.67112
1.4915692,0.6490698,-0.9337523,0.4296001,-0.17123023,5.197016
0.7324379,1.3023422,0.671448,-0.40052438,-0.59458166,5.150416
-1.5269907,1.7186015,0.90413743,-0.36580434,-0.42207122,4.1582637
-0.56810045,0.50573504,-0.38888252,1.1472113,-0.63932985,4.244808
-0.45199493,0.5940275,1.4534113,-0.44659498,1.096021,4.3453965
-0.39548412,0.23577078,1.7065239,1.157817,-0.86197495,4.1877265
1.0184126,1.5655546,1.3388261,-0.5063098,-1.1794552,5.3774185
0.6733397,1.5192698,-1.5789732,0.39571604,0.73587745,5.2134714
1.4115446,-0.8211155,-0.62588745,0.4426673,0.54903555,4.477281
-0.59790105,-0.065546826,0.10359764,-0.9031179,0.006443933,4.0319204
0.6267835,-0.88024205,1.3955202,0.02849349,0.13096999,4.164499
0.65994763,0.6385929,-0.28914896,0.3321484,1.6868107,4.854821
-1.3868444,-1.6991886,0.3579826,-1.7112314,-0.59053147,3.0363696
-1.6235424,0.6298564,0.9033933,-0.35608527,-1.5559031,3.7614412
-0.8465465,-0.4763663,-0.89986473,0.15079229,-1.716036,3.754025
1.2261678,0.6453213,-1.0414327,1.4146146,0.43699512,5.0879765
-1.5743525,0.5563294,1.698191,0.3698106,0.66282326,3.7617393
-1.4520226,-0.8692829,-0.03927327,-1.4890751,0.012828456,3.3406277
1.0120013,0.9202564,1.214799,-0.522913,-1.4497311,5.1134334
0.97639763,0.754476,-1.6762792,1.703383,-1.3633442,5.037609
1.4635824,-1.4897622,-0.65674716,-0.24017002,-1.1907187,4.1434526
-1.2531017,1.7634866,1.2046599,1.2945148,1.1024032,4.312814
-1.2134212,1.5222846,-0.16727561,0.18466951,0.32748827,4.2760715
0.9306832,1.1022538,0.5777771,1.124068,-0.97542477,5.1325746
1.5449411,-0.1718711,-1.440255,-0.7599845,-1.6481208,4.846106
1.0776877,0.63059473,1.6713754,1.69006,0.982523,4.9975586
0.3169575,-0.9456881,-0.8584769,0.35177475,0.0069695474,4.0269723
0.6147872,-0.59142375,-0.0878121,-0.36960068,1.7084588,4.304874
1.6818601,0.8377679,-1.1263105,1.3196608,-1.4294335,5.348193
-1.0641031,0.7906,-0.76322824,0.8411989,-1.4151812,4.1063
-0.7348069,0.7040079,-1.4738742,-1.1806111,0.28693303,4.255311
1.2518637,-1.6723322,-1.5048019,-0.13914372,1.1481885,3.9813
-1.1313348,1.4658147,-0.35194397,1.2291291,1.1314328,4.299074
-0.9025629,-0.728554,-0.7587884,0.41786468,1.7088016,3.6353223
1.3044361,1.5304943,1.2682514,-0.5631036,1.0900421,5.4923754
0.59058434,1.4574908,-0.009248154,-1.1440121,0.7613173,5.1525207
0.60358423,0.6594039,1.3350836,-1.2293452,-1.0756067,4.8420134
-0.6828418,1.7609127,-0.28870574,0.9500603,1.6936578,4.6366506
0.023381986,1.017811,0.3635764,0.77069217,-0.77745914,4.7073007
1.6234833,1.0394061,1.64917,-1.5518306,1.1011637,5.42295
-0.98662573,-0.5910241,-1.330432,-0.37063563,0.7002648,3.6558726
0.060692314,1.6397746,-0.74524236,0.42472246,-1.0373164,4.9663873
0.8662903,0.46827915,1.4679047,-1.5494637,-0.16621378,4.872807
-1.1418697,1.0470642,-0.39484805,1.4808276,-0.15571347,4.14885
1.7198377,-0.39125726,-0.46365425,-0.19942899,1.2950115,4.8010807
-0.8133425,1.281904,0.13695186,-0.71919507,1.3125247,4.4147
-0.36644235,1.5686752,-0.9233049,0.17879477,0.3593981,4.737164
-0.41885996,-1.3422412,0.12262955,0.6124117,-0.99502474,3.5498278
-1.0752202,1.4501895,-0.71504396,0.3711498,0.48121646,4.329746
-1.6429096,-1.15674,0.5441263,1.6309675,1.4061553,3.1174407
1.0182894,-1.2053039,-0.3656543,0.9623206,-0.9285968,4.134708
0.50472957,-1.4644883,-0.5774809,-0.18243702,1.3752073,3.8450382
-1.5659837,0.5155776,-0.6481694,0.28095573,0.3794127,3.7646346
-1.061386,-1.3150854,0.44545165,0.40602893,0.9455873,3.3200996
1.7494465,-0.65592325,0.8612954,-0.70253277,0.5819496,4.678756
0.7054859,-0.8782041,-1.571727,-1.50109,1.0808468,4.205978
0.73822665,0.47738212,-1.1992168,-0.19894998,-1.4838709,4.8216567
-0.98331517,-1.7216703,-1.649864,-0.67525667,0.7030546,3.1861117
-0.7079111,-0.8003066,0.8010854,-1.6533302,-1.5122474,3.6925597
-0.21284173,0.019711228,1.287628,0.60435885,-0.12970752,4.2139506
-0.2678283,0.16493829,-1.6517261,-0.7423631,1.3416195,4.2696457
-1.1330723,-0.78830475,0.44571298,1.6467177,-1.430705,3.44189
0.18904541,0.6375951,0.34751007,0.60611457,-1.3278743,4.632386
0.2183303,-1.1547406,-0.92294484,0.72448075,-0.7700469,3.8883882
-0.17093189,-1.4842142,0.37027192,0.4912972,0.05348188,3.5843399
0.28592086,-0.24346629,1.3238821,0.66225773,-0.2508678,4.310123
-0.6354951,-0.9450417,1.6843349,1.0965017,-1.3699206,3.5871859
0.49539086,1.1166043,0.74203163,1.2601838,0.21384789,4.956704
0.6967114,-1.1965812,-0.3416162,-0.10920016,-0.4463254,4.041932
-0.86006707,-0.14097655,-0.9785235,-0.50624156,-0.8198194,3.8843067
-1.6606746,0.73810863,-0.65530366,0.45567805,0.007263297,3.7830253
0.94867766,-1.5350068,0.0131567,-0.79723465,0.57603335,3.9575615
0.4579902,1.369757,-0.12710913,-0.10255166,0.26599348,5.055415
-0.8288046,-0.793148,1.2527597,0.49219337,-1.1587461,3.608154
1.7069634,-0.47226018,-1.553634,0.7608604,1.1614109,4.7579656
-0.731769,-1.0701604,0.15241933,-1.6926124,0.3148624,3.569851
1.21101,-0.6492398,-0.5473874,0.65742767,-0.7201746,4.4865227
0.920938,-0.67204297,0.1423429,-0.6861501,1.4862341,4.3807697
-1.3968636,-1.5598979,1.6512988,-1.2364564,0.33720142,3.0894408
1.1579527,0.60844636,0.04932779,-0.7532824,0.88823175,5.0494285
-1.5364841,0.0011912872,-0.29892597,-0.05182558,1.2119161,3.609652
-0.9070446,1.7291173,-0.58327544,0.84004503,-0.042462956,4.505234
-0.23998679,1.1946756,-1.715532,-1.5596349,1.4144996,4.6696463
-1.113779,1.5384488,-1.5575873,0.4568822,-0.019345002,4.3409424
1.7297118,0.5248506,0.74769014,1.5488178,1.3727484,5.220986
-0.29831302,0.9319619,-1.0501463,-0.99461997,0.19826925,4.5460215
0.73124254,1.6554426,0.9745328,0.400198,0.78462464,5.282717
-1.4907372,1.4523647,-0.48804912,-0.71189404,0.8597991,4.105131
1.0386385,-1.3460219,0.61892503,0.412162,-0.97067314,4.066399
-0.48812097,-0.3879491,1.2532983,0.73689085,1.5005947,3.9389794
-1.2629751,-1.6912186,0.25040638,-1.083173,0.04084816,3.0882905
0.2989955,0.073436685,0.58900315,0.40078148,0.6243783,4.463924
0.881554,-0.6149993,1.4510221,1.7004741,-1.2883831,4.3131485
1.5376499,1.5348967,-0.5408351,0.10734098,-0.6575493,5.5907474
-1.0048349,0.28519365,1.2626188,-1.2459455,1.116402,3.9746075
-0.8004145,0.026208319,-1.4459349,0.0073091043,-1.1037184,3.9750297
0.37829122,-1.2667128,1.5723579,0.36822215,0.2281154,3.8828456
0.5143524,-1.3747765,-0.5645096,0.51984155,1.5078828,3.8909237
0.70933926,0.283994,-0.06560244,-0.13946885,-1.6552467,4.7204437
0.99249536,-0.8679858,0.96291983,-0.38622448,-0.030738538,4.3071003
-0.3433934,-0.8017346,0.12520452,-0.87705654,0.2695688,3.8397644
1.0040251,1.2417864,1.5014293,1.1067625,1.1225295,5.231983
1.3170102,-0.91100943,-0.7560875,-0.99449444,-0.5930432,4.4038696
-0.40275812,-0.7768263,-0.9479228,-0.6049458,-1.7028168,3.8250787
1.2725149,1.3586434,1.532854,1.1367801,-1.0826381,5.369007
0.88864607,0.69470096,-1.0379897,-0.8297404,0.5077282,4.9768367
1.5663369,-0.9935625,1.1814618,-0.24084903,-1.2859465,4.432525
-0.93160385,0.54003006,1.653834,-0.7061357,-1.4929309,4.0919657
-0.8033505,0.8944225,1.1621271,-1.5522615,-0.055285227,4.2885704
-0.45084104,-1.5569469,-0.6505195,0.8219717,0.44241175,3.4533763
0.1345188,0.3357264,-0.026333472,-0.78479785,-1.0967249,4.5094156
1.0808916,0.4090783,-1.5493232,-0.8150345,-0.683741,4.933694
-0.9360625,-0.06173957,-0.9364876,-0.39669994,0.9349347,3.879893
0.9094423,1.6949092,-0.3565534,0.4609718,-1.181629,5.37641
-0.5700994,-1.1568918,-1.136106,1.5090127,-1.4350052,3.5797577
1.0876263,0.96128905,0.9902817,1.520242,-0.53462243,5.133486
-0.034620255,-0.92843586,0.89935595,0.009307479,1.3787578,3.900284
-1.4617591,-1.500441,-0.49260324,-1.5024449,-0.5189658,3.0879967
-0.9005533,1.2067219,-0.27114606,0.11363456,-1.1846247,4.335766
-1.1993881,-0.8377742,1.6587197,0.025698619,-1.2392316,3.437873
0.90136224,0.089582026,-0.10676311,1.4508888,-0.41831437,4.701182
-1.1077536,0.9327418,1.4583901,-0.3730028,1.2174445,4.1424475
-0.096350245,-1.4626808,1.5905988,-1.6446452,0.6387844,3.6369047
0.418754,-1.5002345,-0.6036188,0.6159348,-0.5893989,3.7888222
-0.8973651,0.6062514,-1.6419004,-0.39489764,-1.5128275,4.141138
0.5439916,1.5419555,1.6016883,0.59100455,-1.0616853,5.1342287
-1.6345713,-0.17946965,-0.9246977,0.5076532,0.35380983,3.4968705
-1.1851901,1.2466934,1.6420767,0.6040637,1.4434344,4.195393
-1.5134917,0.6255118,-1.0977898,0.9453268,0.8795579,3.8290925
-0.47381446,0.5091389,0.31068847,-1.230722,-0.23281375,4.307494
-0.5802889,-1.1156863,0.50706524,-1.4276084,0.9063015,3.6109962
0.29377714,1.6824392,-0.40679365,1.6100329,0.1129943,5.085548
-0.27133262,0.81326383,1.3388941,1.5714386,0.2261788,4.4785113
0.8567873,0.27906343,-1.5587273,-0.699286,0.79517406,4.7880588
1.6261747,1.2521201,-0.7148871,1.6468517,-0.4375876,5.5013213
0.66510767,-1.5059357,-0.27139288,0.32812354,0.4925085,3.8734734
-0.6313908,0.38621506,1.3149593,-0.47029004,0.14266552,4.183303
-1.5656133,-0.82193995,0.79482,-0.9540413,0.51630884,3.3041635
0.67098224,-0.17195505,1.1042643,-0.9377002,-0.3817755,4.515207
-0.8061905,0.5836661,0.7386206,1.3777598,1.1069797,4.156965
0.9236039,0.7866013,1.5444084,-1.0808316,-1.5705155,5.026903
1.1985024,0.4107271,-0.4288243,-0.72604996,1.1377336,4.9802237
0.71148896,-1.3558007,-0.5313452,1.7127979,-1.4394048,3.936243
1.6632311,-1.0950179,-0.2368683,-0.8619566,-1.1758819,4.422917
1.6830136,0.037572563,0.674959,1.6927218,-1.0756567,4.9476976
0.41183725,-0.2980917,-0.5047809,0.76045376,-0.17869939,4.3505445
-1.2078013,-1.4668272,0.63010466,0.8463444,-0.1831601,3.1792715
1.5859512,1.7413282,0.47012568,0.3807179,-1.6943324,5.6800594
-0.770087,0.22828682,0.40305287,-0.32498017,0.9065738,4.062036
-0.76639706,-1.2441732,1.3989034,0.75915116,0.4140913,3.455441
1.4883597,0.7790116,0.27272052,0.5023838,1.6791432,5.250697
1.3816298,0.77181643,1.139193,-0.9609626,-1.2465502,5.2076964
0.5675551,-0.85686547,-0.47995552,-1.443685,-1.4031259,4.165687
0.15511338,0.88968086,-1.5449076,-1.4244897,0.4041892,4.7391706
-1.4016138,-1.0853537,1.0491225,-0.22437227,1.3214742,3.2734876
-0.13163367,0.61685085,0.7116325,0.48181844,1.1436473,4.495781
1.699083,1.6792465,1.4424297,-1.1140921,0.6903346,5.722052
0.48575738,1.1690667,0.6555535,0.30525845,0.27940366,4.9852667
0.19461364,0.8760268,0.033401746,0.9850641,0.8509416,4.740725
-0.31049246,-0.35136762,-1.2410948,1.0060652,-0.70031804,4.0377207
-0.5535668,0.33735928,-1.6298811,-0.6627237,-1.7376035,4.2068977
1.0736985,0.6212248,0.34388068,0.38333118,-1.4522469,5.002961
0.1533645,0.4368557,1.4007295,-1.5527165,-1.1182953,4.560826
1.1676543,-0.3498552,-0.13450225,1.2338268,0.37478903,4.6105366
-0.2576987,0.2524849,-0.5614539,-1.4010024,1.5376898,4.308306
0.79965276,-0.7062721,0.858616,0.08190441,1.1051223,4.314665
0.7580768,-0.98838556,-0.83276343,-0.5594343,-1.141101,4.169016
0.32180095,-1.6179267,0.6053331,-1.4529504,0.47091457,3.7071688
1.1294167,-1.4286124,-1.3951712,-1.5182896,1.5191052,4.0745425
1.1264421,-1.0983324,-1.5580342,-1.1289899,0.03092172,4.244802
1.6436185,1.6897843,-1.0032951,-1.2739463,-0.33403206,5.703802
1.3712366,0.35915673,-0.29511452,1.3096362,-0.94904214,5.00463
-0.39324287,-1.585856,0.5784194,-0.28090256,-0.13737637,3.4623148
-1.4110075,-0.89313966,0.8683952,-1.1727347,1.2905492,3.3494465
0.3620231,0.41807425,-1.088431,-0.008134763,-0.5002314,4.6400714
0.032118253,-0.52013165,-0.3538041,-0.79762596,-0.2729523,4.111552
-0.40207604,-0.49152854,0.56478894,-0.26563346,0.82797587,3.9429471
-0.24126099,-0.65430546,-0.3798394,1.4777061,-0.67498046,3.92081
0.12815723,-0.42318064,0.024883972,-1.5456151,-0.81106216,4.1934857
1.3038144,0.20934963,1.111398,-1.5216209,0.28061742,4.932652
0.58407253,0.111091524,-0.49659023,0.4108141,1.2412717,4.602093
-0.5644384,1.1379933,0.884872,1.1949189,0.1729589,4.466692
-0.66111344,1.1335241,1.3951224,-1.6627684,-0.081317164,4.442434
-0.3793515,1.4558009,0.5718306,0.5306961,-1.386258,4.6691685
-0.61853427,-0.049176067,-0.30622956,1.7045717,1.0216808,4.0151005
1.5959091,-0.7793176,-1.0888289,-0.29313564,0.067343414,4.564986
0.95937514,0.012838869,-1.1365349,-1.0381571,-0.7733557,4.711507
1.6023725,-1.1590722,-0.33477038,0.8367769,-1.5340694,4.3486567
0.052651662,0.727136,0.5360114,0.9656014,-0.8326396,4.6033688
0.3944949,-0.2055873,0.9387453,-0.19451082,-1.2277329,4.3806334
0.64439404,-0.5570519,-0.083818965,-1.4294446,0.34272903,4.333798
-1.5831252,-1.4858375,1.3836194,0.05289447,1.2563965,3.0308504
0.20094933,0.8552997,-0.6814429,-1.1379784,-0.35368443,4.74594
-0.06805541,0.9895626,0.3416834,-1.4955698,1.0416492,4.6751695
-0.91848,1.6129102,-0.8805725,1.0685158,-0.37936112,4.461451
-1.2892857,-0.6169013,0.46074584,1.177207,-0.8351975,3.46996
1.5718853,0.5373226,1.4654438,0.682174,-1.5952532,5.142468
1.4475187,0.07319658,0.6010993,-1.4300901,-1.171226,4.924938
0.8453967,-1.1146268,0.11418469,1.456998,1.2873905,4.1245112
1.6906838,-1.0938141,-0.63326025,1.2566596,1.153889,4.4269247
-0.6517838,0.90841484,-1.4105889,1.4767419,1.6580096,4.3660436
-0.25033438,-1.0043303,-1.1766748,-0.129714,-0.18621767,3.7877593
0.6992574,1.2888808,-1.4747407,-0.3357162,0.57332194,5.1358542
-0.2374232,0.62191826,1.2202237,-1.5704347,-0.2240062,4.459204
-0.2908296,0.60809547,-0.7177015,1.2659281,1.701136,4.4234247
-1.37646,1.1663281,-0.25801334,-0.10536887,-1.3914552,4.071276
0.5098744,0.8685038,-1.5405711,-1.7492044,-0.4814937,4.8875437
-0.9936993,0.766153,-0.48002085,1.6820264,-1.6708126,4.1082706
0.10978582,0.9203109,1.4604539,-0.23872036,0.15926404,4.7227635
1.7263803,-0.7403149,0.3149448,1.0291202,-1.3588241,4.597278
-0.48300818,-0.9267896,-0.3077323,-0.27048793,-1.2252504,3.7241142
-0.49571282,-0.31571546,0.89457387,-0.28733927,0.38856477,3.9733195
1.0862548,0.9842677,1.3236693,1.5118212,1.7100592,5.1608114
-0.586069,1.2389563,1.3360637,1.4261409,1.4306905,4.4938984
-0.100758,1.3033681,-1.2721807,-0.8241587,1.177297,4.7751245
1.6553564,-0.5485311,0.12242166,0.03981506,-0.43991983,4.6949296
-0.65895844,-0.21656367,-1.41182,1.1641026,-0.0638704,3.9442031
-1.1850209,-1.2023933,-1.1855471,0.0689915,-1.5672628,3.3210762
-0.9167397,1.0924188,1.3183964,-0.32705402,1.1516132,4.294255
-0.43035692,-1.160679,-1.36981,1.535697,0.46116966,3.6458282
-0.77009195,-0.717641,-0.84354013,1.5305681,1.4571887,3.6919096
-0.84662044,1.4606853,0.82303333,-0.4794693,-1.6939099,4.4478745
0.7428767,0.434683,1.6707684,1.2992308,-0.43363062,4.7664604
0.33983976,-0.7302171,-1.6699636,-0.18623292,-1.1260884,4.1395507
-0.50410044,-1.1787162,-1.1096168,0.03716228,-1.3359108,3.608512
-1.2909459,-1.2038969,-0.67467535,1.3773768,-1.0404017,3.255097
-0.4951412,1.4276915,1.3300349,-0.14900301,0.5350709,4.6196404
-0.67973906,-1.602377,1.0003467,-0.18698041,1.1387444,3.3488905
-0.5133274,1.5282289,1.0701935,-0.39140263,0.7698373,4.647976
-1.5066017,1.415261,1.0999811,-1.4629737,-0.6043398,4.0857143
0.41819102,0.11592257,-0.43092227,1.3290168,0.7517032,4.5299835
-1.2182848,-0.13429056,1.2659112,-1.3755722,1.692763,3.721603
-1.2941973,1.3760988,-0.049215756,-1.3460991,0.07299851,4.191827
-1.3600492,0.7832206,0.16048998,0.22043405,-0.6343353,3.9536028
0.7660234,1.6715112,-0.45657265,-0.19710837,-1.3780396,5.30841
-0.9897371,1.4290762,0.727918,0.053616714,1.2116245,4.366695
-0.6637415,-1.1477078,0.766321,0.1221112,-0.40708956,3.5486932
1.3971831,1.0933398,-0.1830589,1.7051934,-1.3692601,5.3201594
0.96164674,0.8947608,1.51161,-1.6989534,0.98907214,5.090705
1.0347197,-1.2432262,-0.44590983,-1.057548,0.33335543,4.1391697
-1.5882118,0.85240424,0.4339423,0.30565724,-0.71006083,3.8491275
-1.1879307,-0.90765256,1.5595814,-1.5589551,-1.7149303,3.4434857
-0.60304713,-1.0421282,0.96709174,-1.3850931,0.20544963,3.6334078
1.4699632,0.03967725,-0.62658113,1.3150458,-0.52411836,4.9044785
0.2233462,-0.20951544,-0.77922004,0.65741444,-0.31169593,4.316021
-1.2409741,-0.46656525,0.33065763,-0.55256736,-0.58888656,3.5836015
0.05793613,-1.1477922,-0.013956924,0.44346234,1.4116603,3.834774
-1.290532,0.9699538,0.11998535,0.28905988,0.90689313,4.0568004
-0.33020994,1.7622857,1.1058284,-0.18532558,1.3602678,4.820136
-0.42644644,-0.3832889,0.5996396,1.4263707,0.6417058,3.9571493
1.5381057,-1.1794243,-0.9645432,-0.014855854,0.48221034,4.3374314
0.5806199,-0.083953425,-1.4037366,1.2164975,1.6961737,4.5190024
-0.25317353,-1.5228076,1.6234238,-1.364901,-0.017768158,3.5506375
0.33810195,-1.4228852,-0.19008538,-0.71933776,0.98318064,3.80908
-0.45002595,-0.5796683,-0.6778199,0.27906057,0.69202,3.88696
0.72385526,1.1130333,-1.2628416,0.91239786,-1.6677438,5.070318
0.72844243,-1.3419998,1.6489575,-0.72032684,1.1639652,3.9826057
0.50967604,-0.27413332,0.8660474,1.2372804,-0.18131839,4.3794646
-0.6241731,-0.9074028,-1.090125,-1.4537765,-1.1800926,3.6824946
1.516558,-1.6143227,-1.484835,-0.67621243,1.1545376,4.0960155
-0.20150164,-0.3895018,1.4916493,1.2899595,-1.4131477,3.999788
-0.6233802,-0.0957261,0.7387953,-1.3107711,0.79974204,4.010125
1.1258705,-0.2891999,-0.25331277,-1.6415861,-1.4350547,4.6376114
1.4509475,1.294078,-1.428857,-0.45231792,-0.50795925,5.4595094
1.7611439,0.71206653,1.0404394,-1.4598823,-1.6351129,5.333737
0.5574058,1.10298,-1.1672443,0.50172424,1.2259278,4.99896
-0.5399801,0.69644463,0.84336317,-0.31943634,0.41619912,4.340625
0.92190874,0.19155042,-1.6327889,-0.5251033,1.4004096,4.776055
1.5248315,0.9624203,-1.5328448,0.9450958,0.51651514,5.3491883
-1.642168,-1.1163511,-1.6491894,0.086549975,-0.869643,3.1599555
-0.16622312,0.90392256,1.556631,-1.578599,0.2485764,4.597772
-1.1274178,0.8454353,1.5604045,-1.6585057,1.1594203,4.1081495
0.3681243,-0.740385,-1.4669956,1.0752606,-1.3494835,4.1411357
0.7594803,-0.053594075,1.3272452,0.73382854,-1.1660111,4.568275
-0.308661,-1.3250313,-1.0452658,0.939038,-0.45177957,3.6143188
-0.09693417,-1.5337902,-1.5976928,-1.4879354,-1.0927073,3.6026392
0.82239044,0.0048860405,0.8259372,-0.34966987,-0.32598776,4.6485496
-0.24232043,0.32207823,0.97301286,1.4679496,1.6270533,4.32234
-1.3992255,-0.37294343,0.9729537,1.3870214,0.9505909,3.5206084
1.4252491,0.5507726,0.30059338,1.1651269,-1.4145834,5.098023
-0.8197222,-1.3523662,1.6479762,1.5962714,-0.9453628,3.3239162
-0.14206135,-0.9609469,-1.4810373,-0.55807996,1.3770605,3.8509421
0.2096125,1.2219988,0.7917981,-1.3575467,-0.14433643,4.8898716
-0.056355182,-1.7065488,-0.54538774,0.96094733,-0.74025935,3.5148973
-1.57302,0.2832854,0.08392055,1.0918419,0.32668832,3.6713064
