1.3639385,-0.366312,1.7057133,-1.0138693,-0.25061685,0.9939064,0.14367406
1.4766984,-1.0617422,0.2886819,-0.40317863,-0.36248383,-1.3867656,0.3241079
-0.35634306,0.8048904,-0.94050956,1.5486275,-1.0821556,-0.9876055,5.376596
1.6293025,-0.7265624,0.1941018,-1.2349892,1.2908895,-0.9606292,0.45138118
-0.33021706,-0.084249504,-1.7150449,-1.3337507,0.33860943,0.97114307,7.990884
0.39470133,-1.2310294,0.0142206615,-1.4267921,-1.1693451,-0.0029989376,0.32739836
-0.79137343,-0.17074418,1.318,1.6087672,-0.36333546,-1.5371518,-0.17603567
1.0586456,0.25698894,0.19723879,-0.23627359,-1.263773,1.7559856,2.2254457
1.5654585,-0.06481336,0.4084287,-0.47600657,-1.0226754,0.50691277,-0.10499915
-1.216398,-0.6510182,-1.6193694,0.936895,1.3027426,1.6502123,4.9170985
1.5441936,0.52988017,-0.32409796,-1.0395166,0.5166373,0.27133575,4.313179
0.36950117,-0.44933972,1.0129107,-0.47292483,0.74646056,0.30346695,0.98549104
1.3196238,-0.9692511,-1.2606798,1.5758655,-0.23613523,1.3051187,-0.5499868
0.28040755,-1.2915028,-0.80469584,0.9096932,-0.4434174,-1.1253328,1.5920423
0.87763804,-0.3661189,1.1601927,-1.3602886,0.21205178,1.6929597,0.014105307
-0.19602609,-1.6563826,0.4924776,-0.49124548,-1.240972,-1.0608699,0.95854557
1.3748707,1.4681752,0.80224895,0.15598388,-1.7334586,0.21202718,-0.20894612
0.3017269,-0.8342629,-1.6031295,0.6124737,1.2049124,-1.0733476,1.9116603
-0.75690085,-0.7227993,1.0925733,-0.81261194,0.02363892,-1.094512,0.015227308
0.48617035,0.16958031,-0.3756832,1.2004404,1.0379908,1.3899401,3.4945018
-0.74638885,0.4632403,0.3601588,0.012739794,1.2904007,-0.40333572,-0.28718862
-0.15483116,-0.15918139,1.3878388,-1.5145143,0.74523926,-0.270741,0.22487119
-0.652387,1.2146521,-1.5843036,0.45051685,-0.6030765,1.4100864,0.07226686
1.1896946,-1.019518,0.4906449,-1.6986591,-0.32895046,1.7542058,0.06954331
-1.3124043,0.637801,-1.5541728,0.10639701,-0.10193708,-1.5097243,0.036624786
-0.74686027,0.0028602646,1.2710695,-1.7303584,0.09188742,0.024525968,0.6868067
-0.43919092,-1.4253771,0.50356454,-0.50929266,0.05568252,0.5501328,0.7800849
-0.9884379,-0.67504567,0.19024111,-0.41761628,-1.3645033,1.7202632,0.93319035
0.2097101,0.4548845,-0.68924177,-1.5728885,-0.9628606,-0.63673836,4.019384
-1.6539576,0.34318167,0.6468638,-0.5051406,1.2494246,-0.50972223,-0.18745811
1.6026027,1.2870351,-0.8927431,0.04386993,0.043764107,-0.96188956,2.8755999
-1.4159129,1.184669,0.32750013,-0.9919186,-0.79618764,0.49801916,0.1465924
1.3768368,-0.95344776,1.4419293,0.23182718,1.1583093,0.4826136,0.62943375
0.33378002,-0.7450028,-1.2905742,0.9017992,-0.5252083,0.027450398,4.8873835
-0.51209676,-0.36649194,-0.4911624,0.19037321,-0.715479,-0.12112609,1.8540901
1.1114647,-1.2545086,0.40036678,-1.7173994,1.197776,-1.1528096,0.40247416
0.31557766,-0.46851674,0.29729655,-0.019875163,-1.376862,-0.65766525,1.1740685
1.4387305,-1.4339017,0.022692213,-0.82749116,-0.8403415,-0.60490847,1.7752321
0.23543586,0.67646646,1.4772141,0.4801539,1.2979795,0.5104423,0.5858189
-0.49602506,1.2525693,-0.44741708,-1.4064959,-0.1808279,0.8208155,1.4142956
0.50991327,0.14623001,0.4422622,-1.2145534,-0.7252026,0.86461675,-0.038190458
-0.41990915,-1.253558,0.90961546,-0.071990095,1.4242588,-1.269269,0.468052
0.77200675,-1.3264956,-0.3340685,0.9860833,0.25169477,-0.07890638,2.1304927
1.5848851,-0.6785744,1.121753,-0.47790486,-1.6374842,-0.27623597,-0.0355904
1.0427603,0.51891124,1.1211809,-0.10588325,-1.2912432,1.7850862,1.5568193
-0.7058039,0.049775768,0.7641514,-0.18621804,-0.45029306,1.3065362,-0.2721525
1.0413913,0.32694915,-0.42010608,-1.3719399,-0.10659046,-1.2400181,0.84541297
0.3553211,1.6661762,1.4914569,-0.1516618,-1.3144978,-0.89831436,1.516423
0.9218106,0.82453364,-0.99371463,-0.06322388,-0.6637086,-1.2555554,5.4728255
-1.0026171,0.38540256,0.5300825,0.27279013,0.57334644,-0.37932,0.28363836
-1.6577972,-0.3493796,0.34405026,0.7621527,-1.6253877,-1.4629139,0.94790757
-0.6182887,0.83968705,1.2117743,0.5023085,-1.6332731,0.87004906,0.25826547
-1.2739147,0.6509348,-1.4092338,0.953167,0.4382713,-0.71018416,0.76792514
1.4603896,-1.5779012,0.2985981,-0.34515253,0.31864315,-0.81578153,-0.036708277
0.5432361,-1.0331792,-0.9903952,-0.7638962,-1.6827348,0.13678426,-0.32078293
0.76056343,0.06592741,0.9097329,1.4590623,-1.6217003,-0.49943852,0.30115545
0.5918572,0.6748823,0.58906245,1.368965,1.426178,1.365217,2.4408941
0.017189743,0.8633746,-1.33745,0.93155164,1.7153494,1.627204,9.243203
1.3950608,-1.0412245,-0.10850201,1.249493,-0.7679214,-1.4939799,1.2687021
-1.1765871,-1.7398988,0.47968712,0.8353616,1.7121173,0.83253294,0.061369035
0.15559575,-0.08488222,0.7309753,1.5193027,1.183533,0.09099849,0.036293965
-1.1284077,-0.19443755,1.5275857,1.4948823,1.5265559,0.96525025,0.5055019
0.5782351,0.5177255,0.77066684,-1.4250572,-0.75623906,-0.59549636,1.774256
-0.54598844,-0.4773491,0.32673112,-1.6494019,-0.4350914,-0.0765313,1.0166026
0.574901,1.3528601,0.91557896,-0.9145514,1.0085984,0.022356112,0.61893696
-0.31168127,0.12430636,-1.6267159,1.3121599,0.63023096,0.64956546,10.356732
1.4756373,1.2925134,1.1445962,1.552179,-1.3927298,0.9196797,0.18103977
-0.9736766,-1.2191094,-0.2029442,0.09878759,1.0239872,0.73131335,1.1543217
-0.9800426,0.71113974,0.9714689,-1.297212,1.6758547,0.26769018,-0.02233998
-0.98010445,0.21661894,0.4910761,-0.8298407,-1.1105605,-1.3289869,1.0857418
1.5962882,-0.87373686,-0.091541976,0.81039554,-1.6182578,-0.94164944,1.9484549
0.6211196,0.8796513,1.2084806,1.601753,-1.6599907,-0.9333957,1.2113945
1.7044641,-1.7256469,-1.0025371,0.32165706,-1.1064306,-1.6738436,2.5352168
-1.3742462,1.430229,0.4835825,-1.1554544,-0.77366334,1.7163969,0.3492523
-1.6611861,0.14871529,0.752255,1.6317732,-0.9895489,-0.73053366,0.9069408
-1.3003367,0.17682262,-0.61239046,1.509109,-1.5272101,-1.0981874,2.0527062
-1.111441,0.8210188,0.6214896,-0.77552885,1.069137,-0.73073196,-0.13335928
0.74476385,0.15298344,-1.7004349,-0.9518781,1.6808306,0.9966524,9.531358
0.6638758,0.7615205,-0.86871356,0.9830746,1.4371216,-1.0325892,2.7376833
1.4782768,1.126958,0.8344327,-1.2681607,1.0719796,-1.3945928,1.0829445
-0.8423033,-1.3672546,0.88462734,1.4338453,0.7566787,-1.2416981,-0.44391173
-1.126981,1.171583,-1.5780112,-0.36463058,-0.6938316,0.43601415,2.578417
0.9609817,-0.2568012,0.5936578,-0.038006555,-1.408036,-0.016163802,-0.05196179
-0.64902204,-0.402598,0.16061868,-0.9412893,-1.0336705,-1.5102601,1.013972
1.092474,0.36120993,1.6762173,-1.7296304,0.77188617,-1.1317378,0.051624898
-0.3615584,1.3838977,-1.6767824,0.3781431,0.36696896,-1.4484588,-0.052782387
1.032403,-0.9502652,-0.4104283,-0.6325485,0.2092883,0.6498725,2.455356
-1.2910435,-1.1797012,-0.973983,-1.0317016,-1.0618516,0.8398001,-0.22188479
-0.8220219,1.0994803,-1.0463859,1.3685975,-0.8257573,0.35028136,1.1536506
0.5722491,-0.82007265,-0.2815537,0.30733627,-0.7414168,-0.5009374,2.5365813
0.41126472,0.5736606,-1.5800356,-0.47960228,-0.23128381,-0.87457466,8.638161
-0.3919717,-0.25255346,1.3451449,-1.6143858,-0.33815596,0.74057096,0.2555337
1.0737793,0.49144503,-0.6088143,-0.9910905,0.17137027,-0.3435277,3.881832
1.2180068,1.3503816,0.6010869,-0.5807415,-0.5878851,-0.22364143,2.751009
-1.201836,-0.88544613,-1.0119396,0.7149586,-0.2077015,-0.51383764,2.1538236
-0.8723455,-0.8475306,0.008328998,-1.5957024,-1.1121974,0.35627526,0.043572746
1.624223,0.8706244,-1.2181221,0.9876379,0.84348756,0.46170175,10.547743
-0.5340187,0.10322894,1.3819643,1.5637909,-1.4497161,1.4799836,0.75908285
-0.5634426,-0.18693891,1.4481034,0.5224991,0.3042348,1.5953174,-0.087850735
-1.6193655,-1.5396711,1.3517389,-1.7370303,-1.6579107,-0.39225015,0.035873454
-0.9391755,1.4985251,-0.60241145,0.21196195,-0.9984689,0.31260604,0.40439355
0.47739562,-0.05984504,1.0684123,-0.7145575,1.6615545,-1.1046185,0.9271437
-0.18018432,-0.3174519,-1.4364451,0.5344318,-0.33542782,-1.2473882,2.5313272
-1.2030636,-0.715883,0.7874166,-0.07924708,-0.32951713,1.4932152,-0.31733274
0.087551564,-0.34060544,-0.21301143,0.83451295,0.8810843,0.2591399,1.5400196
-1.12934,0.8625493,-1.4247124,-0.15555203,-1.5044535,-0.8076818,4.3636136
-1.4140671,-0.033633646,-1.3798299,0.29855558,-0.4102557,0.92687106,0.31082574
-0.9012712,1.5125228,-1.6087502,0.6768486,-0.06732121,0.7545922,6.3990026
-1.4602522,-0.094817735,0.3210287,-1.2998501,0.18313515,0.67573696,0.70436245
-1.0495214,-0.24574266,-0.6223651,0.27494943,-0.29820487,0.78876644,0.5531036
1.768807,1.0006119,-0.79224753,1.5316943,-1.232273,0.14744529,0.7334482
0.3724561,-0.03872593,1.6347411,1.1970899,-1.5976143,-1.207045,1.1897414
0.5779038,-0.34457502,-0.52441096,0.09360344,0.0070266835,-1.4872494,-0.3272136
-1.5592382,0.5952748,0.57858837,-0.31949466,1.4334157,1.7482896,0.88813627
-1.0840296,1.3953052,-0.30340123,0.70300806,-0.78842574,1.2657683,-0.18194564
-0.5261361,0.44619122,1.0352386,-1.5400983,0.2071527,-1.2984979,-0.017401345
0.31647393,1.232778,0.5117843,-0.5369576,1.0883265,1.4141357,2.275618
-1.468363,1.1477758,1.0870925,1.4904926,-1.7023685,-1.5675427,1.0374298
-0.69495404,0.50472856,0.44770274,0.20888352,1.5196958,1.2086691,1.3880825
-0.9839532,0.618976,-0.37749708,-0.036838803,1.4499096,1.2626997,2.2002845
0.051924292,0.57495296,1.5176075,-1.3800364,-0.76862854,1.1445873,-0.05468814
-0.593733,0.18945357,-0.123423696,-1.1388949,1.4967146,0.78892994,1.065716
-0.072198726,1.5046487,-1.0294882,0.22555223,1.1704435,-0.9958336,1.1756947
-1.1199503,1.6321245,0.53373617,-1.3185784,1.4258726,-0.6890937,0.16402765
-1.1350473,0.6335893,-0.20942493,-0.51610625,1.4870099,0.42665705,0.35398716
-0.9576588,-0.081091486,-1.2751611,-0.8691027,0.3852225,0.7389294,3.997605
-0.54239756,1.5853864,0.22382255,0.52029365,0.9392272,1.5753759,1.7476976
-1.3122504,-1.3634907,-0.4001434,0.2506589,-0.93818974,0.13196392,0.15674716
1.4912727,1.3005011,-0.68515277,-1.689593,0.27898756,0.76910913,6.440519
-0.29466918,0.93964887,-0.8209449,0.5582537,1.6477921,-1.2552059,3.9328034
1.529038,1.1373843,-0.73210704,-0.17082174,-0.607922,-0.29727843,7.436269
0.58379835,-0.1284469,-0.6967174,-0.85493207,0.39616963,1.0863618,2.9103966
-1.4113121,-1.306759,0.16788699,1.2637267,-0.8957742,0.19657648,0.007671826
1.239064,1.2627449,1.6589042,-1.1566099,0.62798613,1.4260864,1.0313573
-0.42673883,-0.76300716,-1.0079972,-1.596943,0.55180204,-1.3370973,0.073762685
-0.61306244,0.47007042,-0.80248135,0.17476512,1.2948264,-1.1026357,1.2193826
-1.3825035,1.004298,-1.1526847,-0.95608395,-0.0020843928,0.60012627,3.0201075
-1.6651208,-1.6385075,-0.06613114,-0.7189669,0.8145868,-0.017732844,0.15626124
0.539928,0.12367224,0.11952996,-1.5317228,1.0374739,-1.4273376,0.9779757
-0.32908097,-0.61858535,-1.1802548,-0.44558668,0.26703513,0.79493546,3.5392823
0.7176939,1.2564355,0.7838585,1.3640498,-1.6440539,0.12629779,-0.4196876
-1.3663015,-1.1141541,-1.5418785,-1.5885712,1.2152733,0.47428238,1.6278083
1.3258588,1.0758222,1.5893099,-1.1876056,-1.1196678,0.43599588,-0.0039155735
-1.2171311,1.1046966,0.32239825,-0.39406887,0.78996783,-1.1412867,-0.1040219
-0.25024912,0.97818756,-0.17409872,-1.3874992,-1.3063197,-1.1087602,2.7230494
0.40689364,1.6970414,-0.61614215,0.31037602,0.49242127,-1.3330727,-0.15750396
0.9363072,0.2734778,0.77050894,-0.3591699,-0.33546275,1.3147454,-0.21469995
1.4376059,-1.5889558,1.253708,1.2980952,-1.5612947,-0.89739174,0.81696343
1.6161233,1.2636712,-1.1247501,-1.7386996,0.77853227,1.6163634,7.039583
-1.3185219,0.16800928,-0.43160018,0.043691438,-0.4142669,-0.4991451,1.8157425
0.48060542,0.04177033,1.2638829,0.7506857,-0.7316633,0.43874982,0.15195283
-0.6936673,-1.6703105,-0.3229264,0.21083556,-0.54928875,1.7115161,-0.27235714
-0.1415898,-0.3888779,-1.2660705,-0.4868878,1.1649649,-0.8760656,0.33117545
-1.2419952,-0.84771407,-0.5530866,1.6127174,1.0051761,-1.5904483,0.7454476
1.61595,1.731195,0.05841441,-1.3611474,0.45978197,0.30495435,4.5759144
-1.2169532,1.2604384,-0.32168904,1.6015731,0.7124445,-1.196605,-0.30560654
0.9676523,1.3202277,-1.178369,0.45795855,0.8772079,1.0106155,11.328825
0.6524462,1.2125636,-1.0773361,0.8117662,0.70427316,0.7444131,9.166256
0.60683256,-1.0845273,0.4636302,1.2087231,1.4618238,1.3116058,1.690022
-0.8840196,-0.749299,1.1779488,0.15828279,1.0303509,-0.12538815,-0.110906206
1.6126652,-0.6821856,1.5620921,0.16957954,-0.90210426,-1.0784739,1.3142872
0.42563394,-0.6989677,-0.19513544,-0.36619565,-0.2751862,-1.5437247,-0.017608304
0.26871184,1.3773491,0.6601243,-1.5883164,0.7954627,-1.0655837,0.040776435
-1.4706599,0.6050289,-1.3655177,0.7164796,1.3651513,1.5998564,4.458046
0.7701655,1.4177057,0.91460454,1.2832301,-1.449545,-0.31652543,0.53944385
-0.21123356,-0.075528786,1.6408352,0.71104646,-0.8698785,0.023031041,0.40906465
-0.74188966,-1.5626277,0.89377725,-0.28511173,-0.8698023,-0.3132532,0.55266184
1.5265402,-0.503964,-0.68025434,-1.567497,1.6227841,-0.83086675,1.841573
0.43114248,1.2441807,1.3998963,-0.04307054,1.6868259,1.4748285,1.5678884
-0.90577286,1.0787021,-1.6281465,0.43680993,-0.7851086,-0.39461115,9.253364
-0.8245867,0.5518668,-0.20710638,-1.3723991,-0.54638773,-0.7870743,1.8342559
-0.03509974,-0.50960565,-0.4266485,1.4609472,0.019054754,1.657505,-0.60835904
1.0088336,-1.6364746,-1.7147214,-0.060081337,0.089705326,1.09303,3.0870821
-0.39296216,-0.93919355,-0.9810922,0.4594789,-0.5048122,0.9792675,-0.302608
-0.93556666,0.9247803,-1.2527473,1.5161994,-1.2740722,1.2978631,2.1785753
-0.542648,-0.7033261,0.46085042,0.73880213,-0.9325757,-1.0467547,1.3338232
-1.2395576,0.8490002,-0.1438509,-0.9545243,-0.15601403,0.6196935,1.0453138
0.66139007,0.48755074,0.78816074,0.62543255,0.17568535,-0.4279712,1.3056415
1.3803036,-0.66939837,-0.3874384,1.005767,0.05477769,0.11680771,3.6864612
-1.5743191,1.0791823,1.4163233,0.85122985,-1.6006947,0.8718821,0.0779751
0.44716355,-0.55891156,0.19367523,-0.82954705,1.5205829,-0.52099186,0.0024798906
0.93689245,-0.051661346,1.4233022,0.16183527,-1.0195737,1.7568271,0.7550606
0.35946032,-0.6638096,1.3942766,-1.2610278,-0.43533108,0.06331075,0.7492481
-0.5662126,-1.6632367,-1.4580064,-0.2093191,1.5935895,1.0542911,2.3360014
0.9461077,0.29070908,-1.1547877,-1.2183444,-0.00033198998,0.21443306,8.041512
0.95225817,0.51559424,1.0339458,0.97744477,-1.3948853,-1.617069,1.9276005
0.6911773,-0.8796051,1.6223143,1.6831701,0.9852635,-0.98265135,-0.4668087
-0.25549895,1.0868738,-1.4673927,-1.6947423,-0.6626519,-1.3906187,5.834031
-0.4089238,-1.572537,0.024211144,-0.8250055,1.6658866,0.25862214,-0.2489979
0.2314078,-1.6903592,-0.661493,-0.7482726,-0.513718,-1.1088563,1.1919849
-0.25710535,-1.08061,1.6166289,-1.229279,-1.3051126,-1.3246713,0.60020596
-0.4661045,-0.60164565,1.4263637,1.5643599,-1.2989311,0.42668876,-0.50502807
1.1480762,-0.1886994,1.2495308,-1.3545773,-0.0022893914,-1.4635804,-0.04120607
1.5273204,-0.3334037,0.92367035,-0.9214644,-0.290349,-0.8891051,1.109479
-0.12335486,0.8103546,-0.16209856,-1.4557145,1.3356044,-1.0673387,1.0210475
-0.33847275,-1.5383279,1.5844569,-0.020149004,0.09198447,0.90150493,0.29519156
0.07228414,0.2660771,-0.8049388,-1.298624,-1.0518099,1.6452057,2.2473617
-0.055685986,0.037320565,0.083982274,-1.1831094,0.18221995,0.6617142,1.6818591
0.46121877,0.47186223,-0.45300725,1.7108771,-1.2915524,-0.9160034,3.9491093
0.5298061,1.7570217,-1.2543278,0.760909,0.24672437,1.36775,3.8252177
-1.517166,1.0903977,-0.8151386,0.7216714,0.4455017,1.6648719,0.4385412
-0.5884533,-0.9680288,0.4156446,1.216064,-1.6430923,-0.41518167,-0.109617725
1.4975756,-1.4359082,-0.15422972,0.28539777,-1.1953251,1.3347769,0.48549607
0.71809334,-0.41941538,-1.1391177,0.26714933,-0.8807713,0.49332833,0.4585907
-0.038513217,-0.8763402,-0.21936461,-1.3175238,-0.6166849,-1.1517781,1.225851
-0.991251,0.6218223,0.29579756,0.47302535,-0.326016,-0.39824882,1.5726898
-1.0065787,0.022970548,-1.2030338,-1.3698834,0.7140542,-1.3286138,0.3560393
-1.4956543,1.4229337,1.0367106,-0.021941584,-1.3774787,0.5781855,-0.18581656
-0.5142633,0.6984108,-1.4616766,-0.95067,0.8833605,1.0140297,8.403151
0.6287892,-0.3168936,0.015502823,-0.9978225,-1.2111543,-1.651322,1.81494
1.1453458,0.06734313,-1.4064127,-1.0302348,1.5079331,-0.6541478,1.9648424
0.84234613,0.4284733,-1.5502752,-0.85428226,-0.99924695,0.09239482,4.89821
-1.4752915,-0.2116386,-0.21436514,-1.0462292,-1.3354245,1.443785,0.6428133
-0.988593,1.4275309,1.558405,-0.9632427,1.228581,-0.890365,0.05364004
-0.22466078,-1.369793,1.6232961,-0.6464018,1.3958983,-0.04707033,-0.24162658
1.713246,0.86496437,0.6165788,-1.5996797,-0.5979074,0.0057495986,2.1720417
0.29629913,-1.1154612,1.3307925,1.3743794,1.5055794,-0.8174982,-0.023037735
-0.39888158,-1.5356098,-0.94015396,0.5686369,0.18326071,-0.72268975,0.57006115
0.75970525,-0.35461712,0.9663648,-1.7401248,0.61683375,-0.40931398,0.36639518
-0.60885215,0.8647867,1.0474136,-1.7485381,-0.113159604,-0.4635096,0.9236677
-1.0676361,1.2508132,-1.6429609,-0.8881694,-0.4843454,-0.50353116,9.652343
1.3042578,0.44864374,-1.3175993,0.6550905,-0.6375488,0.22064565,6.4892087
-0.7359949,-0.14533705,0.7413388,1.5736597,-1.4952885,-0.09020811,-0.28091696
-0.29811853,-0.09186792,0.15783095,-0.2846559,1.2513323,-0.7893929,-0.05804723
-1.6662292,-0.7068889,-1.1639094,1.0179259,0.90511423,1.1052572,2.3085437
1.1998559,-0.15116195,-1.3567581,-0.9502005,1.5605208,1.2957418,8.8698845
1.3520478,-0.11481692,1.2408141,-0.37451077,-1.7127447,-0.21712238,-0.13648835
0.67485124,1.5050472,0.18675648,-0.28336093,1.6980863,-0.27264255,0.06516476
-1.1537846,1.0372196,-0.0047378535,-1.7035708,1.1424923,-1.6358125,1.130349
-1.6526843,-1.4020541,-1.6618863,-0.005341133,0.46021467,-1.2133323,-0.6156181
-1.3516884,0.014114109,1.5065482,0.44480363,-0.75435424,-0.024200022,0.4067285
1.3314928,-1.0760694,-1.1367282,1.0431082,1.2094574,-0.27589965,-0.6919189
0.8740516,-0.2726503,0.764646,-1.3568441,1.0980235,0.56229943,1.1006293
1.4964992,-1.3924484,-0.20753022,-0.536794,1.4776528,-0.8080933,0.33376014
0.9494278,0.46452197,0.05505157,0.051060524,-1.4403564,-0.30447176,0.8122403
0.48305938,-1.2627088,0.8426888,0.1696544,0.25139442,0.3141776,1.2617722
0.030285178,1.7449456,-0.4586291,0.2782109,0.611519,1.7575083,1.3042392
-1.2626905,1.3364508,-0.4829522,-1.3032075,-1.7138819,1.4195565,2.0517962
-1.4284927,-1.205103,1.3687375,1.33218,1.6081393,-1.0862296,0.29818183
-1.5638273,-1.6507231,-1.3175113,-1.5822146,1.0685652,-0.0896697,0.20675483
0.7522076,0.075525984,0.7636514,-0.61671555,-1.4012597,-0.22918671,0.36269462
-0.7984573,-0.4846471,-0.4443366,0.8502044,-1.4972429,-0.0006446512,-0.34405524
-0.29947197,0.52368844,-0.5750199,-0.44710088,0.058970116,0.77744365,2.3235118
-0.9440583,-1.184953,1.1492164,-0.8503825,1.3763264,-0.6429971,-0.13933869
-0.2666978,0.7275225,0.2891295,-1.726036,0.49086872,-0.31494626,0.90448886
-1.1650841,-1.5138978,-1.6005487,1.1805803,0.23170471,-1.6635137,-0.82449275
-1.0782458,-0.92236805,1.5344335,-0.05335011,-0.12371801,-0.561401,0.47100154
0.6184667,-0.9187266,-0.85348105,0.82365245,-1.7309948,-1.646463,4.04025
-0.46471876,0.8587765,1.484371,0.26240674,1.0299183,0.6688779,0.98361975
1.1104199,-0.039264064,-0.5401634,-1.3046708,1.0921023,-1.2804412,1.4321885
-0.505387,-1.6851689,1.6743175,-0.6274663,-1.2283638,-0.8023417,0.47658685
-1.2162931,-0.9986906,0.5059186,1.2227182,-0.3303974,-1.2030925,0.16425511
-0.2567347,-0.80794024,-0.08393503,-0.8640346,1.6706915,1.373853,1.4130535
-0.7877434,-1.6267183,0.6549353,-0.81379914,-0.6748755,-0.45440692,0.68437165
-0.47978085,0.23227191,-0.054364473,0.93704724,-1.1997179,1.5622238,1.1514276
-1.5924988,0.63420415,-0.8531045,-0.76634157,0.97828704,-0.80714273,-0.14390127
1.0107789,-0.3162024,0.93890256,0.268836,0.7877316,1.3680034,1.3197541
-1.1519423,-0.6937959,1.1134838,-0.85785705,1.478992,-0.28626502,-0.1838114
0.9128246,-0.0038464277,-0.21618174,0.5196695,-0.7567665,-1.2482605,2.570001
0.8287174,-1.3915921,1.6151804,0.1620998,0.40912643,1.505389,0.061746396
1.2776399,-1.0652092,0.108176485,-1.3915635,0.40495738,-1.1252824,-0.09179245
-1.273965,-0.03332218,-0.90958107,-1.3303372,1.3963447,-0.96524256,0.76651603
1.2858452,1.57092,-0.9372341,0.6235818,0.95809186,1.0053816,10.03031
-0.7670827,-0.5345723,1.1550788,-0.5825974,0.3949918,-0.10712899,0.5699179
0.68625486,0.87949574,-0.696932,0.93601,-0.25508702,0.028457064,5.7325397
1.6646163,-0.6860592,1.084254,0.075896464,-0.32031584,1.7747875,-0.26920196
-0.19575205,-0.46184054,-1.6699247,-0.60771275,-0.9454777,-1.3217658,7.717981
0.033831697,-1.6691753,0.058249466,-0.31630433,0.7162382,-0.57172936,-0.28234616
-0.3493817,1.4654727,-1.1880761,-0.8048712,1.463108,0.7604784,4.431561
-1.3909671,1.7211887,0.6085287,0.8417509,-0.89126956,-0.27920806,0.9931522
0.8737022,-0.030147655,1.3944042,1.3618213,-1.1941307,0.084146395,-0.060469538
-1.6626359,1.1254715,0.6751729,-0.068431824,1.2768508,-0.53163147,-0.19695882
1.1163732,1.44691,-0.5916773,-1.1329068,0.22088076,-0.21391018,5.3021216
1.3358414,0.8813586,-1.61274,1.2328491,-0.82733667,1.4393978,2.9824414
1.6759692,0.9135807,-0.81499,1.3973854,1.1089581,-0.2676316,0.085085005
-0.359111,-1.6692564,-1.0143228,1.1683791,-1.4215554,0.7524261,-0.5801855
-1.3679868,-1.647566,1.6397457,-0.045794882,-0.86185366,1.3635981,-0.20503442
0.4343832,-1.3445108,-0.92471546,0.4121051,-0.5676858,1.3976697,-0.6341064
0.9986131,0.5575255,0.6633891,0.07385548,-0.06672854,0.877282,1.016415
-1.6670982,-1.5160586,1.3783282,-0.67338794,0.357258,1.2471356,0.11371203
-0.3437894,-1.3371238,0.6184845,-1.7323495,0.81593263,-0.39513758,0.09668939
-0.9853086,-0.8465434,-1.5086122,-0.22645958,-0.6158561,0.19311574,2.572822
-0.103489965,-1.6159006,-0.19610874,0.73600173,-0.17939278,-0.6892672,1.1021701
-0.80060244,0.009203163,-0.51087576,0.9976552,-0.9141276,-1.6274843,1.2951001
-0.65688103,0.26083145,1.1060828,0.3982588,-1.1494384,1.5143483,0.42403713
-0.49961728,-1.0234809,-0.16210374,0.77677876,0.3659361,-1.6035358,-0.42296964
-1.5895853,1.1596198,-0.091557816,1.0716426,1.2643802,-1.0384003,0.23364931
1.4603356,-0.6615769,1.5274718,-0.34981072,1.4816653,-0.56342566,-0.13206421
1.4910339,-0.48882934,0.40791667,1.1185596,-1.3621656,-1.5319058,2.3806834
-0.22302893,1.3481985,0.7955159,-0.050835285,0.80723995,-1.2913133,0.06896638
-0.1489911,1.5184085,-0.5540203,-0.62884915,-0.5455038,-0.852532,3.9907882
-0.6557656,-0.19514751,1.1226828,-0.6881367,-0.097861275,0.2600673,0.85287225
-1.5082203,-1.2570748,0.24610049,-1.0255569,-0.08384547,-1.4618236,-0.14430733
-1.6289239,-0.87641436,-0.34606376,-1.3506879,1.483033,-1.1920714,0.5017713
0.6872697,0.23102605,0.33017287,0.38306332,1.4383748,-0.959178,0.7095617
-0.8984871,1.0388892,-1.3533597,1.5888376,-1.4127878,-1.2495917,6.974471
-1.0600946,0.883343,0.062240686,0.23225057,0.36365682,0.46195358,1.8205822
-0.087230444,-0.770625,0.7870258,0.22009961,1.0003533,0.11349217,0.29576692
-0.5264036,-1.6575942,-1.6097766,-0.6652656,0.45264393,0.4354539,4.0868096
-0.5100581,-1.5339646,-0.91357666,-0.69832236,-0.051717553,1.6196798,-0.37507433
0.10249185,-0.5533192,1.0755157,-0.5581832,-0.828511,-0.7046912,1.1283834
-0.31817615,0.02891635,0.038028724,0.58615565,-1.2325599,-0.59554356,1.5069664
-0.5458681,-0.7839936,-0.059458982,0.2847326,-1.7148532,0.60816985,-0.014717936
-0.7775101,-1.3852953,0.17439856,-0.6518619,-0.045161277,1.5761415,-0.28936762
-1.3545275,0.19237791,-0.77206993,0.3255723,-0.6792828,0.6084389,0.1794107
1.491337,-1.3906397,1.4198331,-0.31752586,0.39676705,-0.093893304,0.7517204
-0.64210284,-1.3451866,-0.17129353,-0.13257423,-0.7431845,0.61826706,-0.18563691
0.50353336,-1.4244527,-0.6265267,1.2158365,1.4257221,-1.6537927,2.5463321
-0.55043834,-0.47024867,0.9034755,-0.7373645,-1.2325517,-1.131733,0.9816608
0.1871101,1.5619072,-1.4310249,1.6044639,1.5238713,-0.6745867,2.4916162
1.6528798,0.6950888,-0.3178521,-0.96338147,-0.6977347,-1.5154494,2.3632736
0.8406675,-0.20192333,0.17223322,1.5930257,0.2558386,-1.255237,-0.5696406
-1.445419,0.36918485,-0.5341469,0.63740504,-0.6461864,-1.2792501,1.179288
0.7307486,0.70792323,0.9341696,0.6822607,0.7177261,0.5527707,2.0068796
1.6820604,0.017088829,-1.4682248,-0.41127244,1.3539968,0.58032095,6.9244184
0.50026745,-1.4132346,-0.49626374,-0.48721522,1.6064181,0.013024928,-0.43778038
1.2018437,-1.077905,-0.72306556,-1.2834842,-1.210126,-0.3461233,1.7909745
1.7451745,-1.1892467,1.588916,-1.6782191,1.1763035,0.101573825,0.18965968
-0.21675962,-0.03787493,0.6847486,1.2003719,1.1329111,1.102947,1.6339108
0.40462857,-1.6048375,-1.2826034,1.6686133,-1.4316312,-1.251327,4.5220785
-1.1499282,-0.3132859,0.6649547,0.48313552,0.68781835,1.2871687,0.75099015
-0.3077813,-0.636976,-0.037372213,-0.69304246,0.32292566,0.8092397,1.4016813
1.3226806,1.7346443,1.5718942,0.36665937,0.9381588,-0.5507018,-0.20671803
0.93009645,1.4379,0.94724464,-0.07937076,1.5045203,1.2718431,2.2343807
-1.0427197,1.0294899,-1.004376,-1.5141453,0.027960308,0.053367164,3.9991436
-1.3339587,0.1055701,1.5305965,-1.403917,-0.6521786,-0.7401248,0.5112732
-1.1298261,-0.5632077,-0.30823386,0.58799684,-0.79155654,1.6180127,0.11458506
-1.6525772,0.45591125,-0.3921719,-0.5209719,0.21184954,0.567489,1.3599372
-1.2818654,-1.209629,0.512836,-0.42705736,-0.265548,1.3638642,-0.2837444
-0.37877634,-0.7440777,1.7060547,-1.0604652,-1.2509849,-0.41591004,0.31942466
1.2095122,-0.3468507,0.5174769,0.7507703,0.036641292,-1.4316056,-0.4187441
0.3354387,-0.4068334,-1.6587052,-0.8899235,0.97922206,1.4458617,9.507463
-1.262862,-1.6610019,-0.5494083,-0.56848013,0.045743704,0.15515293,1.1194361
-1.3345425,0.7067294,1.598973,0.9138846,1.0762545,0.8785895,0.7747126
0.90396774,1.4566644,-0.60649854,1.653513,-0.6653494,-0.39480704,6.4800014
-1.2339885,-0.9642766,-0.82752323,1.5323517,1.3454866,0.87523764,1.5593222
-0.16491471,0.48143283,-1.3704416,0.66859514,0.40064535,-1.3157963,-0.43628561
0.8733633,-0.19735491,-0.9493709,0.047239162,-0.5931751,0.11599113,3.894924
-0.7499636,-0.057382993,-0.9403196,1.289601,0.8227219,1.3719007,2.960085
-0.14065136,0.109457105,0.40940282,1.519599,0.8393584,-0.410984,-0.19016068
-0.102767795,1.5325478,0.6855051,0.76452273,-0.7535759,1.5446601,0.15633287
-0.36032322,0.2427366,1.638814,0.49562755,-0.32638517,0.6927091,0.26504087
-0.8261251,-1.1070688,1.1266252,0.40397614,0.88147676,0.90990216,0.856933
-1.4881991,-0.6264856,0.024451738,0.16215688,-1.5366318,1.7688118,1.0267236
-1.3451058,0.86693865,0.92565,1.130775,0.647713,-0.36724737,0.10166717
-0.87509006,0.55623823,0.98113114,0.47639996,0.36774352,-0.34902626,0.5616881
1.7106422,0.041049458,-1.4828733,-1.4772446,-1.191187,1.1455901,2.9799664
-0.78475916,-0.22552939,0.8660293,-1.0392756,-0.22496235,-0.8230317,0.5776598
-1.1094412,-0.678183,-1.1762583,-1.5899931,0.49485788,-1.224164,-0.041042536
0.46463388,-0.6180587,1.3258406,-0.53582835,1.1921059,1.1858618,1.1048839
0.5218431,-0.92186797,-0.74822855,0.07428382,1.2538041,-1.4586804,2.0926948
0.99083245,0.29532814,0.3555575,-0.74998105,-1.1278974,-0.76671654,2.310955
1.3563291,0.5012854,-0.019217132,-1.6100307,-1.1367639,0.47511554,0.07159171
1.0062721,1.3550118,0.7961839,-1.1427715,0.8066902,0.31024188,1.8599951
-1.6605401,-0.39091516,0.26630428,0.72400856,1.6956234,-0.99678564,0.49055916
0.1999022,0.1328712,-1.2472649,-0.13660966,1.4661547,-0.38403726,-0.12807177
1.0904578,1.144697,0.6950668,-0.30526695,0.66983366,1.1682707,2.2521687
-0.11203583,0.7726812,1.0125887,0.26650608,1.6291342,-1.069181,0.9321182
-0.96778154,0.23304819,-0.89568096,-0.3808819,-0.8060606,1.0497813,-0.25928253
1.6891167,0.5478298,-1.1155037,-0.95992184,-0.060605377,-0.13095264,9.9764185
-0.5970479,0.09821809,-1.1708752,-0.81056535,-1.4231397,-0.56610286,2.6154864
-0.9334475,-1.5034087,-0.8369051,-0.7215794,-1.0735738,-1.5976007,1.1289418
-1.5056235,0.07470437,-0.21755156,-1.6384009,-1.1818926,-0.40017316,0.70297146
0.124084964,-0.37800214,0.12753071,-1.6144559,-1.5813549,1.4811429,1.3795604
0.8103724,1.5956292,-0.01305347,-0.67175525,0.47660813,-0.8954701,0.14067006
0.42841092,1.5960093,-0.45536456,0.6366851,0.43535155,-1.3218669,-0.29698855
0.3877416,0.35612017,1.0652702,1.6823658,0.6850369,-0.08053203,0.73624
-1.2590417,1.5804727,0.08986383,-0.061352298,1.1351978,1.2844574,1.7845144
-1.5613102,-0.8999183,-0.99857724,1.1704369,-1.3899554,-0.4157322,0.60609037
0.077480316,1.5371097,-0.45564094,0.55929446,-0.51105934,1.7552484,0.5143071
1.61763,1.5226929,-1.0110892,-1.396226,1.3500286,1.7256048,10.40964
1.0407999,-0.060461536,-0.607072,-0.88239145,-1.543047,1.6440305,3.991842
-0.9556478,-1.406078,-1.6216642,-0.49044442,1.2045991,-0.93736035,0.30718789
-0.1764218,-0.5613126,0.29927564,-1.4444009,0.5212579,-1.1799791,-0.08038237
-1.2225217,-0.4640051,-1.3322128,0.2285986,-1.4164573,-1.5708574,3.583283
-0.7837408,0.035912678,0.6635816,0.39772683,0.36170375,-0.28249162,0.7034768
0.35906228,-1.5894314,1.1760585,-1.3668869,0.043971863,-1.0748507,0.03420776
0.98502606,0.33311743,-1.2791066,-0.37955737,0.32259366,0.8629125,8.14013
1.4738762,-0.7253935,-0.90765136,-1.5447714,-0.5081128,0.21124482,3.3351293
-1.5341299,-0.44395864,-1.3585,1.7133505,0.7716944,1.4305525,2.3916564
1.198727,-0.90251213,0.4575856,1.0118043,1.3341737,-1.5543506,1.5345885
-1.167594,-0.36489433,0.3315162,-0.66887414,1.1944606,-1.4028387,0.47781858
0.69210726,-1.6282948,-0.8877488,1.4771599,-0.17770867,-0.26799098,3.3102243
1.5046645,-0.9265898,1.0369596,-1.1003458,-1.603449,0.5119843,-0.067867905
0.07133694,0.16902734,0.71200114,1.4452454,1.6824847,1.5152547,1.7641582
1.6141421,1.1605186,-1.5533402,-0.68209314,0.46994364,-0.090221144,14.664649
-1.4203621,1.6067846,-0.09439359,0.492539,1.5242921,1.5371821,1.8927115
-0.61070824,-1.3249949,-0.7405759,1.1912566,0.6117244,-0.41478464,0.1348314
1.051705,0.7461499,-0.29884362,0.79337776,0.016821701,-0.1900648,4.3320727
-0.32808888,-0.98561937,0.9557329,0.40605104,0.91953796,-0.6131126,-0.42254928
-0.30540976,-1.3543996,-0.18573894,-0.21446168,0.9568148,-0.6824167,-0.46056375
-0.67070127,-0.07069816,-1.1942065,-0.0016204995,-0.12360402,-0.60231936,3.5386958
1.2343636,-1.0031391,1.2076633,1.4670482,0.25330338,-1.4446388,-0.6565103
0.89195937,-1.509491,-1.571393,-0.58139694,-0.081875846,-0.15812989,6.5300694
0.5990721,-1.6385264,-0.59100115,-0.57731646,1.1740597,-0.5300897,-0.4745444
-0.92073536,-1.1716328,0.6610869,0.20732383,0.77617157,-1.0682496,-0.383667
-1.3509489,1.4535898,1.5177091,-0.8562227,-0.30016282,-1.2318516,0.22335635
0.23343962,0.9887393,1.666592,-0.6703536,1.6009727,-1.6179494,1.2597988
0.55744106,-0.69010276,-0.40456092,0.12118234,1.6465614,-0.33389783,-0.20366962
-0.74806863,-1.1715841,0.572402,1.2904598,1.3941195,-1.3574318,0.6451484
-0.4347525,-1.3475065,-1.5098591,0.5513012,0.29843405,1.6143923,0.20511037
1.210357,-1.0328491,-0.33525154,-1.0864623,0.09421279,-0.41082707,1.8668242
0.18435173,-0.71765846,-0.5353736,1.0332441,-0.915249,0.5210685,-0.2794431
0.124859974,1.0642365,0.4867995,-0.6533618,1.249864,-1.1888118,0.8186979
-0.37671494,0.58300316,-1.1266645,0.43304896,-1.2549623,0.23180033,0.096519664
-1.5125725,-0.6716604,0.370264,0.08777875,-1.5031208,-1.5754626,0.87225145
-1.5722817,1.2188926,0.8867154,1.2247214,0.5105058,0.83571684,0.9758412
-0.77614814,-1.0869206,1.3380917,-0.40191862,-1.6303602,0.87400204,0.065073684
-0.82834566,-1.4275196,-0.29145133,-0.71936095,0.54006684,-1.6308454,-0.034570407
0.58374935,0.39108503,1.5687675,-0.36001977,-0.8450328,0.8112038,-0.20782502
-0.45423716,-0.96397287,-1.6242435,0.0013758217,-0.033377208,0.27564374,6.107556
-0.62666214,0.5076876,-0.48781157,-0.8331657,-0.6783075,-1.0285727,2.3743064
1.6892717,1.4984857,0.65043664,1.1780943,1.3876632,-0.7393674,0.2539403
0.6470781,-0.82577264,0.4396411,-0.944594,-1.2978247,1.7598007,1.2190881
1.2750041,-1.2217461,0.80820096,0.26007703,0.30626416,-0.8474571,-0.11029405
-0.7866503,0.6695261,-1.1410499,-1.34648,0.0129063735,1.5724924,0.15848775
-0.65636307,-1.5832618,1.0569788,-0.22982675,-1.658205,0.40387902,-0.31425872
0.6801772,1.577611,-1.6134512,-0.3882328,1.3264337,0.849549,15.3167305
-1.100394,-0.8246296,-1.179026,-0.70849746,0.33062053,-0.81829935,0.3317675
-1.0787424,0.8580167,-0.11778273,0.8925955,-1.400135,0.61866486,-0.28723866
-0.036036536,-1.393159,-1.6701195,-1.5635936,-1.7290708,0.42830375,0.53600764
-0.582809,-1.1848723,-1.6340762,0.16758591,0.7535611,1.4382436,3.90158
-1.2440066,0.20077066,-1.5261834,-0.17669752,1.408886,-1.6605349,5.170771
1.0687666,0.6325615,1.3804293,-0.91671544,-0.40595993,-0.57585573,1.5616001
1.4321847,1.3720019,0.375947,1.3348581,-0.5228229,0.097997904,2.8342075
0.32655337,1.479295,-0.54914427,1.0747813,-1.4872288,-1.190214,5.1842175
-0.2527291,-0.09442484,-0.07154899,0.509908,1.1569215,0.35042232,0.8883625
-1.548196,-0.21952623,-1.4984974,0.01935892,-0.66354984,1.1732339,-0.39290357
-0.5801878,0.2978635,-1.623633,0.9472458,-0.8070023,1.1001399,-0.43695065
0.4856316,-0.40214354,-1.1991297,-0.77650386,0.6468058,-0.83964366,-0.08203246
0.8592829,0.06676357,-1.6631293,-1.4262211,1.5017536,0.7559815,8.13663
-0.1705812,-1.660555,1.1294501,1.6505144,0.7892781,-1.2073593,-0.52780193
-0.6337765,-1.4384696,-0.6021655,-0.66387653,0.48748028,1.1331012,1.1195717
1.0068781,1.213313,-0.46473703,0.33363262,1.519961,-1.3629556,4.4641542
-1.3245114,-1.0219952,-1.4805034,0.020256555,0.061972998,-1.5177884,-0.50583565
1.1356945,1.3932884,0.2836248,1.4462491,0.25606737,0.65680236,3.4269278
-0.62103474,0.20004727,-0.2587151,1.7113825,-0.13806318,-0.10894644,2.5504692
0.07351221,0.43568987,-1.1706234,-1.1816909,-1.0959244,0.48238772,0.15574926
-0.29320842,1.6070132,1.100668,-0.03289707,0.30626786,1.6688507,0.05810843
0.25596488,-0.9724051,1.4473008,-1.4209882,-0.91025174,1.7165017,0.2857351
-0.4733339,-0.27109578,-1.2255895,1.106203,0.98978615,1.0328711,5.1594367
1.2995034,0.3187579,0.9725285,1.6421587,-1.2052432,-1.518711,1.9914621
0.0023756623,0.60832995,-0.2799214,-0.67758906,-1.4260788,-0.21226504,0.64642704
1.3916007,-1.7066232,-0.017156389,0.30006334,-0.34596628,0.24442218,1.3946879
1.7031375,0.6325855,0.7303881,-0.39640623,1.2738643,-1.6342568,2.125206
-0.791952,-1.0314485,-0.31418258,-0.43471476,-1.3263899,1.50544,0.8542791
-1.2093037,0.23808758,1.4588703,1.3632523,-0.5631144,1.1930876,-0.38366964
1.4289798,1.1979733,1.056177,-1.6264229,-0.1442138,-0.7464913,1.5097346
1.3967925,-0.16855301,-1.1162344,-0.25197515,-0.76839215,-0.3072053,6.7648444
-1.2679286,-0.048865724,-1.0465304,-0.021507865,0.8058684,-0.95135975,-0.33486846
-0.085990325,-0.12471381,-1.7032678,-1.5446091,1.4999504,0.7219802,5.733918
-1.651283,1.476032,0.54915434,0.69902617,0.9249782,0.3539656,0.71739906
-1.362746,1.0074395,-1.2932969,1.1426172,-0.3765633,-0.5465732,4.741469
0.3798065,0.30291215,-1.4410435,-1.3926052,-1.3702403,0.9821797,2.2646186
0.5053506,-1.052733,-1.1022061,0.6569108,-1.4403698,-0.3201627,1.0498551
0.4122527,-0.9492472,-1.6996111,-0.12664632,-0.42599607,0.24108492,6.9602633
-0.42160589,1.4092561,-1.3999183,1.6111109,-0.55675966,1.2558067,-0.49657512
1.6361341,1.2734528,1.5315846,-1.6494045,-1.3239671,-0.76018673,1.5353783
0.2934066,1.0262437,0.95879227,1.4586024,0.4163174,-1.5450305,-0.26016226
-0.9691691,-1.3659497,1.5213808,-0.6589489,-0.6673255,0.9910234,-0.24037622
-0.050356213,1.3779838,-0.8343721,1.4481792,0.4901974,-1.0788218,-0.41265956
0.4607605,-0.16146937,-0.7056327,-0.89942396,-0.9305333,0.7105584,-0.112678535
0.65029854,1.3039751,-0.60377526,0.27947444,-0.16754752,-0.4666948,5.2518225
-1.1706748,1.5360109,0.032620978,0.39034408,-0.53239846,1.2192204,-0.2745473
0.6926624,0.1998136,-1.2341564,1.0619774,1.0512965,-0.011171408,1.9117103
-0.8327552,-0.72579265,0.2509473,0.7988175,-1.5909201,-0.73499537,0.5650648
-1.3840019,1.6629533,-1.1020888,0.9552426,-0.69399875,-1.1688858,3.4336836
-0.89359784,-0.91066,0.27056533,-0.37961882,0.35791317,1.2204247,0.47786748
1.708182,1.1572417,1.5728759,-1.3870729,-0.49914825,-1.0305634,1.3733814
1.5194981,-1.6814039,0.28925675,0.005753549,-0.04124017,0.5465216,1.1955868
1.5894706,-0.5469047,1.2523513,1.5681484,1.1579005,1.3813642,1.7814314
1.058178,-1.528168,-1.2246096,1.4863906,0.23609176,-1.3385785,-1.1541266
1.3482845,-0.78293836,-0.24340563,-1.0352545,0.2016952,-1.4010618,-0.1979915
-0.18338208,0.75442094,-1.0618495,1.1791348,0.49391785,0.2317652,5.729867
-0.90052235,-1.254698,-0.19155768,0.7659345,-0.94262916,-0.62611926,1.3725015
0.9077245,-1.5157546,-0.68440574,-0.3283434,-0.70271057,-1.2185557,1.8842012
-0.8453301,1.2657316,-0.97647476,0.9326505,0.81728894,1.2018231,4.503623
-1.11519,0.9466824,-1.6605558,-0.086750805,0.23922859,-1.5588605,-0.1500215
-0.5028471,-0.012421625,-0.63800913,0.19686908,1.1172049,-0.73608637,-0.29474896
0.40859804,-1.2343326,0.2291552,-1.1512649,-0.23255412,-1.3860496,0.10486407
0.93380064,-0.4596197,-0.3031912,-0.22805506,1.6139652,0.51326776,0.46432984
-0.6218169,-0.5632214,-1.601116,1.684028,1.0217946,0.20441194,3.0357666
-0.96655375,1.0941689,1.2896938,1.0604385,-0.4963962,0.77834904,-0.01942021
0.2794817,-0.56904215,1.2730423,-1.4165694,-0.895971,0.7810472,-0.074282296
-0.96804684,-0.5002533,-1.0368036,-0.1126606,0.33782187,0.047942195,2.675987
-1.0741909,-1.241196,0.17372267,1.0907788,-1.4552101,-0.4661057,0.21559975
0.944919,-0.8223962,1.1399244,-0.756868,-0.8041069,1.588628,0.13232593
-0.24217357,0.96011287,-1.6325632,-0.23170991,0.5184964,0.12693967,10.946773
1.6209902,1.1411687,-1.5190833,0.85102594,0.13930513,0.46778637,18.754562
1.7226036,0.26262552,0.9524006,1.4437914,0.77149796,-1.3735346,-0.0018905206
0.56230956,-0.6537479,-0.03496519,1.5597391,-0.7354404,-1.6452856,0.61784863
0.63990426,1.6978837,0.54618555,-1.2677994,1.4446305,-0.79245824,0.6231809
0.4437758,0.35434064,-0.715432,-1.6492327,-0.96319866,-0.85414445,4.533222
0.074124604,-0.67275965,0.31058133,1.211745,-0.89830506,0.55737156,-0.37103993
-0.0781179,-0.6033927,1.1386046,-0.14877778,1.1461109,-0.71618557,-0.28253585
0.070823096,-0.2395685,-0.4212738,1.552051,-0.34548652,0.23595773,2.4149444
0.69031197,0.8415335,-0.5559035,1.2171234,0.48341182,1.6622584,1.1778891
1.648523,0.65080637,-1.6369288,-0.69173056,-0.3190307,-0.45688957,20.165323
-0.39920598,1.2832063,-0.2660585,0.48266375,-1.2354504,0.49797413,-0.31083748
-0.68090457,-0.07249698,1.0877904,0.56932545,-0.080846,0.07607713,1.1222582
-0.36993647,1.4630216,-1.6246952,-0.6353841,0.77343845,1.1963205,12.421352
-0.7849478,-0.70830786,-0.13365586,1.5444467,1.1545871,0.81346804,1.5026574
0.340014,-0.8040251,1.251476,0.12797375,1.3083991,-0.025784599,-0.25936314
1.3327813,-0.6433589,-0.4913175,-0.58145654,-0.072560824,1.0035704,1.1414587
1.393974,-1.6449906,-0.6357334,-1.5991441,1.2417337,-0.033449985,0.19540118
0.83791673,-1.1489061,-0.5191804,1.374167,0.47650805,-0.24008168,1.4549469
-1.2203653,-1.5863037,-0.69705164,-1.7348202,0.05241305,-0.6213353,0.5487563
-0.8772311,-0.0972171,0.20470236,1.3061967,0.021066394,-1.360269,-0.36395535
-0.3312642,0.023428928,-1.6551666,-0.6220451,-0.17674278,1.5037779,-0.1306154
-0.2703155,-0.45012245,0.65562946,-0.3320202,0.48256844,-1.0444238,-0.27239314
0.18880904,-1.1963434,-0.43486145,0.2199815,-0.101024635,-1.5988258,-0.5083885
-1.533898,1.6042153,-0.21968631,1.6911345,1.1012373,-0.72323006,-0.35982034
0.58321714,-0.576531,-0.11685668,-1.1565297,-0.27519134,0.40519992,1.5590935
-1.2667657,0.8458562,0.95887643,-1.2465962,-0.97255003,-0.10261354,0.4437024
-1.0426434,1.2329401,-1.0681826,1.0284863,0.49126482,0.8444676,4.537448
-1.3847632,-1.1505204,-1.5644141,-0.8570583,-0.9812546,1.0486231,-0.1538468
1.5478508,-0.2132866,-1.2437501,-0.65287906,1.0630172,1.0749528,9.034421
-1.583791,1.024408,-1.2613459,0.98860705,1.4016463,-1.4005896,2.925489
1.3464193,1.7134975,-0.8374433,-0.733576,0.26616916,0.762001,7.9597607
-0.010747969,-0.21528998,1.3560778,1.0190341,-0.35875577,0.9134415,-0.08226322
-0.15315357,1.2826122,-1.3301138,-0.69106746,-0.08976626,-0.9074945,4.503247
1.1244313,-1.3750149,-1.0109055,1.3201743,0.79880416,0.06320609,2.0533648
-0.11203939,-1.137109,-1.4015688,1.714,-1.3335413,0.31479236,-0.9371282
1.1273172,1.4546452,-0.8640649,0.22558883,-0.4748208,0.27231738,5.6971216
1.2924213,-0.15986308,-0.04916892,-0.59199214,-1.0659196,0.9856221,-0.08786128
-1.4481925,1.7461805,-1.0485977,0.96158516,-1.5768095,1.5275122,3.5102253
0.7098763,0.1348578,0.01722548,0.470555,-1.2497627,1.7208614,2.155394
0.37229103,-0.7233114,0.5796908,-0.006861528,-1.1234665,0.44317642,-0.31318897
0.41747242,1.6789126,-0.293257,1.5334935,1.3059685,1.0692035,4.4393187
0.29859677,1.5464585,0.74037284,-0.114747085,1.0460702,0.79644614,2.1104853
0.5182618,0.17022647,0.39332214,0.5954677,-1.1864007,-0.88361895,2.1919718
-0.7814043,-1.0604622,1.6588007,-0.5311139,-1.3772148,1.214936,0.12354665
-0.17320544,-0.06939829,-0.08865267,-0.32916966,1.5380518,-0.06844242,-0.28483105
1.683571,-0.83987767,1.4882778,-0.08907556,0.3991217,0.7626995,1.2297977
1.2042977,1.2897569,1.2850794,0.102347314,0.7852438,-1.0964603,-0.16962591
-0.01755384,0.088388644,0.8204188,0.7443584,0.25861153,1.4425923,0.15978329
-1.5727528,0.3774777,0.9714173,1.2944008,-0.65820044,0.4419436,0.08037849
0.12263707,1.0745814,-1.1515763,1.0492228,-0.9465106,0.44788694,0.67040414
-1.1257094,0.59001905,-1.1516516,-0.74414265,0.9193924,-1.488313,1.4931749
1.4477352,-1.0922608,0.73278445,1.5407492,-1.7210504,-0.09594995,-0.67971426
-0.99845314,1.4694152,0.6229233,1.1575316,-1.4515632,-0.55176455,0.69707507
-0.07720355,1.0884542,1.5495747,0.611059,0.51093626,1.6924874,0.17908783
-0.3351069,-1.0800595,-0.22463827,0.17495438,-0.46542224,-1.5332758,0.11058756
0.35364655,1.3380358,-0.31677914,-0.99630314,0.31937832,-0.37325922,2.4479845
1.6679109,0.5063231,1.1769124,-1.0499184,0.9112994,-0.8055512,-0.12433606
0.21080568,-0.33974382,0.054552905,-0.005694396,-1.0060558,-1.202657,2.0315747
1.0446626,-1.2522953,1.6120923,-1.3049237,-0.98571116,0.72197205,-0.139506
1.3840606,-0.28529495,-0.87731236,0.5942563,-1.075952,-1.1428257,5.935276
1.4376073,-1.7193507,-0.5646602,-1.5893189,-1.5256836,0.8747584,0.4716425
-0.54765767,1.0117205,0.07330196,-1.5615153,-0.1287588,0.26301175,1.8779495
-0.3380591,1.2819613,0.91542464,-0.79368365,1.4578103,-0.86353576,0.39540657
0.87720686,-0.50004625,-1.5071726,0.9839071,-0.11739129,-0.14259757,10.127737
-0.4228167,1.639007,-0.4818702,1.3441113,0.93739945,0.20523168,2.1550207
0.8536561,-0.64510906,1.2468448,-1.4727058,-0.872208,-0.7182555,1.035385
-0.32912204,0.30833322,0.35681808,-1.1101023,0.1600675,-1.0597055,0.1507903
-1.1210227,-1.22013,1.2137524,0.37050864,-1.3110098,-0.92272115,0.6367387
0.748214,-0.06760506,-0.582929,-0.33061457,-0.12600924,0.473326,3.173501
0.3112156,0.7185233,-1.0840192,-1.4362352,0.36812004,-1.4736422,0.11901746
0.815049,0.7651878,-1.1739229,0.46758825,-0.75202256,1.147055,-0.3086483
1.7582617,-0.05220676,-0.9669255,-1.4585625,1.577119,1.1940068,6.034714
1.2230424,-0.88098,-1.2921304,0.09419311,0.47694406,1.649833,1.6640884
1.6798873,1.2374741,0.85052186,0.69286644,0.85391474,1.5224063,2.1018825
0.13933514,1.172473,0.46087554,1.5859786,1.7105582,-0.9200646,1.3418067
-1.4344181,0.28937507,-1.1002427,-1.4951074,0.7219188,-0.6978907,0.08974786
-1.1611098,-0.8028327,1.5739055,1.2811267,-0.1475731,1.3244201,-0.32723638
-1.0227144,0.38012585,0.48821738,0.22703208,0.81483316,-0.16959894,0.2432804
-1.4706486,0.0115387235,0.63848263,1.4961973,1.6936218,-1.2223525,0.8001101
-0.8161621,1.6153326,-0.7248786,1.693449,-1.6775893,-0.776114,2.0616403
-1.5383697,0.26774102,1.1885974,-0.44711018,-0.33787888,1.2724228,-0.17066292
-1.5418962,0.14262593,-1.2128915,-0.28461102,0.8286859,-0.93161136,-0.26773897
-0.98203444,0.12718566,1.2514627,-0.43380988,-0.43104118,0.66491705,0.1655701
-1.6507794,0.9434933,-0.9345962,1.3501669,-1.4194758,-1.3935443,2.8237777
-1.0100359,-0.014922853,0.72882026,-0.7657194,-1.016169,1.2002276,-0.026123317
0.70389056,1.5159308,-0.6224962,1.1314143,-0.9110288,0.531893,0.28088886
1.4836649,0.9240927,1.1152867,0.69918275,0.70579207,1.2513095,1.9181046
-0.46517757,-1.323536,-1.4418893,1.6169662,1.0900773,0.113964505,0.8975875
-0.45383775,0.0068107937,-0.33593592,1.2145151,-0.20855051,0.9353233,0.46218315
0.9667949,-1.4875898,-0.464689,1.3936807,-1.427561,1.4762921,1.7154498
-0.8025958,-1.3449831,-1.0283346,-1.4404855,0.23424402,-0.1640164,1.6202539
-0.76722205,0.34890613,-0.84487516,-0.92760056,0.47216514,-1.2561432,-0.15067612
1.1083294,0.40247375,-0.4830538,-1.2453885,-0.6643603,-1.1691443,3.452602
-1.4535172,-0.14724444,0.17721686,0.8470997,0.5850609,1.0718342,0.9934488
0.2577487,1.680228,1.2186102,0.3385632,-0.71850085,-1.0513381,1.651003
1.5686262,-0.93899125,-0.28327253,0.64692926,0.5709196,-1.4636183,-0.23818651
0.34250766,-0.73101705,1.6831858,0.63680416,1.2264868,-1.413926,0.47626117
0.515528,-0.27512354,-0.8185465,0.05904244,0.8513857,-0.71339935,-0.3770809
-0.955918,0.017505793,-0.88545895,0.6477075,-0.1751586,0.37660608,2.5378
0.023389243,-0.14229712,-0.09055803,-0.95520514,1.6504567,-1.5169543,2.0813608
0.14185262,1.5920676,-0.31197602,1.1128253,-0.16379057,-0.74896854,2.9150836
0.46987003,-0.7367577,0.54480183,-1.5080937,-1.5550939,1.7155368,1.2047858
0.71635556,-0.91410184,1.5866015,-1.6086129,1.2322365,-0.24022555,-0.020678056
1.5437313,0.15815577,0.58733845,0.5748368,1.5974439,-0.53055435,0.08099191
-1.2675018,1.3291961,-1.4386216,1.6144593,0.7780834,0.8752055,6.833307
0.098778605,0.4247223,-0.5879526,-0.6491239,1.5049106,-1.3726159,3.041315
-0.81338704,0.95533067,-0.34226835,1.619937,0.92299783,-1.2996413,0.29731598
-1.3153214,0.3476597,-1.565467,-0.63026756,0.6946938,0.30281913,4.915452
-0.090768754,1.5073816,0.53029305,-1.3328384,0.99030536,0.6031535,1.7595134
-1.4689065,1.064297,1.4988382,-0.2841473,-1.3409264,-1.6545836,0.6352088
1.2491636,1.2666711,0.85238487,0.94514066,-0.032272764,1.578856,-0.28344044
0.24662267,-0.23030601,-0.034957,-0.9174768,-0.7508641,-0.62063456,2.1958604
-0.88111204,-1.4507729,-0.13173959,1.6126636,0.4643983,0.31979766,1.4274749
0.9472046,-0.8283412,-0.80552906,-0.79028934,-1.5419158,1.2878621,2.4374585
-1.5829095,0.6066162,-0.19180948,-0.78236455,0.09067568,0.7187655,0.99750286
-0.6190443,1.2419834,1.5059361,-0.73698205,0.66536885,0.59340805,1.0599047
-0.28839085,-0.68104845,-0.88426906,-1.3358446,-0.6546352,-1.5278201,1.2178547
-1.4163986,1.4635959,0.27394238,1.6040652,-0.7095652,-1.56357,0.51742345
-1.0480579,0.2598772,-1.261571,-0.99462724,-1.1339136,0.699907,-0.14987576
-0.23396496,0.013824193,-0.47078055,-0.794992,0.46481252,0.11926665,2.3915653
1.3539939,0.0754675,0.098556586,-0.5400969,-1.4641618,1.1199299,1.1517992
1.7103261,-0.30422124,-1.2983011,1.4461263,-0.3668123,0.9228639,1.4187233
1.1430049,1.655097,0.4658813,0.79500836,0.084625274,-1.3368051,-0.14981583
-0.98129284,0.08330308,-1.4763423,0.62441474,0.48209044,0.37407064,5.929151
-1.0796331,1.0852224,-0.7028021,-0.47063297,-1.4972055,-1.3060074,3.0724576
1.5502166,-1.4791511,1.1947144,0.8624348,0.33756134,-0.9040641,-0.3617673
0.6563694,-0.900274,1.6107721,0.30034235,-0.6905152,0.5314981,-0.04104856
0.092909805,0.20478834,-0.13526656,1.3679593,-0.21308897,-0.04215613,2.9039927
0.28023782,1.4126803,-1.2289613,0.37076387,-1.2743478,-1.0529954,9.912244
-1.3370793,0.8450365,-1.4116532,1.2590346,-1.3707625,0.6429921,-0.26001632
-0.5279094,0.34215662,-0.42317152,1.1829729,0.22443455,1.2585514,0.91503143
1.7050971,-1.7326403,-0.8777156,0.2887999,0.28222248,-1.6499459,-0.62171656
-0.37763068,0.03992953,1.3648325,-1.6769903,1.4756185,1.6818427,0.79371816
-0.039247707,-1.1553528,-1.2257434,0.3386271,1.6166339,1.0123628,2.6296153
-1.3829523,-1.4965075,1.0332702,-1.323455,1.2527156,-0.091402374,-0.090026215
-0.91633195,0.24758318,0.32573268,0.28369766,0.65888983,-1.6272848,0.18231659
0.011982066,-1.1071186,-0.5235108,-0.20869014,1.139241,-0.679504,-0.40543827
-1.0226898,1.6048326,1.3996011,1.3660882,0.727357,0.5841844,1.1538935
-0.16643406,-0.95013595,0.9551908,-1.2597649,-1.6236866,-0.68422997,0.34202617
0.74806917,0.5742206,-0.061027892,-1.4648718,1.247729,-0.5153781,-0.028863909
-1.6375923,1.0402457,-1.1654524,0.75890875,0.19846684,-0.6615403,1.374485
0.5587039,-1.3615832,-0.50662756,1.1311647,-0.44316158,1.5462054,-0.7489043
-1.0916669,0.90787786,0.5530396,-0.39200556,-0.52625275,1.5228139,-0.12668025
-0.7934334,-0.22890848,1.4877808,0.45520318,1.3686707,-1.2981505,0.43241188
0.7083703,0.9191152,-0.58073515,1.3780446,1.1959193,-0.48034582,-0.5000061
1.4166104,1.7106376,-0.71496505,0.15819302,-0.17236675,1.6259618,-0.26943222
-0.42357612,-0.7434816,-1.6796446,-0.499325,-0.658494,-0.045107942,5.8194447
-0.6599838,-0.75569755,1.0551084,0.98879343,-0.94198245,-0.7897428,1.0602685
-1.5102407,1.4057251,1.676013,1.5492941,0.98595405,0.26456264,0.3508928
-0.84098107,0.20261201,1.181967,-0.30889615,-1.0610414,1.4272904,0.17782734
-1.4609839,-0.16875981,-0.9583024,1.1628133,-1.1588267,-0.16593745,0.83174497
-0.34703916,1.3425524,1.2299019,0.13036531,-1.0500836,-1.5820069,1.0209197
0.3986021,-0.84379894,-0.52182096,-0.3776796,0.4908191,-0.5250208,0.5901075
-1.5664573,-0.0801014,0.8973406,-0.16581443,1.3148831,0.9181026,0.57543325
1.5509404,1.2161537,1.003687,-1.6986914,0.33424157,-0.20149516,1.7262925
1.1277251,0.69489795,-1.4017252,0.8179311,0.6333899,1.2803916,9.990335
-1.638916,-1.1319599,0.42424968,-0.958746,-1.4092163,0.6513706,-0.15358251
-0.77549005,0.46444362,0.6849851,-1.4920253,-1.2689192,0.07001646,0.14200668
0.60889804,-1.3355254,-1.0338254,-0.25493714,-1.0251284,0.71739566,-0.5314118
-0.30671778,-0.9493114,1.5875688,-0.72129023,-1.118935,-0.17933795,0.23708308
-0.14054213,1.138926,1.3403738,-1.1187093,-0.78406775,-1.432206,0.7935167
-0.73050743,-0.46239406,1.4350253,-0.3796583,-1.0607259,-1.4317744,0.64370126
1.4305599,-0.88995004,-0.016434882,-0.19750445,-0.57781875,-1.309628,1.2269925
-0.91562784,0.1316273,-0.9202062,0.5129294,-1.0828359,-0.2214775,1.7474793
1.4754391,0.43707258,-0.93986243,0.22340474,0.5038224,-1.1994234,-0.3688537
0.15827994,-1.0875959,0.6063366,-0.2462061,0.03303274,0.30901262,1.213043
0.39337716,-1.1804622,-0.3422757,0.3675332,0.07643557,0.25369966,2.2967997
1.3907954,-1.6982688,1.3646725,-1.1369997,0.72204775,1.374646,0.5364901
-0.23662944,0.46174428,1.4380144,1.4536875,-1.5696177,0.15233882,-0.42623284
-0.93344545,-1.1291687,0.13165192,0.83517873,-0.689096,0.3504496,0.19004145
-0.23140834,0.14100453,-1.4075499,1.0832143,-0.070403546,0.6716134,5.0847673
1.4440526,-0.38694477,0.6810463,-1.5619146,-1.6285247,-0.43560317,0.43226284
-1.2307954,-1.1443636,1.536619,1.1698825,0.90791804,-0.8095307,-0.4348591
0.4380866,-0.55497867,-0.43247953,0.29229116,-1.3109946,-1.5769174,2.7316291
-1.6455393,-1.3465348,-0.90012515,-1.6910396,1.1581329,-1.6346247,0.6940383
0.9501724,-0.9251196,-0.4028541,1.6330445,1.7008884,0.16886425,-0.7885019
0.68349653,-0.048049424,0.24522278,-0.050700642,0.3449968,-0.76547647,0.29247656
0.12016477,-1.4983441,-1.2757329,0.3183515,-0.8538752,0.53501004,-0.15274921
0.7863634,-1.5372858,0.91661423,1.4209772,1.2096722,0.48590901,0.48665068
0.049088445,1.3256369,0.7334773,1.1044782,-1.1460729,1.4076847,0.65807056
1.0002072,0.1725013,-0.6578344,1.5291938,0.07030558,-0.15695709,4.9556794
-1.31628,-0.7718071,-0.6374113,-1.633781,1.0733179,0.047468677,0.36807254
-0.20577703,-0.05170696,-0.81617767,1.7008911,1.6106513,1.2520051,3.4766293
0.81120193,1.3124403,1.3421278,0.40822378,0.11517282,0.3489594,1.9372057
1.762276,-1.4619882,1.0180819,0.008139933,-0.14296056,0.8487149,0.33451453
0.9244913,-0.9266173,0.4874107,-1.3776163,-0.16178615,-0.88188195,0.76183665
-1.2052827,-1.2663399,-0.077995844,-0.94739884,-1.6893312,-1.1989529,0.7496583
1.3717896,-0.12116737,0.42827913,1.6699831,0.29587188,1.3772581,0.6124081
-0.3369252,-0.0537568,1.6567258,1.2756071,-1.3851382,1.2913105,0.3563009
-0.32059094,-1.3652252,0.54305786,1.3380631,0.14393145,-0.6019898,0.4257311
-1.5182905,1.2288443,-0.8578235,-0.16019863,-0.42281473,0.34295335,1.7726464
-0.22396791,-1.345179,0.6636928,-0.9808349,1.088741,-1.4878699,0.36610043
1.265401,1.6506025,-0.682763,0.3907199,-0.70449865,0.17620052,4.2122884
0.28732127,-1.2051208,-0.06194493,-0.8411282,1.2182654,-1.5556768,1.0690712
-0.9560263,-0.23445328,-1.1075498,-1.1437802,-0.42397195,1.0352296,0.17410739
0.57730514,0.3360426,-0.05120372,0.5459538,-0.3463089,-1.6644667,-0.06616512
-0.50510395,-0.7757219,0.088698275,1.3464688,-1.5869447,-0.36363077,-0.041403838
1.619628,1.6259649,-1.0429481,-1.3453879,1.4922711,1.6732001,11.810773
-1.4477524,-1.2069963,1.1036566,-1.5479977,0.1380494,-0.5328569,0.19544171
-0.4968904,-0.090756945,1.5859187,0.2200237,-1.5712075,-0.9506619,0.66470724
-1.6158844,-1.2859188,-1.4380497,-0.6256958,0.08569216,1.6196129,-0.23166569
-0.63115394,0.49556065,0.49692053,-0.94216233,0.6971117,-0.82260513,-0.11584067
0.59011173,1.5079072,-1.1878324,-0.36951277,-0.37730414,0.4373793,6.4004154
1.705091,1.6399515,-0.34242865,-0.11472723,1.4005071,1.0242432,5.5142875
0.33641028,0.21583986,0.8220814,-0.49557355,0.83471054,0.5208594,1.4376305
1.7356516,-0.8746119,-0.031095766,1.2704474,-0.23343125,-1.1436182,0.7663083
0.38412884,1.7178743,0.51971596,0.9470391,1.7184014,1.6291158,2.8114731
1.0418586,0.13822626,-0.55761087,0.53131104,1.2087774,0.8865939,4.158417
1.4278777,1.1980213,1.6387264,-0.57075876,-0.22388181,-1.035991,0.8222195
1.4868867,-0.9076624,-0.80758214,-0.1690424,-0.1611013,-0.93520033,2.124924
-0.91687727,-0.81025803,0.32064092,1.1104434,0.51944953,-0.34526908,0.27835754
1.630644,-1.4547129,0.1754273,0.12946291,-0.6146159,0.63350856,-0.0085746
1.0904791,1.626817,1.1694221,-1.6882006,1.0536427,0.71068925,1.8561276
-0.7581738,0.29888913,0.17451736,0.15046115,-1.676483,0.27815664,-0.28222454
-0.7747501,-1.257623,1.0349638,0.8941089,-0.9387015,1.1923889,-0.37373626
-1.397446,0.15804802,0.4417488,-0.45942825,0.78158325,1.7804155,0.32190323
0.47969243,-0.74830526,1.0945812,-0.33828688,-1.6724563,0.41167223,-0.2204139
-1.3488815,0.09478499,0.020779757,-0.2497714,-0.58497334,0.73424053,0.012898794
0.77470577,0.591219,0.57237744,1.0518308,-0.93173915,1.0412728,-0.3706614
0.5910589,-0.86684656,1.6938715,1.4182508,0.9258066,0.39866692,0.75039953
-1.4492123,0.31405684,-0.5606979,-1.3759619,0.07538038,0.16175202,1.7080634
0.51648754,-1.1047881,-0.70009494,1.1287187,-1.240667,1.6144243,1.9638205
-0.09292678,0.3460937,1.2462783,0.69608057,1.3828281,1.2523386,1.3436162
0.83394206,-1.6931053,0.65607953,0.5929661,-0.80075645,1.1877306,-0.60404354
1.0354061,0.28738734,-1.6227016,-0.99996734,-0.20253713,-0.6201528,12.946811
-1.665094,1.756034,0.6101429,-1.0049081,0.5722677,-0.7745238,-0.009584719
1.6266977,1.6285543,-1.6860076,1.7084062,-1.1654768,-0.8857759,27.815332
1.4915692,0.64906937,-0.9337522,0.4296001,-0.17123027,-1.3977927,0.95025223
0.7324382,1.3023422,0.671448,-0.40052438,-0.5945817,-0.12143388,2.183535
-1.5269908,1.7186012,0.90413755,-0.36580434,-0.42207104,1.0321484,-0.057320442
-0.5681006,0.50573486,-0.3888825,1.1472113,-0.63932985,0.30894062,1.1803027
-0.45199507,0.5940275,1.4534115,-0.44659498,1.0960213,-0.55879474,-0.20289417
-0.39548373,0.23577078,1.7065239,1.157817,-0.86197525,-0.18516535,0.6949836
1.018413,1.5655543,1.3388261,-0.5063098,-1.179455,-1.2744765,2.027871
0.6733396,1.5192693,-1.5789729,0.39571604,0.73587734,-1.0594133,-0.0635447
1.4115448,-0.8211158,-0.6258874,0.4426673,0.54903555,0.21450047,3.4734747
-0.5979009,-0.0655471,0.10359784,-0.9031179,0.0064441254,-0.95304215,0.45403722
0.62678367,-0.88024205,1.3955203,0.02849349,0.13096991,0.26859233,1.1399174
0.65994793,0.63859236,-0.2891489,0.3321484,1.6868106,1.4853601,3.7465286
-1.3868444,-1.699189,0.35798255,-1.7112314,-0.5905315,0.49900737,0.113390476
-1.6235424,0.629856,0.9033933,-0.35608527,-1.555903,1.3826909,0.5262784
-0.84654665,-0.47636658,-0.8998646,0.15079229,-1.716036,-1.044174,1.9719303
1.226168,0.6453212,-1.0414326,1.4146146,0.4369951,0.099917375,7.805761
-1.5743524,0.5563294,1.698191,0.3698106,0.6628235,-1.6491759,0.024733072
-1.4520224,-0.86928344,-0.0392732,-1.4890751,0.012828366,0.06682269,0.7653653
1.0120013,0.92025584,1.2147992,-0.522913,-1.4497311,-1.223038,1.8744218
0.97639805,0.7544755,-1.6762791,1.703383,-1.3633443,1.6828138,16.179907
1.4635826,-1.4897622,-0.6567471,-0.24017002,-1.1907188,-1.4280978,2.775864
-1.253102,1.7634863,1.2046598,1.2945148,1.1024029,0.6477628,0.8722635
-1.2134211,1.5222846,-0.16727553,0.18466951,0.3274883,-0.98281395,-0.013161374
0.9306834,1.1022533,0.57777697,1.124068,-0.97542477,0.5349574,-0.19279641
1.5449411,-0.1718711,-1.440255,-0.7599845,-1.6481206,0.045756277,-0.13318941
1.0776879,0.63059473,1.6713754,1.69006,0.9825228,-0.1670626,-0.017844524
0.31695792,-0.9456881,-0.85847676,0.35177475,0.006969557,-0.61841494,2.1629682
0.61478764,-0.59142405,-0.087812096,-0.36960068,1.7084588,1.1701374,1.625893
1.6818602,0.83776766,-1.1263103,1.3196608,-1.4294335,-0.25830856,2.934667
-1.064103,0.7905997,-0.7632281,0.8411989,-1.4151812,0.20265426,-0.31489906
-0.7348065,0.7040079,-1.4738741,-1.1806111,0.28693286,-0.46794158,4.1395774
1.251864,-1.6723325,-1.5048018,-0.13914372,1.1481885,-1.2092619,1.6155052
-1.1313348,1.4658145,-0.35194394,1.2291291,1.1314329,-0.6681166,-0.34656927
-0.9025628,-0.728554,-0.75878835,0.41786468,1.7088016,1.6100541,2.3077765
1.3044366,1.5304943,1.2682515,-0.5631036,1.0900421,1.7059293,1.7155555
0.5905842,1.4574902,-0.009248222,-1.1440121,0.7613174,-0.7511009,-0.018561285
0.6035844,0.6594036,1.3350837,-1.2293452,-1.0756067,0.22767481,0.19774844
-0.6828414,1.7609123,-0.28870568,0.9500603,1.6936574,0.33636376,-0.074412726
0.023382397,1.017811,0.36357653,0.77069217,-0.77745944,1.5850421,0.30791974
1.6234838,1.0394056,1.6491702,-1.5518306,1.1011637,0.2968726,0.8332512
-0.9866253,-0.5910244,-1.3304318,-0.37063563,0.7002649,0.13555433,2.6558938
0.060692724,1.6397743,-0.74524236,0.42472246,-1.0373167,-0.44977048,4.6982355
0.86629057,0.4682786,1.4679047,-1.5494637,-0.16621378,0.42062494,1.0541506
-1.1418695,1.0470642,-0.3948479,1.4808276,-0.15571368,-1.6723392,-0.3962639
1.7198378,-0.39125767,-0.46365422,-0.19942899,1.2950115,-1.6758554,3.6031528
-0.8133427,1.281904,0.13695207,-0.71919507,1.3125246,-0.14626512,-0.079240516
-0.36644194,1.5686748,-0.9233048,0.17879477,0.35939807,-1.1483126,-0.14685221
-0.4188598,-1.3422414,0.122629546,0.6124117,-0.99502474,-1.1498965,1.343479
-1.0752199,1.4501892,-0.71504396,0.3711498,0.48121634,-0.23962659,1.8847134
-1.6429096,-1.1567402,0.5441262,1.6309675,1.4061553,1.0171975,0.6437139
1.0182897,-1.2053045,-0.3656542,0.9623206,-0.9285971,0.913299,-0.76896876
0.5047297,-1.4644883,-0.57748085,-0.18243702,1.3752073,-0.54786515,-0.3978738
-1.5659839,0.5155775,-0.64816934,0.28095573,0.37941268,-0.06777723,1.5687625
-1.0613861,-1.3150856,0.44545165,0.40602893,0.94558704,1.6651157,0.52813065
1.7494467,-0.65592355,0.8612956,-0.70253277,0.58194953,0.43003827,1.6433231
0.70548606,-0.8782044,-1.571727,-1.50109,1.0808464,1.2344114,8.455979
0.73822683,0.47738186,-1.1992168,-0.19894998,-1.4838707,-0.6636845,5.158512
-0.98331505,-1.7216709,-1.6498637,-0.67525667,0.7030545,-1.4974736,0.34207392
-0.70791125,-0.80030715,0.8010856,-1.6533302,-1.5122474,-0.7494361,0.4320546
-0.21284133,0.01971067,1.2876282,0.60435885,-0.12970762,0.20724356,1.1501098
-0.26782814,0.16493773,-1.651726,-0.7423631,1.3416196,-0.3653195,-0.20008491
-1.1330721,-0.788305,0.44571298,1.6467177,-1.4307051,-0.89232904,0.90170497
0.1890453,0.6375947,0.34751004,0.60611457,-1.3278743,1.7228756,1.9072247
0.21833016,-1.1547408,-0.9229447,0.72448075,-0.7700468,-1.5463073,1.4949106
-0.17093162,-1.4842144,0.3702719,0.4912972,0.053482037,0.09884581,1.290894
0.285921,-0.24346642,1.323882,0.66225773,-0.2508678,0.746082,0.3614863
-0.635495,-0.9450417,1.684335,1.0965017,-1.3699205,-0.41317058,0.17256926
0.49539074,1.1166041,0.7420316,1.2601838,0.21384765,0.80712867,1.8276533
0.6967113,-1.1965812,-0.3416162,-0.10920016,-0.44632548,0.060961332,1.9323305
-0.8600667,-0.14097655,-0.9785234,-0.50624156,-0.8198194,-0.9763092,3.1308668
-1.6606745,0.7381081,-0.65530354,0.45567805,0.007263069,-0.8884024,0.6468699
0.9486777,-1.5350068,0.013156699,-0.79723465,0.57603335,-0.7255208,-0.15266573
0.45799008,1.3697567,-0.12710905,-0.10255166,0.2659936,-1.6388508,-0.054378465
-0.82880473,-0.793148,1.2527596,0.49219337,-1.1587461,1.1359236,-0.1526609
1.7069635,-0.47226074,-1.5536339,0.7608604,1.1614108,1.6448352,11.39292
-0.7317686,-1.0701604,0.15241939,-1.6926124,0.31486255,-0.83626026,0.1568012
1.2110099,-0.6492401,-0.5473874,0.65742767,-0.72017485,0.14054172,1.9591541
0.9209382,-0.67204326,0.14234288,-0.6861501,1.4862338,0.6344348,0.7923886
-1.3968637,-1.5598981,1.6512989,-1.2364564,0.33720136,0.54594684,0.32192412
1.1579528,0.6084458,0.049327858,-0.7532824,0.8882316,-0.90799594,-0.13081667
-1.536484,0.0011907276,-0.29892582,-0.05182558,1.2119163,-0.99928045,0.08204731
-0.9070445,1.7291172,-0.58327544,0.84004503,-0.042463202,1.7433693,-0.3405435
-0.23998679,1.194675,-1.7155317,-1.5596349,1.4144995,1.0649117,13.569583
-1.1137788,1.5384486,-1.5575871,0.4568822,-0.019344984,1.676351,-0.23747844
1.7297121,0.5248503,0.7476903,1.5488178,1.3727481,1.2724886,2.7932136
-0.2983129,0.9319613,-1.0501462,-0.99461997,0.19826946,-0.07425902,5.342007
0.731243,1.6554426,0.9745327,0.400198,0.7846247,1.2759824,2.0537484
-1.4907372,1.4523641,-0.48804918,-0.71189404,0.8597989,-0.000832636,0.87699276
1.0386386,-1.3460225,0.6189252,0.412162,-0.97067297,0.04404164,0.32912284
-0.4881206,-0.38794938,1.2532984,0.73689085,1.5005947,-0.69678026,-0.0882478
-1.2629752,-1.6912189,0.2504066,-1.083173,0.0408479,1.4075578,-0.1048258
0.29899538,0.07343641,0.5890032,0.40078148,0.6243783,-0.31397682,0.47793022
0.8815541,-0.6149996,1.4510223,1.7004741,-1.2883831,0.30665162,-0.532932
1.5376503,1.5348965,-0.5408349,0.10734098,-0.6575494,-1.3283794,4.401171
-1.0048348,0.2851931,1.2626188,-1.2459455,1.1164023,0.64984167,0.5752035
-0.8004144,0.02620804,-1.4459348,0.0073091043,-1.1037184,-0.7699448,5.77606
0.37829152,-1.266713,1.5723579,0.36822215,0.22811534,-0.33689123,0.5618382
0.5143525,-1.3747768,-0.56450945,0.51984155,1.5078827,-0.10030914,-0.70954037
0.70933914,0.28399342,-0.06560244,-0.13946885,-1.6552467,0.6978621,0.4929878
0.99249524,-0.8679864,0.9629198,-0.38622448,-0.03073836,0.12561128,1.3713698
-0.34339327,-0.80173516,0.12520452,-0.87705654,0.26956892,0.35705,1.3789266
1.0040253,1.2417859,1.5014293,1.1067625,1.1225296,-1.0718527,0.1296571
1.3170105,-0.91100967,-0.7560873,-0.99449444,-0.59304327,-1.2558618,2.3447552
-0.40275827,-0.7768266,-0.9479227,-0.6049458,-1.7028167,0.67950195,0.54783624
1.2725152,1.3586434,1.5328538,1.1367801,-1.0826384,-0.65947765,1.8859512
0.8886461,0.6947004,-1.0379897,-0.8297404,0.5077283,-1.4407248,0.35224766
1.5663368,-0.9935628,1.1814618,-0.24084903,-1.2859465,-0.6610755,0.97166634
-0.9316035,0.54002976,1.653834,-0.7061357,-1.4929311,-1.6469384,0.7512093
-0.80335045,0.89442194,1.1621273,-1.5522615,-0.055285264,0.40138835,0.84161
-0.4508412,-1.5569469,-0.6505194,0.8219717,0.44241172,0.18362856,1.8366237
0.13451867,0.3357264,-0.026333334,-0.78479785,-1.0967252,1.6566325,1.3801411
1.0808918,0.4090783,-1.5493232,-0.8150345,-0.683741,-0.90172297,13.886006
-0.93606216,-0.061739855,-0.9364876,-0.39669994,0.9349345,-0.8422983,-0.2551353
0.9094423,1.6949087,-0.35655317,0.4609718,-1.1816291,0.4689922,-0.20023915
-0.57009953,-1.1568922,-1.136106,1.5090127,-1.4350054,-0.40098894,0.8856482
1.0876266,0.96128845,0.9902819,1.520242,-0.5346225,1.4066061,-0.41420415
-0.034620117,-0.92843586,0.89935595,0.009307479,1.3787578,0.3186837,0.027682053
-1.4617591,-1.5004412,-0.49260324,-1.5024449,-0.518966,0.017113205,0.6243498
-0.9005534,1.2067217,-0.2711459,0.11363456,-1.1846248,-0.610685,2.0080483
-1.1993881,-0.8377745,1.6587198,0.025698619,-1.2392318,1.102877,-0.0927654
0.9013621,0.08958189,-0.10676297,1.4508888,-0.4183146,-0.7571683,2.9505851
-1.1077536,0.9327418,1.4583902,-0.3730028,1.2174445,0.7523229,0.6478986
-0.09635011,-1.462681,1.590599,-1.6446452,0.63878417,1.1691372,0.35623732
0.4187539,-1.5002347,-0.60361874,0.6159348,-0.58939886,-1.3058465,1.1381733
-0.897365,0.6062513,-1.6419003,-0.39489764,-1.5128275,-1.4821298,9.109651
0.5439916,1.5419552,1.6016884,0.59100455,-1.0616851,-0.9234244,1.7547526
-1.6345716,-0.17946993,-0.9246976,0.5076532,0.35380954,0.88713175,1.6996896
-1.18519,1.2466931,1.6420768,0.6040637,1.4434344,-0.9020009,0.12959018
-1.5134917,0.6255117,-1.0977895,0.9453268,0.8795581,0.21877344,1.9204932
-0.47381434,0.5091389,0.31068867,-1.230722,-0.23281401,0.31670907,1.3405142
-0.58028877,-1.1156868,0.5070653,-1.4276084,0.9063017,0.41897455,0.58990604
0.29377756,1.6824392,-0.4067937,1.6100329,0.112994,-0.82973355,1.6118895
-0.27133223,0.8132633,1.3388941,1.5714386,0.22617856,0.11545601,1.4301971
0.8567874,0.27906317,-1.558727,-0.699286,0.7951738,1.2567931,12.002675
1.626175,1.2521201,-0.7148869,1.6468517,-0.43758762,0.95397145,0.643143
0.6651077,-1.5059363,-0.2713928,0.32812354,0.4925087,0.38617855,2.0405815
-0.63139045,0.38621494,1.3149593,-0.47029004,0.14266548,-1.3246969,-0.16786745
-1.5656133,-0.8219402,0.7948201,-0.9540413,0.5163088,0.8708966,0.5120286
0.67098254,-0.17195505,1.1042643,-0.9377002,-0.38177547,-0.6359071,1.2388033
-0.8061904,0.5836661,0.7386207,1.3777598,1.1069796,1.2687821,1.4778643
0.923604,0.78660107,1.5444083,-1.0808316,-1.5705158,0.77522993,0.2549793
1.1985028,0.4107271,-0.42882422,-0.72604996,1.1377336,-0.26359597,0.071058586
0.71148926,-1.355801,-0.531345,1.7127979,-1.4394047,0.7253576,-0.57012975
1.6632316,-1.0950183,-0.23686838,-0.8619566,-1.1758819,-0.66651475,2.1620605
1.6830136,0.03757214,0.6749591,1.6927218,-1.0756564,0.35420942,-0.25421557
0.41183713,-0.29809213,-0.5047809,0.76045376,-0.17869925,-0.031748116,3.4983473
-1.2078012,-1.4668278,0.6301048,0.8463444,-0.18315998,0.0823296,0.84139425
1.5859517,1.7413278,0.47012568,0.3807179,-1.6943325,0.6655821,0.70852333
-0.77008665,0.22828668,0.4030529,-0.32498017,0.9065738,1.7441055,0.74021673
-0.76639724,-1.2441732,1.3989034,0.75915116,0.41409144,-0.710844,-0.16940093
1.4883598,0.7790112,0.27272058,0.5023838,1.6791431,1.7486967,3.5296626
1.38163,0.7718159,1.1391932,-0.9609626,-1.2465502,-0.26351503,0.8426949
0.56755555,-0.85686547,-0.4799553,-1.443685,-1.4031261,1.704617,2.135078
0.1551134,0.88968027,-1.5449075,-1.4244897,0.40418914,0.44515145,12.762455
-1.4016134,-1.0853541,1.0491226,-0.22437227,1.3214741,0.19625908,-0.09224768
-0.13163354,0.6168503,0.7116325,0.48181844,1.1436474,-0.52531445,-0.34424686
1.6990829,1.6792465,1.4424297,-1.1140921,0.69033456,-0.85926527,-0.06320738
0.4857578,1.1690664,0.6555536,0.30525845,0.2794036,-1.6510462,-0.1460497
0.19461378,0.8760262,0.033401746,0.9850641,0.85094154,-0.89203644,-0.4031189
-0.31049207,-0.35136816,-1.2410948,1.0060652,-0.70031804,-0.100502655,4.1063647
-0.5535667,0.33735928,-1.6298809,-0.6627237,-1.7376035,1.514105,9.063496
1.0736989,0.6212248,0.34388068,0.38333118,-1.452247,0.99348825,0.66406715
0.15336491,0.43685514,1.4007295,-1.5527165,-1.1182954,0.3572439,0.05718452
1.1676545,-0.34985563,-0.13450217,1.2338268,0.374789,-1.6239848,-0.28774816
-0.2576986,0.25248432,-0.5614538,-1.4010024,1.5376899,1.2768618,2.793625
0.79965293,-0.7062721,0.858616,0.08190441,1.1051224,1.2490463,1.530892
0.7580772,-0.98838586,-0.8327633,-0.5594343,-1.1411008,-0.7249695,3.2525692
0.32180125,-1.617927,0.6053332,-1.4529504,0.47091466,0.7573632,0.75870645
1.1294167,-1.4286127,-1.395171,-1.5182896,1.5191051,-1.3904657,4.4249105
1.126442,-1.098333,-1.558034,-1.1289899,0.030921426,-0.8222025,3.709546
1.6436186,1.689784,-1.003295,-1.2739463,-0.33403236,-0.46866664,11.2802515
1.3712368,0.35915616,-0.29511428,1.3096362,-0.94904214,-1.5180278,3.0975196
-0.39324248,-1.585856,0.5784193,-0.28090256,-0.13737635,-0.051164396,0.9516012
-1.4110076,-0.89313996,0.8683954,-1.1727347,1.290549,0.41002092,0.1495817
0.36202323,0.4180738,-1.0884309,-0.008134763,-0.50023144,0.55971056,2.4602818
0.032118253,-0.52013165,-0.35380396,-0.79762596,-0.27295238,1.6781147,-0.19211128
-0.40207607,-0.491529,0.56478906,-0.26563346,0.8279759,1.0565916,1.2553216
-0.24126086,-0.65430546,-0.37983936,1.4777061,-0.67498046,-1.5322995,0.7646596
0.12815738,-0.42318094,0.024884041,-1.5456151,-0.81106246,-0.48967028,1.6799537
1.3038143,0.20934922,1.1113982,-1.5216209,0.28061756,1.0266118,1.0801289
0.5840724,0.1110911,-0.49659008,0.4108141,1.2412717,-1.6100968,3.0137203
-0.564438,1.1379933,0.8848721,1.1949189,0.17295903,-0.05247358,1.5109421
-0.6611136,1.133524,1.3951224,-1.6627684,-0.081317455,0.7111758,0.59380054
-0.3793515,1.4558009,0.5718307,0.5306961,-1.3862581,-1.1083144,1.9786217
-0.61853415,-0.049176067,-0.30622962,1.7045717,1.0216806,1.542769,2.0073333
1.5959094,-0.7793176,-1.0888289,-0.29313564,0.067343146,-1.0887868,0.9153642
0.959375,0.012838869,-1.1365348,-1.0381571,-0.77335596,-1.2176636,5.915323
1.602373,-1.1590724,-0.33477035,0.8367769,-1.5340695,-1.2619331,2.9951203
0.052651662,0.727136,0.5360116,0.9656014,-0.83263963,-0.24904057,1.6473807
0.3944952,-0.20558785,0.93874526,-0.19451082,-1.2277329,0.63406175,-0.3007232
0.64439446,-0.5570523,-0.083818965,-1.4294446,0.34272882,0.5544612,2.1193187
-1.5831249,-1.4858379,1.3836195,0.05289447,1.2563964,-0.80227554,-0.2177284
0.20094961,0.8552995,-0.68144286,-1.1379784,-0.35368463,1.5719548,-0.044125423
-0.06805541,0.98956203,0.3416834,-1.4955698,1.0416493,-0.8747709,0.065034755
-0.91847956,1.61291,-0.8805724,1.0685158,-0.37936094,1.4158802,-0.38508084
-1.2892857,-0.6169018,0.4607458,1.177207,-0.83519757,0.637467,-0.3481094
1.5718856,0.53732234,1.4654438,0.682174,-1.5952532,-0.5049035,0.45467892
1.447519,0.07319658,0.6010995,-1.4300901,-1.1712258,1.3377082,0.7285565
0.8453972,-1.1146274,0.11418476,1.456998,1.2873905,0.62996215,1.1092892
1.6906837,-1.0938144,-0.6332602,1.2566596,1.1538893,-1.4201057,1.8048676
-0.6517834,0.9084146,-1.4105886,1.4767419,1.6580098,0.9364014,4.4297795
-0.250334,-1.0043305,-1.1766747,-0.129714,-0.18621776,1.6953039,-0.47333655
0.69925725,1.2888805,-1.4747407,-0.3357162,0.57332176,-1.2427422,0.0565977
-0.23742333,0.6219177,1.2202238,-1.5704347,-0.22400643,-0.31089535,1.0825382
-0.29082975,0.60809547,-0.7177014,1.2659281,1.7011361,-1.3449469,3.8184063
-1.3764598,1.1663278,-0.25801325,-0.10536887,-1.3914552,1.2177645,0.739114
0.5098744,0.8685032,-1.540571,-1.7492044,-0.48149356,0.9751173,1.3151683
-0.9936992,0.76615274,-0.48002085,1.6820264,-1.6708126,1.3199824,2.0887177
0.109785825,0.9203107,1.460454,-0.23872036,0.15926379,0.5419984,1.2689005
1.7263806,-0.7403149,0.31494477,1.0291202,-1.358824,-0.23122993,0.39860535
-0.4830079,-0.9267896,-0.30773216,-0.27048793,-1.2252502,-0.11445053,0.34891233
-0.4957127,-0.31571603,0.89457387,-0.28733927,0.38856447,-1.2376276,-0.28111643
1.0862548,0.9842677,1.3236693,1.5118212,1.7100589,1.1556237,1.3991388
-0.58606863,1.2389563,1.3360637,1.4261409,1.4306904,-0.64110523,-0.14571528
-0.10075787,1.3033676,-1.2721806,-0.8241587,1.1772969,0.24517465,3.324084
1.6553565,-0.5485311,0.12242173,0.03981506,-0.4399201,0.11379719,2.1716113
-0.6589586,-0.2165641,-1.4118199,1.1641026,-0.063870385,0.5791839,4.3925347
-1.1850208,-1.2023937,-1.185547,0.0689915,-1.5672626,-1.3386333,2.4387434
-0.9167396,1.0924186,1.3183964,-0.32705402,1.1516131,-0.21994689,-0.10893417
-0.43035707,-1.1606792,-1.3698099,1.535697,0.46116942,0.8550574,4.1953654
-0.77009183,-0.7176413,-0.84354,1.5305681,1.4571886,-1.2273598,1.5803285
-0.84662,1.4606847,0.82303333,-0.4794693,-1.69391,-0.6903661,0.51525784
0.7428768,0.43468273,1.6707684,1.2992308,-0.4336304,-0.90035176,1.1431416
0.33984017,-0.7302174,-1.6699635,-0.18623292,-1.1260884,-1.4128792,8.929645
-0.5041001,-1.1787164,-1.1096165,0.03716228,-1.3359107,1.7483996,2.5542862
-1.2909461,-1.2038972,-0.6746752,1.3773768,-1.0404019,1.5534902,0.3715938
-0.4951411,1.427691,1.3300347,-0.14900301,0.53507096,1.141781,0.9927504
-0.6797392,-1.6023773,1.0003467,-0.18698041,1.1387444,-1.3830073,0.17372604
-0.5133273,1.5282288,1.0701938,-0.39140263,0.76983726,0.03897263,0.74915975
-1.5066017,1.4152604,1.0999811,-1.4629737,-0.60433984,0.37334254,0.32167035
0.41819105,0.11592257,-0.43092212,1.3290168,0.7517033,0.82425135,3.8237393
-1.2182847,-0.13429084,1.2659113,-1.3755722,1.6927629,0.4041793,-0.004117792
-1.2941976,1.3760988,-0.04921562,-1.3460991,0.07299853,-1.0084238,0.3850698
-1.3600489,0.7832206,0.16049005,0.22043405,-0.6343356,0.10980317,0.8667855
0.7660235,1.6715106,-0.4565727,-0.19710837,-1.3780396,-1.3478894,5.7576294
-0.989737,1.4290762,0.72791797,0.053616714,1.2116245,0.9246921,1.271278
-0.66374165,-1.1477082,0.7663211,0.1221112,-0.4070896,1.1474249,-0.3444299
1.3971832,1.0933398,-0.18305883,1.7051934,-1.3692601,-0.565865,2.9408717
0.9616467,0.8947608,1.5116102,-1.6989534,0.98907197,-1.4635525,0.62736714
1.0347201,-1.2432262,-0.44590962,-1.057548,0.33335564,0.07093177,2.1818392
-1.5882118,0.85240394,0.43394223,0.30565724,-0.7100609,0.9415934,-0.25168827
-1.1879308,-0.90765285,1.5595813,-1.5589551,-1.7149304,-1.1287565,0.29191044
-0.603047,-1.0421286,0.9670918,-1.3850931,0.20544979,0.78713065,0.5081483
1.4699637,0.039677113,-0.6265811,1.3150458,-0.5241184,1.2628884,-0.62001455
0.2233462,-0.20951572,-0.77922004,0.65741444,-0.3116959,-1.3831389,0.7371667
-1.240974,-0.4665654,0.3306576,-0.55256736,-0.58888656,1.0141023,-0.20810811
0.057936266,-1.1477925,-0.013956855,0.44346234,1.4116603,0.8392822,1.0837082
-1.2905316,0.96995324,0.119985476,0.28905988,0.90689313,-0.83786905,-0.28002372
-0.33020994,1.7622857,1.1058285,-0.18532558,1.3602678,1.5106469,1.6327589
-0.42644644,-0.3832889,0.59963953,1.4263707,0.64170593,-0.77938277,-0.44355956
1.5381058,-1.1794246,-0.96454304,-0.014855854,0.4822102,1.373214,2.2662191
0.58062005,-0.08395371,-1.4037365,1.2164975,1.6961737,-1.2748085,8.041466
-0.2531731,-1.5228078,1.6234239,-1.364901,-0.017768424,1.4230126,-0.070506215
0.33810237,-1.4228854,-0.19008517,-0.71933776,0.9831807,-0.33521438,-0.1686682
-0.45002568,-0.5796686,-0.6778197,0.27906057,0.69201976,-1.4774724,0.14360219
0.72385514,1.1130328,-1.2628416,0.91239786,-1.6677439,0.9787638,5.2494097
0.7284425,-1.3419998,1.6489574,-0.72032684,1.163965,-0.087275,-0.1374459
0.5096762,-0.27413374,0.8660474,1.2372804,-0.18131867,0.54473865,1.0406528
-0.624173,-0.9074031,-1.090125,-1.4537765,-1.1800926,0.85389054,0.036250126
1.5165579,-1.6143229,-1.4848349,-0.67621243,1.1545377,0.24001269,2.1980865
-0.20150124,-0.38950196,1.4916494,1.2899595,-1.4131477,0.6088323,-0.41034767
-0.6233803,-0.09572666,0.7387952,-1.3107711,0.79974234,-1.4072447,0.15365048
1.1258705,-0.28920016,-0.25331283,-1.6415861,-1.4350549,-1.4762206,2.975843
1.4509474,1.2940776,-1.4288567,-0.45231792,-0.50795954,-0.759757,15.851612
1.7611444,0.7120663,1.0404394,-1.4598823,-1.6351129,-0.8521141,1.3590026
0.5574057,1.1029798,-1.1672442,0.50172424,1.225928,-1.5802232,6.967615
-0.5399803,0.6964441,0.84336334,-0.31943634,0.4161991,0.3256382,1.3630352
0.9219087,0.19155015,-1.6327888,-0.5251033,1.4004095,-0.08282273,0.15456983
1.5248317,0.96242017,-1.5328447,0.9450958,0.51651496,-0.32721397,8.5078335
-1.6421683,-1.1163517,-1.6491892,0.086549975,-0.86964303,-0.025801975,1.7238231
-0.16622272,0.90392256,1.5566308,-1.578599,0.24857631,0.8883668,0.77982414
-1.1274179,0.8454353,1.5604044,-1.6585057,1.1594201,-0.5888673,-0.012139329
0.3681242,-0.7403853,-1.4669955,1.0752606,-1.3494836,0.16438934,-0.23352985
0.7594808,-0.053594213,1.3272454,0.73382854,-1.166011,-0.100140505,0.32949147
-0.30866116,-1.3250319,-1.0452657,0.939038,-0.4517798,0.8924414,-0.18723848
-0.09693376,-1.5337902,-1.5976927,-1.4879354,-1.0927075,-0.12973167,2.1651251
0.8223904,0.0048860405,0.8259374,-0.34966987,-0.32598776,0.6779104,0.6312238
-0.24232003,0.32207823,0.973013,1.4679496,1.6270533,-0.6243682,0.056566324
-1.3992257,-0.37294343,0.9729537,1.3870214,0.9505908,1.3985147,0.763506
1.425249,0.5507726,0.30059358,1.1651269,-1.4145834,0.3467627,-0.48081523
-0.81972206,-1.3523664,1.6479762,1.5962714,-0.9453631,0.3466134,-0.25950983
-0.14206122,-0.9609472,-1.4810371,-0.55807996,1.3770605,0.89462507,4.337498
0.20961237,1.2219985,0.7917983,-1.3575467,-0.14433633,-1.6743357,-0.031178972
-0.05635532,-1.7065488,-0.5453876,0.96094733,-0.7402594,0.82129204,-0.7395921
-1.5730199,0.28328484,0.08392055,1.0918419,0.326688,1.4483258,0.16358249
