1.3639385,-0.36631164,1.7057134,-1.0138693,0.92206943
1.4766983,-1.0617418,0.28868195,-0.40317863,0.98197734
-0.3563432,0.8048906,-0.9405096,1.5486275,-0.17387335
1.6293025,-0.7265621,0.19410186,-1.2349889,1.0242516
-0.33021736,-0.0842492,-1.7150449,-1.3337507,-0.26054165
0.3947012,-1.2310292,0.014220511,-1.4267924,0.2703423
-0.79137355,-0.17074387,1.318,1.6087674,-0.46747386
1.0586454,0.25698933,0.19723865,-0.23627359,0.5821925
1.5654585,-0.06481312,0.4084287,-0.47600657,0.88712466
-1.2163981,-0.65101796,-1.6193694,0.93689483,-0.86484617
1.5441934,0.5298806,-0.32409814,-1.0395164,0.9366391
0.36950114,-0.44933948,1.0129108,-0.47292483,0.2738303
1.3196235,-0.9692509,-1.26068,1.5758655,0.659805
0.28040725,-1.2915025,-0.80469596,0.9096932,0.027353209
0.877638,-0.36611876,1.1601927,-1.3602889,0.6090815
-0.19602625,-1.6563823,0.49247748,-0.49124527,0.0068412237
1.3748705,1.4681754,0.802249,0.15598409,0.7215039
0.30172682,-0.8342627,-1.6031296,0.61247396,-0.01033537
-0.7569009,-0.7227991,1.0925732,-0.8126117,-0.32086664
0.48617005,0.16958062,-0.37568325,1.2004404,0.26111487
-0.74638903,0.46324068,0.3601588,0.012739794,-0.4920267
-0.1548313,-0.15918128,1.3878386,-1.5145141,-0.0506115
-0.65238726,1.2146523,-1.5843037,0.45051664,-0.18660897
1.1896945,-1.0195177,0.49064478,-1.6986591,1.0084517
-1.3124043,0.6378012,-1.5541729,0.10639701,-0.6703659
-0.74686044,0.00286043,1.2710694,-1.7303584,-0.45935997
-0.43919113,-1.4253769,0.5035645,-0.50929266,-0.19079098
-0.98843807,-0.6750454,0.19024104,-0.41761607,-0.6028608
0.20971,0.45488468,-0.68924177,-1.5728885,0.19243072
-1.6539576,0.34318197,0.6468637,-0.50514084,-1.0370082
1.6026025,1.2870356,-0.8927432,0.04386993,1.2159954
-1.4159129,1.1846693,0.32749993,-0.9919186,-1.11952
1.3768367,-0.95344746,1.4419295,0.23182718,1.021146
0.33377978,-0.7450027,-1.2905744,0.9017994,0.06535895
-0.51209694,-0.3664917,-0.49116236,0.19037302,-0.35287574
1.1114646,-1.2545084,0.40036684,-1.7173994,1.1106188
0.31557754,-0.46851656,0.2972964,-0.01987537,0.17966388
1.4387302,-1.4339014,0.0226922,-0.8274909,1.0683059
0.2354357,0.6764666,1.4772141,0.4801539,-0.012301254
-0.4960253,1.2525697,-0.4474173,-1.4064959,-0.2131632
0.50991297,0.14623027,0.44226223,-1.2145535,0.25394908
-0.41990915,-1.2535578,0.90961546,-0.0719903,-0.11276753
0.7720065,-1.3264954,-0.33406848,0.98608357,0.41388744
1.584885,-0.67857414,1.121753,-0.47790486,1.0735575
1.0427601,0.51891154,1.121181,-0.10588325,0.5004306
-0.70580393,0.049776074,0.7641514,-0.18621825,-0.44239777
1.0413911,0.32694933,-0.42010623,-1.3719399,0.6217635
0.35532108,1.6661764,1.4914567,-0.1516618,-0.2682241
0.9218104,0.824534,-0.99371463,-0.06322409,0.6625745
-1.0026172,0.38540277,0.5300825,0.27278996,-0.6419848
-1.6577972,-0.34937945,0.34405026,0.7621527,-0.9830314
-0.6182889,0.83968747,1.2117743,0.5023085,-0.53150684
-1.2739148,0.65093493,-1.4092339,0.95316726,-0.6869408
1.4603895,-1.5779009,0.29859802,-0.34515253,1.1723937
0.5432361,-1.0331789,-0.99039537,-0.7638962,0.092007756
0.7605634,0.065927505,0.9097328,1.4590626,0.4094729
0.59185714,0.6748824,0.58906233,1.3689649,0.28588375
0.017189587,0.86337465,-1.3374501,0.93155164,0.10716055
1.3950604,-1.0412242,-0.10850223,1.249493,0.8145265
-1.1765872,-1.7398986,0.4796872,0.8353616,-0.7529068
0.15559545,-0.08488199,0.73097515,1.5193026,0.068872534
-1.1284078,-0.19443738,1.5275856,1.4948823,-0.65652347
0.5782349,0.5177259,0.77066684,-1.4250572,0.2067751
-0.54598856,-0.4773488,0.32673103,-1.6494017,-0.30596602
0.574901,1.3528603,0.9155788,-0.9145516,0.052612435
-0.31168148,0.12430667,-1.626716,1.3121599,-0.19064106
1.4756372,1.2925137,1.1445962,1.5521791,0.7565057
-0.97367674,-1.2191092,-0.2029443,0.0987878,-0.70445925
-0.98004264,0.71113986,0.9714689,-1.297212,-0.8271444
-0.9801046,0.21661904,0.4910761,-0.82984054,-0.62051606
1.596288,-0.8737366,-0.09154206,0.81039536,0.93006504
0.6211194,0.87965137,1.2084806,1.601753,0.25105888
1.704464,-1.7256465,-1.0025371,0.32165685,0.9361546
-1.3742464,1.4302291,0.48358244,-1.1554544,-1.370389
-1.6611862,0.14871567,0.7522549,1.6317732,-1.0017735
-1.300337,0.176823,-0.6123905,1.5091093,-0.77418524
-1.111441,0.8210191,0.6214896,-0.7755291,-0.8309001
0.74476373,0.15298383,-1.700435,-0.9518783,0.4603794
0.66387576,0.76152086,-0.86871374,0.9830746,0.43863732
1.4782767,1.1269584,0.83443266,-1.2681609,0.71423787
-0.8423034,-1.3672544,0.88462746,1.4338453,-0.44558868
-1.126981,1.1715833,-1.5780113,-0.3646308,-0.42159054
0.96098155,-0.25680095,0.59365785,-0.038006764,0.5566254
-0.6490221,-0.40259784,0.16061859,-0.94128954,-0.39694405
1.092474,0.36121017,1.6762173,-1.7296304,0.4211849
-0.36155868,1.383898,-1.6767824,0.3781433,0.06389062
1.0324028,-0.950265,-0.41042838,-0.6325487,0.54622483
-1.2910436,-1.179701,-0.97398305,-1.0317016,-1.2525196
-0.8220219,1.0994806,-1.0463861,1.3685975,-0.42312983
0.5722489,-0.8200725,-0.28155372,0.30733606,0.28741786
0.4112646,0.5736608,-1.5800357,-0.4796025,0.38072586
-0.39197177,-0.25255316,1.3451447,-1.6143856,-0.14953025
1.0737791,0.49144518,-0.6088144,-0.9910905,0.67921203
1.2180066,1.3503819,0.60108703,-0.5807415,0.64573336
-1.2018362,-0.88544583,-1.0119398,0.7149586,-0.8660369
-0.8723457,-0.8475304,0.0083289165,-1.5957024,-0.6002059
1.6242226,0.8706246,-1.2181222,0.98763806,1.0651362
-0.5340187,0.103229105,1.3819642,1.5637909,-0.34910208
-0.5634428,-0.18693873,1.4481033,0.5224991,-0.32132843
-1.6193655,-1.5396707,1.3517388,-1.7370303,-0.5809129
-0.93917555,1.4985256,-0.60241157,0.21196175,-0.5370944
0.4773954,-0.05984481,1.0684122,-0.71455777,0.26390114
-0.18018456,-0.31745166,-1.4364452,0.5344318,-0.18913339
-1.2030636,-0.7158829,0.78741646,-0.07924708,-0.6661371
0.08755133,-0.34060514,-0.21301152,0.8345132,0.015553891
-1.1293402,0.8625496,-1.4247124,-0.15555224,-0.5238652
-1.4140673,-0.033633552,-1.37983,0.2985558,-0.8557805
-0.9012713,1.512523,-1.6087505,0.6768488,-0.31649244
-1.4602523,-0.094817355,0.32102868,-1.2998503,-0.8678669
-1.0495214,-0.2457425,-0.6223652,0.27494922,-0.6601491
1.7688069,1.0006123,-0.7922477,1.531694,1.1163015
0.37245607,-0.038725697,1.6347411,1.1970898,0.1960985
0.57790375,-0.34457484,-0.5244111,0.09360344,0.28464898
-1.5592384,0.595275,0.57858837,-0.31949466,-1.0181532
-1.0840297,1.3953055,-0.30340126,0.70300806,-0.6868324
-0.52613616,0.44619137,1.0352385,-1.5400983,-0.480208
0.31647375,1.2327783,0.51178426,-0.5369576,0.04933076
-1.4683632,1.1477761,1.0870926,1.4904926,-1.0504172
-0.6949541,0.5047288,0.4477026,0.20888332,-0.4687716
-0.9839533,0.6189763,-0.3774971,-0.0368386,-0.5804546
0.051924203,0.57495326,1.5176076,-1.3800364,-0.2406542
-0.59373313,0.18945388,-0.12342364,-1.1388949,-0.36819077
-0.07219895,1.504649,-1.0294882,0.22555202,0.16369043
-1.1199504,1.6321248,0.53373605,-1.3185782,-1.5858021
-1.1350474,0.6335895,-0.20942494,-0.516106,-0.68699986
-0.9576589,-0.08109132,-1.2751613,-0.8691027,-0.60744774
-0.54239774,1.5853868,0.2238224,0.5202939,-0.4583406
-1.3122505,-1.3634903,-0.40014365,0.2506589,-0.9913112
1.4912726,1.3005016,-0.6851528,-1.689593,1.6213791
-0.29466927,0.9396492,-0.82094496,0.55825347,-0.11313289
1.5290378,1.1373847,-0.73210716,-0.17082195,1.1027037
0.58379817,-0.12844665,-0.69671744,-0.85493207,0.29245964
-1.4113121,-1.3067588,0.16788697,1.2637265,-0.90073293
1.2390637,1.2627451,1.6589042,-1.1566101,0.2387574
-0.42673883,-0.7630069,-1.0079973,-1.596943,-0.56199056
-0.61306256,0.47007063,-0.8024815,0.17476493,-0.3373988
-1.3825036,1.0042982,-1.1526847,-0.95608395,-0.6519255
-1.665121,-1.6385071,-0.066131294,-0.7189669,-1.4641553
0.53992796,0.12367241,0.11953002,-1.531723,0.28254214
-0.32908112,-0.61858517,-1.1802548,-0.44558668,-0.35946065
0.71769387,1.2564359,0.78385836,1.3640498,0.32268816
-1.3663017,-1.1141539,-1.5418785,-1.588571,-1.6914203
1.3258587,1.0758224,1.5893099,-1.1876055,0.38254243
-1.2171311,1.1046969,0.3223983,-0.39406908,-0.8891476
-0.2502492,0.97818786,-0.17409873,-1.3874992,-0.146696
0.4068936,1.6970417,-0.6161422,0.31037602,0.43126637
0.9363069,0.27347803,0.77050894,-0.3591697,0.48442918
1.4376055,-1.5889555,1.2537081,1.2980952,1.1359463
1.6161231,1.2636714,-1.1247504,-1.7386993,1.9572965
-1.318522,0.16800965,-0.4316002,0.043691233,-0.78437746
0.48060513,0.041770566,1.2638829,0.7506857,0.2467483
-0.69366735,-1.6703103,-0.32292658,0.21083577,-0.63402164
-0.14158997,-0.3888777,-1.2660706,-0.4868878,-0.20131205
-1.2419953,-0.8477138,-0.55308664,1.6127174,-0.8138429
1.6159499,1.7311953,0.058414333,-1.3611476,1.8663276
-1.2169533,1.2604388,-0.32168907,1.6015731,-0.7505167
0.9676523,1.3202281,-1.1783693,0.45795834,0.8150806
0.652446,1.2125638,-1.0773362,0.8117662,0.5368964
0.6068324,-1.084527,0.46363008,1.2087231,0.3966629
-0.8840197,-0.74929875,1.1779488,0.15828279,-0.4349908
1.6126652,-0.68218535,1.5620922,0.16957933,1.0917968
0.42563376,-0.69896746,-0.19513561,-0.36619565,0.20519614
0.26871172,1.3773493,0.66012424,-1.5883162,-0.21679348
-1.4706599,0.6050292,-1.3655177,0.7164796,-0.8050776
0.77016526,1.4177059,0.9146044,1.2832301,0.32987347
-0.21123372,-0.07552841,1.6408349,0.71104664,-0.13476765
-0.7418897,-1.5626273,0.8937773,-0.28511193,-0.29334906
1.5265402,-0.50396365,-0.6802544,-1.5674969,0.7858296
0.43114245,1.2441809,1.3998963,-0.043070745,-0.039167587
-0.90577304,1.0787024,-1.6281466,0.43680972,-0.362503
-0.82458675,0.5518669,-0.20710641,-1.3723991,-0.49563003
-0.035099894,-0.50960547,-0.42664877,1.4609472,-0.068161376
1.0088333,-1.6364744,-1.7147217,-0.06008113,0.17628242
-0.39296222,-0.93919337,-0.98109233,0.4594789,-0.3916964
-0.9355667,0.9247806,-1.2527473,1.5161994,-0.4876772
-0.54264826,-0.70332587,0.4608505,0.73880213,-0.31447214
-1.2395577,0.8490005,-0.14385098,-0.95452404,-0.78242296
0.66138977,0.48755103,0.78816056,0.62543255,0.31662074
1.3803035,-0.6693981,-0.38743857,1.005767,0.7649308
-1.5743192,1.0791826,1.4163232,0.85122985,-1.1793807
0.4471634,-0.55891126,0.19367501,-0.8295468,0.26363868
0.93689245,-0.05166111,1.423302,0.16183527,0.52816427
0.3594601,-0.6638094,1.3942765,-1.2610278,0.44454846
-0.5662127,-1.6632366,-1.4580065,-0.20931931,-0.9842297
0.9461075,0.2907093,-1.1547878,-1.2183442,0.60937583
0.952258,0.51559436,1.0339458,0.97744477,0.47722614
0.69117707,-0.8796049,1.6223143,1.6831701,0.510771
-0.25549898,1.0868739,-1.4673927,-1.6947426,0.4162353
-0.40892383,-1.5725367,0.024211131,-0.8250057,-0.36355045
0.23140757,-1.6903589,-0.661493,-0.7482724,-0.17518747
-0.25710538,-1.0806098,1.6166289,-1.2292788,0.3119445
-0.46610478,-0.6016454,1.4263637,1.5643597,-0.22644761
1.148076,-0.18869923,1.2495309,-1.3545771,0.7078924
1.5273204,-0.3334035,0.9236703,-0.9214646,0.9386831
-0.12335488,0.8103548,-0.16209863,-1.4557145,-0.069014914
-0.33847296,-1.5383277,1.5844569,-0.02014921,0.16880797
0.072283916,0.2660772,-0.80493885,-1.2986243,0.06915346
-0.05568607,0.037320867,0.08398219,-1.1831094,-0.06034752
0.46121863,0.4718624,-0.4530072,1.7108768,0.2601192
0.52980584,1.7570219,-1.2543279,0.7609088,0.6419366
-1.5171661,1.0903981,-0.8151386,0.7216714,-0.866694
-0.58845335,-0.96802855,0.41564444,1.2160642,-0.3457763
1.4975755,-1.4359078,-0.15422973,0.28539777,0.9495723
0.7180932,-0.41941503,-1.139118,0.26714933,0.32928574
-0.038513303,-0.87634,-0.21936478,-1.3175238,-0.11192904
-0.9912511,0.6218225,0.29579756,0.47302535,-0.6399996
-1.0065787,0.022970643,-1.2030339,-1.3698832,-0.6066144
-1.4956543,1.422934,1.0367105,-0.021941584,-1.3185236
-0.51426345,0.698411,-1.4616766,-0.95067,-0.111101985
0.62878907,-0.31689337,0.015502673,-0.9978223,0.3428308
1.1453457,0.06734336,-1.4064128,-1.0302348,0.6571788
0.84234613,0.42847338,-1.5502752,-0.85428226,0.6093108
-1.4752916,-0.21163844,-0.21436536,-1.0462292,-0.8994017
-0.98859304,1.4275311,1.558405,-0.9632427,-1.4448707
-0.22466108,-1.3697929,1.623296,-0.64640206,0.3326573
1.7132457,0.86496454,0.61657864,-1.5996797,0.91204417
0.29629904,-1.115461,1.3307925,1.3743796,0.29880443
-0.39888173,-1.5356095,-0.9401541,0.5686371,-0.5065993
0.7597051,-0.35461685,0.96636486,-1.7401248,0.54012364
-0.60885227,0.86478674,1.0474135,-1.7485381,-0.77644825
-1.0676363,1.2508136,-1.642961,-0.8881694,-0.25939596
1.3042575,0.44864383,-1.3175993,0.6550905,0.80588806
-0.73599505,-0.14533687,0.74133873,1.5736595,-0.44539303
-0.29811862,-0.091867685,0.15783101,-0.2846561,-0.19805929
-1.6662295,-0.7068886,-1.1639096,1.017926,-1.1082821
1.1998557,-0.15116172,-1.3567581,-0.9502005,0.62415034
1.3520477,-0.11481654,1.2408141,-0.37451056,0.7842113
0.67485106,1.5050474,0.18675646,-0.28336093,0.39747277
-1.1537846,1.03722,-0.0047378684,-1.7035708,-0.85263443
-1.6526845,-1.4020538,-1.6618863,-0.005341133,-1.5708566
-1.3516885,0.014114275,1.5065479,0.44480363,-0.81354374
1.3314927,-1.076069,-1.1367283,1.0431082,0.6604032
0.87405145,-0.27265015,0.764646,-1.356844,0.5427394
1.4964991,-1.3924482,-0.20753038,-0.5367938,0.976317
0.94942766,0.4645222,0.055051424,0.051060524,0.5279889
0.4830593,-1.2627084,0.8426887,0.16965461,0.451503
0.030284952,1.7449458,-0.45862925,0.2782109,0.12143647
-1.2626907,1.3364509,-0.48295242,-1.3032075,-0.7995556
-1.4284928,-1.2051027,1.3687375,1.33218,-0.7547878
-1.5638273,-1.6507229,-1.3175114,-1.5822147,-3.621374
0.75220734,0.07552622,0.76365143,-0.61671555,0.399666
-0.7984574,-0.484647,-0.44433683,0.8502044,-0.5211941
-0.29947206,0.5236886,-0.57502,-0.44710067,-0.15291733
-0.9440584,-1.1849529,1.1492165,-0.8503827,-0.34353748
-0.26669782,0.7275228,0.2891295,-1.7260357,-0.27408963
-1.1650844,-1.5138975,-1.6005489,1.1805803,-1.0641425
-1.0782459,-0.9223678,1.5344336,-0.05335011,-0.47123393
0.6184665,-0.9187263,-0.8534812,0.8236522,0.25772405
-0.46471888,0.8587768,1.4843711,0.26240674,-0.4882836
1.1104195,-0.039263833,-0.54016346,-1.304671,0.6110518
-0.5053872,-1.6851685,1.6743174,-0.6274665,0.31170186
-1.2162932,-0.99869037,0.5059185,1.2227182,-0.7195799
-0.2567348,-0.80794007,-0.08393511,-0.8640346,-0.20507786
-0.7877435,-1.626718,0.6549352,-0.8137989,-0.38825476
-0.47978097,0.23227221,-0.054364488,0.93704706,-0.3054732
-1.5924989,0.63420445,-0.85310453,-0.76634175,-0.87925357
1.0107789,-0.316202,0.93890244,0.2688362,0.6036877
-1.1519424,-0.6937958,1.1134837,-0.85785705,-0.5617225
0.91282445,-0.0038461227,-0.21618171,0.5196693,0.50234336
0.8287171,-1.3915918,1.6151803,0.16209958,0.88999826
1.2776396,-1.0652089,0.108176544,-1.3915638,0.8948896
-1.2739651,-0.033321876,-0.90958107,-1.3303372,-0.77681494
1.285845,1.5709202,-0.93723416,0.6235818,1.0476027
-0.7670828,-0.5345721,1.1550788,-0.5825972,-0.3667206
0.68625456,0.87949586,-0.6969321,0.93601,0.45291775
1.6646161,-0.68605894,1.0842539,0.075896464,1.082471
-0.19575214,-0.46184024,-1.6699249,-0.60771275,-0.2933768
0.03383161,-1.6691749,0.058249455,-0.31630412,0.011760116
-0.34938172,1.465473,-1.1880763,-0.8048714,0.16268235
-1.3909672,1.721189,0.6085287,0.8417509,-1.1421187
0.87370205,-0.03014742,1.394404,1.361821,0.4846745
-1.6626359,1.1254717,0.6751728,-0.068432026,-1.2239698
1.1163732,1.4469103,-0.5916775,-1.1329068,1.1447369
1.3358413,0.8813588,-1.6127403,1.2328491,0.9162963
1.6759691,0.9135811,-0.8149901,1.3973856,1.0519097
-0.3591111,-1.6692562,-1.0143229,1.1683791,-0.46918565
-1.3679868,-1.6475656,1.6397457,-0.045795087,-0.5383647
0.43438298,-1.3445106,-0.9247155,0.41210532,0.07734362
0.998613,0.55752575,0.663389,0.07385548,0.5113181
-1.6670984,-1.5160582,1.3783281,-0.6733882,-0.7865501
-0.34378946,-1.3371236,0.6184845,-1.7323498,0.0700089
-0.9853086,-0.84654313,-1.5086124,-0.22645958,-0.8548517
-0.10349018,-1.6159003,-0.1961089,0.73600173,-0.1458213
-0.80060256,0.009203468,-0.5108759,0.9976552,-0.49208906
-0.6568812,0.26083162,1.1060826,0.3982586,-0.44600835
-0.49961755,-1.0234805,-0.16210376,0.77677876,-0.356934
-1.5895854,1.1596199,-0.09155783,1.0716426,-1.0078188
1.4603355,-0.6615767,1.5274718,-0.34981072,1.0304183
1.4910337,-0.4888291,0.40791646,1.1185596,0.8687946
-0.223029,1.3481988,0.7955158,-0.05083508,-0.3678119
-0.14899126,1.5184087,-0.5540202,-0.62884897,0.05788012
-0.6557657,-0.1951472,1.1226829,-0.6881367,-0.36553624
-1.5082204,-1.2570746,0.24610047,-1.0255572,-1.0347024
-1.628924,-0.87641406,-0.34606385,-1.3506879,-1.1804732
0.68726945,0.23102635,0.3301728,0.38306332,0.36337635
-0.89848715,1.0388895,-1.3533598,1.5888374,-0.44972402
-1.0600947,0.8833433,0.06224054,0.23225078,-0.68562686
-0.08723046,-0.7706248,0.7870257,0.22009961,0.0045760153
-0.5264037,-1.657594,-1.6097767,-0.6652656,-1.221003
-0.51005816,-1.5339643,-0.91357666,-0.69832253,-0.8063397
0.102491684,-0.553319,1.0755157,-0.5581832,0.14677587
-0.3181763,0.028916584,0.03802857,0.5861555,-0.21222003
-0.5458682,-0.7839934,-0.059459135,0.2847326,-0.3653479
-0.7775103,-1.3852949,0.17439856,-0.6518619,-0.5406518
-1.3545277,0.19237816,-0.77207005,0.32557252,-0.79703915
1.4913368,-1.3906394,1.4198331,-0.31752607,1.4112625
-0.6421029,-1.3451864,-0.17129354,-0.13257444,-0.51140076
0.5035332,-1.4244523,-0.6265269,1.2158366,0.19905931
-0.5504384,-0.4702483,0.90347546,-0.7373643,-0.2674213
0.18710986,1.5619073,-1.431025,1.6044637,0.30372483
1.6528797,0.695089,-0.3178522,-0.9633813,1.0341667
0.8406674,-0.20192301,0.17223302,1.5930257,0.46467143
-1.445419,0.36918524,-0.5341469,0.63740504,-0.8505258
0.7307486,0.7079234,0.9341695,0.6822607,0.33118373
1.68206,0.017088925,-1.4682249,-0.41127223,0.9518428
0.5002674,-1.4132344,-0.49626395,-0.48721543,0.17120765
1.2018434,-1.0779048,-0.7230657,-1.2834845,0.5587693
1.7451743,-1.1892463,1.5889158,-1.6782191,2.130065
-0.21675964,-0.037874836,0.6847485,1.2003717,-0.1502825
0.40462834,-1.6048373,-1.2826035,1.6686136,0.03860337
-1.1499282,-0.3132855,0.66495466,0.48313552,-0.673075
-0.3077815,-0.6369758,-0.03737216,-0.69304264,-0.2194333
1.3226805,1.7346445,1.5718942,0.36665937,0.4969405
0.9300962,1.4379003,0.9472447,-0.07937076,0.3686727
-1.04272,1.02949,-1.0043763,-1.5141451,-0.39955044
-1.333959,0.10557033,1.5305965,-1.4039172,-0.844332
-1.1298262,-0.5632075,-0.30823395,0.5879971,-0.7175949
-1.6525773,0.4559116,-0.39217192,-0.5209719,-0.9726105
-1.2818654,-1.2096288,0.5128358,-0.42705736,-0.7660793
-0.37877643,-0.7440775,1.7060546,-1.0604652,0.051021878
1.209512,-0.3468504,0.517477,0.7507701,0.7001423
0.33543852,-0.40683326,-1.6587054,-0.88992333,0.022152362
-1.262862,-1.6610018,-0.54940856,-0.5684799,-1.3130966
-1.3345426,0.70672965,1.598973,0.91388476,-0.94492316
0.9039675,1.4566647,-0.60649854,1.653513,0.62833947
-1.2339885,-0.9642763,-0.82752335,1.5323517,-0.84874845
-0.16491488,0.4814332,-1.3704416,0.66859514,-0.049124245
0.873363,-0.19735473,-0.9493711,0.047239162,0.45324013
-0.74996364,-0.057382688,-0.9403198,1.2896007,-0.46856803
-0.14065145,0.10945734,0.4094026,1.5195987,-0.11278174
-0.10276808,1.532548,0.6855051,0.7645225,-0.23534201
-0.36032328,0.24273668,1.638814,0.49562755,-0.28466994
-0.8261252,-1.1070685,1.1266253,0.40397614,-0.37901002
-1.4881994,-0.62648535,0.024451792,0.16215667,-0.9141579
-1.3451059,0.8669389,0.92565006,1.1307749,-0.9204287
-0.8750902,0.55623853,0.981131,0.47639996,-0.61283904
1.7106419,0.04104983,-1.4828734,-1.4772445,0.98041105
-0.7847592,-0.22552924,0.8660294,-1.0392756,-0.43977135
-1.1094412,-0.6781827,-1.1762584,-1.5899931,-0.9855428
0.46463388,-0.6180584,1.3258406,-0.53582835,0.40717137
0.52184296,-0.9218676,-0.7482286,0.074283615,0.18866746
0.99083227,0.29532835,0.35555756,-0.7499808,0.5317363
1.356329,0.5012855,-0.019217078,-1.6100307,0.7923081
1.006272,1.3550122,0.7961839,-1.1427717,0.39488128
-1.6605401,-0.390915,0.26630434,0.72400856,-0.9881564
0.19990218,0.1328713,-1.247265,-0.13660966,0.113027014
1.0904576,1.1446971,0.6950668,-0.30526695,0.5340703
-0.11203592,0.77268153,1.0125886,0.26650608,-0.20292187
-0.96778166,0.23304835,-0.8956811,-0.3808817,-0.5572357
1.6891164,0.54783005,-1.1155038,-0.95992184,1.1213316
-0.597048,0.0982184,-1.1708754,-0.81056535,-0.35242733
-0.9334476,-1.5034084,-0.83690524,-0.72157913,-1.0907718
-1.5056236,0.074704744,-0.21755153,-1.6384009,-0.8976178
0.12408473,-0.37800184,0.12753063,-1.6144559,0.061180424
0.8103724,1.5956296,-0.01305369,-0.6717551,0.6161854
0.4284109,1.5960096,-0.45536464,0.63668525,0.3611888
0.38774136,0.35612032,1.0652701,1.682366,0.16746461
-1.2590418,1.580473,0.089863755,-0.061352298,-0.97589153
-1.5613103,-0.899918,-0.9985774,1.1704371,-1.064561
0.0774803,1.53711,-0.45564094,0.5592942,0.11788177
1.6176299,1.5226933,-1.0110893,-1.396226,2.1296577
1.0407999,-0.06046123,-0.607072,-0.88239145,0.5685556
-0.955648,-1.4060776,-1.6216642,-0.49044442,-1.2246879
-0.1764219,-0.5613123,0.29927558,-1.4444009,-0.08603891
-1.2225218,-0.46400496,-1.3322129,0.2285986,-0.8334252
-0.7837409,0.035912983,0.66358155,0.39772663,-0.4848867
0.35906217,-1.5894312,1.1760583,-1.3668866,1.1868124
0.9850259,0.33311772,-1.2791066,-0.37955716,0.6209142
1.473876,-0.72539324,-0.9076515,-1.5447714,0.6879261
-1.5341299,-0.44395834,-1.3585001,1.7133505,-0.9768438
1.1987269,-0.90251195,0.45758548,1.0118043,0.74274516
-1.1675942,-0.3648941,0.331516,-0.6688743,-0.6905452
0.69210714,-1.6282947,-0.8877489,1.4771601,0.28035527
1.5046643,-0.92658955,1.0369595,-1.1003458,1.1998528
0.07133678,0.16902758,0.71200097,1.4452456,0.0036838558
1.614142,1.1605188,-1.5533403,-0.68209314,1.4515151
-1.4203621,1.6067847,-0.09439354,0.4925392,-1.0000086
-0.61070836,-1.3249946,-0.74057597,1.1912564,-0.52324444
1.0517049,0.74614996,-0.29884386,0.7933775,0.6261673
-0.32808903,-0.9856191,0.95573276,0.40605104,-0.1049949
-0.30541006,-1.3543993,-0.18573895,-0.2144619,-0.28983325
-0.6707014,-0.07069799,-1.1942066,-0.0016207063,-0.43050238
1.2343634,-1.0031388,1.2076632,1.4670482,0.8358825
0.89195925,-1.5094906,-1.5713933,-0.58139676,0.06519149
0.5990718,-1.6385262,-0.59100115,-0.57731646,0.19721143
-0.92073536,-1.1716324,0.66108686,0.20732383,-0.5051156
-1.3509489,1.4535902,1.5177091,-0.8562227,-1.6793875
0.23343939,0.98873943,1.6665919,-0.6703536,-0.22849692
0.55744094,-0.6901025,-0.40456116,0.12118234,0.26596814
-0.74806875,-1.1715838,0.5724018,1.2904595,-0.42630634
-0.43475255,-1.3475062,-1.5098593,0.5513012,-0.5911078
1.2103568,-1.0328487,-0.3352515,-1.0864623,0.68441296
0.18435141,-0.7176583,-0.5353738,1.0332441,0.041329723
0.12485981,1.0642368,0.48679933,-0.6533618,-0.059956618
-0.37671503,0.5830032,-1.1266645,0.43304875,-0.16873346
-1.5125725,-0.67166024,0.3702639,0.08777875,-0.8990029
-1.5722818,1.2188927,0.88671535,1.2247212,-1.1234285
-0.7761482,-1.0869203,1.3380919,-0.40191862,-0.25363237
-0.8283457,-1.4275193,-0.29145136,-0.7193611,-0.7586083
0.5837491,0.39108533,1.5687674,-0.36001977,0.21247533
-0.4542374,-0.96397257,-1.6242436,0.0013758217,-0.56023514
-0.62666214,0.5076877,-0.48781174,-0.83316547,-0.3497414
1.6892715,1.4984859,0.65043676,1.1780943,0.9670969
0.6470779,-0.8257724,0.43964097,-0.9445938,0.4637565
1.2750038,-1.2217458,0.808201,0.26007703,0.9416217
-0.7866504,0.6695263,-1.14105,-1.3464801,-0.3012569
-0.6563632,-1.5832616,1.0569787,-0.22982675,-0.17928617
0.680177,1.5776112,-1.6134514,-0.3882328,1.0414363
-1.1003941,-0.82462937,-1.1790261,-0.7084977,-0.9208009
-1.0787425,0.858017,-0.11778295,0.8925955,-0.66879225
-0.03603676,-1.3931588,-1.6701196,-1.5635936,-1.1345778
-0.5828092,-1.184872,-1.6340764,0.16758591,-0.70305973
-1.2440068,0.2007709,-1.5261835,-0.17669752,-0.70538336
1.0687664,0.63256174,1.3804294,-0.91671544,0.42515042
1.4321846,1.3720024,0.375947,1.3348581,0.8296163
0.3265532,1.4792954,-0.5491443,1.0747814,0.27421615
-0.25272924,-0.094424464,-0.07154894,0.5099078,-0.17508656
-1.548196,-0.21952598,-1.4984976,0.019359127,-0.9789948
-0.5801879,0.29786372,-1.6236331,0.9472458,-0.31617627
0.4856315,-0.40214345,-1.1991298,-0.7765036,0.15839782
0.8592828,0.06676388,-1.6631294,-1.4262211,0.4993329
-0.17058143,-1.6605548,1.1294501,1.6505144,0.03706142
-0.6337766,-1.4384694,-0.6021656,-0.66387653,-0.720186
1.006878,1.2133135,-0.46473712,0.33363262,0.6965504
-1.3245114,-1.021995,-1.4805036,0.020256761,-1.103051
1.1356944,1.3932887,0.2836246,1.4462491,0.65416855
-0.6210348,0.20004743,-0.25871506,1.7113823,-0.38440824
0.07351212,0.43568996,-1.1706234,-1.1816909,0.1409037
-0.29320845,1.6070133,1.1006678,-0.03289728,-0.5774976
0.25596458,-0.9724048,1.4473008,-1.420988,0.59502697
-0.473334,-0.27109554,-1.2255898,1.1062028,-0.33732483
1.2995033,0.31875807,0.97252846,1.6421585,0.70428723
0.002375506,0.60833025,-0.27992153,-0.6775893,0.0066136396
1.3916006,-1.7066228,-0.017156404,0.30006313,0.9822884
1.7031374,0.6325858,0.7303881,-0.39640623,0.9135433
-0.79195213,-1.0314482,-0.3141827,-0.43471497,-0.60153234
-1.2093039,0.2380878,1.4588702,1.3632523,-0.7623504
1.4289795,1.1979736,1.056177,-1.626423,0.54694855
1.3967925,-0.1685527,-1.1162344,-0.25197515,0.7538873
-1.2679287,-0.04886549,-1.0465305,-0.021507658,-0.77229935
-0.08599055,-0.12471371,-1.7032678,-1.5446092,-0.14366846
-1.6512831,1.4760324,0.54915434,0.69902617,-1.2360075
-1.3627461,1.0074396,-1.293297,1.142617,-0.72724795
0.37980625,0.30291224,-1.4410436,-1.3926053,0.31269684
0.5053504,-1.0527327,-1.1022062,0.6569106,0.14071134
0.4122524,-0.9492469,-1.6996112,-0.12664632,-0.0401167
-0.4216061,1.4092562,-1.3999184,1.6111112,-0.114577286
1.636134,1.2734529,1.5315845,-1.6494045,0.44249716
0.2934063,1.026244,0.95879215,1.4586025,0.058355957
-0.9691692,-1.3659495,1.5213807,-0.6589491,-0.23616748
-0.050356437,1.3779842,-0.8343723,1.4481792,0.049996722
0.46076035,-0.1614692,-0.70563275,-0.8994242,0.21548471
0.65029836,1.3039756,-0.60377526,0.27947465,0.51181006
-1.1706749,1.5360111,0.032620758,0.39034408,-0.8460462
0.69266236,0.19981384,-1.2341564,1.0619771,0.39953247
-0.8327553,-0.7257924,0.2509473,0.7988175,-0.5053622
-1.3840019,1.6629536,-1.1020888,0.9552426,-0.7545988
-0.8935979,-0.91065973,0.27056518,-0.37961882,-0.5432175
1.7081817,1.157242,1.5728759,-1.3870732,0.58757716
1.519498,-1.6814035,0.2892567,0.005753549,1.2013549
1.5894704,-0.5469044,1.2523513,1.5681484,0.96804017
1.058178,-1.5281677,-1.2246099,1.4863904,0.47144797
1.3482841,-0.7829381,-0.24340573,-1.0352545,0.76695687
-0.18338217,0.75442123,-1.0618495,1.1791346,-0.05830495
-0.9005225,-1.2546977,-0.19155763,0.7659347,-0.63426256
0.9077244,-1.5157543,-0.6844058,-0.32834318,0.413471
-0.8453302,1.2657319,-0.9764749,0.93265074,-0.42512974
-1.11519,0.94668275,-1.6605558,-0.086750805,-0.4709235
-0.5028472,-0.012421459,-0.6380092,0.19686908,-0.32100618
0.40859795,-1.2343322,0.22915503,-1.1512649,0.34861237
0.9338006,-0.4596195,-0.30319133,-0.22805506,0.50083923
-0.62181705,-0.56322116,-1.6011161,1.684028,-0.47087583
-0.96655387,1.0941691,1.2896937,1.0604383,-0.7768473
0.27948147,-0.56904185,1.2730423,-1.4165694,0.35291356
-0.9680469,-0.50025296,-1.0368037,-0.1126606,-0.68281114
-1.074191,-1.2411958,0.17372245,1.0907788,-0.6833239
0.9449187,-0.82239604,1.1399245,-0.7568682,0.7633852
-0.24217366,0.96011305,-1.6325634,-0.2317097,0.0873228
1.6209899,1.141169,-1.5190835,0.85102594,1.1829518
1.7226033,0.2626259,0.95240057,1.4437913,0.95365316
0.56230944,-0.6537477,-0.03496514,1.5597391,0.30279505
0.63990414,1.697884,0.5461855,-1.2677994,0.20160553
0.44377565,0.35434094,-0.7154321,-1.6492329,0.31364998
0.07412438,-0.67275935,0.31058133,1.2117448,0.036843438
-0.078118056,-0.6033925,1.1386046,-0.14877778,0.03594832
0.07082308,-0.2395682,-0.42127392,1.552051,0.004765284
0.6903117,0.8415338,-0.55590373,1.2171232,0.43229106
1.6485229,0.6508065,-1.6369289,-0.69173056,1.1817201
-0.39920613,1.2832065,-0.26605862,0.48266354,-0.24261823
-0.6809046,-0.072496675,1.0877903,0.56932545,-0.41260704
-0.36993647,1.4630219,-1.6246953,-0.6353839,0.2638539
-0.78494793,-0.7083076,-0.13365595,1.5444467,-0.50241166
0.34001383,-0.80402493,1.251476,0.12797375,0.32631943
1.3327812,-0.64335877,-0.4913176,-0.5814563,0.7152924
1.393974,-1.6449903,-0.6357335,-1.5991441,1.0597192
0.8379166,-1.1489059,-0.51918066,1.374167,0.4308107
-1.2203653,-1.5863035,-0.6970517,-1.7348201,-2.535534
-0.87723124,-0.097216934,0.20470223,1.3061967,-0.534969
-0.33126426,0.023429234,-1.6551667,-0.6220451,-0.21454585
-0.2703157,-0.45012215,0.6556295,-0.3320202,-0.1366686
0.18880887,-1.1963431,-0.43486154,0.21998172,0.013342685
-1.5338981,1.6042156,-0.21968634,1.6911347,-0.99848425
0.58321714,-0.5765308,-0.11685676,-1.1565299,0.30750778
-1.2667658,0.8458565,0.9588765,-1.2465962,-1.0623754
-1.0426435,1.2329403,-1.0681826,1.0284863,-0.5414505
-1.3847634,-1.1505201,-1.5644143,-0.8570583,-1.4193745
1.5478506,-0.2132862,-1.2437501,-0.65287906,0.82282233
-1.5837911,1.0244082,-1.261346,0.98860687,-0.86061853
1.3464192,1.7134978,-0.8374433,-0.733576,1.56704
-0.010748194,-0.21528974,1.3560777,1.0190341,-0.0027947498
-0.15315366,1.2826126,-1.3301139,-0.69106746,0.25595674
1.1244313,-1.3750148,-1.0109056,1.3201741,0.54510003
-0.11203962,-1.1371087,-1.4015689,1.714,-0.23803423
1.1273172,1.4546454,-0.86406493,0.22558883,0.9333676
1.2924211,-0.15986298,-0.049169075,-0.59199214,0.7233457
-1.4481926,1.7461809,-1.0485977,0.96158516,-0.81522423
0.709876,0.13485804,0.017225398,0.470555,0.38487676
0.3722908,-0.7233112,0.5796907,-0.0068617347,0.26103097
0.41747218,1.678913,-0.29325703,1.5334935,0.29521868
0.29859653,1.5464587,0.7403728,-0.114747085,-0.03526496
0.5182616,0.17022663,0.39332193,0.5954677,0.2663561
-0.7814043,-1.060462,1.6588006,-0.5311139,-0.17933255
-0.1732056,-0.069397986,-0.088652685,-0.32916966,-0.12911505
1.6835707,-0.8398775,1.4882778,-0.08907556,1.2064222
1.2042973,1.2897571,1.2850794,0.102347314,0.50000536
-0.017554063,0.08838902,0.8204186,0.7443584,-0.045081936
-1.5727528,0.37747806,0.9714173,1.2944008,-0.98052716
0.12263704,1.0745816,-1.1515764,1.0492228,0.17864782
-1.1257095,0.59001935,-1.1516517,-0.7441425,-0.56660396
1.447735,-1.0922605,0.7327845,1.540749,0.93260914
-0.99845326,1.4694154,0.6229233,1.1575317,-0.78072065
-0.07720377,1.0884546,1.5495747,0.61105925,-0.28855428
-0.3351072,-1.0800593,-0.22463845,0.17495438,-0.2780676
0.3536463,1.3380362,-0.31677917,-0.9963034,0.34685555
1.6679108,0.5063233,1.1769124,-1.0499182,0.829781
0.21080558,-0.33974358,0.05455269,-0.005694396,0.0986859
1.0446625,-1.2522949,1.6120923,-1.3049234,1.431095
1.3840605,-0.28529486,-0.87731236,0.5942565,0.7497566
1.4376069,-1.7193505,-0.5646603,-1.5893189,1.4719522
-0.5476578,1.0117207,0.07330195,-1.5615153,-0.43717
-0.33805925,1.2819617,0.9154245,-0.79368365,-0.5602005
0.8772068,-0.500046,-1.5071727,0.9839069,0.40829256
-0.42281684,1.6390072,-0.48187017,1.3441116,-0.22983491
0.85365605,-0.64510876,1.2468446,-1.4727058,0.7440549
-0.3291222,0.30833346,0.356818,-1.1101023,-0.2464844
-1.1210227,-1.2201297,1.2137524,0.37050885,-0.5417099
0.7482139,-0.06760476,-0.5829291,-0.33061457,0.4000085
0.31121537,0.7185237,-1.0840194,-1.4362353,0.39591578
0.81504893,0.7651881,-1.1739231,0.46758825,0.5755636
1.7582614,-0.052206594,-0.9669257,-1.4585625,0.9779044
1.2230422,-0.8809798,-1.2921304,0.0941929,0.55190414
1.6798869,1.2374743,0.85052174,0.69286644,0.90864116
0.13933511,1.1724732,0.46087548,1.5859786,0.007709344
-1.4344182,0.28937528,-1.1002429,-1.4951074,-0.77984285
-1.1611098,-0.80283254,1.5739055,1.2811266,-0.59976894
-1.0227146,0.38012615,0.48821726,0.22703208,-0.65164924
-1.4706488,0.011539029,0.6384825,1.4961973,-0.8815149
-0.81616217,1.6153328,-0.7248787,1.693449,-0.45490897
-1.5383697,0.26774132,1.1885974,-0.44711018,-0.9805206
-1.5418962,0.14262618,-1.2128916,-0.28461102,-0.89703435
-0.9820346,0.12718582,1.2514627,-0.43380988,-0.6245205
-1.6507795,0.9434936,-0.93459636,1.3501667,-0.9431819
-1.010036,-0.014922617,0.72882026,-0.7657196,-0.610655
0.7038903,1.515931,-0.62249625,1.1314143,0.53633606
1.4836649,0.924093,1.1152867,0.699183,0.75373065
-0.46517777,-1.3235358,-1.4418894,1.616966,-0.49888664
-0.45383787,0.006811029,-0.335936,1.2145151,-0.29087943
0.96679467,-1.4875895,-0.4646892,1.3936808,0.5259162
-0.802596,-1.3449829,-1.0283346,-1.4404852,-1.2416084
-0.7672222,0.34890628,-0.84487534,-0.9276008,-0.41560587
1.1083292,0.4024739,-0.483054,-1.2453883,0.6773745
-1.4535173,-0.14724407,0.17721686,0.8470999,-0.86942273
0.25774857,1.6802281,1.21861,0.338563,-0.17479506
1.5686259,-0.938991,-0.28327256,0.646929,0.8990957
0.34250742,-0.7310168,1.6831858,0.6368044,0.3259219
0.515528,-0.2751234,-0.8185466,0.05904244,0.24034488
-0.9559182,0.017505959,-0.885459,0.6477075,-0.58130306
0.023388948,-0.14229695,-0.09055811,-0.9552049,-0.016762212
0.14185251,1.5920678,-0.3119762,1.1128254,0.119490296
0.46986988,-0.73675746,0.5448018,-1.5080937,0.39479282
0.7163554,-0.9141016,1.5866014,-1.6086127,0.9657994
1.5437312,0.15815593,0.5873384,0.57483697,0.8595128
-1.267502,1.3291966,-1.4386219,1.6144593,-0.6504179
0.098778516,0.4247226,-0.5879527,-0.6491239,0.07800082
-0.8133871,0.9553309,-0.3422686,1.619937,-0.49077475
-1.3153214,0.34766,-1.565467,-0.6302678,-0.69779456
-0.0907689,1.5073818,0.53029305,-1.3328387,-0.44717374
-1.4689066,1.0642972,1.4988382,-0.2841473,-1.2570093
1.2491635,1.2666712,0.8523848,0.94514066,0.6394604
0.24662243,-0.23030593,-0.034956947,-0.91747695,0.11475883
-0.88111216,-1.4507728,-0.13173968,1.6126636,-0.6119457
0.94720453,-0.82834095,-0.8055292,-0.79028916,0.41602585
-1.5829095,0.6066164,-0.19180956,-0.7823643,-0.9579027
-0.6190445,1.2419837,1.5059361,-0.73698205,-0.8997919
-0.28839087,-0.6810482,-0.88426924,-1.3358446,-0.37903273
-1.4163986,1.4635962,0.27394223,1.604065,-0.97444725
-1.048058,0.2598775,-1.2615712,-0.99462724,-0.5687239
-0.23396505,0.013824428,-0.4707807,-0.794992,-0.16255127
1.3539939,0.07546766,0.09855644,-0.5400969,0.7578399
1.710326,-0.30422094,-1.2983012,1.4461263,0.9334561
1.1430047,1.6550974,0.46588123,0.7950082,0.65542585
-0.981293,0.08330338,-1.4763424,0.62441456,-0.58416724
-1.0796331,1.0852226,-0.7028022,-0.47063276,-0.5821882
1.5502163,-1.4791508,1.1947144,0.862435,1.2139119
0.65636915,-0.90027374,1.6107721,0.30034235,0.5757596
0.09290951,0.20478866,-0.13526663,1.3679593,0.029058002
0.28023764,1.4126805,-1.2289615,0.37076366,0.40901476
-1.3370794,0.8450369,-1.4116533,1.2590349,-0.7151938
-0.5279095,0.3421567,-0.42317176,1.1829729,-0.3218556
1.7050967,-1.73264,-0.87771565,0.2888001,0.9742338
-0.37763074,0.039929904,1.3648326,-1.67699,-0.2610158
-0.03924793,-1.1553526,-1.2257435,0.3386271,-0.25636378
-1.3829525,-1.4965072,1.0332701,-1.3234552,-0.650836
-0.9163321,0.24758348,0.32573274,0.28369766,-0.5718741
0.011981909,-1.1071182,-0.52351093,-0.20869014,-0.12538633
-1.0226899,1.6048329,1.3996011,1.3660883,-0.94118977
-0.16643423,-0.9501357,0.9551906,-1.2597649,0.123154126
0.748069,0.5742208,-0.06102804,-1.464872,0.43639323
-1.6375923,1.0402458,-1.1654524,0.75890875,-0.8978622
0.55870384,-1.361583,-0.50662774,1.1311644,0.2526265
-1.091667,0.907878,0.55303955,-0.39200574,-0.8027626
-0.7934335,-0.22890812,1.4877809,0.45520338,-0.446167
0.70837015,0.9191155,-0.58073527,1.3780446,0.44928905
1.4166101,1.7106379,-0.7149651,0.15819302,1.23239
-0.42357633,-0.74348146,-1.6796447,-0.4993248,-0.52476734
-0.659984,-0.75569737,1.0551084,0.98879343,-0.3374398
-1.5102408,1.4057252,1.6760131,1.5492944,-1.2132616
-0.8409812,0.20261219,1.1819669,-0.30889636,-0.55560577
-1.460984,-0.16875964,-0.9583024,1.1628133,-0.8933789
-0.34703922,1.3425528,1.2299019,0.1303655,-0.5255661
0.39860183,-0.8437987,-0.52182096,-0.3776796,0.13731486
-1.5664574,-0.0801011,0.89734054,-0.16581422,-0.9252365
1.5509403,1.216154,1.003687,-1.6986914,0.6562129
1.1277249,0.6948982,-1.4017253,0.81793135,0.751861
-1.638916,-1.1319596,0.42424968,-0.95874584,-1.0267956
-0.77549016,0.4644437,0.68498504,-1.4920253,-0.58494514
0.60889786,-1.3355252,-1.0338254,-0.25493735,0.120808065
-0.30671793,-0.9493111,1.5875688,-0.7212904,0.102802694
-0.14054222,1.1389264,1.3403736,-1.1187093,-0.55830616
-0.73050755,-0.4623939,1.4350253,-0.3796581,-0.3433391
1.4305599,-0.8899497,-0.016434828,-0.19750445,0.8557806
-0.9156279,0.13162754,-0.92020625,0.51292914,-0.5456037
1.4754391,0.43707287,-0.9398626,0.22340474,0.8944787
0.15827978,-1.0875957,0.60633653,-0.2462059,0.19031936
0.39337692,-1.180462,-0.34227577,0.367533,0.16446084
1.3907952,-1.6982685,1.3646725,-1.1369995,2.3535602
-0.23662946,0.46174464,1.4380141,1.4536875,-0.2253225
-0.9334456,-1.1291684,0.13165177,0.83517873,-0.59517837
-0.23140843,0.14100464,-1.40755,1.0832143,-0.14294809
1.4440523,-0.38694447,0.6810462,-1.5619146,0.91172427
-1.2307954,-1.1443634,1.536619,1.1698828,-0.60909665
0.4380863,-0.5549785,-0.4324795,0.29229137,0.19927569
-1.6455394,-1.3465346,-0.90012527,-1.6910396,-2.0957725
0.9501722,-0.92511934,-0.4028542,1.6330445,0.5112589
0.68349636,-0.04804926,0.24522282,-0.050700642,0.3715619
0.1201646,-1.4983438,-1.2757329,0.31835172,-0.2447447
0.7863632,-1.5372854,0.9166141,1.4209772,0.6267926
0.049088355,1.3256372,0.7334772,1.1044782,-0.104514904
1.0002071,0.17250155,-0.6578346,1.5291939,0.5635245
-1.31628,-0.77180684,-0.63741136,-1.6337812,-1.0456692
-0.2057772,-0.051706865,-0.81617785,1.7008911,-0.15084001
0.8112017,1.3124406,1.3421278,0.40822357,0.25099775
1.7622758,-1.461988,1.018082,0.008139933,1.4577744
0.92449105,-0.926617,0.4874107,-1.377616,0.7202908
-1.2052827,-1.2663395,-0.077996,-0.94739884,-0.92495376
1.3717893,-0.12116713,0.42827904,1.6699831,0.7742235
-0.3369253,-0.05375657,1.6567255,1.2756071,-0.21355763
-0.32059103,-1.3652251,0.543058,1.3380631,-0.15852937
-1.5182906,1.2288446,-0.85782355,-0.16019842,-0.84836614
-0.22396813,-1.3451786,0.6636928,-0.9808351,0.053596172
1.2654009,1.6506028,-0.682763,0.3907201,1.040012
0.2873211,-1.2051206,-0.061945014,-0.8411284,0.1480682
-0.9560264,-0.23445298,-1.1075499,-1.1437802,-0.6508845
0.577305,0.33604285,-0.05120374,0.5459538,0.31177458
-0.50510406,-0.7757218,0.088698134,1.3464686,-0.32321173
1.6196277,1.6259652,-1.0429482,-1.345388,2.3995337
-1.4477526,-1.206996,1.1036568,-1.547998,-0.62225497
-0.49689052,-0.09075678,1.5859187,0.22002392,-0.2952265
-1.6158845,-1.2859186,-1.4380498,-0.62569606,-1.5815895
-0.6311541,0.49556094,0.4969204,-0.94216233,-0.45854926
0.5901115,1.5079075,-1.1878325,-0.36951277,0.7783378
1.7050908,1.6399517,-0.34242874,-0.11472723,1.350002
0.3364101,0.21584018,0.8220813,-0.49557376,0.1377864
1.7356515,-0.8746116,-0.031095918,1.2704476,1.0148829
0.3841286,1.7178746,0.51971585,0.94703937,0.12230632
1.0418584,0.13822643,-0.5576111,0.5313112,0.58693534
1.4278775,1.1980217,1.6387261,-0.57075876,0.51198685
1.4868865,-0.90766203,-0.80758226,-0.1690424,0.7716126
-0.91687745,-0.81025773,0.32064077,1.1104436,-0.55177593
1.6306436,-1.4547126,0.17542715,0.12946291,1.133694
1.0904789,1.6268173,1.169422,-1.6882006,0.0012440016
-0.7581739,0.29888922,0.17451714,0.15046094,-0.47740337
-0.7747502,-1.2576226,1.0349638,0.8941087,-0.36982468
-1.397446,0.15804826,0.44174874,-0.45942846,-0.85217875
0.47969228,-0.74830496,1.0945812,-0.33828667,0.40881622
-1.3488816,0.094785154,0.020779813,-0.24977161,-0.8113509
0.77470565,0.59121925,0.57237744,1.051831,0.39523792
0.59105885,-0.86684644,1.6938714,1.4182508,0.46551123
-1.4492123,0.31405714,-0.5606979,-1.3759619,-0.83286273
0.5164875,-1.1047877,-0.7000951,1.128719,0.20854674
-0.09292679,0.34609386,1.2462782,0.69608057,-0.13029769
0.8339418,-1.693105,0.6560795,0.5929659,0.7200817
1.0354059,0.2873875,-1.6227018,-0.9999675,0.68139344
-1.665094,1.7560344,0.6101429,-1.0049082,-2.1448102
1.6266975,1.6285545,-1.6860079,1.7084064,1.2891454
1.491569,0.6490697,-0.9337523,0.4296001,0.9372017
0.7324379,1.3023424,0.671448,-0.4005246,0.29309362
-1.5269908,1.7186015,0.90413743,-0.36580434,-1.6354477
-0.56810063,0.505735,-0.38888255,1.1472111,-0.3423213
-0.45199513,0.5940277,1.4534113,-0.4465952,-0.45253938
-0.39548394,0.23577093,1.7065239,1.1578172,-0.29599994
1.0184126,1.5655546,1.3388261,-0.5063098,0.25015002
0.6733395,1.5192696,-1.5789732,0.39571625,0.78456235
1.4115446,-0.82111555,-0.62588745,0.4426671,0.760189
-0.59790105,-0.06554687,0.103597626,-0.90311813,-0.37311047
0.6267835,-0.8802419,1.3955202,0.02849349,0.54681927
0.65994763,0.63859266,-0.289149,0.3321484,0.38922825
-1.3868444,-1.6991886,0.3579826,-1.7112314,-2.2244751
-1.6235424,0.62985635,0.9033933,-0.35608548,-1.1004968
-0.8465467,-0.47636634,-0.89986473,0.15079229,-0.58816403
1.2261678,0.64532125,-1.0414327,1.4146143,0.7584041
-1.5743525,0.5563296,1.698191,0.3698106,-1.0809134
-1.4520226,-0.86928314,-0.039273284,-1.4890751,-0.9928109
1.0120012,0.92025614,1.214799,-0.52291316,0.38955453
0.9763978,0.7544758,-1.6762792,1.703383,0.65865666
1.4635824,-1.489762,-0.65674716,-0.24016981,0.82518864
-1.253102,1.7634866,1.2046599,1.294515,-1.1258012
-1.2134212,1.5222847,-0.16727562,0.18466951,-0.8370007
0.9306832,1.1022537,0.5777771,1.1240678,0.47886607
1.544941,-0.17187093,-1.440255,-0.7599847,0.82071036
1.0776877,0.6305949,1.6713754,1.69006,0.51965725
0.31695768,-0.94568795,-0.8584769,0.35177475,0.055121277
0.6147874,-0.5914238,-0.08781211,-0.36960047,0.3307015
1.6818601,0.83776784,-1.1263105,1.3196608,1.0702876
-1.0641031,0.79059994,-0.76322824,0.8411987,-0.60028386
-0.73480666,0.7040081,-1.4738742,-1.1806114,-0.21632668
1.2518637,-1.6723322,-1.5048019,-0.13914372,0.408595
-1.1313348,1.4658147,-0.351944,1.2291291,-0.709683
-0.9025629,-0.72855383,-0.7587884,0.41786468,-0.6428298
1.3044363,1.5304946,1.2682514,-0.5631036,0.4906265
0.59058416,1.4574906,-0.009248169,-1.1440119,0.44682282
0.60358423,0.65940386,1.3350836,-1.2293451,0.11101295
-0.6828416,1.7609127,-0.28870577,0.9500603,-0.44799626
0.023382172,1.0178112,0.36357638,0.77069217,-0.057983775
1.6234835,1.0394058,1.64917,-1.5518309,0.49405992
-0.9866255,-0.59102416,-1.330432,-0.37063542,-0.7575012
0.0606925,1.6397746,-0.74524236,0.42472267,0.19443955
0.8662903,0.46827888,1.4679047,-1.5494639,0.28414577
-1.1418697,1.0470644,-0.39484808,1.4808276,-0.6869752
1.7198377,-0.39125732,-0.46365425,-0.19942878,0.9538027
-0.81334275,1.2819042,0.13695186,-0.7191948,-0.643923
-0.36644217,1.5686752,-0.9233049,0.17879477,-0.052776653
-0.41885996,-1.3422412,0.12262954,0.6124119,-0.28208497
-1.0752201,1.4501895,-0.71504396,0.37115002,-0.60449964
-1.6429096,-1.15674,0.5441263,1.6309675,-0.9842603
1.0182894,-1.2053041,-0.36565432,0.9623206,0.5614214
0.50472957,-1.464488,-0.5774809,-0.18243702,0.16215368
-1.5659839,0.51557755,-0.6481694,0.28095552,-0.9085008
-1.0613862,-1.3150854,0.44545165,0.40602872,-0.6424614
1.7494465,-0.6559233,0.8612954,-0.70253277,1.1489513
0.7054859,-0.87820417,-1.571727,-1.50109,-0.020393327
0.73822665,0.47738206,-1.1992168,-0.19894977,0.4988771
-0.98331517,-1.7216705,-1.649864,-0.67525667,-1.7342787
-0.7079113,-0.80030686,0.8010854,-1.6533302,-0.26343578
-0.21284156,0.019710975,1.287628,0.60435885,-0.1529034
-0.2678283,0.16493805,-1.6517261,-0.7423629,-0.13136636
-1.1330723,-0.7883048,0.44571298,1.6467179,-0.6730271
0.18904519,0.6375951,0.34751004,0.6061144,0.057940345
0.21833006,-1.1547406,-0.92294484,0.72448057,-0.023055065
-0.1709319,-1.4842142,0.3702719,0.4912974,-0.06888543
0.28592083,-0.24346633,1.3238821,0.6622575,0.1774119
-0.6354951,-0.9450415,1.6843349,1.0965017,-0.24744684
0.49539068,1.1166043,0.74203163,1.2601839,0.19343455
0.6967112,-1.1965811,-0.34161624,-0.109200366,0.35522777
-0.8600669,-0.14097637,-0.9785235,-0.50624156,-0.55368966
-1.6606746,0.7381084,-0.65530366,0.45567825,-0.96404487
0.94867766,-1.5350065,0.013156685,-0.7972345,0.72658724
0.45799,1.369757,-0.12710914,-0.10255166,0.31097952
-0.8288048,-0.7931478,1.2527597,0.49219337,-0.40182632
1.7069634,-0.47226045,-1.553634,0.7608604,0.8920975
-0.7317688,-1.0701603,0.15241931,-1.6926123,-0.50011736
1.2110097,-0.64923984,-0.5473874,0.65742767,0.6503651
0.920938,-0.672043,0.14234288,-0.6861503,0.55070245
-1.3968637,-1.5598979,1.6512988,-1.2364566,-0.29904544
1.1579527,0.6084461,0.049327776,-0.7532826,0.66268903
-1.5364841,0.0011910327,-0.298926,-0.051825374,-0.9197256
-0.9070446,1.7291173,-0.58327544,0.84004503,-0.5375474
-0.2399868,1.1946753,-1.715532,-1.5596349,0.57057464
-1.113779,1.5384488,-1.5575873,0.456882,-0.4481242
1.7297118,0.52485055,0.74769014,1.5488178,0.95413023
-0.29831305,0.93196166,-1.0501463,-0.9946198,0.017614128
0.7312428,1.6554428,0.9745328,0.4001978,0.23837335
-1.4907372,1.4523644,-0.48804912,-0.7118938,-0.97424424
1.0386385,-1.3460221,0.61892503,0.412162,0.77305543
-0.4881208,-0.38794917,1.2532983,0.7368911,-0.2574351
-1.2629753,-1.6912186,0.25040635,-1.0831729,-1.1254617
0.29899526,0.07343664,0.58900315,0.40078148,0.14130981
0.881554,-0.61499935,1.4510221,1.7004741,0.5685019
1.5376501,1.5348967,-0.5408351,0.10734098,1.1895047
-1.0048349,0.28519338,1.2626188,-1.2459455,-0.7062328
-0.8004145,0.026208274,-1.4459349,0.007309311,-0.48803753
0.3782912,-1.2667128,1.5723579,0.36822215,0.501121
0.5143524,-1.3747765,-0.5645096,0.5198414,0.20126192
0.7093391,0.28399372,-0.06560245,-0.13946885,0.3894954
0.9924951,-0.8679861,0.96291983,-0.38622448,0.74133384
-0.34339342,-0.80173486,0.1252045,-0.87705654,-0.22061683
1.0040251,1.2417862,1.5014293,1.1067625,0.40197614
1.3170102,-0.91100943,-0.7560875,-0.99449444,0.64482653
-0.40275836,-0.7768264,-0.9479228,-0.6049458,-0.4244318
1.2725149,1.3586435,1.532854,1.1367803,0.5586201
0.88864607,0.6947007,-1.0379897,-0.8297404,0.6686287
1.5663366,-0.9935625,1.1814618,-0.24084903,1.1674727
-0.93160367,0.54003,1.653834,-0.7061357,-0.761626
-0.8033505,0.8944223,1.1621271,-1.5522615,-0.90953016
-0.45084125,-1.5569468,-0.6505195,0.82197195,-0.4649833
0.13451856,0.33572656,-0.026333485,-0.78479785,0.0529862
1.0808916,0.40907845,-1.5493232,-0.8150345,0.7400912
-0.93606234,-0.06173962,-0.9364876,-0.39669994,-0.5820703
0.9094423,1.6949092,-0.35655344,0.4609718,0.70906204
-0.5700996,-1.1568918,-1.136106,1.5090125,-0.5047647
1.0876263,0.9612888,0.9902817,1.520242,0.542774
-0.034620274,-0.9284357,0.89935595,0.009307272,0.0802699
-1.4617591,-1.500441,-0.49260324,-1.5024449,-1.8128948
-0.90055346,1.2067219,-0.2711461,0.11363476,-0.5632784
-1.1993881,-0.8377743,1.6587197,0.025698826,-0.5493358
0.901362,0.08958198,-0.10676312,1.4508888,0.49689454
-1.1077536,0.932742,1.4583901,-0.3730028,-0.9710083
-0.09635026,-1.4626808,1.5905988,-1.6446455,1.1007234
0.41875377,-1.5002345,-0.6036188,0.6159346,0.12730609
-0.8973651,0.6062514,-1.6419004,-0.39489764,-0.39211836
0.5439916,1.5419555,1.6016883,0.5910043,-0.0018719652
-1.6345716,-0.17946969,-0.9246977,0.50765336,-0.99936527
-1.1851901,1.2466934,1.6420767,0.60406345,-1.0516853
-1.5134917,0.6255118,-1.0977898,0.9453268,-0.85187745
-0.47381446,0.509139,0.31068844,-1.2307217,-0.35267672
-0.5802889,-1.1156864,0.50706524,-1.4276081,-0.2541746
0.29377732,1.6824394,-0.40679368,1.6100332,0.22989792
-0.27133244,0.8132636,1.3388941,1.5714386,-0.2861246
0.8567873,0.2790634,-1.5587273,-0.699286,0.55663806
1.6261748,1.2521204,-0.7148871,1.6468519,1.0620264
0.66510767,-1.5059359,-0.2713929,0.32812354,0.3627109
-0.63139063,0.38621503,1.3149593,-0.47029024,-0.48816368
-1.5656133,-0.82193995,0.79482,-0.9540413,-0.85746
0.67098224,-0.17195489,1.1042643,-0.9377002,0.40648302
-0.8061905,0.58366627,0.7386206,1.37776,-0.54259175
0.9236039,0.7866013,1.5444084,-1.0808316,0.24645342
1.1985024,0.4107273,-0.42882434,-0.72604996,0.7138486
0.71148896,-1.3558007,-0.5313452,1.7127979,0.35345635
1.6632314,-1.0950179,-0.23686834,-0.86195683,1.0194366
1.6830136,0.037572514,0.674959,1.6927218,0.9481018
0.41183704,-0.29809177,-0.5047809,0.76045376,0.19562846
-1.2078013,-1.4668274,0.63010466,0.8463446,-0.71537113
1.5859514,1.7413282,0.47012568,0.3807179,0.9970641
-0.7700868,0.22828676,0.40305284,-0.32498017,-0.49131915
-0.76639724,-1.2441729,1.3989034,0.75915116,-0.30442643
1.4883597,0.77901155,0.2727205,0.5023838,0.8413955
1.3816298,0.7718162,1.139193,-0.9609626,0.6237699
0.5675553,-0.8568653,-0.47995552,-1.4436853,0.20908767
0.15511337,0.8896806,-1.5449076,-1.42449,0.49448258
-1.4016136,-1.0853537,1.0491225,-0.22437227,-0.7294063
-0.1316337,0.6168506,0.7116325,0.48181844,-0.16064885
1.6990827,1.6792468,1.4424297,-1.1140921,0.65257806
0.4857576,1.1690667,0.6555535,0.30525866,0.1704992
0.1946136,0.8760265,0.03340173,0.9850643,0.08586997
-0.31049228,-0.35136786,-1.2410948,1.0060652,-0.25491974
-0.5535668,0.33735943,-1.6298811,-0.6627237,-0.24811263
1.0736986,0.62122494,0.34388065,0.3833314,0.58293647
0.15336467,0.43685544,1.4007295,-1.5527165,-0.120037034
1.1676543,-0.34985524,-0.13450226,1.2338266,0.64988816
-0.25769874,0.25248462,-0.5614539,-1.4010025,-0.14054157
0.79965276,-0.706272,0.858616,0.08190441,0.5431607
0.75807697,-0.98838556,-0.83276343,-0.55943406,0.28775495
0.32180092,-1.6179267,0.6053331,-1.4529504,0.82791036
1.1294166,-1.4286124,-1.3951712,-1.5182896,0.07260362
1.126442,-1.0983326,-1.5580342,-1.1289899,0.25666377
1.6436185,1.6897843,-1.0032951,-1.2739463,2.508368
1.3712366,0.35915646,-0.29511452,1.3096362,0.7828946
-0.3932427,-1.5858558,0.5784194,-0.28090256,-0.13613687
-1.4110076,-0.89313966,0.8683952,-1.1727345,-0.7303427
0.36202306,0.4180742,-1.088431,-0.0081349695,0.25142786
0.032118235,-0.52013147,-0.35380414,-0.7976258,-0.04792529
-0.40207607,-0.4915286,0.56478894,-0.26563367,-0.21945098
-0.24126102,-0.65430534,-0.3798394,1.4777061,-0.1933827
0.12815721,-0.4231807,0.02488396,-1.5456152,0.051701836
1.3038142,0.20934959,1.111398,-1.5216206,0.667955
0.5840723,0.11109148,-0.49659023,0.4108139,0.31844252
-0.56443816,1.1379935,0.884872,1.1949189,-0.4820899
-0.6611136,1.1335241,1.3951224,-1.6627686,-1.16008
-0.37935153,1.455801,0.5718306,0.5306961,-0.40041983
-0.61853427,-0.049175903,-0.3062296,1.7045718,-0.38797194
1.5959091,-0.77931744,-1.0888289,-0.29313564,0.7995195
0.9593749,0.012839035,-1.1365349,-1.0381571,0.5312008
1.6023728,-1.1590722,-0.3347704,0.83677673,0.9303016
0.052651644,0.7271362,0.5360114,0.9656014,-0.038067162
0.39449486,-0.20558755,0.9387453,-0.19451082,0.2339515
0.6443942,-0.5570519,-0.08381898,-1.4294448,0.3491624
-1.5831251,-1.4858376,1.3836194,0.05289426,-0.784011
0.2009493,0.8552997,-0.6814429,-1.1379782,0.24913809
-0.068055436,0.9895624,0.34168336,-1.4955698,-0.19147979
-0.91847974,1.6129102,-0.8805725,1.0685158,-0.48426074
-1.2892857,-0.6169015,0.46074584,1.177207,-0.76214004
1.5718853,0.5373225,1.4654438,0.68217427,0.80916935
1.4475187,0.07319675,0.6010993,-1.4300901,0.80246824
0.84539694,-1.114627,0.11418468,1.456998,0.5033835
1.6906836,-1.0938141,-0.63326025,1.2566596,0.94265234
-0.6517836,0.90841484,-1.4105889,1.4767419,-0.3038773
-0.2503342,-1.0043303,-1.1766748,-0.129714,-0.38624114
0.69925714,1.2888808,-1.4747407,-0.3357162,0.8109474
-0.23742342,0.621918,1.2202237,-1.5704347,-0.41324592
-0.29082984,0.60809565,-0.7177015,1.265928,-0.15811025
-1.37646,1.1663281,-0.25801337,-0.105369076,-0.8732292
0.5098744,0.8685035,-1.5405711,-1.7492046,0.8109279
-0.9936993,0.766153,-0.48002085,1.6820264,-0.58791447
0.109785795,0.9203109,1.4604539,-0.23872036,-0.19073369
1.7263803,-0.7403148,0.31494477,1.0291204,1.0279903
-0.48300818,-0.92678934,-0.30773234,-0.27048793,-0.38173527
-0.49571282,-0.31571573,0.89457387,-0.28733906,-0.27018
1.0862547,0.9842679,1.3236693,1.5118212,0.5109416
-0.5860688,1.2389566,1.3360637,1.4261409,-0.55447733
-0.10075802,1.303368,-1.2721807,-0.82415855,0.3118606
1.6553564,-0.54853094,0.122421645,0.03981527,0.9647225
-0.6589586,-0.21656372,-1.41182,1.1641023,-0.44181412
-1.1850209,-1.2023933,-1.1855471,0.068991296,-1.0297911
-0.9167397,1.0924188,1.3183964,-0.32705423,-0.8871724
-0.43035716,-1.160679,-1.36981,1.535697,-0.44316092
-0.77009195,-0.71764106,-0.84354013,1.5305681,-0.5400511
-0.8466202,1.460685,0.82303333,-0.4794693,-0.917881
0.7428767,0.43468294,1.6707684,1.2992307,0.3397992
0.33983994,-0.73021716,-1.6699636,-0.18623313,-0.024392715
-0.50410026,-1.1787162,-1.1096168,0.037162077,-0.56868106
-1.2909461,-1.2038969,-0.67467535,1.377377,-0.91337407
-0.4951412,1.4276915,1.3300349,-0.14900322,-0.7289213
-0.67973924,-1.602377,1.0003467,-0.1869802,-0.2173957
-0.5133274,1.5282289,1.0701935,-0.39140263,-0.7702713
-1.5066017,1.4152608,1.0999811,-1.4629737,-1.988191
0.418191,0.11592274,-0.43092227,1.3290168,0.21990186
-1.2182848,-0.1342906,1.2659112,-1.3755722,-0.68836343
-1.2941976,1.376099,-0.04921577,-1.3460991,-1.0612547
-1.360049,0.7832207,0.16048998,0.22043426,-0.8689795
0.7660234,1.6715109,-0.45657265,-0.19710816,0.7093713
-0.9897371,1.4290764,0.727918,0.053616505,-0.8859839
-0.6637417,-1.1477078,0.766321,0.12211141,-0.31962046
1.3971831,1.0933399,-0.1830589,1.7051932,0.84151685
0.96164656,0.894761,1.51161,-1.6989536,0.114804044
1.0347197,-1.2432259,-0.44590983,-1.057548,0.55284077
-1.5882118,0.8524042,0.4339423,0.30565745,-1.0461831
-1.1879308,-0.90765256,1.5595814,-1.5589548,-0.33680844
-0.60304713,-1.0421282,0.96709174,-1.3850933,-0.12181179
1.4699634,0.039677206,-0.62658113,1.3150456,0.82805395
0.22334617,-0.20951548,-0.77922004,0.65741444,0.08311317
-1.2409741,-0.4665653,0.3306576,-0.55256736,-0.73402685
0.05793611,-1.1477922,-0.013956939,0.44346213,0.00480023
-1.2905318,0.9699536,0.119985335,0.28905988,-0.8436212
-0.33020997,1.762286,1.1058284,-0.18532558,-0.7217485
-0.42644647,-0.38328874,0.5996396,1.4263705,-0.25557533
1.5381057,-1.1794243,-0.9645432,-0.014856061,0.7809141
0.5806199,-0.08395348,-1.4037366,1.2164977,0.29761326
-0.25317335,-1.5228076,1.6234238,-1.3649011,0.78851414
0.33810213,-1.4228852,-0.1900854,-0.71933794,0.14848667
-0.45002595,-0.57966834,-0.6778199,0.27906057,-0.34872702
0.723855,1.1130332,-1.2628416,0.9123981,0.578485
0.72844243,-1.3419995,1.6489575,-0.7203266,1.0327649
0.50967604,-0.27413338,0.8660474,1.2372806,0.29288372
-0.6241731,-0.9074028,-1.090125,-1.4537765,-0.76223266
1.5165578,-1.6143227,-1.484835,-0.6762126,0.54750675
-0.20150146,-0.38950187,1.4916493,1.2899598,-0.08944376
-0.62338036,-0.095726356,0.7387953,-1.3107709,-0.3700453
1.1258703,-0.28919992,-0.25331277,-1.6415861,0.61126435
1.4509473,1.294078,-1.428857,-0.4523177,1.3430068
1.7611442,0.7120665,1.0404394,-1.4598825,0.8484459
0.55740565,1.10298,-1.1672443,0.501724,0.48785263
-0.53998035,0.6964444,0.84336317,-0.31943634,-0.4552876
0.92190856,0.19155039,-1.6327889,-0.52510303,0.5640398
1.5248315,0.9624203,-1.5328448,0.945096,1.062074
-1.6421683,-1.1163514,-1.6491894,0.08655018,-1.3672633
-0.16622294,0.9039228,1.556631,-1.578599,-0.621713
-1.127418,0.84543544,1.5604045,-1.6585054,-1.2339737
0.36812407,-0.74038506,-1.4669956,1.0752605,0.0784878
0.75948054,-0.05359412,1.3272452,0.73382837,0.4226832
-0.30866125,-1.3250315,-1.0452658,0.939038,-0.38974604
-0.09693398,-1.5337901,-1.5976928,-1.4879354,-1.3538623
0.82239026,0.004886206,0.8259372,-0.34966967,0.4503809
-0.24232024,0.32207838,0.97301286,1.4679496,-0.19624716
-1.3992257,-0.37294325,0.9729537,1.3870214,-0.8112714
1.4252489,0.5507728,0.30059338,1.1651269,0.79541343
-0.8197222,-1.3523662,1.6479762,1.5962716,-0.3385143
-0.14206137,-0.9609469,-1.4810373,-0.5580798,-0.40799436
0.20961227,1.2219988,0.7917981,-1.3575467,-0.20750028
-0.056355406,-1.7065486,-0.54538774,0.96094733,-0.1878268
-1.57302,0.28328514,0.083920546,1.0918419,-0.9465644
