1.3639385,-0.36631173,0.8086456
1.4766984,-1.061742,1.1512369
-0.3563431,0.8048907,0.24080032
1.6293025,-0.7265621,1.0231684
-0.3302172,-0.08424922,0.32236454
0.39470133,-1.2310292,0.8314745
-0.79137343,-0.1707439,0.21847947
1.0586455,0.25698924,0.58503777
1.5654587,-0.06481308,0.7714527
-1.216398,-0.6510179,0.13733846
1.5441935,0.52988046,0.63456684
0.36950126,-0.44933945,0.56227404
1.3196236,-0.9692508,1.0422003
0.28040737,-1.2915026,0.81459963
0.87763804,-0.36611864,0.6792
-0.19602612,-1.6563823,0.79300374
1.3748707,1.4681754,0.47286293
0.30172694,-0.8342626,0.6436041
-0.7569008,-0.72279906,0.2838415
0.48617017,0.1695806,0.4755819
-0.746389,0.4632406,0.18667062
-0.15483119,-0.1591811,0.37426504
-0.65238714,1.2146523,0.16827314
1.1896946,-1.0195177,1.0232505
-1.3124042,0.63780123,0.069341525
-0.7468604,0.0028605445,0.215888
-0.439191,-1.4253769,0.5607352
-0.98843795,-0.67504543,0.20777257
0.20971014,0.4548848,0.3797659
-1.6539575,0.34318194,0.004421532
1.6026026,1.2870355,0.53001016
-1.4159129,1.1846693,0.04296624
1.3768368,-0.95344746,1.0536081
0.3337799,-0.74500257,0.6272906
-0.5120969,-0.36649168,0.30949345
1.1114647,-1.2545083,1.1351093
0.31557766,-0.46851644,0.5517147
1.4387304,-1.4339014,1.4207621
0.23543581,0.6764667,0.3612815
-0.4960252,1.2525696,0.1922386
0.5099131,0.1462303,0.48445883
-0.41990903,-1.2535578,0.5110302
0.77200663,-1.3264954,1.0416554
1.5848851,-0.6785741,0.9878766
1.0427603,0.5189115,0.537435
-0.7058038,0.04977605,0.22188368
1.0413913,0.32694945,0.5688484
0.3553212,1.6661766,0.3012289
0.9218105,0.82453394,0.47169036
-1.0026172,0.38540283,0.13834907
-1.6577971,-0.34937933,0.004594338
-0.6182888,0.83968735,0.19119036
-1.2739147,0.65093505,0.076417
1.4603895,-1.5779009,1.5832886
0.54323614,-1.0331789,0.79806817
0.7605635,0.065927684,0.5545177
0.5918572,0.67488253,0.42886642
0.017189708,0.8633748,0.3042349
1.3950605,-1.0412242,1.1092204
-1.1765871,-1.7398986,0.28610224
0.15559559,-0.08488195,0.4389034
-1.1284077,-0.19443728,0.13633521
0.57823503,0.5177258,0.44573483
-0.54598844,-0.47734883,0.3140698
0.57490104,1.3528605,0.3582379
-0.31168136,0.12430664,0.30447394
1.4756373,1.2925136,0.50881875
-0.9736766,-1.2191092,0.2798283
-0.9800425,0.71114,0.13019192
-0.9801045,0.21661922,0.15065548
1.5962881,-0.87373656,1.0855339
0.6211195,0.8796516,0.41103777
1.704464,-1.7256466,1.9163151
-1.3742462,1.4302292,0.047061093
-1.6611861,0.14871557,0.003099672
-1.3003368,0.1768229,0.08228745
-1.1114409,0.8210191,0.102487445
0.74476385,0.15298373,0.53535163
0.6638759,0.7615208,0.43209854
1.4782768,1.1269583,0.53003883
-0.8423033,-1.3672544,0.36377802
-1.126981,1.1715833,0.09113894
0.9609816,-0.2568009,0.6726658
-0.649022,-0.40259773,0.27696264
1.0924741,0.3612102,0.5735076
-0.36155856,1.383898,0.20763738
1.0324029,-0.95026493,0.9331991
-1.2910435,-1.179701,0.14977604
-0.82202184,1.0994806,0.14437865
0.572249,-0.8200724,0.726749
0.41126475,0.5736609,0.40611395
-0.39197165,-0.25255316,0.3269143
1.0737792,0.4914453,0.5479353
1.2180067,1.3503819,0.4608944
-1.2018361,-0.88544583,0.15796436
-0.87234557,-0.84753036,0.26303855
1.6242228,0.8706247,0.59199715
-0.53401864,0.103229225,0.2565974
-0.5634427,-0.18693863,0.2764487
-1.6193653,-1.5396707,0.02740603
-0.9391755,1.4985255,0.1133234
0.4773955,-0.059844762,0.51154506
-0.18018442,-0.3174516,0.39034018
-1.2030635,-0.7158828,0.14547528
0.08755146,-0.34060517,0.46436486
-1.12934,0.8625496,0.09814601
-1.4140673,-0.033633366,0.06148927
-0.90127116,1.5125232,0.11878392
-1.4602522,-0.09481745,0.051706325
-1.0495214,-0.24574238,0.15898976
1.7688072,1.0006121,0.5974908
0.3724562,-0.03872565,0.48304948
0.5779038,-0.34457472,0.59445304
-1.5592383,0.59527504,0.022428548
-1.0840296,1.3953055,0.093193375
-0.52613604,0.4461915,0.2321047
0.31647387,1.2327783,0.32624587
-1.468363,1.147776,0.034584302
-0.694954,0.50472885,0.19462676
-0.9839532,0.6189763,0.13282378
0.051924326,0.5749532,0.3360464
-0.593733,0.18945386,0.23644342
-0.07219883,1.5046489,0.24647206
-1.1199503,1.6321248,0.08298437
-1.1350473,0.6335896,0.10336407
-0.95765877,-0.0810912,0.17178655
-0.5423976,1.5853868,0.17105883
-1.3122504,-1.3634903,0.15813589
1.4912726,1.3005015,0.51037765
-0.29466915,0.93964916,0.24327758
1.529038,1.1373847,0.5371894
0.5837983,-0.12844662,0.54998803
-1.4113121,-1.3067586,0.11094808
1.2390639,1.2627451,0.47395834
-0.4267387,-0.76300687,0.39306363
-0.61306244,0.4700707,0.21303782
-1.3825035,1.0042982,0.050727986
-1.6651208,-1.6385071,0.005317143
0.5399281,0.123672515,0.49474433
-0.329081,-0.61858505,0.39730167
0.717694,1.2564359,0.3897521
-1.3663015,-1.1141539,0.11607935
1.3258588,1.0758225,0.51086324
-1.217131,1.1046969,0.0774145
-0.2502491,0.97818786,0.24862769
0.40689373,1.6970417,0.30681828
0.93630695,0.2734781,0.5559786
1.4376056,-1.5889555,1.5847646
1.6161232,1.2636714,0.53516316
-1.3185219,0.16800956,0.078518294
0.48060524,0.04177061,0.49477562
-0.6936673,-1.6703103,0.5320376
-0.14158984,-0.38887763,0.41168308
-1.2419952,-0.84771377,0.14193974
1.6159499,1.7311953,0.48143175
-1.2169533,1.2604387,0.07456454
0.9676524,1.3202281,0.42400077
0.65244603,1.2125639,0.38314202
0.6068325,-1.084527,0.84381926
-0.88401955,-0.7492987,0.24752392
1.6126653,-0.6821853,0.99789697
0.42563388,-0.6989674,0.64242136
0.26871186,1.3773494,0.30772853
-1.4706597,0.6050292,0.03945482
0.7701653,1.417706,0.38351607
-0.21123359,-0.0755285,0.34981
-0.7418896,-1.5626274,0.46598566
1.5265403,-0.50396377,0.90029687
0.43114257,1.244181,0.3440863
-0.9057729,1.0787023,0.13088085
-0.82458663,0.5518671,0.1665997
-0.035099775,-0.50960535,0.4622526
1.0088334,-1.6364744,1.416765
-0.3929621,-0.9391933,0.43946975
-0.9355666,0.9247806,0.13083969
-0.54264814,-0.7033258,0.34700257
-1.2395576,0.8490005,0.07860903
0.6613899,0.48755103,0.46626696
1.3803035,-0.66939807,0.9221211
-1.5743191,1.0791825,0.017154722
0.4471635,-0.55891126,0.6106294
0.9368925,-0.051661067,0.6189751
0.3594602,-0.66380936,0.6125224
-0.56621265,-1.6632365,0.59776235
0.9461076,0.29070935,0.5550771
0.9522581,0.51559454,0.5200399
0.6911772,-0.8796049,0.7874511
-0.25549886,1.086874,0.24100514
-0.40892372,-1.5725366,0.6368573
0.23140769,-1.6903589,1.0502316
-0.25710526,-1.0806097,0.5232488
-0.46610466,-0.6016454,0.35425997
1.1480762,-0.18869911,0.7024933
1.5273204,-0.33340344,0.8413084
-0.12335475,0.8103549,0.28292644
-0.33847284,-1.5383277,0.6557351
0.072284035,0.26607737,0.3728924
-0.05568595,0.037320845,0.37224883
0.4612187,0.47186252,0.42828992
0.5298059,1.7570219,0.3207705
-1.517166,1.0903981,0.026800644
-0.58845323,-0.9680285,0.37794775
1.4975756,-1.4359078,1.4495584
0.7180933,-0.4194151,0.65028244
-0.03851318,-0.8763399,0.5437654
-0.991251,0.62182254,0.13131607
-1.0065786,0.022970827,0.15442857
-1.4956543,1.4229339,0.028121829
-0.5142634,0.6984111,0.21819097
0.6287891,-0.3168933,0.6014331
1.1453458,0.06734341,0.6418132
0.8423462,0.4284736,0.5112208
-1.4752915,-0.21163832,0.050156664
-0.988593,1.4275312,0.10743783
-0.22466095,-1.3697928,0.63458055
1.7132459,0.86496466,0.6088775
0.29629916,-1.115461,0.7414381
-0.3988816,-1.5356095,0.6248783
0.75970525,-0.35461685,0.6449269
-0.6088522,0.8647869,0.19162074
-1.0676361,1.2508135,0.09908986
1.3042576,0.44864404,0.6014042
-0.73599494,-0.14533676,0.23004903
-0.29811847,-0.09186764,0.33094484
-1.6662294,-0.7068886,0.0027462656
1.1998558,-0.15116167,0.70570517
1.3520477,-0.114816636,0.7334605
0.6748511,1.5050474,0.36130503
-1.1537846,1.03722,0.08962042
-1.6526843,-1.4020538,0.0100488225
-1.3516884,0.014114389,0.0749424
1.3314928,-1.076069,1.106698
0.8740516,-0.27265003,0.6543672
1.4964992,-1.3924482,1.4080418
0.9494278,0.46452227,0.52730125
0.4830594,-1.2627085,0.88346535
0.030285073,1.7449459,0.24874383
-1.2626907,1.336451,0.065925375
-1.4284927,-1.2051028,0.09760243
-1.5638272,-1.6507229,0.059432916
0.75220746,0.07552627,0.5508491
-0.7984573,-0.48464683,0.24457729
-0.29947194,0.5236887,0.27165046
-0.9440583,-1.1849527,0.2859265
-0.2666977,0.7275228,0.26261187
-1.1650842,-1.5138974,0.24590752
-1.0782458,-0.9223678,0.20287725
0.6184666,-0.9187263,0.7781196
-0.4647188,0.85877675,0.21786706
1.1104196,-0.039263785,0.657262
-0.50538707,-1.6851685,0.6416804
-1.2162931,-0.99869037,0.16213079
-0.25673464,-0.80794,0.45605564
-0.7877434,-1.6267179,0.46492216
-0.47978088,0.2322722,0.25781587
-1.5924988,0.63420445,0.015819503
1.010779,-0.3162021,0.700963
-1.1519423,-0.6937957,0.15963334
0.9128246,-0.003846148,0.60324216
0.82871723,-1.3915918,1.1109654
1.2776397,-1.0652089,1.0805377
-1.273965,-0.033321902,0.09447191
1.2858452,1.5709202,0.4485759
-0.7670827,-0.534572,0.25861514
0.6862547,0.879496,0.42271426
1.6646161,-0.6860589,1.0154164
-0.19575202,-0.46184027,0.40889552
0.03383173,-1.669175,0.9255499
-0.34938157,1.465473,0.20567071
-1.3909671,1.721189,0.04166435
0.8737021,-0.030147374,0.5995162
-1.6626359,1.1254717,0.0021088973
1.1163732,1.4469103,0.43489078
1.3358414,0.8813589,0.5387316
1.6759692,0.913581,0.5945574
-0.35911095,-1.6692562,0.71278954
-1.3679868,-1.6475656,0.16355716
0.4343831,-1.3445106,0.90816325
0.99861306,0.55752575,0.5228474
-1.6670983,-1.5160582,0.003901128
-0.34378934,-1.3371235,0.5704989
-0.98530847,-0.8465431,0.22592035
-0.10349006,-1.6159004,0.8166078
-0.80060244,0.009203442,0.20295054
-0.65688115,0.26083174,0.21765275
-0.49961743,-1.0234805,0.42075047
-1.5895853,1.15962,0.014271641
1.4603356,-0.6615766,0.9430079
1.4910338,-0.48882905,0.88478744
-0.22302888,1.3481988,0.23145053
-0.14899112,1.5184088,0.2339383
-0.65576565,-0.19514723,0.25425285
-1.5082203,-1.2570746,0.06811295
-1.6289239,-0.8764141,0.015368037
0.68726957,0.23102634,0.5097191
-0.89848703,1.0388895,0.13344638
-1.0600946,0.8833433,0.10999342
-0.08723034,-0.77062476,0.50172156
-0.5264036,-1.657594,0.61646914
-0.51005805,-1.5339644,0.56977254
0.1024918,-0.5533189,0.5102574
-0.31817618,0.028916629,0.31280074
-0.5458681,-0.78399336,0.35903758
-0.77751017,-1.3852949,0.3966644
-1.3545276,0.1923782,0.07004022
1.4913368,-1.3906394,1.4040956
-0.6421028,-1.3451864,0.44492748
0.50353324,-1.4244524,0.9878169
-0.5504383,-0.4702484,0.3119282
0.18710999,1.5619074,0.28269103
1.6528798,0.6950891,0.6260736
0.84066755,-0.20192304,0.6290399
-1.4454188,0.36918515,0.04749511
0.73074865,0.7079235,0.45100462
1.6820601,0.01708911,0.776981
0.5002675,-1.4132344,0.9790293
1.2018435,-1.0779048,1.0600277
1.7451743,-1.1892463,1.3409363
-0.2167595,-0.03787465,0.34394857
0.40462846,-1.6048373,1.0715744
-1.1499281,-0.3132856,0.1369233
-0.30778134,-0.6369757,0.40682867
1.3226805,1.7346447,0.43820736
0.9300963,1.4379002,0.40670875
-1.0427198,1.0294901,0.10892329
-1.3339589,0.10557038,0.07666623
-1.1298261,-0.5632074,0.15719104
-1.6525772,0.45591152,0.004552243
-1.2818652,-1.2096288,0.15602633
-0.37877628,-0.7440774,0.4046257
1.2095121,-0.3468504,0.7617677
0.33543867,-0.4068331,0.5435834
-1.2628618,-1.6610017,0.22185744
-1.3345425,0.7067297,0.06387504
0.9039676,1.4566647,0.4009065
-1.2339884,-0.9642764,0.15314636
-0.16491474,0.48143312,0.30191705
0.87336314,-0.19735463,0.6361485
-0.7499635,-0.057382714,0.21968259
-0.14065133,0.10945739,0.34434104
-0.10276796,1.5325481,0.24025942
-0.36032316,0.24273688,0.2826437
-0.8261251,-1.1070685,0.31784192
-1.4881992,-0.6264853,0.05537645
-1.3451058,0.86693895,0.059280977
-0.87509006,0.55623853,0.1565113
1.710642,0.041049737,0.7772711
-0.7847591,-0.22552912,0.22457755
-1.109441,-0.6781827,0.17140192
0.46463397,-0.6180584,0.6314233
0.5218431,-0.9218677,0.74650747
0.9908324,0.2953284,0.56373876
1.356329,0.5012857,0.6025203
1.0062721,1.3550122,0.4267025
-1.66054,-0.3909149,0.003932677
0.19990231,0.13287148,0.4175407
1.0904577,1.1446972,0.46282852
-0.112035796,0.7726814,0.28789172
-0.96778154,0.23304847,0.15252943
1.6891165,0.5478301,0.6597075
-0.59704787,0.098218374,0.24282631
-0.93344754,-1.5034084,0.35494196
-1.5056235,0.074704655,0.038487732
0.12408486,-0.37800184,0.48094156
0.81037253,1.5956295,0.37448788
0.428411,1.5960095,0.31691265
0.38774148,0.35612044,0.4281369
-1.2590417,1.580473,0.06290839
-1.5613102,-0.899918,0.0382714
0.07748042,1.5371101,0.2675272
1.61763,1.5226932,0.5042451
1.0407999,-0.060461257,0.6455732
-0.9556479,-1.4060777,0.32229146
-0.17642178,-0.5613123,0.43165213
-1.2225217,-0.46400484,0.1252187
-0.78374076,0.035912957,0.20499893
0.3590623,-1.5894312,1.0360302
0.985026,0.33311772,0.55599177
1.473876,-0.7253932,0.97452605
-1.5341299,-0.44395837,0.038703363
1.198727,-0.9025119,0.9671664
-1.1675941,-0.36489406,0.13498284
0.69210726,-1.6282946,1.2417128
1.5046644,-0.9265895,1.0830017
0.0713369,0.16902763,0.38437086
1.6141421,1.1605189,0.54833657
-1.420362,1.6067848,0.038297653
-0.61070824,-1.3249946,0.45267215
1.0517049,0.7461502,0.5058507
-0.3280889,-0.98561907,0.47274268
-0.30540994,-1.3543993,0.5933901
-0.67070127,-0.070697874,0.23961422
1.2343636,-1.0031389,1.03036
0.89195937,-1.5094906,1.233727
0.59907186,-1.6385262,1.2023818
-0.92073524,-1.1716325,0.29280946
-1.3509489,1.4535902,0.05043408
0.23343952,0.98873955,0.33212647
0.55744106,-0.69010246,0.6800225
-0.74806863,-1.1715839,0.35981372
-0.43475246,-1.3475062,0.53501403
1.210357,-1.0328488,1.0378821
0.18435155,-0.7176582,0.57344747
0.12485994,1.0642368,0.30730784
-0.37671492,0.58300346,0.2520657
-1.5125725,-0.6716602,0.049122352
-1.5722817,1.2188928,0.016911559
-0.7761481,-1.0869203,0.33286667
-0.8283456,-1.4275193,0.38473466
0.58374923,0.3910853,0.46387675
-0.4542373,-0.96397257,0.42374906
-0.6266621,0.50768787,0.20800704
1.6892716,1.498486,0.5180338
0.64707804,-0.82577235,0.752983
1.2750039,-1.2217458,1.1786441
-0.7866503,0.6695264,0.16833754
-0.6563631,-1.5832616,0.51649684
0.6801771,1.5776113,0.35629117
-1.100394,-0.82462937,0.18627033
-1.0787424,0.858017,0.10737228
-0.036036637,-1.3931588,0.7280213
-0.5828091,-1.184872,0.42718413
-1.2440068,0.20077093,0.09392879
1.0687665,0.63256174,0.5252564
1.4321847,1.3720021,0.4925245
0.32655334,1.4792953,0.30955446
-0.25272912,-0.09442455,0.34216166
-1.548196,-0.21952595,0.031955894
-0.5801878,0.29786378,0.23135816
0.48563161,-0.40214324,0.58310413
0.85928285,0.066763856,0.5768309
-0.17058131,-1.6605548,0.8093017
-0.63377655,-1.4384694,0.47661096
1.0068781,1.2133133,0.44140393
-1.3245113,-1.0219948,0.12541094
1.1356945,1.3932886,0.44333518
-0.62103474,0.20004755,0.2296936
0.07351225,0.43569013,0.35433567
-0.2932083,1.6070135,0.20769309
0.2559647,-0.9724048,0.6731279
-0.4733339,-0.2710955,0.3083234
1.2995034,0.3187582,0.6244687
0.002375628,0.60833025,0.32332444
1.3916007,-1.706623,1.711821
1.7031374,0.6325858,0.6466857
-0.791952,-1.0314482,0.31744802
-1.2093037,0.23808786,0.10029232
1.4289796,1.1979735,0.51277155
1.3967927,-0.16855273,0.7587983
-1.2679287,-0.048865445,0.09641105
-0.08599043,-0.12471353,0.3864007
-1.651283,1.4760323,0.0036979525
-1.362746,1.0074397,0.054109234
0.37980637,0.3029124,0.43351468
0.50535053,-1.0527327,0.7926205
0.41225252,-0.9492469,0.7190869
-0.42160597,1.4092565,0.19698738
1.636134,1.273453,0.53716326
0.29340643,1.026244,0.3393121
-0.9691691,-1.3659495,0.3081087
-0.050356314,1.377984,0.25718036
0.46076044,-0.16146909,0.5262407
0.6502984,1.3039753,0.37451926
-1.1706748,1.5360111,0.07702674
0.6926625,0.19981387,0.5159815
-0.8327552,-0.72579235,0.26074874
-1.3840017,1.6629536,0.043226965
-0.89359784,-0.91065973,0.26409087
1.7081819,1.157242,0.56446564
1.519498,-1.6814035,1.7471218
1.5894705,-0.5469044,0.9345507
1.058178,-1.5281677,1.3311417
1.3482842,-0.78293806,0.96076584
-0.18338203,0.7544212,0.2761141
-0.90052235,-1.2546978,0.31558353
0.9077245,-1.5157543,1.2468108
-0.8453301,1.2657319,0.13486637
-1.11519,0.9466827,0.098503694
-0.5028471,-0.012421345,0.27406454
0.40859807,-1.2343322,0.83868974
0.93380064,-0.45961943,0.72044134
-0.621817,-0.5632211,0.30362016
-0.96655375,1.0941691,0.12007805
0.2794816,-0.56904185,0.56480044
-0.96804684,-0.500253,0.19853553
-1.074191,-1.2411958,0.24287316
0.9449188,-0.8223959,0.8481941
-0.24217352,0.96011317,0.25119925
1.62099,1.141169,0.5520913
1.7226033,0.2626258,0.7258399
0.56230956,-0.6537476,0.67060894
0.6399042,1.697884,0.34109306
0.44377577,0.35434094,0.44000465
0.0741245,-0.6727594,0.5287132
-0.07811793,-0.6033924,0.4682923
0.0708232,-0.23956823,0.4426688
0.6903118,0.8415338,0.42770544
1.648523,0.6508066,0.6329916
-0.399206,1.2832067,0.20650958
-0.6809045,-0.0724967,0.2373297
-0.36993635,1.4630219,0.2025951
-0.7849478,-0.70830756,0.2733752
0.34001395,-0.8040249,0.6467267
1.3327813,-0.64335865,0.8974306
1.3939741,-1.6449902,1.6308198
0.8379167,-1.1489059,0.9629031
-1.2203652,-1.5863035,0.23109417
-0.8772311,-0.097216815,0.19213077
-0.33126414,0.02342921,0.3103599
-0.2703156,-0.45012215,0.38645044
0.18880899,-1.1963432,0.7337648
-1.533898,1.6042156,0.021245774
0.58321726,-0.5765307,0.6546438
-1.2667657,0.8458565,0.07376065
-1.0426434,1.2329403,0.10360936
-1.3847632,-1.1505201,0.11137479
1.5478507,-0.21328631,0.80923146
-1.583791,1.0244082,0.015759116
1.3464193,1.7134978,0.44368985
-0.010748072,-0.2152897,0.41821036
-0.15315352,1.2826126,0.24636668
1.1244314,-1.3750147,1.2289088
-0.11203949,-1.1371087,0.59497696
1.1273173,1.4546454,0.43582508
1.2924212,-0.1598628,0.7307163
-1.4481925,1.7461808,0.03309738
0.70987606,0.13485809,0.53075653
0.3722909,-0.7233112,0.6330241
0.4174723,1.678913,0.3095908
0.29859665,1.5464587,0.30064902
0.51826173,0.17022675,0.48254266
-0.78140426,-1.060462,0.32623106
-0.17320547,-0.06939801,0.35812703
1.6835709,-0.83987737,1.0964202
1.2042974,1.2897571,0.46530455
-0.017553942,0.08838892,0.37456203
-1.5727527,0.37747797,0.021119924
0.12263717,1.0745816,0.306135
-1.1257094,0.59001935,0.1064535
1.447735,-1.0922605,1.1596259
-0.99845314,1.4694154,0.10488617
-0.077203654,1.0884546,0.27116582
-0.33510706,-1.0800593,0.4943199
0.35364643,1.3380361,0.32413423
1.6679109,0.5063234,0.66347325
0.2108057,-0.33974352,0.4966689
1.0446626,-1.252295,1.1064345
1.3840606,-0.28529468,0.78904057
1.437607,-1.7193505,1.7558047
-0.54765767,1.0117208,0.19505987
-0.33805913,1.2819617,0.2164699
0.8772069,-0.50004596,0.71655136
-0.42281672,1.6390072,0.18689588
0.8536561,-0.64510876,0.7550612
-0.32912207,0.30833352,0.28348508
-1.1210227,-1.2201297,0.22118425
0.748214,-0.06760478,0.57746595
0.3112155,0.7185236,0.3712782
0.81504905,0.7651881,0.4595682
1.7582617,-0.052206475,0.81376696
1.2230424,-0.8809797,0.96508753
1.679887,1.2374743,0.5489624
0.13933524,1.1724732,0.3016012
-1.4344181,0.28937533,0.051003896
-1.1611097,-0.8028324,0.16488512
-1.0227145,0.38012612,0.13442907
-1.4706486,0.011539004,0.047424573
-0.81616205,1.6153328,0.12886314
-1.5383697,0.26774132,0.029178476
-1.5418961,0.14262621,0.029584771
-0.9820345,0.12718593,0.15463568
-1.6507794,0.9434936,0.004295348
-1.0100359,-0.014922572,0.15562877
0.70389044,1.515931,0.36487377
1.483665,0.924093,0.5589094
-0.46517766,-1.3235358,0.5140919
-0.45383775,0.0068110735,0.28365043
0.9667948,-1.4875895,1.25038
-0.8025959,-1.3449829,0.37575758
-0.7672221,0.3489064,0.18885145
1.1083293,0.40247402,0.56964576
-1.4535172,-0.14724417,0.05433218
0.25774872,1.6802282,0.28587934
1.568626,-0.93899095,1.111676
0.34250754,-0.73101676,0.6260043
0.51552814,-0.27512327,0.5628614
-0.9559181,0.017506074,0.16643806
0.02338907,-0.14229684,0.4156029
0.14185265,1.592068,0.27398044
0.46987,-0.7367574,0.6672635
0.7163555,-0.91410154,0.8094649
1.5437313,0.15815604,0.7109095
-1.2675018,1.3291965,0.06526747
0.098778635,0.42472258,0.3606314
-0.813387,0.9553309,0.15125416
-1.3153213,0.34765998,0.07487735
-0.090768784,1.5073819,0.24346665
-1.4689065,1.0642972,0.035214763
1.2491636,1.2666713,0.4751557
0.24662255,-0.23030573,0.4855665
-0.88111204,-1.4507726,0.36644235
0.9472046,-0.8283409,0.8513383
-1.5829093,0.6066165,0.0177921
-0.61904436,1.2419837,0.1726198
-0.28839073,-0.68104815,0.4206923
-1.4163986,1.4635961,0.040161606
-1.0480579,0.25987747,0.134082
-0.23396492,0.013824473,0.33391675
1.3539939,0.07546778,0.6874265
1.7103261,-0.30422094,0.87949085
1.1430048,1.6550972,0.41909423
-0.9812929,0.083303355,0.15705734
-1.0796331,1.0852226,0.10114149
1.5502164,-1.4791509,1.5176051
0.65636927,-0.9002737,0.7837784
0.092909634,0.20478863,0.38467607
0.28023776,1.4126805,0.30703327
-1.3370793,0.8450368,0.061075065
-0.5279094,0.3421569,0.23912019
1.7050968,-1.73264,1.9278917
-0.37763062,0.03992981,0.29798594
-0.039247807,-1.1553526,0.62909395
-1.3829523,-1.4965072,0.13916504
-0.916332,0.24758346,0.16287398
0.011982031,-1.1071184,0.63160354
-1.0226898,1.6048329,0.09810815
-0.1664341,-0.95013565,0.5199721
0.74806905,0.5742209,0.47159553
-1.6375922,1.0402459,0.006455569
0.55870396,-1.361583,0.9721678
-1.0916669,0.9078781,0.10367994
-0.79343337,-0.22890821,0.22266823
0.70837027,0.9191155,0.4222785
1.4166102,1.7106378,0.4542766
-0.4235762,-0.74348134,0.39053643
-0.6599839,-0.75569725,0.31855205
-1.5102407,1.4057254,0.025939524
-0.84098107,0.2026123,0.18161924
-1.460984,-0.16875954,0.052911427
-0.3470391,1.3425528,0.21196508
0.39860198,-0.84379864,0.6782326
-1.5664573,-0.080101125,0.026020598
1.5509404,1.216154,0.5305799
1.127725,0.69489825,0.52730936
-1.6389159,-1.1319596,0.01376288
-0.77549005,0.46444392,0.18075766
0.608898,-1.335525,0.97774184
-0.3067178,-0.9493111,0.47142825
-0.1405421,1.1389263,0.25718546
-0.73050743,-0.4623938,0.2611542
1.43056,-0.8899498,1.0387423
-0.9156278,0.13162759,0.16920455
1.4754391,0.43707284,0.63814455
0.1582799,-1.0875957,0.6790887
0.39337704,-1.180462,0.8068916
1.3907952,-1.6982685,1.6997404
-0.23662932,0.46174455,0.28925115
-0.93344545,-1.1291685,0.2810789
-0.23140831,0.14100482,0.3206448
1.4440525,-0.38694447,0.83670264
-1.2307954,-1.1443633,0.16983342
0.43808642,-0.5549784,0.6070098
-1.6455393,-1.3465346,0.012775815
0.9501723,-0.92511934,0.8934944
0.6834965,-0.048049144,0.5582275
0.12016473,-1.4983438,0.8560848
0.78636324,-1.5372856,1.2066302
0.049088478,1.3256371,0.27627975
1.0002072,0.17250158,0.58813566
-1.31628,-0.7718068,0.113458194
-0.20577706,-0.05170668,0.34820542
0.8112018,1.3124406,0.39963335
1.762276,-1.4619879,1.5984416
0.92449117,-0.926617,0.88541657
-1.2052826,-1.2663395,0.1927702
1.3717895,-0.12116709,0.73991424
-0.33692515,-0.05375652,0.3173533
-0.3205909,-1.365225,0.59087986
-1.5182905,1.2288445,0.025723549
-0.223968,-1.3451786,0.62500775
1.265401,1.6506028,0.4377252
0.28732124,-1.2051206,0.7764814
-0.9560263,-0.234453,0.18198234
0.57730514,0.3360429,0.47035474
-0.50510395,-0.7757216,0.3705676
1.6196277,1.6259652,0.49310794
-1.4477525,-1.206996,0.09008119
-0.49689043,-0.09075667,0.28306365
-1.6158844,-1.2859186,0.024614789
-0.631154,0.49556094,0.20784967
0.5901116,1.5079074,0.34805217
1.7050909,1.6399517,0.5043494
0.33641022,0.21584015,0.43611485
1.7356516,-0.8746116,1.1322597
0.38412872,1.7178745,0.30210268
1.0418586,0.13822654,0.6039697
1.4278777,1.1980217,0.51258355
1.4868866,-0.9076621,1.0668553
-0.9168773,-0.8102578,0.24407452
1.6306437,-1.4547125,1.529638
1.090479,1.6268173,0.41383693
-0.75817376,0.2988894,0.19369029
-0.7747501,-1.2576226,0.36746383
-1.3974459,0.1580483,0.061340448
0.4796924,-0.74830496,0.6738709
-1.3488815,0.09478527,0.07357497
0.77470577,0.5912193,0.47447613
0.59105897,-0.8668463,0.7494656
-1.4492123,0.3140571,0.047505334
0.5164876,-1.1047878,0.81942064
-0.09292667,0.34609398,0.3293851
0.83394194,-1.693105,1.3852087
1.035406,0.2873876,0.5745798
-1.6650939,1.7560344,0.0014673071
1.6266977,1.6285546,0.4938852
1.491569,0.64906967,0.603393
0.732438,1.3023425,0.38789758
-1.5269907,1.7186016,0.02173586
-0.5681005,0.50573516,0.21974953
-0.45199504,0.5940278,0.23670849
-0.39548382,0.23577105,0.27569127
1.0184127,1.5655546,0.40854895
0.6733396,1.5192696,0.35991782
1.4115447,-0.8211155,0.9986458
-0.5979009,-0.065546826,0.25651795
0.6267836,-0.88024175,0.76626116
0.65994775,0.63859266,0.4462428
-1.3868444,-1.6991886,0.15996866
-1.6235423,0.6298562,0.00989183
-0.8465466,-0.4763663,0.23038098
1.2261679,0.6453214,0.5534033
-1.5743524,0.5563297,0.019722776
-1.4520224,-0.86928314,0.07388702
1.0120013,0.9202561,0.4759298
0.97639793,0.7544758,0.49076864
1.4635824,-1.489762,1.4877417
-1.2531018,1.7634865,0.06131701
-1.2134211,1.5222849,0.070717774
0.9306833,1.1022536,0.44068342
1.5449411,-0.17187081,0.7963497
1.0776879,0.630595,0.5272554
0.3169578,-0.94568783,0.68502694
0.6147875,-0.59142375,0.66802686
1.6818602,0.8377679,0.6075949
-1.064103,0.7906,0.11200236
-0.7348066,0.7040082,0.17646803
1.2518638,-1.6723322,1.5891879
-1.1313348,1.4658147,0.08435982
-0.9025628,-0.7285537,0.23944204
1.3044364,1.5304946,0.45548564
0.5905843,1.4574906,0.35212737
0.60358435,0.6594039,0.43294516
-0.6828415,1.7609125,0.14424057
0.023382295,1.0178113,0.29339558
1.6234837,1.0394058,0.5666824
-0.9866254,-0.5910241,0.20082967
0.06069262,1.6397746,0.25900877
0.86629033,0.46827886,0.51003355
-1.1418695,1.0470645,0.09144139
1.7198378,-0.3912574,0.9122279
-0.81334263,1.2819042,0.13952683
-0.36644202,1.5686752,0.19836408
-0.41885984,-1.3422412,0.5400691
-1.07522,1.4501895,0.09339639
-1.6429095,-1.15674,0.01241853
1.0182894,-1.2053043,1.0658095
0.5047296,-1.464488,1.0154054
-1.5659838,0.51557773,0.021612579
-1.0613861,-1.3150854,0.25941464
1.7494465,-0.65592325,1.027395
0.705486,-0.8782041,0.7916711
0.7382268,0.47738212,0.48303825
-0.98331505,-1.7216706,0.3910047
-0.7079112,-0.80030686,0.30987814
-0.21284144,0.019710949,0.33813417
-0.26782817,0.16493802,0.31013742
-1.1330721,-0.78830475,0.17269722
0.18904531,0.637595,0.35635298
0.21833019,-1.1547406,0.72789365
-0.17093179,-1.4842142,0.7102574
0.28592098,-0.24346614,0.49792522
-0.635495,-0.9450414,0.35739464
0.49539077,1.1166044,0.3657675
0.6967113,-1.196581,0.93383056
-0.8600668,-0.14097627,0.19934571
-1.6606745,0.73810834,0.0026964017
0.9486778,-1.5350065,1.2840906
0.4579901,1.369757,0.33828896
-0.8288047,-0.7931477,0.27023864
1.7069635,-0.47226045,0.9387504
-0.73176867,-1.0701602,0.34614626
1.2110099,-0.6492398,0.8633227
0.92093813,-0.67204297,0.7844069
-1.3968637,-1.5598979,0.1386835
1.1579528,0.6084461,0.5460275
-1.536484,0.0011910074,0.03227286
-0.9070445,1.7291175,0.11241402
-0.23998669,1.1946753,0.23726699
-1.1137788,1.5384488,0.085666746
1.7297118,0.5248506,0.672112
-0.2983129,0.9319616,0.24311876
0.7312429,1.655443,0.3578338
-1.4907372,1.4523644,0.028697947
1.0386385,-1.3460222,1.1694111
-0.48812068,-0.3879491,0.31854233
-1.2629752,-1.6912186,0.22721745
0.2989954,0.073436685,0.44831315
0.88155407,-0.6149993,0.7534515
1.5376502,1.5348967,0.49065188
-1.0048348,0.28519338,0.14219397
-0.8004144,0.026208319,0.20182553
0.37829134,-1.2667128,0.84260565
0.5143525,-1.3747765,0.96096283
0.7093392,0.2839937,0.50599545
0.99249524,-0.8679861,0.88271254
-0.3433933,-0.8017349,0.42694342
1.0040252,1.2417861,0.4379232
1.3170103,-0.91100943,1.0112162
-0.4027582,-0.7768263,0.40318793
1.272515,1.3586437,0.46867263
0.8886462,0.69470066,0.48235783
1.5663368,-0.9935625,1.142238
-0.93160355,0.54003006,0.14613618
-0.80335045,0.89442223,0.15545423
-0.45084116,-1.5569466,0.6087708
0.1345187,0.33572668,0.37793043
1.0808917,0.40907857,0.5629142
-0.9360622,-0.06173957,0.17576219
0.90944237,1.694909,0.3810506
-0.57009953,-1.1568918,0.42532533
1.0876265,0.96128875,0.48416078
-0.03462015,-0.9284356,0.5592629
-1.461759,-1.500441,0.10191554
-0.90055335,1.2067219,0.12768842
-1.1993881,-0.8377742,0.15515918
0.9013621,0.08958217,0.58197296
-1.1077536,0.93274206,0.10017223
-0.09635014,-1.4626808,0.73451394
0.4187539,-1.5002345,0.9997856
-0.897365,0.6062516,0.15000053
0.54399174,1.5419555,0.33836862
-1.6345714,-0.17946965,0.010069986
-1.18519,1.2466934,0.07999577
-1.5134916,0.625512,0.031012047
-0.47381434,0.5091391,0.23822868
-0.5802888,-1.1156865,0.41181996
0.29377744,1.6824396,0.2910683
-0.27133232,0.81326354,0.25574833
0.85678744,0.27906343,0.53811014
1.6261749,1.2521204,0.5382811
0.6651078,-1.5059359,1.1218933
-0.6313905,0.3862152,0.21465957
-1.5656133,-0.82193995,0.03546135
0.67098236,-0.17195477,0.5802336
-0.8061904,0.5836664,0.16866142
0.92360395,0.7866013,0.47683683
1.1985025,0.4107274,0.5866458
0.7114891,-1.3558007,1.0348376
1.6632315,-1.0950179,1.2415111
1.6830137,0.03757242,0.77183264
0.41183716,-0.29809186,0.5409039
-1.2078012,-1.4668275,0.2180538
1.5859516,1.7413281,0.4760082
-0.7700867,0.22828695,0.195451
-0.7663972,-1.2441729,0.36790943
1.4883598,0.7790115,0.5816495
1.38163,0.7718162,0.56311923
0.5675554,-0.85686517,0.7381176
0.15511349,0.88968056,0.32676184
-1.4016135,-1.0853537,0.10120142
-0.13163356,0.6168506,0.29678094
1.6990829,1.6792468,0.4991586
0.48575768,1.1690667,0.35948086
0.19461374,0.8760265,0.33501214
-0.31049216,-0.3513679,0.36100814
-0.5535667,0.33735955,0.23411605
1.0736988,0.6212251,0.5278815
0.1533648,0.4368554,0.3703878
1.1676544,-0.34985533,0.75158936
-0.25769863,0.25248462,0.30377004
0.7996529,-0.7062719,0.7592838
0.7580771,-0.98838556,0.85513616
0.32180104,-1.6179267,1.0391833
1.1294167,-1.4286124,1.2751184
1.126442,-1.0983326,1.0437741
1.6436186,1.6897843,0.48983324
1.3712367,0.35915646,0.6316668
-0.39324257,-1.5858557,0.65114456
-1.4110075,-0.89313966,0.08849277
0.3620232,0.4180741,0.41496995
0.032118354,-0.52013135,0.48330185
-0.40207595,-0.4915287,0.35615847
-0.24126089,-0.6543052,0.42987213
0.12815733,-0.42318064,0.49072602
1.3038143,0.2093495,0.6471856
0.5840724,0.11109138,0.50669324
-0.5644381,1.1379936,0.1861886
-0.66111356,1.1335242,0.17017037
-0.37935138,1.4558011,0.20146506
-0.61853415,-0.049175788,0.25017378
1.5959092,-0.7793173,1.0377017
0.959375,0.01283915,0.6106079
1.6023729,-1.1590722,1.263027
0.052651767,0.7271363,0.3221888
0.394495,-0.20558758,0.51817954
0.64439434,-0.557052,0.6668522
-1.583125,-1.4858377,0.043513525
0.20094943,0.8552997,0.33798912
-0.06805531,0.98956233,0.27960336
-0.9184796,1.6129103,0.11357479
-1.2892857,-0.6169015,0.113813505
1.5718855,0.5373226,0.6386505
1.4475188,0.073196866,0.7091869
0.84539706,-1.114627,0.94750816
1.6906837,-1.0938141,1.2508985
-0.6517835,0.90841484,0.18181425
-0.25033408,-1.0043303,0.5048946
0.69925725,1.2888807,0.38377312
-0.23742329,0.62191796,0.27604586
-0.2908297,0.60809577,0.26683104
-1.3764598,1.1663281,0.049726304
0.5098745,0.8685035,0.39227355
-0.9936992,0.766153,0.1257332
0.10978592,0.9203109,0.31613275
1.7263803,-0.74031466,1.0598491
-0.48300806,-0.9267893,0.40607396
-0.4957127,-0.31571573,0.30775163
1.0862547,0.984268,0.4810777
-0.5860687,1.2389567,0.17813884
-0.1007579,1.3033679,0.25359765
1.6553565,-0.5485308,0.95406336
-0.65895855,-0.21656382,0.2554588
-1.1850208,-1.2023933,0.19362879
-0.9167396,1.0924188,0.12857513
-0.430357,-1.160679,0.4801367
-0.77009183,-0.717641,0.27911112
-0.8466201,1.4606849,0.12867439
0.74287677,0.434683,0.4901152
0.33984005,-0.7302171,0.62494916
-0.50410014,-1.1787162,0.45635217
-1.290946,-1.2038969,0.15191713
-0.49514112,1.4276913,0.1846471
-0.6797391,-1.602377,0.51192576
-0.5133273,1.528229,0.17769931
-1.5066016,1.4152607,0.026453624
0.41819113,0.11592285,0.46874493
-1.2182847,-0.13429056,0.11147157
-1.2941974,1.3760991,0.060328875
-1.360049,0.7832208,0.05787406
0.76602346,1.6715108,0.3617374
-0.989737,1.4290766,0.10722076
-0.6637416,-1.1477078,0.3872754
1.3971832,1.09334,0.52072614
0.9616467,0.8947611,0.47012642
1.0347198,-1.2432259,1.0964539
-1.5882117,0.85240424,0.01567922
-1.1879307,-0.90765256,0.16439258
-0.603047,-1.0421282,0.38752684
1.4699636,0.039677393,0.7223533
0.22334631,-0.20951544,0.47601628
-1.240974,-0.4665651,0.1202392
0.057936233,-1.1477922,0.6636347
-1.2905316,0.96995354,0.06725655
-0.33020982,1.762286,0.19543992
-0.42644632,-0.38328862,0.3344786
1.5381057,-1.1794243,1.2526776
0.58062,-0.083953425,0.5406207
-0.2531732,-1.5228076,0.6898725
0.33810225,-1.4228852,0.91186047
-0.45002583,-0.5796683,0.35561094
0.72385514,1.113033,0.40462387
0.72844255,-1.3419995,1.0331167
0.50967616,-0.27413347,0.5611484
-0.624173,-0.9074028,0.3545552
1.5165579,-1.6143227,1.6563497
-0.20150132,-0.38950166,0.39569744
-0.62338024,-0.09572638,0.25312003
1.1258703,-0.2891999,0.7235173
1.4509474,1.294078,0.5046446
1.7611443,0.71206653,0.64342487
0.55740577,1.10298,0.3774895
-0.53998023,0.6964444,0.21347333
0.9219087,0.19155042,0.5674364
1.5248315,0.96242046,0.5606145
-1.6421682,-1.1163515,0.012420567
-0.16622283,0.90392286,0.2683923
-1.1274179,0.84543556,0.09893838
0.36812422,-0.740385,0.6366675
0.7594806,-0.053593934,0.5773223
-0.30866113,-1.3250315,0.5811329
-0.09693386,-1.53379,0.77170396
0.8223904,0.0048863203,0.580429
-0.24232012,0.3220785,0.30048954
-1.3992256,-0.37294313,0.07361581
1.425249,0.5507729,0.60745114
-0.81972206,-1.3523662,0.37010935
-0.14206125,-0.9609469,0.53127664
0.2096124,1.2219988,0.3095433
-0.056355286,-1.7065485,0.9035428
-1.5730199,0.28328514,0.021682806
