1.3639385,-0.36631158,1.7057133,-1.0138693,-0.25061682,-1.9242105e-05
1.4766983,-1.0617418,0.2886819,-0.40317863,-0.36248383,-1.6168258e-06
-0.35634318,0.80489063,-0.94050956,1.5486275,-1.0821558,-0.00020914363
1.6293025,-0.726562,0.1941018,-1.2349893,1.2908893,-7.182776e-06
-0.33021733,-0.084249154,-1.7150449,-1.3337507,0.33860952,-0.00027337417
0.39470124,-1.2310292,0.0142206615,-1.4267921,-1.1693451,-2.5566414e-06
-0.79137355,-0.17074382,1.318,1.608767,-0.36333567,-2.1697385e-06
1.0586454,0.25698936,0.19723879,-0.23627372,-1.263773,-0.00022450312
1.5654585,-0.06481308,0.4084287,-0.47600645,-1.0226755,-0.00010622265
-1.2163981,-0.6510179,-1.6193694,0.93689513,1.3027425,-1.5027609e-06
1.5441934,0.52988064,-0.32409796,-1.0395167,0.5166374,-0.00029895466
0.36950117,-0.44933945,1.0129107,-0.47292498,0.7464604,-4.4821113e-06
1.3196235,-0.9692509,-1.2606798,1.5758656,-0.23613533,-2.774847e-06
0.28040725,-1.2915025,-0.80469584,0.90969336,-0.44341746,-2.1489896e-07
0.877638,-0.3661187,1.1601927,-1.3602886,0.21205169,-2.2635953e-05
-0.19602622,-1.6563823,0.4924776,-0.49124554,-1.2409722,-6.6133443e-10
1.3748705,1.4681754,0.80224895,0.15598382,-1.7334588,-0.0017254421
0.30172685,-0.83426267,-1.6031295,0.61247367,1.2049124,-3.8142985e-06
-0.7569009,-0.72279906,1.0925733,-0.812612,0.023638893,-1.5857328e-06
0.48617005,0.16958067,-0.3756832,1.2004404,1.0379907,-1.6358043e-05
-0.74638903,0.46324074,0.3601588,0.012739794,1.2904005,-1.2920936e-05
-0.15483129,-0.15918124,1.3878388,-1.5145143,0.7452392,-1.89306e-05
-0.65238726,1.2146523,-1.5843036,0.4505169,-0.6030766,-0.00073143624
1.1896945,-1.0195177,0.4906449,-1.6986591,-0.3289504,-6.885157e-06
-1.3124043,0.63780123,-1.5541728,0.10639715,-0.10193728,-8.723469e-05
-0.74686044,0.0028604746,1.2710695,-1.7303584,0.09188735,-3.7446844e-05
-0.43919113,-1.4253769,0.50356454,-0.50929254,0.05568239,-2.2640327e-08
-0.98843807,-0.6750454,0.19024111,-0.41761634,-1.3645033,-6.1359196e-06
0.20971003,0.4548847,-0.68924177,-1.5728885,-0.9628606,-0.0012761814
-1.6539576,0.34318203,0.6468638,-0.50514054,1.2494247,-3.0035253e-07
1.6026025,1.2870356,-0.8927431,0.04386993,0.043764066,-0.00085697183
-1.4159129,1.1846693,0.32750013,-0.9919186,-0.79618776,-0.00010500241
1.3768367,-0.95344746,1.4419293,0.23182718,1.1583093,-3.7298054e-07
0.33377978,-0.7450026,-1.2905742,0.9017991,-0.52520835,-9.213837e-06
-0.51209694,-0.36649168,-0.4911624,0.19037329,-0.71547914,-1.50012675e-05
1.1114646,-1.2545084,0.40036678,-1.7173994,1.1977758,-6.1333304e-07
0.31557757,-0.46851653,0.29729655,-0.019875094,-1.376862,-2.5277981e-05
1.4387302,-1.4339014,0.022692213,-0.8274912,-0.84034157,-1.9155549e-07
0.23543571,0.67646664,1.4772141,0.48015404,1.2979792,-1.5672058e-05
-0.4960253,1.2525697,-0.44741708,-1.4064959,-0.18082784,-0.00088921876
0.50991297,0.1462303,0.4422622,-1.2145532,-0.72520274,-0.00017270897
-0.41990912,-1.2535578,0.90961546,-0.07199003,1.4242587,-3.2906154e-08
0.7720065,-1.3264954,-0.3340685,0.98608327,0.25169474,-7.588693e-08
1.584885,-0.6785741,1.121753,-0.47790486,-1.6374842,-2.626003e-05
1.0427601,0.5189116,1.1211809,-0.105883114,-1.2912432,-0.00020214505
-0.70580393,0.04977612,0.7641514,-0.18621796,-0.45029333,-1.5740696e-05
1.0413911,0.32694936,-0.42010608,-1.3719399,-0.10659052,-0.00041608684
0.3553211,1.6661764,1.4914569,-0.15166165,-1.314498,-0.0006898945
0.9218104,0.82453406,-0.99371463,-0.06322382,-0.66370875,-0.00072806433
-1.0026172,0.38540283,0.5300825,0.27279022,0.57334626,-8.984289e-06
-1.6577972,-0.3493794,0.34405026,0.7621525,-1.6253877,-2.7038644e-07
-0.6182889,0.83968747,1.2117743,0.50230837,-1.633273,-0.0001389357
-1.2739148,0.650935,-1.4092338,0.95316696,0.4382713,-3.4211163e-05
1.4603895,-1.5779009,0.2985981,-0.34515253,0.31864303,-3.956297e-09
0.5432361,-1.0331789,-0.9903952,-0.7638962,-1.682735,-2.2549113e-05
0.7605634,0.06592755,0.9097329,1.4590623,-1.6217003,-5.419296e-05
0.59185714,0.6748825,0.58906245,1.3689651,1.426178,-1.7316628e-05
0.017189605,0.8633747,-1.33745,0.9315515,1.7153494,-9.720244e-05
1.3950604,-1.0412242,-0.10850201,1.2494929,-0.76792145,-1.1914515e-06
-1.1765872,-1.7398986,0.47968712,0.8353615,1.7121171,-4.9820386e-15
0.15559548,-0.08488195,0.7309753,1.5193028,1.1835331,-3.0135648e-06
-1.1284078,-0.19443734,1.5275857,1.4948822,1.5265557,-3.954985e-07
0.5782349,0.51772594,0.77066684,-1.4250572,-0.7562391,-0.00040422223
-0.54598856,-0.47734874,0.32673112,-1.6494019,-0.4350915,-2.7517874e-05
0.574901,1.3528603,0.91557896,-0.9145513,1.0085983,-0.00021687137
-0.31168145,0.12430671,-1.6267159,1.3121599,0.63023084,-4.474189e-05
1.4756372,1.2925137,1.1445962,1.5521789,-1.3927298,-0.00033611117
-0.97367674,-1.2191092,-0.2029442,0.098787524,1.0239869,-5.2150035e-08
-0.98004264,0.7111399,0.9714689,-1.297212,1.6758547,-2.8818116e-05
-0.9801046,0.21661909,0.4910761,-0.8298408,-1.1105605,-6.0550286e-05
1.596288,-0.87373656,-0.091541976,0.81039566,-1.6182578,-1.012111e-05
0.6211194,0.8796514,1.2084806,1.6017529,-1.6599908,-0.00019178772
1.704464,-1.7256465,-1.0025371,0.32165712,-1.1064308,-1.6372181e-11
-1.3742464,1.4302291,0.4835825,-1.1554544,-0.77366334,-0.00017872418
-1.6611862,0.14871572,0.752255,1.6317732,-0.9895489,-1.6742416e-07
-1.300337,0.17682303,-0.61239046,1.5091089,-1.5272101,-2.5139489e-05
-1.111441,0.8210192,0.6214896,-0.7755288,1.0691367,-2.5542566e-05
0.74476373,0.15298386,-1.7004349,-0.951878,1.6808305,-0.00026383254
0.66387576,0.7615209,-0.86871356,0.9830746,1.4371215,-7.399758e-05
1.4782767,1.1269584,0.8344327,-1.2681607,1.0719796,-0.00033596499
-0.8423034,-1.3672544,0.88462734,1.4338453,0.75667864,-4.7056754e-09
-1.126981,1.1715833,-1.5780112,-0.36463052,-0.6938317,-0.00069246494
0.96098155,-0.2568009,0.5936578,-0.03800649,-1.408036,-5.4356977e-05
-0.6490221,-0.40259778,0.16061868,-0.94128925,-1.0336707,-2.4962139e-05
1.092474,0.3612102,1.6762173,-1.7296304,0.771886,-0.00012897226
-0.36155865,1.383898,-1.6767824,0.378143,0.36696875,-0.00070268917
1.0324028,-0.950265,-0.4104283,-0.6325484,0.2092883,-3.3617448e-06
-1.2910436,-1.179701,-0.973983,-1.0317016,-1.0618517,-8.832323e-07
-0.8220219,1.0994806,-1.0463859,1.3685975,-0.82575744,-0.00019531064
0.5722489,-0.8200724,-0.2815537,0.30733633,-0.7414169,-4.7759527e-06
0.41126463,0.57366085,-1.5800356,-0.47960222,-0.23128378,-0.0007936339
-0.39197174,-0.2525531,1.3451449,-1.614386,-0.33815596,-3.0125371e-05
1.0737791,0.49144524,-0.6088143,-0.9910905,0.17137007,-0.0003557725
1.2180066,1.3503819,0.6010869,-0.5807415,-0.5878852,-0.0006942663
-1.2018362,-0.88544583,-1.0119396,0.7149587,-0.20770156,-7.39868e-07
-0.8723457,-0.84753036,0.008328998,-1.5957024,-1.1121975,-1.07390315e-05
1.6242226,0.87062466,-1.2181221,0.9876378,0.84348726,-0.00024350807
-0.5340187,0.10322915,1.3819643,1.5637908,-1.4497162,-1.6103813e-05
-0.5634428,-0.1869387,1.4481034,0.5224992,0.3042347,-2.6755376e-06
-1.6193655,-1.5396707,1.3517389,-1.7370303,-1.6579107,-2.817014e-09
-0.93917555,1.4985256,-0.60241145,0.21196203,-0.99846894,-0.00041107368
0.4773954,-0.059844762,1.0684123,-0.71455747,1.6615541,-1.0268805e-05
-0.18018453,-0.3174516,-1.4364451,0.5344318,-0.33542776,-3.5945573e-05
-1.2030636,-0.71588284,0.7874166,-0.07924694,-0.32951728,-6.9782914e-07
0.087551355,-0.3406051,-0.21301143,0.8345129,0.8810842,-4.4788203e-06
-1.1293402,0.86254966,-1.4247124,-0.15555196,-1.5044537,-0.0007531749
-1.4140673,-0.033633504,-1.3798299,0.2985555,-0.41025588,-1.4613715e-05
-0.9012713,1.512523,-1.6087502,0.67684853,-0.06732127,-0.00048624421
-1.4602523,-0.09481731,0.3210287,-1.29985,0.18313493,-5.863924e-06
-1.0495214,-0.24574246,-0.6223651,0.2749495,-0.29820514,-8.427836e-06
1.7688069,1.0006123,-0.79224753,1.5316943,-1.232273,-0.0007572482
0.3724561,-0.03872565,1.6347411,1.19709,-1.5976144,-2.7576447e-05
0.57790375,-0.3445748,-0.52441096,0.09360358,0.0070266193,-1.913137e-05
-1.5592384,0.59527504,0.57858837,-0.31949478,1.4334155,-2.1230344e-06
-1.0840297,1.3953055,-0.30340123,0.70300794,-0.7884258,-0.00013697539
-0.52613616,0.44619143,1.0352386,-1.5400983,0.20715256,-8.8069726e-05
0.31647378,1.2327783,0.5117843,-0.5369576,1.0883265,-0.0001394762
-1.4683632,1.1477761,1.0870925,1.4904925,-1.7023685,-3.0486553e-05
-0.6949541,0.50472885,0.44770274,0.2088836,1.5196955,-1.0985819e-05
-0.9839533,0.61897635,-0.37749708,-0.036838874,1.4499092,-2.0367752e-05
0.05192422,0.5749533,1.5176075,-1.3800364,-0.7686286,-0.0002244075
-0.59373313,0.18945391,-0.123423696,-1.1388949,1.4967142,-3.0450534e-05
-0.07219893,1.504649,-1.0294882,0.22555229,1.1704433,-0.00029585205
-1.1199504,1.6321248,0.53373617,-1.3185785,1.4258723,-0.000120020246
-1.1350474,0.63358957,-0.20942493,-0.5161063,1.4870098,-2.0279285e-05
-0.9576589,-0.08109128,-1.2751611,-0.8691027,0.38522223,-4.4503988e-05
-0.54239774,1.5853868,0.22382255,0.5202936,0.93922716,-7.6448174e-05
-1.3122505,-1.3634903,-0.4001434,0.25065905,-0.9381897,-3.2462545e-08
1.4912726,1.3005016,-0.68515277,-1.689593,0.27898735,-0.0034773285
-0.29466924,0.9396492,-0.8209449,0.55825377,1.6477919,-6.277227e-05
1.5290378,1.1373847,-0.73210704,-0.17082168,-0.6079221,-0.0011239666
0.58379817,-0.12844662,-0.6967174,-0.85493207,0.39616963,-6.577684e-05
-1.4113121,-1.3067588,0.16788699,1.2637268,-0.8957742,-1.4728947e-08
1.2390637,1.2627451,1.6589042,-1.1566099,0.6279862,-0.00027740718
-0.4267388,-0.76300687,-1.0079972,-1.596943,0.5518018,-1.5317992e-05
-0.61306256,0.4700707,-0.80248135,0.1747652,1.2948264,-3.2766577e-05
-1.3825036,1.0042982,-1.1526847,-0.95608395,-0.0020843043,-0.00016227434
-1.665121,-1.6385071,-0.06613114,-0.7189669,0.8145867,-3.0786085e-12
0.53992796,0.12367245,0.11952996,-1.5317228,1.0374739,-9.4554925e-05
-0.3290811,-0.6185851,-1.1802548,-0.44558668,0.2670352,-1.1632664e-05
0.71769387,1.2564359,0.7838585,1.3640498,-1.644054,-0.0004619205
-1.3663017,-1.1141539,-1.5418785,-1.5885713,1.2152731,-9.006004e-07
1.3258587,1.0758224,1.5893099,-1.1876057,-1.1196678,-0.00093073247
-1.2171311,1.1046969,0.32239825,-0.3940688,0.78996783,-3.1400512e-05
-0.25024918,0.97818786,-0.17409872,-1.3874992,-1.3063197,-0.0016828065
0.4068936,1.6970417,-0.61614215,0.31037617,0.49242115,-0.00043962253
0.9363069,0.2734781,0.77050894,-0.35917,-0.3354627,-7.018195e-05
1.4376055,-1.5889555,1.253708,1.2980953,-1.5612947,-3.8476986e-09
1.6161231,1.2636714,-1.1247501,-1.7386997,0.7785322,-0.0043803025
-1.318522,0.1680097,-0.43160018,0.04369151,-0.41426688,-1.3713316e-05
0.48060513,0.04177061,1.2638829,0.7506857,-0.7316634,-1.87677e-05
-0.69366735,-1.6703103,-0.3229264,0.2108355,-0.54928875,-1.2327958e-10
-0.14158994,-0.38887763,-1.2660705,-0.4868878,1.1649649,-1.9297202e-05
-1.2419953,-0.84771377,-0.5530866,1.6127175,1.005176,-1.5721193e-07
1.6159499,1.7311953,0.05841441,-1.3611473,0.45978191,-0.0018901058
-1.2169533,1.2604388,-0.32168904,1.6015731,0.71244425,-1.976868e-05
0.9676523,1.3202281,-1.178369,0.4579586,0.8772077,-0.00046060688
0.652446,1.2125638,-1.0773361,0.8117662,0.70427287,-0.00028156996
0.6068324,-1.084527,0.4636302,1.2087228,1.4618237,-1.1492177e-07
-0.8840197,-0.7492987,1.1779488,0.15828292,1.0303507,-3.0440435e-07
1.6126652,-0.6821853,1.5620921,0.1695796,-0.9021044,-5.2607134e-06
0.4256338,-0.6989674,-0.19513544,-0.36619553,-0.2751862,-7.3650167e-06
0.26871175,1.3773493,0.6601243,-1.5883164,0.7954624,-0.0005682694
-1.4706599,0.6050293,-1.3655177,0.7164796,1.3651512,-1.0572673e-05
0.77016526,1.4177059,0.91460454,1.2832302,-1.449545,-0.00042188677
-0.21123369,-0.07552837,1.6408352,0.71104634,-0.86987853,-9.525066e-06
-0.7418897,-1.5626273,0.89377725,-0.28511167,-0.86980236,-2.79717e-09
1.5265402,-0.5039636,-0.68025434,-1.5674971,1.6227841,-4.0012525e-05
0.43114245,1.2441809,1.3998963,-0.04307047,1.6868258,-4.8591108e-05
-0.90577304,1.0787024,-1.6281465,0.43681,-0.78510875,-0.0005818141
-0.82458675,0.55186695,-0.20710638,-1.3723991,-0.5463878,-0.0002343868
-0.035099875,-0.5096054,-0.4266485,1.4609472,0.019054689,-3.6483657e-06
1.0088333,-1.6364744,-1.7147214,-0.060081407,0.089705124,-4.760855e-09
-0.39296222,-0.93919337,-0.9810922,0.4594789,-0.5048123,-2.1973046e-06
-0.9355667,0.9247806,-1.2527473,1.5161994,-1.2740722,-0.00025475054
-0.54264826,-0.7033258,0.46085042,0.73880213,-0.9325757,-2.1773135e-06
-1.2395577,0.8490006,-0.1438509,-0.95452434,-0.15601422,-8.4460145e-05
0.66138977,0.4875511,0.78816074,0.62543243,0.17568529,-3.3580884e-05
1.3803035,-0.66939807,-0.3874384,1.005767,0.05477776,-4.6204727e-06
-1.5743192,1.0791826,1.4163233,0.85122985,-1.6006947,-1.3385185e-05
0.4471634,-0.5589112,0.19367523,-0.8295471,1.5205828,-4.9168057e-06
0.93689245,-0.051661067,1.4233022,0.1618354,-1.0195738,-3.217836e-05
0.35946012,-0.66380936,1.3942766,-1.2610278,-0.43533108,-8.640172e-06
-0.5662127,-1.6632366,-1.4580064,-0.20931904,1.5935893,-2.2981031e-10
0.9461075,0.29070935,-1.1547877,-1.2183446,-0.00033198143,-0.0005865361
0.952258,0.5155944,1.0339458,0.97744477,-1.3948853,-0.00012066063
0.69117707,-0.8796049,1.6223143,1.6831701,0.9852634,-1.9343494e-07
-0.25549895,1.0868739,-1.4673927,-1.6947423,-0.662652,-0.0057860725
-0.4089238,-1.5725367,0.024211144,-0.8250054,1.6658864,-1.6243287e-09
0.23140758,-1.6903589,-0.661493,-0.7482727,-0.513718,-2.1508773e-10
-0.25710535,-1.0806098,1.6166289,-1.2292792,-1.3051128,-1.822438e-06
-0.46610478,-0.6016454,1.4263637,1.5643599,-1.2989311,-2.0299753e-06
1.148076,-0.18869919,1.2495308,-1.3545773,-0.0022894891,-4.4395787e-05
1.5273204,-0.33340344,0.92367035,-0.9214643,-0.29034898,-3.037117e-05
-0.12335485,0.8103549,-0.16209856,-1.4557145,1.3356042,-0.00021802541
-0.33847296,-1.5383277,1.5844569,-0.020148935,0.091984436,-1.7498369e-09
0.07228393,0.26607725,-0.8049388,-1.2986239,-1.0518099,-0.000697745
-0.055686053,0.037320912,0.083982274,-1.1831094,0.18221985,-6.093899e-05
0.46121863,0.47186247,-0.45300725,1.7108771,-1.2915524,-0.00014690231
0.52980584,1.7570219,-1.2543278,0.7609091,0.24672408,-0.0008698304
-1.5171661,1.0903981,-0.8151386,0.7216715,0.44550148,-1.4979511e-05
-0.58845335,-0.96802855,0.4156446,1.2160639,-1.6430922,-1.2909187e-06
1.4975755,-1.4359078,-0.15422972,0.28539792,-1.1953251,-1.3386192e-07
0.7180932,-0.41941497,-1.1391177,0.26714933,-0.88077134,-5.5731092e-05
-0.038513284,-0.8763399,-0.21936461,-1.3175238,-0.6166851,-9.456727e-06
-0.9912511,0.62182254,0.29579756,0.47302535,-0.32601622,-2.585739e-05
-1.0065787,0.022970688,-1.2030338,-1.3698834,0.7140541,-7.016891e-05
-1.4956543,1.422934,1.0367106,-0.021941721,-1.3774787,-5.600574e-05
-0.51426345,0.69841105,-1.4616766,-0.95067,0.8833605,-0.0003491964
0.62878907,-0.3168933,0.015502823,-0.9978226,-1.2111543,-0.00010243404
1.1453457,0.06734341,-1.4064127,-1.0302348,1.5079328,-0.00019116414
0.84234613,0.42847344,-1.5502752,-0.85428226,-0.9992471,-0.0019516565
-1.4752916,-0.21163839,-0.21436514,-1.0462292,-1.3354247,-1.7087927e-05
-0.98859304,1.4275311,1.558405,-0.9632427,1.2285807,-5.005368e-05
-0.22466105,-1.3697929,1.6232961,-0.64640176,1.3958983,-1.4883356e-08
1.7132457,0.86496454,0.6165788,-1.5996797,-0.5979075,-0.0013045912
0.29629907,-1.115461,1.3307925,1.3743794,1.505579,-4.6836174e-08
-0.3988817,-1.5356095,-0.94015396,0.56863683,0.18326062,-6.0986793e-09
0.7597051,-0.3546168,0.9663648,-1.7401248,0.6168336,-3.388924e-05
-0.60885227,0.8647868,1.0474136,-1.7485381,-0.11315974,-0.0002823042
-1.0676363,1.2508136,-1.6429609,-0.8881694,-0.4843455,-0.0012527936
1.3042575,0.4486439,-1.3175993,0.6550905,-0.63754886,-0.00040496685
-0.73599505,-0.14533684,0.7413388,1.5736598,-1.4952886,-1.0981003e-05
-0.2981186,-0.09186764,0.15783095,-0.2846558,1.251332,-8.698658e-06
-1.6662295,-0.70688856,-1.1639094,1.0179257,0.90511423,-1.4936797e-08
1.1998557,-0.15116167,-1.3567581,-0.9502005,1.5605206,-9.817349e-05
1.3520477,-0.1148165,1.2408141,-0.37451085,-1.7127447,-0.00012918559
0.67485106,1.5050474,0.18675648,-0.28336108,1.6980861,-0.00017531356
-1.1537846,1.03722,-0.0047378535,-1.7035708,1.1424922,-0.00014665643
-1.6526845,-1.4020538,-1.6618863,-0.005341133,0.46021456,-2.2454232e-09
-1.3516885,0.014114319,1.5065482,0.4448035,-0.75435424,-2.871583e-06
1.3314927,-1.076069,-1.1367282,1.043108,1.2094573,-7.226325e-07
0.87405145,-0.2726501,0.764646,-1.3568442,1.0980232,-2.1751377e-05
1.4964991,-1.3924482,-0.20753022,-0.53679407,1.4776527,-6.376555e-08
0.94942766,0.46452227,0.05505157,0.051060386,-1.4403566,-0.00035986473
0.4830593,-1.2627084,0.8426888,0.16965434,0.2513944,-8.713183e-08
0.030284971,1.7449458,-0.4586291,0.27821076,0.61151886,-0.00031643483
-1.2626907,1.3364509,-0.4829522,-1.3032075,-1.7138817,-0.0016521908
-1.4284928,-1.2051027,1.3687375,1.33218,1.6081389,-3.0607525e-09
-1.5638273,-1.6507229,-1.3175113,-1.5822145,1.0685651,-1.7035715e-10
0.75220734,0.07552627,0.7636514,-0.61671555,-1.4012598,-0.00015769868
-0.7984574,-0.48464695,-0.4443366,0.8502045,-1.4972428,-1.258012e-05
-0.29947203,0.5236887,-0.5750199,-0.44710094,0.058970023,-0.0001195733
-0.9440584,-1.1849529,1.1492164,-0.85038245,1.3763262,-5.507277e-08
-0.2666978,0.72752285,0.2891295,-1.726036,0.4908685,-0.00030049667
-1.1650844,-1.5138975,-1.6005487,1.1805805,0.23170461,-5.786152e-09
-1.0782459,-0.9223678,1.5344335,-0.05335011,-0.12371823,-2.1071537e-07
0.6184665,-0.9187263,-0.85348105,0.8236525,-1.7309949,-1.3063671e-05
-0.46471888,0.85877687,1.484371,0.2624069,1.0299181,-1.7228162e-05
1.1104195,-0.039263785,-0.5401634,-1.3046708,1.092102,-9.7660544e-05
-0.5053872,-1.6851685,1.6743175,-0.6274662,-1.2283638,-7.794271e-11
-1.2162932,-0.99869037,0.5059186,1.2227182,-0.33039743,-1.0464218e-07
-0.25673476,-0.80794,-0.08393503,-0.8640346,1.6706913,-1.5095362e-06
-0.7877435,-1.626718,0.6549353,-0.8137992,-0.6748756,-7.732391e-10
-0.47978097,0.23227225,-0.054364473,0.93704736,-1.1997179,-4.955719e-05
-1.5924989,0.6342045,-0.8531045,-0.7663415,0.97828686,-8.645528e-06
1.0107789,-0.31620196,0.93890256,0.26883593,0.7877317,-5.183347e-06
-1.1519424,-0.69379574,1.1134838,-0.85785705,1.4789919,-4.6475412e-07
0.91282445,-0.003846078,-0.21618174,0.51966953,-0.7567667,-5.7610843e-05
0.8287171,-1.3915918,1.6151804,0.16209987,0.40912628,-1.8668445e-08
1.2776396,-1.0652089,0.108176485,-1.3915635,0.40495738,-2.6871735e-06
-1.2739651,-0.03332183,-0.90958107,-1.3303372,1.3963444,-1.7976261e-05
1.285845,1.5709202,-0.9372341,0.623582,0.9580918,-0.00047056904
-0.7670828,-0.5345721,1.1550788,-0.58259743,0.3949916,-1.8990238e-06
0.68625456,0.8794959,-0.696932,0.9360102,-0.25508717,-0.00020987887
1.6646161,-0.6860589,1.084254,0.07589632,-0.32031587,-4.2192924e-06
-0.19575211,-0.46184018,-1.6699247,-0.60771275,-0.9454779,-0.000128508
0.03383163,-1.6691749,0.058249466,-0.31630442,0.71623826,-1.0473317e-10
-0.3493817,1.465473,-1.1880761,-0.8048711,1.463108,-0.0005399536
-1.3909672,1.721189,0.6085287,0.8417511,-0.8912696,-5.442314e-05
0.87370205,-0.030147374,1.3944042,1.3618213,-1.1941308,-2.1023394e-05
-1.6626359,1.1254717,0.6751729,-0.06843175,1.2768507,-4.3867826e-07
1.1163732,1.4469103,-0.5916773,-1.1329068,0.2208807,-0.0016600925
1.3358413,0.8813588,-1.61274,1.232849,-0.8273368,-0.0011301943
1.6759691,0.9135811,-0.81499,1.3973852,1.108958,-0.00012154871
-0.35911107,-1.6692562,-1.0143228,1.1683792,-1.4215555,-4.8628224e-10
-1.3679868,-1.6475656,1.6397457,-0.04579481,-0.8618538,-5.0906994e-11
0.43438298,-1.3445106,-0.92471546,0.41210505,-0.567686,-2.3564385e-07
0.998613,0.55752575,0.6633891,0.073855616,-0.06672854,-7.7117955e-05
-1.6670984,-1.5160582,1.3783282,-0.6733879,0.35725796,-2.4292356e-11
-0.34378946,-1.3371236,0.6184845,-1.7323495,0.8159323,-1.5579812e-07
-0.9853086,-0.8465431,-1.5086122,-0.22645958,-0.6158561,-6.0890234e-06
-0.10349017,-1.6159003,-0.19610874,0.73600173,-0.17939292,-7.286769e-10
-0.80060256,0.009203512,-0.51087576,0.9976552,-0.91412765,-2.2784208e-05
-0.6568812,0.26083165,1.1060828,0.39825886,-1.1494385,-2.8565551e-05
-0.49961755,-1.0234805,-0.16210374,0.7767789,0.36593595,-2.8366878e-07
-1.5895854,1.1596199,-0.091557816,1.0716426,1.26438,-2.6180692e-06
1.4603355,-0.6615766,1.5274718,-0.34981087,1.4816654,-1.6514551e-06
1.4910337,-0.48882905,0.40791667,1.1185596,-1.3621656,-1.7764616e-05
-0.22302899,1.3481988,0.7955159,-0.050835356,0.80723965,-8.026379e-05
-0.14899123,1.5184087,-0.5540203,-0.6288492,-0.5455038,-0.0010229038
-0.6557657,-0.19514716,1.1226828,-0.6881367,-0.09786136,-8.785137e-06
-1.5082204,-1.2570746,0.24610049,-1.0255569,-0.083845526,-3.357986e-08
-1.628924,-0.876414,-0.34606376,-1.3506879,1.4830328,-8.3280256e-08
0.68726945,0.2310264,0.33017287,0.38306332,1.4383746,-1.5802378e-05
-0.89848715,1.0388895,-1.3533597,1.5888376,-1.4127879,-0.00041623611
-1.0600947,0.8833433,0.062240686,0.2322505,0.36365664,-2.9670495e-05
-0.087230444,-0.77062476,0.7870258,0.22009975,1.000353,-6.705009e-07
-0.5264037,-1.657594,-1.6097766,-0.6652656,0.4526439,-9.918685e-10
-0.51005816,-1.5339643,-0.91357666,-0.6983223,-0.05171759,-1.6206343e-08
0.10249171,-0.5533189,1.0755157,-0.5581832,-0.8285111,-9.024673e-06
-0.31817627,0.028916629,0.038028724,0.5861557,-1.23256,-4.3109343e-05
-0.5458682,-0.78399336,-0.059458982,0.28473276,-1.7148533,-7.99376e-06
-0.7775103,-1.3852949,0.17439856,-0.6518619,-0.045161303,-3.8799534e-08
-1.3545277,0.1923782,-0.77206993,0.32557225,-0.67928284,-1.830583e-05
1.4913368,-1.3906394,1.4198331,-0.3175258,0.39676705,-3.6920344e-08
-0.6421029,-1.3451864,-0.17129353,-0.13257416,-0.74318457,-9.9566996e-08
0.5035332,-1.4244523,-0.6265267,1.2158364,1.4257219,-1.4416455e-08
-0.5504384,-0.47024825,0.9034755,-0.7373646,-1.2325518,-1.4773993e-05
0.18710989,1.5619073,-1.4310249,1.6044639,1.5238712,-0.00024639914
1.6528797,0.69508904,-0.3178521,-0.9633815,-0.6977348,-0.00090482546
0.8406674,-0.20192298,0.17223322,1.5930258,0.2558386,-7.0352235e-06
-1.445419,0.3691853,-0.5341469,0.63740504,-0.6461865,-1.20909735e-05
0.7307486,0.7079235,0.9341696,0.6822606,0.717726,-3.2556283e-05
1.68206,0.017088968,-1.4682248,-0.4112725,1.3539966,-0.00013467787
0.5002674,-1.4132344,-0.49626374,-0.48721516,1.606418,-3.9323503e-08
1.2018434,-1.0779048,-0.72306556,-1.2834841,-1.210126,-1.5645548e-05
1.7451743,-1.1892463,1.588916,-1.6782191,1.1763035,-6.263844e-07
-0.2167596,-0.03787479,0.6847486,1.200372,1.132911,-3.2782089e-06
0.40462837,-1.6048373,-1.2826034,1.6686133,-1.4316313,-8.151136e-09
-1.1499282,-0.31328547,0.6649547,0.48313567,0.6878182,-1.100219e-06
-0.30778146,-0.63697577,-0.037372213,-0.6930424,0.3229255,-4.689171e-06
1.3226805,1.7346445,1.5718942,0.36665937,0.93815863,-0.00012807707
0.9300962,1.4379003,0.94724464,-0.07937076,1.50452,-0.000107515545
-1.04272,1.02949,-1.004376,-1.5141454,0.027960153,-0.00059208344
-1.333959,0.10557038,1.5305965,-1.403917,-0.65217865,-1.6616978e-05
-1.1298262,-0.5632075,-0.30823386,0.5879968,-0.7915565,-2.7731448e-06
-1.6525773,0.45591167,-0.3921719,-0.520972,0.21184954,-1.4344639e-06
-1.2818654,-1.2096288,0.512836,-0.42705736,-0.26554802,-6.3569814e-08
-0.3787764,-0.74407744,1.7060547,-1.0604652,-1.250985,-6.2577315e-06
1.209512,-0.34685034,0.5174769,0.75077033,0.036641177,-7.682514e-06
0.33543855,-0.4068332,-1.6587052,-0.8899236,0.979222,-6.666723e-05
-1.262862,-1.6610018,-0.5494083,-0.5684802,0.045743577,-1.07784615e-10
-1.3345426,0.7067297,1.598973,0.9138845,1.0762544,-2.4334092e-06
0.9039675,1.4566647,-0.60649854,1.6535128,-0.66534954,-0.00046450103
-1.2339885,-0.9642763,-0.82752323,1.5323517,1.3454864,-1.042165e-07
-0.16491485,0.48143324,-1.3704416,0.668595,0.4006452,-0.00010873089
0.873363,-0.19735469,-0.9493709,0.0472393,-0.5931752,-7.882775e-05
-0.74996364,-0.057382643,-0.9403196,1.289601,0.8227215,-7.6004117e-06
-0.14065143,0.10945739,0.40940282,1.519599,0.83935827,-5.644933e-06
-0.10276806,1.532548,0.6855051,0.7645228,-0.753576,-0.00021041918
-0.36032325,0.24273674,1.638814,0.49562755,-0.32638532,-1.20552295e-05
-0.8261252,-1.1070685,1.1266252,0.40397614,0.88147646,-5.331924e-08
-1.4881994,-0.6264853,0.024451738,0.16215695,-1.5366317,-1.8599552e-06
-1.3451059,0.86693895,0.92565,1.1307751,0.6477128,-4.7352823e-06
-0.8750902,0.5562386,0.98113114,0.47639996,0.36774355,-1.13016085e-05
1.7106419,0.04104988,-1.4828733,-1.4772447,-1.191187,-0.0027740614
-0.7847592,-0.22552918,0.8660293,-1.0392756,-0.22496238,-1.25509105e-05
-1.1094412,-0.67818266,-1.1762583,-1.5899931,0.4948578,-1.19272545e-05
0.46463388,-0.6180583,1.3258406,-0.53582835,1.1921058,-1.930623e-06
0.52184296,-0.9218676,-0.74822855,0.07428389,1.253804,-1.3733232e-06
0.99083227,0.2953284,0.3555575,-0.7499811,-1.1278974,-0.00027892727
1.356329,0.50128555,-0.019217132,-1.6100307,-1.1367638,-0.0016657409
1.006272,1.3550122,0.7961839,-1.1427714,0.80669016,-0.00039200668
-1.6605401,-0.39091495,0.26630428,0.72400844,1.695623,-1.6579603e-08
0.1999022,0.13287134,-1.2472649,-0.13660952,1.4661543,-5.5642166e-05
1.0904576,1.1446971,0.6950668,-0.30526695,0.6698337,-0.00016014463
-0.11203589,0.7726816,1.0125887,0.26650596,1.629134,-1.8378256e-05
-0.96778166,0.2330484,-0.89568096,-0.380882,-0.8060607,-9.129765e-05
1.6891164,0.5478301,-1.1155037,-0.95992184,-0.06060545,-0.0009062619
-0.597048,0.09821844,-1.1708752,-0.81056535,-1.4231398,-0.00041512
-0.9334476,-1.5034084,-0.8369051,-0.72157943,-1.0735738,-4.0001552e-08
-1.5056236,0.07470479,-0.21755156,-1.6384009,-1.1818926,-5.1232833e-05
0.124084756,-0.37800178,0.12753071,-1.6144559,-1.5813549,-0.0002233432
0.8103724,1.5956296,-0.01305347,-0.6717553,0.47660816,-0.00060578494
0.42841092,1.5960096,-0.45536456,0.63668495,0.43535143,-0.0002929267
0.3877414,0.35612038,1.0652702,1.6823657,0.68503666,-8.766318e-06
-1.2590418,1.580473,0.08986383,-0.06135216,1.1351974,-4.0060444e-05
-1.5613103,-0.899918,-0.99857724,1.1704367,-1.3899555,-4.1246244e-07
0.077480316,1.53711,-0.45564094,0.5592945,-0.5110594,-0.0004637455
1.6176299,1.5226933,-1.0110892,-1.396226,1.3500285,-0.0024031391
1.0407999,-0.060461186,-0.607072,-0.88239145,-1.543047,-0.0005227519
-0.955648,-1.4060776,-1.6216642,-0.49044442,1.2045991,-6.2039376e-08
-0.17642188,-0.56131226,0.29927564,-1.4444009,0.5212579,-1.0849987e-05
-1.2225218,-0.4640049,-1.3322128,0.22859846,-1.4164574,-2.2180924e-05
-0.7837409,0.035913028,0.6635816,0.3977269,0.36170354,-5.6709328e-06
0.3590622,-1.5894312,1.1760585,-1.366887,0.043971725,-3.9694297e-09
0.9850259,0.33311778,-1.2791066,-0.37955746,0.32259354,-0.00027142387
1.473876,-0.7253932,-0.90765136,-1.5447714,-0.50811285,-7.783367e-05
-1.5341299,-0.44395828,-1.3585,1.7133505,0.7716943,-5.701285e-07
1.1987269,-0.90251195,0.4575856,1.0118042,1.3341737,-4.451012e-07
-1.1675942,-0.36489406,0.3315162,-0.6688741,1.1944604,-1.9740846e-06
0.69210714,-1.6282947,-0.8877488,1.4771597,-0.1777088,-9.461449e-10
1.5046643,-0.92658955,1.0369596,-1.1003458,-1.603449,-1.60575e-05
0.0713368,0.16902763,0.71200114,1.4452454,1.6824846,-4.204041e-06
1.614142,1.1605188,-1.5533402,-0.68209314,0.4699438,-0.0022020685
-1.4203621,1.6067847,-0.09439359,0.4925389,1.5242921,-1.677772e-05
-0.61070836,-1.3249946,-0.7405759,1.1912566,0.6117243,-3.4525534e-08
1.0517049,0.74615,-0.29884362,0.7933778,0.016821584,-0.0001245846
-0.328089,-0.9856191,0.9557329,0.40605104,0.91953796,-1.7991567e-07
-0.30541003,-1.3543993,-0.18573894,-0.21446161,0.95681477,-4.0375603e-08
-0.6707014,-0.07069794,-1.1942065,-0.0016204305,-0.12360409,-3.9840794e-05
1.2343634,-1.0031388,1.2076633,1.467048,0.2533032,-2.6258752e-07
0.89195925,-1.5094906,-1.571393,-0.581397,-0.08187592,-1.1423294e-07
0.5990718,-1.6385262,-0.59100115,-0.57731646,1.1740596,-7.727044e-10
-0.92073536,-1.1716324,0.6610869,0.20732383,0.7761715,-4.7681908e-08
-1.3509489,1.4535902,1.5177091,-0.8562227,-0.3001629,-5.642373e-05
0.23343942,0.98873943,1.666592,-0.6703536,1.6009723,-4.6514986e-05
0.55744094,-0.69010246,-0.40456092,0.12118234,1.646561,-2.232865e-06
-0.74806875,-1.1715838,0.572402,1.2904598,1.3941193,-2.48723e-08
-0.43475255,-1.3475062,-1.5098591,0.5513013,0.298434,-1.3499032e-07
1.2103568,-1.0328487,-0.33525154,-1.0864623,0.09421287,-3.6799975e-06
0.18435144,-0.7176582,-0.5353736,1.0332443,-0.915249,-5.802143e-06
0.12485983,1.0642368,0.4867995,-0.6533618,1.2498639,-0.00010359746
-0.376715,0.5830033,-1.1266645,0.43304902,-1.2549624,-0.00038180352
-1.5125725,-0.6716602,0.370264,0.08777875,-1.5031209,-1.0958487e-06
-1.5722818,1.2188927,0.8867154,1.2247214,0.51050574,-2.5782879e-06
-0.7761482,-1.0869203,1.3380917,-0.40191862,-1.6303602,-8.9627883e-07
-0.8283457,-1.4275193,-0.29145133,-0.7193608,0.54006666,-2.2952925e-08
0.5837491,0.39108536,1.5687675,-0.3600199,-0.8450329,-7.976772e-05
-0.4542374,-0.96397257,-1.6242435,0.0013758217,-0.0333772,-3.9865304e-06
-0.62666214,0.50768775,-0.48781157,-0.83316576,-0.67830753,-0.00020542151
1.6892715,1.4984859,0.65043664,1.1780941,1.3876631,-8.899018e-05
0.6470779,-0.82577235,0.4396411,-0.9445941,-1.2978249,-1.4356467e-05
1.2750038,-1.2217458,0.80820096,0.26007718,0.306264,-1.5242003e-07
-0.7866504,0.6695263,-1.1410499,-1.3464799,0.012906294,-0.00044814055
-0.6563632,-1.5832616,1.0569788,-0.22982675,-1.6582052,-4.565195e-09
0.680177,1.5776112,-1.6134512,-0.38823295,1.3264337,-0.0014661794
-1.1003941,-0.82462937,-1.179026,-0.7084974,0.3306205,-2.681656e-06
-1.0787425,0.8580171,-0.11778273,0.8925955,-1.4001352,-0.000101886464
-0.03603674,-1.3931588,-1.6701195,-1.5635936,-1.7290708,-7.08215e-06
-0.5828092,-1.184872,-1.6340762,0.16758578,0.753561,-5.370425e-07
-1.2440068,0.20077093,-1.5261834,-0.17669752,1.4088857,-2.2752452e-05
1.0687664,0.63256174,1.3804293,-0.91671544,-0.4059602,-0.000179941
1.4321846,1.3720024,0.375947,1.3348581,-0.52282315,-0.00024936756
0.32655323,1.4792954,-0.54914427,1.0747812,-1.4872289,-0.0011600619
-0.2527292,-0.09442441,-0.07154899,0.5099081,1.1569215,-6.4485516e-06
-1.548196,-0.21952595,-1.4984974,0.019358851,-0.6635499,-7.904964e-06
-0.5801879,0.29786378,-1.623633,0.9472456,-0.8070023,-0.00017387731
0.4856315,-0.4021434,-1.1991297,-0.7765039,0.6468057,-4.084411e-05
0.8592828,0.06676392,-1.6631293,-1.4262211,1.5017537,-0.0004071906
-0.1705814,-1.6605548,1.1294501,1.6505144,0.78927803,-2.2590997e-11
-0.6337766,-1.4384694,-0.6021655,-0.66387653,0.48748022,-3.124419e-08
1.006878,1.2133135,-0.46473703,0.33363247,1.5199609,-0.00015767034
-1.3245114,-1.021995,-1.4805034,0.020256486,0.061972983,-6.2648746e-07
1.1356944,1.3932887,0.2836248,1.4462491,0.25606743,-0.00013216224
-0.6210348,0.20004748,-0.2587151,1.7113826,-0.1380633,-1.2473376e-05
0.073512144,0.43569002,-1.1706234,-1.1816909,-1.0959244,-0.0012998739
-0.29320842,1.6070133,1.100668,-0.032897003,0.30626786,-0.00011843524
0.2559646,-0.9724048,1.4473008,-1.4209882,-0.91025186,-3.9812526e-06
-0.473334,-0.2710955,-1.2255895,1.1062031,0.989786,-7.953482e-06
1.2995033,0.3187581,0.9725285,1.6421589,-1.2052433,-5.6372013e-05
0.0023755254,0.6083303,-0.2799214,-0.677589,-1.4260787,-0.00065157743
1.3916006,-1.7066228,-0.017156389,0.30006343,-0.34596646,-2.5027319e-11
1.7031374,0.6325859,0.7303881,-0.39640623,1.2738642,-6.920888e-05
-0.79195213,-1.0314482,-0.31418258,-0.4347147,-1.32639,-2.1970652e-06
-1.2093039,0.23808786,1.4588703,1.3632523,-0.5631145,-3.5364608e-06
1.4289795,1.1979736,1.056177,-1.6264228,-0.14421389,-0.0011054169
1.3967925,-0.16855267,-1.1162344,-0.25197503,-0.7683922,-0.00017798036
-1.2679287,-0.048865445,-1.0465304,-0.021507934,0.80586827,-8.163251e-06
-0.085990526,-0.12471367,-1.7032678,-1.544609,1.4999504,-0.00020717377
-1.6512831,1.4760324,0.54915434,0.69902635,0.92497784,-1.0513788e-06
-1.3627461,1.0074396,-1.2932969,1.1426172,-0.3765635,-6.322053e-05
0.37980628,0.30291227,-1.4410435,-1.3926051,-1.3702404,-0.0030433373
0.5053504,-1.0527327,-1.1022061,0.65691084,-1.44037,-5.638246e-06
0.41225243,-0.9492469,-1.6996111,-0.12664646,-0.42599627,-1.2226967e-05
-0.42160606,1.4092562,-1.3999183,1.6111109,-0.55675983,-0.00046844693
1.636134,1.2734529,1.5315846,-1.6494045,-1.3239672,-0.0032972668
0.29340634,1.026244,0.95879227,1.4586023,0.41631737,-3.4409626e-05
-0.9691692,-1.3659495,1.5213808,-0.6589488,-0.6673256,-2.9603303e-08
-0.050356418,1.3779842,-0.8343721,1.4481792,0.4901974,-0.00015596813
0.46076035,-0.16146916,-0.7056327,-0.8994239,-0.93053323,-0.00016935813
0.65029836,1.3039756,-0.60377526,0.27947435,-0.16754748,-0.00047078068
-1.1706749,1.5360111,0.032620978,0.39034423,-0.53239864,-0.00010369976
0.69266236,0.19981387,-1.2341564,1.0619774,1.0512964,-4.728679e-05
-0.8327553,-0.72579235,0.2509473,0.7988174,-1.5909201,-3.707783e-06
-1.3840019,1.6629536,-1.1020888,0.95524246,-0.6939988,-0.00015801363
-0.8935979,-0.91065973,0.27056533,-0.37961894,0.3579131,-5.315992e-07
1.7081817,1.157242,1.5728759,-1.3870728,-0.49914825,-0.0008323164
1.519498,-1.6814035,0.28925675,0.005753411,-0.041240234,-1.1405903e-10
1.5894704,-0.5469043,1.2523513,1.5681485,1.1579003,-1.1105468e-06
1.058178,-1.5281677,-1.2246096,1.4863907,0.23609161,-1.2440161e-08
1.3482841,-0.78293806,-0.24340563,-1.0352545,0.20169508,-1.040826e-05
-0.18338214,0.75442123,-1.0618495,1.1791348,0.49391767,-8.470363e-05
-0.9005225,-1.2546977,-0.19155768,0.76593447,-0.9426292,-1.1691703e-07
0.9077244,-1.5157543,-0.68440574,-0.32834345,-0.7027106,-4.879965e-08
-0.8453302,1.2657319,-0.97647476,0.93265045,0.81728876,-8.515395e-05
-1.11519,0.94668275,-1.6605558,-0.08675067,0.23922852,-0.0002351099
-0.5028472,-0.012421415,-0.63800913,0.19686908,1.1172047,-1.2537001e-05
0.40859798,-1.2343322,0.2291552,-1.1512649,-0.23255423,-6.488296e-07
0.9338006,-0.45961943,-0.3031912,-0.2280552,1.613965,-6.837265e-06
-0.62181705,-0.5632211,-1.601116,1.684028,1.0217943,-3.6656074e-06
-0.96655387,1.0941691,1.2896938,1.0604386,-0.49639612,-2.6661199e-05
0.2794815,-0.5690418,1.2730423,-1.4165694,-0.8959711,-2.2664834e-05
-0.9680469,-0.5002529,-1.0368036,-0.11266046,0.33782178,-5.72669e-06
-1.074191,-1.2411958,0.17372267,1.090779,-1.4552101,-1.2120833e-07
0.9449187,-0.822396,1.1399244,-0.75686795,-0.8041069,-5.439301e-06
-0.24217363,0.96011305,-1.6325632,-0.23170999,0.5184964,-0.00054918777
1.6209899,1.141169,-1.5190833,0.8510258,0.13930513,-0.0008792879
1.7226033,0.26262593,0.9524006,1.4437915,0.7714979,-1.3544462e-05
0.56230944,-0.6537476,-0.03496519,1.5597391,-0.7354404,-3.9304064e-06
0.63990414,1.697884,0.54618555,-1.2677994,1.4446303,-0.00049943384
0.44377565,0.354341,-0.715432,-1.6492326,-0.9631987,-0.00137311
0.0741244,-0.6727593,0.31058133,1.211745,-0.8983052,-3.1313184e-06
-0.07811803,-0.6033924,1.1386046,-0.14877765,1.1461104,-1.2562748e-06
0.070823096,-0.23956816,-0.4212738,1.552051,-0.3454865,-1.063416e-05
0.6903117,0.84153384,-0.5559035,1.2171234,0.48341173,-9.272724e-05
1.6485229,0.65080655,-1.6369288,-0.69173056,-0.31903058,-0.0020247954
-0.39920613,1.2832065,-0.2660585,0.48266384,-1.2354505,-0.0004540051
-0.6809046,-0.07249663,1.0877904,0.56932545,-0.080846146,-4.7505987e-06
-0.36993644,1.4630219,-1.6246952,-0.63538414,0.77343833,-0.0011709422
-0.78494793,-0.70830756,-0.13365586,1.5444466,1.1545869,-3.9234112e-07
0.34001386,-0.8040249,1.251476,0.12797375,1.3083991,-5.3177314e-07
1.3327812,-0.6433587,-0.4913175,-0.5814566,-0.07256091,-1.6853628e-05
1.393974,-1.6449903,-0.6357334,-1.5991441,1.2417338,-2.6461124e-09
0.8379166,-1.1489059,-0.5191804,1.374167,0.47650805,-2.624222e-07
-1.2203653,-1.5863035,-0.69705164,-1.7348204,0.05241291,-5.7106386e-09
-0.87723124,-0.09721689,0.20470236,1.3061967,0.02106638,-3.7776015e-06
-0.33126426,0.023429278,-1.6551666,-0.6220451,-0.17674284,-0.00021248312
-0.2703157,-0.4501221,0.65562946,-0.3320203,0.48256844,-3.871211e-06
0.18880889,-1.1963431,-0.43486145,0.21998145,-0.10102467,-3.5709908e-07
-1.5338981,1.6042156,-0.21968631,1.6911343,1.1012372,-6.7992946e-06
0.58321714,-0.57653075,-0.11685668,-1.1565297,-0.27519143,-2.4436178e-05
-1.2667658,0.84585655,0.95887643,-1.2465962,-0.97255003,-0.00011199185
-1.0426435,1.2329403,-1.0681826,1.0284861,0.49126458,-7.851971e-05
-1.3847634,-1.1505201,-1.5644141,-0.8570583,-0.9812546,-1.3219641e-06
1.5478506,-0.21328616,-1.2437501,-0.65287906,1.0630172,-7.763628e-05
-1.5837911,1.0244082,-1.2613459,0.98860717,1.401646,-6.7597784e-06
1.3464192,1.7134978,-0.8374433,-0.733576,0.26616907,-0.0020134961
-0.010748174,-0.2152897,1.3560778,1.0190344,-0.35875586,-4.719251e-06
-0.15315363,1.2826126,-1.3301138,-0.69106746,-0.08976646,-0.001271678
1.1244313,-1.3750148,-1.0109055,1.3201743,0.798804,-6.149371e-08
-0.11203959,-1.1371087,-1.4015688,1.714,-1.3335414,-1.8126634e-06
1.1273172,1.4546454,-0.8640649,0.2255887,-0.4748209,-0.0011541555
1.2924211,-0.15986294,-0.04916892,-0.59199214,-1.0659196,-0.00012049057
-1.4481926,1.7461809,-1.0485977,0.96158516,-1.5768095,-0.0003548529
0.709876,0.13485809,0.01722548,0.470555,-1.2497627,-0.00010575288
0.37229082,-0.7233112,0.5796908,-0.006861459,-1.1234666,-6.58992e-06
0.4174722,1.678913,-0.293257,1.5334935,1.3059682,-0.00011290706
0.29859656,1.5464587,0.74037284,-0.11474694,1.0460702,-0.00013304305
0.5182616,0.17022668,0.39332214,0.5954677,-1.1864007,-7.0670765e-05
-0.7814043,-1.060462,1.6588007,-0.53111374,-1.3772147,-6.9376915e-07
-0.17320557,-0.06939794,-0.08865267,-0.32916966,1.5380516,-1.0744655e-05
1.6835707,-0.8398774,1.4882778,-0.089075424,0.39912173,-1.2832379e-06
1.2042973,1.2897571,1.2850794,0.10234718,0.78524363,-0.00010459743
-0.017554045,0.08838906,0.8204188,0.7443584,0.25861132,-9.478674e-06
-1.5727528,0.37747812,0.9714173,1.2944008,-0.6582005,-1.4534071e-06
0.12263706,1.0745816,-1.1515763,1.049223,-0.9465107,-0.00058971025
-1.1257095,0.5900194,-1.1516516,-0.7441428,0.91939247,-7.426625e-05
1.447735,-1.0922605,0.73278445,1.5407493,-1.7210505,-1.5141366e-06
-0.99845326,1.4694154,0.6229233,1.1575315,-1.4515631,-0.00015588553
-0.07720375,1.0884546,1.5495747,0.61105895,0.5109362,-3.3327105e-05
-0.33510718,-1.0800593,-0.22463827,0.17495438,-0.4654223,-6.316595e-07
0.35364634,1.3380362,-0.31677914,-0.9963031,0.31937823,-0.0006772496
1.6679108,0.50632334,1.1769124,-1.0499185,0.9112992,-9.560928e-05
0.2108056,-0.33974352,0.054552905,-0.005694396,-1.0060558,-2.6334514e-05
1.0446625,-1.2522949,1.6120923,-1.3049237,-0.98571116,-8.204669e-07
1.3840605,-0.28529483,-0.87731236,0.5942562,-1.075952,-7.93727e-05
1.4376069,-1.7193505,-0.5646602,-1.5893189,-1.5256836,-2.2720928e-10
-0.5476578,1.0117207,0.07330196,-1.5615153,-0.12875901,-0.0004935335
-0.33805925,1.2819617,0.91542464,-0.79368365,1.4578103,-8.401058e-05
0.8772068,-0.50004596,-1.5071726,0.98390716,-0.11739133,-2.6196318e-05
-0.42281684,1.6390072,-0.4818702,1.3441113,0.9373995,-9.84516e-05
0.85365605,-0.6451087,1.2468448,-1.4727058,-0.87220806,-2.401865e-05
-0.32912216,0.30833352,0.35681808,-1.1101023,0.1600673,-6.961561e-05
-1.1210227,-1.2201297,1.2137524,0.37050858,-1.3110098,-8.959463e-08
0.7482139,-0.06760471,-0.582929,-0.33061445,-0.12600937,-6.611395e-05
0.31121537,0.71852374,-1.0840192,-1.4362351,0.36811984,-0.0009092997
0.81504893,0.76518816,-1.1739229,0.46758825,-0.7520227,-0.0005995624
1.7582614,-0.052206546,-0.9669255,-1.4585625,1.5771186,-0.0001704628
1.2230422,-0.8809798,-1.2921304,0.094193175,0.476944,-5.9390973e-06
1.6798869,1.2374743,0.85052186,0.69286644,0.85391456,-9.553564e-05
0.13933514,1.1724732,0.46087554,1.5859787,1.7105582,-2.5120946e-05
-1.4344182,0.28937533,-1.1002427,-1.4951074,0.7219185,-4.6247525e-05
-1.1611098,-0.80283254,1.5739055,1.2811269,-0.14757304,-1.4406905e-07
-1.0227146,0.3801262,0.48821738,0.22703208,0.81483316,-7.9604615e-06
-1.4706488,0.011539074,0.63848263,1.4961973,1.6936215,-3.5450213e-07
-0.81616217,1.6153328,-0.7248786,1.6934489,-1.6775894,-0.0006884722
-1.5383697,0.26774138,1.1885974,-0.44711006,-0.33787897,-3.1427232e-06
-1.5418962,0.14262621,-1.2128915,-0.28461087,0.82868564,-5.9263043e-06
-0.9820346,0.12718587,1.2514627,-0.43380988,-0.43104118,-1.2331028e-05
-1.6507795,0.9434936,-0.9345962,1.3501669,-1.4194759,-7.8511775e-06
-1.010036,-0.014922572,0.72882026,-0.76571935,-1.0161691,-2.6014026e-05
0.7038903,1.515931,-0.6224962,1.1314143,-0.91102886,-0.0007531266
1.4836649,0.924093,1.1152867,0.6991827,0.70579195,-5.437855e-05
-0.46517777,-1.3235358,-1.4418893,1.6169664,1.0900772,-5.6349396e-08
-0.45383787,0.0068110735,-0.33593592,1.2145152,-0.20855063,-1.3381886e-05
0.96679467,-1.4875895,-0.464689,1.3936806,-1.4275612,-5.1669204e-08
-0.802596,-1.3449829,-1.0283346,-1.4404856,0.23424412,-3.0706173e-07
-0.7672222,0.34890634,-0.84487516,-0.9276005,0.47216505,-8.760942e-05
1.1083292,0.40247396,-0.4830538,-1.2453886,-0.6643603,-0.00069072424
-1.4535173,-0.14724402,0.17721686,0.84709966,0.5850608,-8.359209e-07
0.2577486,1.6802281,1.2186102,0.33856326,-0.7185009,-0.00028880627
1.5686259,-0.938991,-0.28327253,0.6469293,0.5709195,-1.2643834e-06
0.34250745,-0.73101676,1.6831858,0.6368041,1.2264868,-4.474085e-07
0.515528,-0.27512333,-0.8185465,0.0590423,0.8513855,-1.8117136e-05
-0.9559182,0.017506003,-0.88545895,0.6477075,-0.17515858,-1.7287657e-05
0.023388967,-0.14229691,-0.09055803,-0.9552052,1.6504565,-1.6917884e-05
0.14185254,1.5920678,-0.31197602,1.1128252,-0.16379061,-0.00025917703
0.46986988,-0.7367574,0.54480183,-1.5080937,-1.555094,-5.0249055e-05
0.7163554,-0.9141016,1.5866015,-1.6086129,1.2322364,-1.8700091e-06
1.5437312,0.15815598,0.58733845,0.57483673,1.5974438,-1.31920415e-05
-1.267502,1.3291966,-1.4386216,1.6144593,0.7780833,-5.871114e-05
0.09877853,0.42472264,-0.5879526,-0.6491239,1.5049106,-6.9863556e-05
-0.8133871,0.9553309,-0.34226835,1.619937,0.9229975,-2.1836015e-05
-1.3153214,0.34766006,-1.565467,-0.6302675,0.69469386,-5.56802e-05
-0.09076889,1.5073818,0.53029305,-1.3328383,0.9903053,-0.00037190833
-1.4689066,1.0642972,1.4988382,-0.2841473,-1.3409265,-3.6756628e-05
1.2491635,1.2666712,0.85238487,0.94514066,-0.032272886,-0.00012950476
0.24662244,-0.23030588,-0.034957,-0.9174767,-0.75086415,-6.3538115e-05
-0.88111216,-1.4507728,-0.13173959,1.6126635,0.4643983,-3.475638e-09
0.94720453,-0.8283409,-0.80552906,-0.79028946,-1.5419158,-4.943638e-05
-1.5829095,0.60661644,-0.19180948,-0.7823646,0.09067549,-8.9108025e-06
-0.6190445,1.2419837,1.5059361,-0.73698205,0.6653689,-6.672388e-05
-0.28839085,-0.68104815,-0.88426906,-1.3358446,-0.6546352,-3.380729e-05
-1.4163986,1.4635962,0.27394238,1.6040652,-0.70956534,-2.5886366e-05
-1.048058,0.25987753,-1.261571,-0.99462724,-1.1339136,-0.000316325
-0.23396502,0.013824473,-0.47078055,-0.794992,0.46481252,-4.3611406e-05
1.3539939,0.07546771,0.098556586,-0.5400967,-1.4641619,-0.00030102747
1.710326,-0.30422089,-1.2983011,1.4461265,-0.36681226,-4.4966946e-05
1.1430047,1.6550974,0.4658813,0.7950084,0.08462529,-0.00025207983
-0.981293,0.08330342,-1.4763423,0.6244148,0.4820904,-2.5780275e-05
-1.0796331,1.0852226,-0.7028021,-0.47063303,-1.4972056,-0.000637983
1.5502163,-1.4791508,1.1947144,0.86243474,0.3375613,-6.704614e-09
0.65636915,-0.90027374,1.6107721,0.3003425,-0.69051534,-1.1045931e-06
0.09290953,0.2047887,-0.13526656,1.3679591,-0.21308917,-2.3751065e-05
0.28023767,1.4126805,-1.2289613,0.37076393,-1.2743478,-0.0023272645
-1.3370794,0.845037,-1.4116532,1.2590345,-1.3707626,-0.00016189979
-0.5279095,0.34215674,-0.42317152,1.182973,0.22443457,-2.0400044e-05
1.7050967,-1.73264,-0.8777156,0.28879982,0.28222245,-1.4837221e-12
-0.3776307,0.03992995,1.3648325,-1.6769904,1.4756184,-2.3254324e-05
-0.039247908,-1.1553526,-1.2257434,0.33862725,1.6166335,-3.2578535e-07
-1.3829525,-1.4965072,1.0332702,-1.323455,1.2527153,-1.7476648e-09
-0.9163321,0.24758352,0.32573268,0.28369752,0.65888965,-8.317871e-06
0.011981929,-1.1071182,-0.5235108,-0.20869,1.1392409,-4.0626384e-07
-1.0226899,1.6048329,1.3996011,1.366088,0.72735673,-1.7037568e-05
-0.1664342,-0.9501357,0.9551908,-1.2597649,-1.6236866,-8.792493e-06
0.748069,0.5742208,-0.061027892,-1.4648716,1.247729,-0.0002270227
-1.6375923,1.0402458,-1.1654524,0.7589089,0.19846658,-5.5156925e-06
0.55870384,-1.361583,-0.50662756,1.1311648,-0.44316167,-8.668437e-08
-1.091667,0.907878,0.5530396,-0.39200547,-0.52625275,-6.31656e-05
-0.7934335,-0.22890806,1.4877808,0.4552031,1.3686706,-1.0950195e-06
0.70837015,0.9191155,-0.58073515,1.3780446,1.1959193,-6.786277e-05
1.4166101,1.7106379,-0.71496505,0.15819302,-0.17236686,-0.0012373249
-0.4235763,-0.7434814,-1.6796446,-0.4993251,-0.6584941,-2.8639215e-05
-0.659984,-0.7556973,1.0551084,0.9887933,-0.9419826,-1.0123247e-06
-1.5102408,1.4057252,1.676013,1.549294,0.98595405,-2.3827617e-06
-0.8409812,0.20261222,1.181967,-0.3088961,-1.0610414,-2.9384939e-05
-1.460984,-0.1687596,-0.9583024,1.1628133,-1.1588267,-6.6591806e-06
-0.34703922,1.3425528,1.2299019,0.13036524,-1.0500836,-0.00020727083
0.39860186,-0.84379864,-0.52182096,-0.37767974,0.49081874,-3.1591555e-06
-1.5664574,-0.08010105,0.8973406,-0.1658145,1.314883,-4.047912e-07
1.5509403,1.216154,1.003687,-1.6986914,0.33424148,-0.0009859973
1.1277249,0.69489825,-1.4017252,0.81793106,0.6333898,-0.00024374202
-1.638916,-1.1319596,0.42424968,-0.9587461,-1.4092164,-5.3475837e-08
-0.77549016,0.46444377,0.6849851,-1.4920253,-1.2689191,-0.00029207705
0.60889786,-1.3355252,-1.0338254,-0.25493708,-1.0251284,-7.5813136e-07
-0.3067179,-0.9493111,1.5875688,-0.7212902,-1.118935,-1.7154199e-06
-0.1405422,1.1389264,1.3403738,-1.1187093,-0.7840678,-0.0003813762
-0.73050755,-0.46239385,1.4350253,-0.37965837,-1.060726,-5.91145e-06
1.4305599,-0.8899497,-0.016434882,-0.19750445,-0.57781875,-4.835227e-06
-0.9156279,0.13162759,-0.9202062,0.51292944,-1.0828359,-5.907742e-05
1.4754391,0.4370729,-0.93986243,0.22340459,0.5038224,-0.0001547633
0.1582798,-1.0875957,0.6063366,-0.24620616,0.033032566,-4.41573e-07
0.39337695,-1.180462,-0.3422757,0.3675333,0.07643549,-3.3173683e-07
1.3907952,-1.6982685,1.3646725,-1.1369998,0.7220478,-3.5529267e-11
-0.23662943,0.4617447,1.4380144,1.4536875,-1.5696179,-5.00745e-05
-0.9334456,-1.1291684,0.13165192,0.8351789,-0.6890961,-1.6495981e-07
-0.2314084,0.14100467,-1.4075499,1.0832143,-0.07040372,-6.169156e-05
1.4440523,-0.3869444,0.6810463,-1.5619146,-1.6285247,-0.00026685448
-1.2307954,-1.1443634,1.536619,1.1698824,0.9079178,-1.1768911e-08
0.4380863,-0.55497843,-0.43247953,0.29229107,-1.3109945,-2.5677584e-05
-1.6455394,-1.3465346,-0.90012515,-1.6910396,1.1581328,-7.784633e-09
0.9501722,-0.92511934,-0.4028541,1.6330446,1.7008883,-4.1949588e-07
0.68349636,-0.048049215,0.24522278,-0.05070078,0.34499663,-2.1555703e-05
0.120164625,-1.4983438,-1.2757329,0.31835145,-0.8538752,-6.2448926e-08
0.7863632,-1.5372854,0.91661423,1.4209772,1.2096721,-1.071466e-09
0.049088374,1.3256372,0.7334773,1.1044781,-1.146073,-0.00021744957
1.0002071,0.17250158,-0.6578344,1.5291936,0.070305526,-3.9075563e-05
-1.31628,-0.7718068,-0.6374113,-1.633781,1.0733176,-2.3586238e-06
-0.20577717,-0.05170682,-0.81617767,1.7008911,1.6106513,-6.096397e-06
0.8112017,1.3124406,1.3421278,0.40822384,0.1151728,-0.000111491485
1.7622758,-1.461988,1.0180819,0.008139933,-0.1429605,-2.2962816e-08
0.92449105,-0.926617,0.4874107,-1.3776164,-0.16178635,-5.545299e-06
-1.2052827,-1.2663395,-0.077995844,-0.94739884,-1.6893313,-5.470017e-07
1.3717893,-0.12116709,0.42827913,1.669983,0.2958719,-8.3672e-06
-0.33692527,-0.05375652,1.6567258,1.2756072,-1.3851382,-1.2250783e-05
-0.320591,-1.3652251,0.54305786,1.3380631,0.14393142,-1.4282824e-08
-1.5182906,1.2288446,-0.8578235,-0.1601987,-0.4228148,-5.977999e-05
-0.2239681,-1.3451786,0.6636928,-0.9808348,1.088741,-4.9365976e-08
1.2654009,1.6506028,-0.682763,0.39071983,-0.7044987,-0.0014214447
0.28732112,-1.2051206,-0.06194493,-0.8411281,1.2182652,-2.804648e-07
-0.9560264,-0.23445292,-1.1075498,-1.1437802,-0.42397192,-5.8485657e-05
0.577305,0.3360429,-0.05120372,0.5459538,-0.34630916,-6.2653344e-05
-0.50510406,-0.7757217,0.088698275,1.3464688,-1.5869447,-3.543004e-06
1.6196277,1.6259652,-1.0429481,-1.3453878,1.4922711,-0.0024695846
-1.4477526,-1.206996,1.1036566,-1.5479976,0.13804926,-6.798675e-08
-0.49689052,-0.09075674,1.5859187,0.22002363,-1.5712075,-2.3726678e-05
-1.6158845,-1.2859186,-1.4380497,-0.62569577,0.08569219,-2.7003297e-08
-0.6311541,0.495561,0.49692053,-0.94216233,0.6971115,-4.2469048e-05
0.5901115,1.5079075,-1.1878324,-0.36951277,-0.3773042,-0.001997827
1.7050908,1.6399517,-0.34242865,-0.11472709,1.400507,-0.00043817295
0.33641014,0.21584022,0.8220814,-0.4955735,0.83471054,-2.462591e-05
1.7356515,-0.87461156,-0.031095766,1.2704474,-0.23343135,-1.8352583e-06
0.38412863,1.7178746,0.51971596,0.94703907,1.7184013,-7.386678e-05
1.0418584,0.13822646,-0.55761087,0.5313109,1.2087774,-2.9380391e-05
1.4278775,1.1980217,1.6387264,-0.5707586,-0.223882,-0.00026673745
1.4868865,-0.90766203,-0.80758214,-0.1690424,-0.16110149,-6.1124347e-06
-0.91687745,-0.81025773,0.32064092,1.1104434,0.5194495,-2.8143165e-07
1.6306436,-1.4547126,0.1754273,0.12946291,-0.6146159,-5.3356082e-08
1.0904789,1.6268173,1.1694221,-1.6882006,1.0536425,-0.0008577591
-0.7581739,0.29888928,0.17451736,0.15046123,-1.676483,-0.000113463924
-0.7747502,-1.2576226,1.0349638,0.89410895,-0.93870157,-5.800025e-08
-1.397446,0.1580483,0.4417488,-0.4594282,0.781583,-3.7484606e-06
0.47969228,-0.7483049,1.0945812,-0.33828694,-1.6724563,-1.2731338e-05
-1.3488816,0.0947852,0.020779757,-0.24977133,-0.5849733,-1.0859799e-05
0.77470565,0.5912193,0.57237744,1.0518306,-0.93173933,-9.278732e-05
0.59105885,-0.8668464,1.6938715,1.4182509,0.9258063,-2.2092433e-07
-1.4492123,0.3140572,-0.5606979,-1.3759619,0.075380415,-3.367003e-05
0.5164875,-1.1047877,-0.70009494,1.1287187,-1.240667,-1.6637966e-06
-0.09292678,0.34609392,1.2462783,0.69608057,1.3828278,-6.851471e-06
0.8339418,-1.693105,0.65607953,0.5929662,-0.8007565,-4.5650626e-11
1.0354059,0.28738755,-1.6227016,-0.9999673,-0.20253728,-0.001035035
-1.665094,1.7560344,0.6101429,-1.004908,0.5722678,-2.606546e-06
1.6266975,1.6285545,-1.6860076,1.7084062,-1.1654769,-0.0043633394
1.491569,0.6490698,-0.9337522,0.42960024,-0.17123036,-0.00030650274
0.7324379,1.3023424,0.671448,-0.40052432,-0.5945818,-0.0004517231
-1.5269908,1.7186015,0.90413755,-0.36580446,-0.42207107,-3.434165e-05
-0.56810063,0.50573504,-0.3888825,1.1472113,-0.63932997,-5.031916e-05
-0.45199513,0.59402776,1.4534115,-0.4465949,1.0960212,-1.8487812e-05
-0.3954839,0.23577099,1.7065239,1.1578169,-0.8619754,-1.25582155e-05
1.0184126,1.5655546,1.3388261,-0.5063098,-1.1794552,-0.0009753307
0.6733395,1.5192696,-1.5789729,0.39571598,0.73587716,-0.0010140247
1.4115446,-0.8211155,-0.6258874,0.44266737,0.54903543,-3.1308757e-06
-0.59790105,-0.065546826,0.10359784,-0.90311784,0.0064440705,-2.6279657e-05
0.6267835,-0.8802419,1.3955203,0.02849349,0.13096984,-8.369205e-07
0.65994763,0.6385927,-0.2891489,0.33214828,1.6868103,-4.6819798e-05
-1.3868444,-1.6991886,0.35798255,-1.7112314,-0.5905316,-2.906387e-11
-1.6235424,0.6298564,0.9033933,-0.3560852,-1.555903,-8.992013e-06
-0.8465467,-0.4763663,-0.8998646,0.15079242,-1.7160361,-3.929643e-05
1.2261678,0.6453213,-1.0414326,1.4146147,0.43699482,-0.0001246773
-1.5743525,0.55632967,1.698191,0.3698106,0.6628233,-9.07319e-07
-1.4520226,-0.8692831,-0.0392732,-1.4890751,0.012828181,-9.0054397e-07
1.0120012,0.92025614,1.2147992,-0.52291286,-1.4497311,-0.0006215388
0.9763978,0.75447583,-1.6762791,1.703383,-1.3633443,-0.0013319075
1.4635824,-1.489762,-0.6567471,-0.24017009,-1.1907188,-1.3538602e-07
-1.253102,1.7634866,1.2046598,1.2945147,1.1024028,-1.2364319e-05
-1.2134212,1.5222847,-0.16727553,0.18466951,0.32748827,-6.5854976e-05
0.9306832,1.1022537,0.57777697,1.124068,-0.9754248,-0.00021839443
1.544941,-0.17187089,-1.440255,-0.75998443,-1.6481206,-0.0012396418
1.0776877,0.63059497,1.6713754,1.69006,0.98252255,-1.21676385e-05
0.3169577,-0.94568795,-0.85847676,0.3517749,0.0069694095,-2.1102476e-06
0.6147874,-0.59142375,-0.087812096,-0.36960074,1.7084584,-3.5536143e-06
1.6818601,0.8377679,-1.1263103,1.3196607,-1.4294335,-0.0011669837
-1.0641031,0.7906,-0.7632281,0.841199,-1.415181,-0.00016845965
-0.73480666,0.70400816,-1.4738741,-1.180611,0.28693262,-0.00052598334
1.2518637,-1.6723322,-1.5048018,-0.13914385,1.1481882,-4.975176e-10
-1.1313348,1.4658147,-0.35194394,1.2291291,1.1314329,-2.983715e-05
-0.9025629,-0.7285538,-0.75878835,0.41786453,1.7088014,-7.3463576e-07
1.3044363,1.5304946,1.2682515,-0.56310374,1.0900419,-0.00020805842
0.59058416,1.4574906,-0.009248222,-1.1440121,0.7613173,-0.0006362622
0.60358423,0.6594039,1.3350837,-1.2293453,-1.0756068,-0.0004205675
-0.6828416,1.7609127,-0.28870568,0.9500601,1.6936573,-6.514393e-05
0.023382192,1.0178112,0.36357653,0.77069205,-0.77745956,-0.00014175031
1.6234835,1.0394058,1.6491702,-1.5518305,1.1011634,-0.0003007093
-0.9866255,-0.5910241,-1.3304318,-0.37063572,0.70026493,-5.751279e-06
0.06069252,1.6397746,-0.74524236,0.4247224,-1.0373168,-0.0011959112
0.8662903,0.46827894,1.4679047,-1.5494636,-0.16621405,-0.0002152181
-1.1418697,1.0470644,-0.3948479,1.4808276,-0.15571387,-3.3292494e-05
1.7198377,-0.39125726,-0.46365422,-0.19942905,1.2950114,-1.4104217e-05
-0.81334275,1.2819042,0.13695207,-0.7191951,1.3125244,-8.575095e-05
-0.36644214,1.5686752,-0.9233048,0.17879477,0.3593981,-0.00037518478
-0.41885996,-1.3422412,0.122629546,0.6124116,-0.9950248,-8.072576e-08
-1.0752201,1.4501895,-0.71504396,0.37114975,0.481216,-9.987599e-05
-1.6429096,-1.15674,0.5441262,1.6309675,1.4061551,-8.2809154e-10
1.0182894,-1.2053041,-0.3656542,0.9623206,-0.92859715,-6.0262755e-07
0.50472957,-1.464488,-0.57748085,-0.18243715,1.3752071,-1.928476e-08
-1.5659839,0.5155776,-0.64816934,0.2809558,0.37941268,-4.8374322e-06
-1.0613862,-1.3150854,0.44545165,0.406029,0.9455868,-1.145961e-08
1.7494465,-0.65592325,0.8612956,-0.70253277,0.5819494,-5.4556203e-06
0.7054859,-0.8782041,-1.571727,-1.50109,1.0808463,-2.397606e-05
0.73822665,0.47738212,-1.1992168,-0.19895004,-1.4838706,-0.0013197624
-0.98331517,-1.7216705,-1.6498637,-0.67525667,0.7030544,-6.9158034e-12
-0.7079113,-0.8003068,0.8010856,-1.6533302,-1.5122474,-1.770702e-05
-0.21284153,0.019711018,1.2876282,0.60435885,-0.12970765,-7.956021e-06
-0.2678283,0.16493808,-1.651726,-0.7423632,1.3416193,-0.00013791291
-1.1330723,-0.78830475,0.44571298,1.6467175,-1.4307051,-8.6378935e-07
0.18904522,0.6375951,0.34751004,0.6061147,-1.3278744,-0.00017421308
0.21833009,-1.1547406,-0.9229447,0.7244808,-0.7700468,-9.708673e-07
-0.17093189,-1.4842142,0.3702719,0.49129713,0.053482015,-6.759444e-09
0.28592086,-0.24346629,1.323882,0.6622578,-0.25086793,-5.8377664e-06
-0.6354951,-0.9450415,1.684335,1.0965017,-1.3699204,-5.151932e-07
0.49539068,1.1166043,0.7420316,1.2601837,0.21384747,-6.0334223e-05
0.6967112,-1.1965811,-0.3416162,-0.10920009,-0.4463255,-6.842072e-07
-0.8600669,-0.14097634,-0.9785234,-0.50624144,-0.8198195,-5.5847362e-05
-1.6606746,0.73810846,-0.65530354,0.455678,0.0072628846,-1.075487e-06
0.94867766,-1.5350065,0.013156699,-0.7972347,0.5760332,-1.2105291e-08
0.45799,1.369757,-0.12710905,-0.102551796,0.2659936,-0.00030831003
-0.8288048,-0.79314774,1.2527596,0.49219337,-1.1587462,-1.0908926e-06
1.7069634,-0.4722604,-1.5536339,0.76086026,1.1614105,-2.1440454e-05
-0.7317688,-1.0701603,0.15241939,-1.6926125,0.31486252,-1.3332865e-06
1.2110097,-0.6492398,-0.5473874,0.65742767,-0.72017497,-1.1900713e-05
0.920938,-0.67204297,0.14234288,-0.68615,1.4862336,-3.7143438e-06
-1.3968637,-1.5598979,1.6512989,-1.2364564,0.33720127,-5.9172095e-10
1.1579527,0.6084462,0.049327858,-0.75328237,0.8882316,-0.00013996934
-1.5364841,0.0011910774,-0.29892582,-0.05182565,1.2119162,-1.2998808e-06
-0.9070446,1.7291173,-0.58327544,0.84004515,-0.04246337,-0.0001699498
-0.23998679,1.1946753,-1.7155317,-1.5596349,1.4144994,-0.0021807451
-1.113779,1.5384488,-1.5575871,0.45688227,-0.019345138,-0.00036889905
1.7297118,0.5248506,0.7476903,1.5488178,1.3727479,-1.7391596e-05
-0.29831302,0.93196166,-1.0501462,-0.99462,0.19826938,-0.0005562164
0.7312428,1.6554428,0.9745327,0.40019807,0.78462476,-0.00013316699
-1.4907372,1.4523644,-0.48804918,-0.7118941,0.8597986,-4.5430814e-05
1.0386385,-1.3460221,0.6189252,0.41216213,-0.970673,-1.3545448e-07
-0.4881208,-0.3879491,1.2532984,0.7368908,1.5005946,-8.490702e-07
-1.2629753,-1.6912186,0.2504066,-1.0831732,0.040847745,-2.030509e-11
0.2989953,0.073436685,0.5890032,0.40078163,0.62437814,-1.2172736e-05
0.881554,-0.6149993,1.4510223,1.7004741,-1.2883832,-3.764634e-06
1.5376501,1.5348967,-0.5408349,0.107340835,-0.65754944,-0.0013678096
-1.0048349,0.28519344,1.2626188,-1.2459455,1.1164021,-1.3706378e-05
-0.8004145,0.026208319,-1.4459348,0.0073090354,-1.1037185,-0.0001431187
0.37829122,-1.2667128,1.5723579,0.36822215,0.22811525,-5.0163695e-08
0.5143524,-1.3747765,-0.56450945,0.5198416,1.5078827,-3.3543706e-08
0.7093391,0.28399378,-0.06560244,-0.13946871,-1.6552467,-0.0003983761
0.9924951,-0.867986,0.9629198,-0.38622448,-0.0307384,-1.9229376e-06
-0.3433934,-0.80173486,0.12520452,-0.87705654,0.26956892,-2.6528721e-06
1.0040251,1.2417862,1.5014293,1.1067626,1.1225294,-3.8912727e-05
1.3170102,-0.91100943,-0.7560873,-0.99449444,-0.59304327,-1.5666583e-05
-0.40275833,-0.7768263,-0.9479227,-0.6049458,-1.7028166,-3.7436643e-05
1.2725149,1.3586435,1.5328538,1.13678,-1.0826385,-0.00023800669
0.88864607,0.6947007,-1.0379897,-0.8297404,0.50772834,-0.00049442676
1.5663366,-0.9935625,1.1814618,-0.24084903,-1.2859466,-3.2119644e-06
-0.93160367,0.54003006,1.653834,-0.7061357,-1.4929312,-9.464625e-05
-0.8033505,0.8944223,1.1621273,-1.5522615,-0.0552855,-0.0001598724
-0.45084125,-1.5569468,-0.6505194,0.82197165,0.4424116,-2.1642e-09
0.1345186,0.33572662,-0.026333334,-0.78479785,-1.0967252,-0.00026288125
1.0808916,0.4090785,-1.5493232,-0.8150345,-0.6837411,-0.0014569835
-0.93606234,-0.06173957,-0.9364876,-0.39669994,0.93493426,-1.5767475e-05
0.9094423,1.6949092,-0.35655317,0.46097195,-1.1816291,-0.0015599735
-0.5700996,-1.1568918,-1.136106,1.5090127,-1.4350055,-1.0092137e-06
1.0876263,0.9612888,0.9902819,1.5202421,-0.53462267,-8.2692226e-05
-0.034620255,-0.9284357,0.89935595,0.0093075475,1.3787577,-3.0932415e-07
-1.4617591,-1.500441,-0.49260324,-1.5024449,-0.5189662,-1.2551597e-08
-0.90055346,1.2067219,-0.2711459,0.11363448,-1.184625,-0.0002962498
-1.1993881,-0.8377742,1.6587198,0.02569855,-1.239232,-6.2056364e-07
0.901362,0.089582026,-0.10676297,1.4508888,-0.41831475,-3.0013432e-05
-1.1077536,0.932742,1.4583902,-0.37300265,1.2174444,-1.302496e-05
-0.096350245,-1.4626808,1.590599,-1.6446452,0.638784,-2.5687422e-08
0.4187538,-1.5002345,-0.60361874,0.61593485,-0.5893988,-2.2936558e-08
-0.8973651,0.6062514,-1.6419003,-0.39489776,-1.5128275,-0.0011966225
0.5439916,1.5419555,1.6016884,0.5910046,-1.0616852,-0.00028523704
-1.6345716,-0.17946965,-0.9246976,0.5076531,0.35380942,-4.8155783e-07
-1.1851901,1.2466934,1.6420768,0.60406375,1.4434344,-7.535171e-06
-1.5134917,0.6255118,-1.0977895,0.9453268,0.87955797,-7.019389e-06
-0.47381446,0.50913906,0.31068867,-1.230722,-0.23281415,-0.00014034423
-0.5802889,-1.1156864,0.5070653,-1.4276084,0.9063016,-4.517548e-07
0.29377735,1.6824394,-0.4067937,1.6100329,0.11299388,-0.00022004459
-0.27133244,0.81326365,1.3388941,1.5714384,0.22617838,-1.578493e-05
0.8567873,0.27906343,-1.558727,-0.699286,0.79517365,-0.00034170964
1.6261748,1.2521204,-0.7148869,1.6468517,-0.43758783,-0.00041627558
0.66510767,-1.5059359,-0.2713928,0.3281237,0.49250862,-9.776418e-09
-0.63139063,0.38621506,1.3149593,-0.47028998,0.14266537,-2.0453323e-05
-1.5656133,-0.82193995,0.7948201,-0.9540413,0.51630867,-1.243207e-07
0.67098224,-0.17195484,1.1042643,-0.9377002,-0.38177562,-3.4045643e-05
-0.8061905,0.5836663,0.7386207,1.3777598,1.1069796,-6.0750795e-06
0.9236039,0.7866013,1.5444083,-1.0808316,-1.5705159,-0.00085076503
1.1985024,0.41072732,-0.42882422,-0.72604996,1.1377337,-0.00012293119
0.71148896,-1.3558007,-0.531345,1.7127979,-1.4394046,-2.1731006e-07
1.6632314,-1.0950179,-0.23686838,-0.86195654,-1.175882,-6.5864515e-06
1.6830136,0.037572563,0.6749591,1.692722,-1.0756564,-3.5220928e-05
0.41183704,-0.2980917,-0.5047809,0.76045376,-0.17869925,-1.5159563e-05
-1.2078013,-1.4668274,0.6301048,0.8463443,-0.18315996,-2.2389544e-09
1.5859514,1.7413282,0.47012568,0.3807179,-1.6943325,-0.002509094
-0.7700868,0.22828682,0.4030529,-0.32498017,0.90657365,-1.214295e-05
-0.76639724,-1.2441729,1.3989034,0.75915104,0.4140914,-2.0482739e-08
1.4883597,0.7790116,0.27272058,0.50238395,1.6791428,-4.863056e-05
1.3816298,0.77181625,1.1391932,-0.9609626,-1.2465502,-0.00067405053
0.5675553,-0.8568652,-0.4799553,-1.443685,-1.4031262,-4.7893634e-05
0.15511338,0.8896806,-1.5449075,-1.4244897,0.4041889,-0.0019194692
-1.4016136,-1.0853537,1.0491226,-0.22437227,1.321474,-2.4920336e-08
-0.13163367,0.6168507,0.7116325,0.4818186,1.1436474,-1.8195446e-05
1.6990827,1.6792468,1.4424297,-1.1140921,0.6903343,-0.0005469592
0.4857576,1.1690667,0.6555536,0.3052584,0.2794035,-0.00010944048
0.19461364,0.8760266,0.033401746,0.985064,0.8509413,-4.4789886e-05
-0.31049225,-0.35136783,-1.2410948,1.0060654,-0.70031816,-2.427338e-05
-0.5535668,0.3373595,-1.6298809,-0.6627237,-1.7376037,-0.0018634751
1.0736986,0.621225,0.34388068,0.3833311,-1.452247,-0.0003368983
0.1533647,0.4368555,1.4007295,-1.5527165,-1.1182954,-0.0003576063
1.1676543,-0.3498552,-0.13450217,1.2338269,0.37478888,-7.2259368e-06
-0.2576987,0.25248468,-0.5614538,-1.4010023,1.5376898,-8.693191e-05
0.79965276,-0.70627195,0.858616,0.08190427,1.1051224,-1.3446456e-06
0.75807697,-0.98838556,-0.8327633,-0.55943435,-1.1411008,-1.0667117e-05
0.32180095,-1.6179267,0.6053332,-1.4529504,0.4709147,-2.1104354e-09
1.1294166,-1.4286124,-1.395171,-1.5182896,1.519105,-3.4586398e-07
1.126442,-1.0983326,-1.558034,-1.1289899,0.030921306,-1.0011959e-05
1.6436185,1.6897843,-1.003295,-1.2739463,-0.33403245,-0.0068892343
1.3712366,0.35915652,-0.29511428,1.3096364,-0.9490422,-0.00012208211
-0.39324266,-1.5858558,0.5784193,-0.28090256,-0.1373765,-1.466151e-09
-1.4110076,-0.89313966,0.8683954,-1.1727347,1.290549,-1.7658955e-07
0.3620231,0.41807425,-1.0884309,-0.008134694,-0.5002314,-0.0002665477
0.032118253,-0.5201314,-0.35380396,-0.7976261,-0.27295256,-1.8337836e-05
-0.40207604,-0.49152854,0.56478906,-0.2656334,0.827976,-2.5412137e-06
-0.24126099,-0.6543053,-0.37983936,1.4777061,-0.6749805,-3.20143e-06
0.12815723,-0.42318064,0.024884041,-1.545615,-0.8110626,-7.525341e-05
1.3038142,0.20934963,1.1113982,-1.521621,0.28061756,-0.00012938751
0.5840723,0.111091524,-0.49659008,0.41081417,1.2412717,-2.3136641e-05
-0.56443816,1.1379935,0.8848721,1.1949189,0.17295903,-3.1186974e-05
-0.6611136,1.1335241,1.3951224,-1.6627682,-0.081317574,-0.00028357867
-0.3793515,1.455801,0.5718307,0.5306963,-1.386258,-0.0003868238
-0.61853427,-0.04917586,-0.30622962,1.7045716,1.0216805,-3.7351801e-06
1.5959091,-0.7793174,-1.0888289,-0.2931355,0.067343,-1.3950619e-05
0.9593749,0.012839079,-1.1365348,-1.0381571,-0.77335614,-0.0004888347
1.6023728,-1.1590722,-0.33477035,0.836777,-1.5340695,-2.204926e-06
0.052651662,0.72713625,0.5360116,0.9656015,-0.8326397,-7.9311416e-05
0.3944949,-0.2055875,0.93874526,-0.19451095,-1.2277329,-3.5923385e-05
0.6443942,-0.5570519,-0.083818965,-1.4294446,0.3427286,-2.4053508e-05
-1.5831251,-1.4858376,1.3836195,0.052894536,1.2563965,-1.557059e-10
0.20094933,0.8552997,-0.68144286,-1.1379786,-0.3536848,-0.00080726005
-0.06805541,0.9895624,0.3416834,-1.4955698,1.0416491,-0.00025664747
-0.91847974,1.6129102,-0.8805724,1.0685159,-0.37936097,-0.00022072766
-1.2892857,-0.61690146,0.4607458,1.177207,-0.8351976,-7.362215e-07
1.5718853,0.5373226,1.4654438,0.68217397,-1.5952533,-0.00019590772
1.4475187,0.07319679,0.6010995,-1.4300901,-1.1712258,-0.0003996964
0.84539694,-1.114627,0.11418476,1.4569979,1.2873905,-1.2723046e-07
1.6906836,-1.0938141,-0.6332602,1.2566596,1.1538891,-4.0346976e-07
-0.6517836,0.90841484,-1.4105886,1.476742,1.6580093,-5.457394e-05
-0.25033417,-1.0043303,-1.1766747,-0.12971415,-0.18621765,-2.4926373e-06
0.69925714,1.2888808,-1.4747407,-0.3357162,0.57332146,-0.001184654
-0.23742339,0.621918,1.2202238,-1.5704347,-0.22400661,-0.00019269685
-0.2908298,0.60809565,-0.7177014,1.2659283,1.7011361,-2.2718517e-05
-1.37646,1.1663281,-0.25801325,-0.1053688,-1.3914552,-0.00016101713
0.5098744,0.8685036,-1.540571,-1.7492043,-0.48149356,-0.006755168
-0.9936993,0.766153,-0.48002085,1.6820265,-1.6708126,-0.00013679157
0.10978582,0.9203109,1.460454,-0.23872036,0.15926363,-6.568943e-05
1.7263803,-0.7403147,0.31494477,1.0291201,-1.3588239,-8.675603e-06
-0.48300818,-0.92678934,-0.30773216,-0.27048808,-1.2252502,-3.9340307e-06
-0.49571282,-0.31571567,0.89457387,-0.28733936,0.38856432,-4.313963e-06
1.0862547,0.9842679,1.3236693,1.5118212,1.7100587,-1.9103501e-05
-0.5860688,1.2389566,1.3360637,1.4261408,1.43069,-1.2599545e-05
-0.100758,1.303368,-1.2721806,-0.8241588,1.1772969,-0.0006743265
1.6553564,-0.5485309,0.12242173,0.039814994,-0.43992022,-1.34542925e-05
-0.6589586,-0.21656367,-1.4118199,1.1641026,-0.063870534,-1.8093553e-05
-1.1850209,-1.2023933,-1.185547,0.06899157,-1.5672626,-9.1983713e-07
-0.9167397,1.0924188,1.3183964,-0.32705396,1.1516128,-2.3338975e-05
-0.43035713,-1.160679,-1.3698099,1.5356969,0.46116924,-2.7722916e-07
-0.77009195,-0.717641,-0.84354,1.5305681,1.4571884,-6.1218236e-07
-0.8466202,1.460685,0.82303333,-0.4794693,-1.69391,-0.0006837992
0.7428767,0.434683,1.6707684,1.2992309,-0.43363047,-2.2486296e-05
0.33983997,-0.7302171,-1.6699635,-0.18623286,-1.1260885,-5.9812908e-05
-0.50410026,-1.1787162,-1.1096165,0.037162352,-1.3359106,-1.7638987e-06
-1.2909461,-1.2038969,-0.6746752,1.3773767,-1.040402,-1.03691484e-07
-0.4951412,1.4276915,1.3300347,-0.14900294,0.5350707,-6.865278e-05
-0.67973924,-1.602377,1.0003467,-0.18698047,1.1387441,-2.6013153e-10
-0.5133274,1.5282289,1.0701938,-0.39140263,0.76983714,-9.161094e-05
-1.5066017,1.4152608,1.0999811,-1.4629737,-0.6043399,-8.844162e-05
0.41819102,0.11592279,-0.43092212,1.3290169,0.7517033,-1.6182632e-05
-1.2182848,-0.13429056,1.2659113,-1.3755722,1.6927626,-3.3391827e-06
-1.2941976,1.376099,-0.04921562,-1.3460991,0.07299851,-0.00019226556
-1.360049,0.78322077,0.16049005,0.22043398,-0.63433564,-2.5512907e-05
0.7660234,1.6715109,-0.4565727,-0.19710845,-1.3780397,-0.0030651235
-0.9897371,1.4290764,0.72791797,0.05361678,1.2116244,-3.2972428e-05
-0.6637417,-1.1477078,0.7663211,0.122111134,-0.40708956,-1.6294818e-07
1.3971831,1.0933399,-0.18305883,1.7051935,-1.3692602,-0.00050658785
0.96164656,0.894761,1.5116102,-1.6989533,0.9890717,-0.00027542395
1.0347197,-1.2432259,-0.44590962,-1.057548,0.33335558,-7.897657e-07
-1.5882118,0.85240424,0.43394223,0.30565715,-0.71006095,-6.6898438e-06
-1.1879308,-0.90765256,1.5595813,-1.5589551,-1.7149304,-4.508262e-06
-0.60304713,-1.0421282,0.9670918,-1.3850931,0.20544975,-7.52612e-07
1.4699634,0.03967725,-0.6265811,1.3150458,-0.52411866,-5.7953675e-05
0.2233462,-0.20951544,-0.77922004,0.65741444,-0.31169617,-2.6177899e-05
-1.2409741,-0.46656525,0.3306576,-0.55256736,-0.5888867,-3.5412563e-06
0.05793613,-1.1477922,-0.013956855,0.44346243,1.4116602,-1.2351995e-07
-1.2905318,0.9699536,0.119985476,0.28905988,0.90689296,-1.4392635e-05
-0.33020994,1.762286,1.1058285,-0.18532558,1.3602674,-8.6938286e-05
-0.42644644,-0.38328868,0.59963953,1.4263707,0.6417055,-1.3971568e-06
1.5381057,-1.1794243,-0.96454304,-0.014855785,0.4822103,-9.078824e-07
0.5806199,-0.083953425,-1.4037365,1.2164974,1.6961734,-2.050248e-05
-0.25317332,-1.5228076,1.6234239,-1.3649008,-0.017768571,-9.130659e-09
0.33810213,-1.4228852,-0.19008517,-0.7193377,0.98318076,-4.1928516e-08
-0.45002595,-0.5796683,-0.6778197,0.2790607,0.6920196,-3.3332142e-06
0.723855,1.1130332,-1.2628416,0.9123978,-1.6677439,-0.0025682987
0.72844243,-1.3419995,1.6489574,-0.7203269,1.1639649,-3.851556e-08
0.50967604,-0.27413332,0.8660474,1.2372804,-0.18131879,-5.318154e-06
-0.6241731,-0.9074028,-1.090125,-1.4537765,-1.1800927,-2.4667594e-05
1.5165578,-1.6143227,-1.4848349,-0.6762124,1.1545377,-6.9510775e-09
-0.20150143,-0.3895018,1.4916494,1.2899595,-1.4131477,-6.2145277e-06
-0.62338036,-0.09572631,0.7387952,-1.3107711,0.79974216,-1.5747406e-05
1.1258703,-0.2891999,-0.25331283,-1.6415861,-1.435055,-0.0004953155
1.4509473,1.294078,-1.4288567,-0.45231798,-0.50795966,-0.003408418
1.7611442,0.71206653,1.0404394,-1.4598821,-1.6351129,-0.0022409565
0.55740565,1.10298,-1.1672442,0.5017243,1.225928,-0.00023389408
-0.53998035,0.69644445,0.84336334,-0.31943634,0.4161991,-3.6251007e-05
0.92190856,0.19155042,-1.6327888,-0.52510333,1.4004093,-0.00020945062
1.5248315,0.9624203,-1.5328447,0.9450957,0.51651496,-0.0005084552
-1.6421683,-1.1163514,-1.6491892,0.08654991,-0.8696431,-8.9720224e-08
-0.16622293,0.9039228,1.5566308,-1.578599,0.24857625,-0.0001976255
-1.127418,0.8454355,1.5604044,-1.6585057,1.15942,-4.4598277e-05
0.3681241,-0.740385,-1.4669955,1.0752608,-1.3494836,-2.6028056e-05
0.75948054,-0.053594075,1.3272454,0.7338286,-1.166011,-2.6110542e-05
-0.30866122,-1.3250315,-1.0452657,0.9390381,-0.45177996,-1.4124075e-07
-0.09693396,-1.5337901,-1.5976927,-1.4879354,-1.0927076,-3.1496035e-07
0.82239026,0.0048862505,0.8259374,-0.34966993,-0.32598788,-3.6338417e-05
-0.24232022,0.32207844,0.973013,1.4679496,1.6270531,-4.1268895e-06
-1.3992257,-0.37294322,0.9729537,1.3870215,0.9505907,-2.2335179e-07
1.4252489,0.55077285,0.30059358,1.1651268,-1.4145834,-0.00021461901
-0.8197222,-1.3523662,1.6479762,1.5962714,-0.9453632,-1.2645737e-08
-0.14206135,-0.9609469,-1.4810371,-0.55808,1.3770604,-2.8109775e-06
0.2096123,1.2219988,0.7917983,-1.3575467,-0.14433628,-0.00054443884
-0.056355387,-1.7065486,-0.5453876,0.96094733,-0.74025947,-1.9276589e-11
-1.57302,0.2832852,0.08392055,1.0918417,0.32668787,-1.0899038e-06
