1.3639385,-0.36631158,1.7057134,-1.0138693,0.8992122
1.4766983,-1.0617418,0.28868198,-0.4031786,1.2281362
-0.35634318,0.80489063,-0.9405096,1.5486277,0.74247026
1.6293025,-0.726562,0.19410187,-1.2349892,2.1383576
-0.33021733,-0.084249154,-1.7150449,-1.3337507,0.824986
0.39470124,-1.2310292,0.0142205255,-1.4267921,1.5436224
-0.79137355,-0.17074382,1.318,1.6087674,0.56692463
1.0586454,0.25698936,0.19723867,-0.23627354,0.717565
1.5654585,-0.06481308,0.40842873,-0.47600648,0.93533826
-1.2163981,-0.6510179,-1.6193694,0.9368952,0.42946553
1.5441934,0.52988064,-0.3240981,-1.0395166,1.4135399
0.36950117,-0.44933945,1.0129108,-0.47292474,0.5495301
1.3196235,-0.9692509,-1.26068,1.5758656,8.684232
0.28040725,-1.2915025,-0.80469596,0.90969324,1.9960282
0.877638,-0.3661187,1.1601927,-1.3602886,1.2451942
-0.19602622,-1.6563823,0.49247748,-0.49124542,0.64874727
1.3748705,1.4681754,0.802249,0.15598401,0.54341364
0.30172685,-0.83426267,-1.6031296,0.61247396,2.0713274
-0.7569009,-0.72279906,1.0925732,-0.81261194,0.29525965
0.48617005,0.16958067,-0.37568322,1.2004404,1.4031862
-0.74638903,0.46324074,0.3601588,0.012739825,0.21844426
-0.15483129,-0.15918124,1.3878386,-1.5145142,0.83917874
-0.65238726,1.2146523,-1.5843037,0.45051697,0.34143418
1.1896945,-1.0195177,0.49064478,-1.6986592,1.9082791
-1.3124043,0.63780123,-1.5541729,0.10639712,0.14503983
-0.74686044,0.0028604746,1.2710694,-1.7303584,0.72446644
-0.43919113,-1.4253769,0.5035645,-0.50929266,0.5062081
-0.98843807,-0.6750454,0.19024105,-0.41761622,0.24610162
0.20971003,0.4548847,-0.68924177,-1.5728885,1.5395414
-1.6539576,0.34318203,0.6468637,-0.50514054,0.0053104423
1.6026025,1.2870356,-0.8927432,0.043870002,0.86270124
-1.4159129,1.1846693,0.32749996,-0.99191856,0.08142808
1.3768367,-0.95344746,1.4419295,0.23182729,0.7846214
0.33377978,-0.7450026,-1.2905744,0.9017993,1.9297996
-0.51209694,-0.36649168,-0.49116236,0.19037332,0.45722345
1.1114646,-1.2545084,0.40036687,-1.7173994,1.7020195
0.31557757,-0.46851653,0.29729643,-0.019875074,0.60720277
1.4387302,-1.4339014,0.022692215,-0.82749116,1.7262347
0.23543571,0.67646664,1.4772141,0.48015413,0.37878814
-0.4960253,1.2525697,-0.4474173,-1.4064958,0.57703745
0.50991297,0.1462303,0.44226223,-1.2145534,1.1539521
-0.41990912,-1.2535578,0.90961546,-0.07199005,0.40204573
0.7720065,-1.3264954,-0.33406845,0.9860835,1.8112125
1.584885,-0.6785741,1.121753,-0.4779048,0.8966985
1.0427601,0.5189116,1.121181,-0.10588321,0.53785026
-0.70580393,0.04977612,0.7641514,-0.18621804,0.23059708
1.0413911,0.32694936,-0.42010623,-1.3719399,2.0662982
0.3553211,1.6661764,1.4914567,-0.15166178,0.31174433
0.9218104,0.82453406,-0.99371463,-0.063223794,0.7997686
-1.0026172,0.38540283,0.5300825,0.27279025,0.16008015
-1.6577972,-0.3493794,0.34405026,0.7621528,0.006524585
-0.6182889,0.83968747,1.2117743,0.50230855,0.21612446
-1.2739148,0.650935,-1.4092339,0.9531671,0.17320515
1.4603895,-1.5779009,0.29859805,-0.34515253,1.4470456
0.5432361,-1.0331789,-0.99039537,-0.76389617,1.9851118
0.7605634,0.06592755,0.9097328,1.4590625,1.8340485
0.59185714,0.6748825,0.58906233,1.3689653,1.543154
0.017189605,0.8633747,-1.3374501,0.9315517,0.6677208
1.3950604,-1.0412242,-0.10850222,1.2494931,2.41805
-1.1765872,-1.7398986,0.4796872,0.83536184,0.22615914
0.15559548,-0.08488195,0.73097515,1.519303,1.6678625
-1.1284078,-0.19443734,1.5275856,1.4948825,0.280199
0.5782349,0.51772594,0.77066684,-1.4250572,1.6206276
-0.54598856,-0.47734874,0.32673106,-1.6494019,1.3242408
0.574901,1.3528603,0.9155788,-0.9145513,0.57594764
-0.31168145,0.12430671,-1.626716,1.31216,0.77035695
1.4756372,1.2925137,1.1445962,1.5521791,3.519411
-0.97367674,-1.2191092,-0.20294428,0.098787725,0.3447664
-0.98004264,0.7111399,0.9714689,-1.297212,0.33905363
-0.9801046,0.21661909,0.4910761,-0.82984066,0.226372
1.596288,-0.87373656,-0.09154204,0.8103957,1.7194432
0.6211194,0.8796514,1.2084806,1.6017532,3.3235848
1.704464,-1.7256465,-1.0025371,0.32165718,4.560701
-1.3742464,1.4302291,0.48358244,-1.1554544,0.10613694
-1.6611862,0.14871572,0.7522549,1.6317735,0.019811878
-1.300337,0.17682303,-0.6123905,1.5091093,0.39277473
-1.111441,0.8210192,0.6214896,-0.77552885,0.15006721
0.74476373,0.15298386,-1.700435,-0.9518781,1.2989248
0.66387576,0.7615209,-0.86871374,0.98307484,0.9709797
1.4782767,1.1269584,0.83443266,-1.2681608,1.3820724
-0.8423034,-1.3672544,0.88462746,1.4338454,0.36378503
-1.126981,1.1715833,-1.5780113,-0.3646305,0.18415372
0.96098155,-0.2568009,0.59365785,-0.03800643,0.69703126
-0.6490221,-0.40259778,0.1606186,-0.9412893,0.47019148
1.092474,0.3612102,1.6762173,-1.7296304,2.0685866
-0.36155865,1.383898,-1.6767824,0.37814322,0.42351526
1.0324028,-0.950265,-0.41042835,-0.6325484,1.5045373
-1.2910436,-1.179701,-0.97398305,-1.0317016,0.47701877
-0.8220219,1.0994806,-1.0463861,1.3685976,0.37340343
0.5722489,-0.8200724,-0.2815537,0.30733636,0.99428624
0.41126463,0.57366085,-1.5800357,-0.47960228,0.8796507
-0.39197174,-0.2525531,1.3451447,-1.6143858,0.76168466
1.0737791,0.49144524,-0.6088144,-0.9910904,1.2169611
1.2180066,1.3503819,0.60108703,-0.5807415,0.61742854
-1.2018362,-0.88544583,-1.0119398,0.7149587,0.38365683
-0.8723457,-0.84753036,0.0083289305,-1.5957024,0.88001984
1.6242226,0.87062466,-1.2181222,0.987638,1.3227804
-0.5340187,0.10322915,1.3819642,1.5637912,0.78348166
-0.5634428,-0.1869387,1.4481033,0.52249926,0.26266673
-1.6193655,-1.5396707,1.3517388,-1.7370303,0.01945438
-0.93917555,1.4985256,-0.60241157,0.21196209,0.17392045
0.4773954,-0.059844762,1.0684122,-0.71455747,0.58986145
-0.18018453,-0.3174516,-1.4364452,0.53443205,0.94761986
-1.2030636,-0.71588284,0.78741646,-0.07924696,0.13401113
0.087551355,-0.3406051,-0.2130115,0.83451307,0.84701735
-1.1293402,0.86254966,-1.4247124,-0.155552,0.19179721
-1.4140673,-0.033633504,-1.37983,0.29855564,0.13200054
-0.9012713,1.512523,-1.6087505,0.6768487,0.23947458
-1.4602523,-0.09481731,0.3210287,-1.2998501,0.14301209
-1.0495214,-0.24574246,-0.6223652,0.27494952,0.2513988
1.7688069,1.0006123,-0.7922477,1.5316945,1.8659062
0.3724561,-0.03872565,1.6347411,1.1970901,0.7458571
0.57790375,-0.3445748,-0.5244111,0.093603574,0.8787719
-1.5592384,0.59527504,0.57858837,-0.3194946,0.026190326
-1.0840297,1.3953055,-0.30340123,0.7030083,0.15883674
-0.52613616,0.44619143,1.0352385,-1.5400983,1.042859
0.31647378,1.2327783,0.51178426,-0.5369576,0.43278337
-1.4683632,1.1477761,1.0870926,1.4904928,0.17688929
-0.6949541,0.50472885,0.4477026,0.20888361,0.22837047
-0.9839533,0.61897635,-0.37749708,-0.036838774,0.18858568
0.05192422,0.5749533,1.5176076,-1.3800364,0.851003
-0.59373313,0.18945391,-0.12342363,-1.1388949,0.5827975
-0.07219893,1.504649,-1.0294882,0.22555237,0.4190025
-1.1199504,1.6321248,0.53373605,-1.3185784,0.23812708
-1.1350474,0.63358957,-0.20942493,-0.51610625,0.15533137
-0.9576589,-0.08109128,-1.2751613,-0.8691027,0.4206689
-0.54239774,1.5853868,0.22382241,0.5202938,0.24330847
-1.3122505,-1.3634903,-0.40014362,0.250659,0.21730268
1.4912726,1.3005016,-0.6851528,-1.689593,1.6149606
-0.29466924,0.9396492,-0.82094496,0.5582537,0.43294466
1.5290378,1.1373847,-0.73210716,-0.17082162,0.84580684
0.58379817,-0.12844662,-0.69671744,-0.8549321,1.1684896
-1.4113121,-1.3067588,0.16788699,1.2637267,0.16210885
1.2390637,1.2627451,1.6589042,-1.1566099,0.8934937
-0.4267388,-0.76300687,-1.0079973,-1.596943,3.6333728
-0.61306256,0.4700707,-0.8024815,0.17476517,0.347486
-1.3825036,1.0042982,-1.1526847,-0.9560839,0.10913558
-1.665121,-1.6385071,-0.06613128,-0.7189669,0.0059397942
0.53992796,0.12367245,0.11953004,-1.5317229,3.074374
-0.3290811,-0.6185851,-1.1802548,-0.44558668,0.87306225
0.71769387,1.2564359,0.78385836,1.36405,1.3452175
-1.3663017,-1.1141539,-1.5418785,-1.5885713,0.673792
1.3258587,1.0758224,1.5893099,-1.1876056,0.9998604
-1.2171311,1.1046969,0.32239833,-0.39406884,0.10030661
-0.25024918,0.97818786,-0.17409872,-1.3874992,0.8257685
0.4068936,1.6970417,-0.6161422,0.31037614,0.4798231
0.9363069,0.2734781,0.77050894,-0.35916984,0.6122622
1.4376055,-1.5889555,1.2537081,1.2980952,1.0861462
1.6161231,1.2636714,-1.1247504,-1.7386997,1.3968648
-1.318522,0.1680097,-0.4316002,0.043691456,0.11263829
0.48060513,0.04177061,1.2638829,0.7506858,0.57690275
-0.69366735,-1.6703103,-0.32292655,0.21083564,0.66549045
-0.14158994,-0.38887763,-1.2660706,-0.48688778,0.91907233
-1.2419953,-0.84771377,-0.55308664,1.6127175,1.2546742
1.6159499,1.7311953,0.058414344,-1.3611473,1.3996725
-1.2169533,1.2604388,-0.32168904,1.6015731,0.28488693
0.9676523,1.3202281,-1.1783693,0.4579586,0.78016526
0.652446,1.2125638,-1.0773362,0.8117664,0.77101725
0.6068324,-1.084527,0.46363008,1.2087231,1.2204595
-0.8840197,-0.7492987,1.1779488,0.15828286,0.20544405
1.6126652,-0.6821853,1.5620922,0.16957957,0.76576495
0.4256338,-0.6989674,-0.1951356,-0.36619568,0.8624902
0.26871175,1.3773493,0.66012424,-1.5883163,1.8732766
-1.4706599,0.6050293,-1.3655177,0.71647984,0.08455216
0.77016526,1.4177059,0.9146044,1.2832301,1.0840552
-0.21123369,-0.07552837,1.6408349,0.7110465,0.35660353
-0.7418897,-1.5626273,0.8937773,-0.28511164,0.3350412
1.5265402,-0.5039636,-0.6802544,-1.567497,7.771289
0.43114245,1.2441809,1.3998963,-0.043070495,0.34773198
-0.90577304,1.0787024,-1.6281466,0.43681002,0.27148548
-0.82458675,0.55186695,-0.2071064,-1.372399,0.5898517
-0.035099875,-0.5096054,-0.42664874,1.4609475,2.7787235
1.0088333,-1.6364744,-1.7147217,-0.0600812,22.534607
-0.39296222,-0.93919337,-0.98109233,0.459479,0.91744375
-0.9355667,0.9247806,-1.2527473,1.5161995,0.33756113
-0.54264826,-0.7033258,0.4608505,0.73880225,0.43577513
-1.2395577,0.8490006,-0.14385097,-0.9545242,0.15477115
0.66138977,0.4875511,0.78816056,0.6254328,0.5927157
1.3803035,-0.66939807,-0.38743854,1.0057672,2.0914736
-1.5743192,1.0791826,1.4163232,0.85123,0.024028756
0.4471634,-0.5589112,0.19367503,-0.829547,0.9076956
0.93689245,-0.051661067,1.423302,0.16183534,0.5487725
0.35946012,-0.66380936,1.3942765,-1.2610279,0.7884838
-0.5662127,-1.6632366,-1.4580065,-0.20931906,3.2034545
0.9461075,0.29070935,-1.1547878,-1.2183444,1.5070478
0.952258,0.5155944,1.0339458,0.9774448,0.8389099
0.69117707,-0.8796049,1.6223143,1.6831704,0.94767725
-0.25549895,1.0868739,-1.4673927,-1.6947423,0.5615935
-0.4089238,-1.5725367,0.024211146,-0.8250055,0.71356183
0.23140758,-1.6903589,-0.661493,-0.74827254,1.7707471
-0.25710535,-1.0806098,1.6166289,-1.2292792,0.47206733
-0.46610478,-0.6016454,1.4263637,1.56436,0.5772335
1.148076,-0.18869919,1.2495309,-1.3545772,1.358573
1.5273204,-0.33340344,0.9236703,-0.9214644,1.103533
-0.12335485,0.8103549,-0.16209863,-1.4557145,1.1030554
-0.33847296,-1.5383277,1.5844569,-0.02014895,0.3794928
0.07228393,0.26607725,-0.80493885,-1.298624,1.1614991
-0.055686053,0.037320912,0.08398221,-1.1831095,0.9271534
0.46121863,0.47186247,-0.4530072,1.7108772,2.3513942
0.52980584,1.7570219,-1.2543279,0.760909,0.6225604
-1.5171661,1.0903981,-0.8151386,0.7216716,0.050601162
-0.58845335,-0.96802855,0.41564447,1.2160642,0.61129504
1.4975755,-1.4359078,-0.15422972,0.2853979,1.7225071
0.7180932,-0.41941497,-1.139118,0.26714948,1.3043308
-0.038513284,-0.8763399,-0.21936476,-1.3175238,1.5158541
-0.9912511,0.62182254,0.2957976,0.47302547,0.17403775
-1.0065787,0.022970688,-1.2030339,-1.3698834,0.48523957
-1.4956543,1.422934,1.0367105,-0.021941518,0.030583227
-0.51426345,0.69841105,-1.4616766,-0.95067,0.4876506
0.62878907,-0.3168933,0.015502687,-0.99782246,1.1547753
1.1453457,0.06734341,-1.4064128,-1.0302347,1.6350657
0.84234613,0.42847344,-1.5502752,-0.85428226,1.1709894
-1.4752916,-0.21163839,-0.21436535,-1.0462292,0.1114486
-0.98859304,1.4275311,1.558405,-0.96324265,0.1642268
-0.22466105,-1.3697929,1.623296,-0.6464018,0.4117828
1.7132457,0.86496454,0.61657864,-1.5996798,4.8569746
0.29629907,-1.115461,1.3307925,1.3743796,0.7647988
-0.3988817,-1.5356095,-0.9401541,0.568637,1.4099317
0.7597051,-0.3546168,0.96636486,-1.7401248,1.839536
-0.60885227,0.8647868,1.0474135,-1.7485383,5.0382347
-1.0676363,1.2508136,-1.642961,-0.88816935,0.20669016
1.3042575,0.4486439,-1.3175993,0.6550906,1.2806569
-0.73599505,-0.14533684,0.74133873,1.5736599,0.9077341
-0.2981186,-0.09186764,0.15783103,-0.28465578,0.4046182
-1.6662295,-0.70688856,-1.1639096,1.017926,0.008845902
1.1998557,-0.15116167,-1.3567581,-0.95020044,1.8370442
1.3520477,-0.1148165,1.2408141,-0.37451068,0.69565177
0.67485106,1.5050474,0.18675648,-0.28336093,0.47402507
-1.1537846,1.03722,-0.0047378535,-1.7035708,0.50737727
-1.6526845,-1.4020538,-1.6618863,-0.0053411014,0.056038134
-1.3516885,0.014114319,1.5065479,0.44480377,0.07062095
1.3314927,-1.076069,-1.1367283,1.0431083,4.1725407
0.87405145,-0.2726501,0.764646,-1.3568441,1.5152153
1.4964991,-1.3924482,-0.20753036,-0.53679395,1.8168366
0.94942766,0.46452227,0.055051435,0.051060554,0.6658634
0.4830593,-1.2627084,0.8426887,0.16965449,0.7132172
0.030284971,1.7449458,-0.45862925,0.27821103,0.37417832
-1.2626907,1.3364509,-0.48295242,-1.3032076,0.17592914
-1.4284928,-1.2051027,1.3687375,1.3321801,0.09108464
-1.5638273,-1.6507229,-1.3175114,-1.5822146,0.36178833
0.75220734,0.07552627,0.76365143,-0.6167155,0.6603811
-0.7984574,-0.48464695,-0.44433683,0.8502046,0.49079323
-0.29947203,0.5236887,-0.57502,-0.44710088,0.43724382
-0.9440584,-1.1849529,1.1492165,-0.85038245,0.24703091
-0.2666978,0.72752285,0.28912953,-1.726036,3.3166754
-1.1650844,-1.5138975,-1.6005489,1.1805805,2.6158924
-1.0782459,-0.9223678,1.5344336,-0.05335005,0.14655267
0.6184665,-0.9187263,-0.8534812,0.8236526,1.8753753
-0.46471888,0.85877687,1.4843711,0.26240683,0.21656999
1.1104195,-0.039263785,-0.54016346,-1.3046709,2.3031504
-0.5053872,-1.6851685,1.6743174,-0.62746626,0.34084475
-1.2162932,-0.99869037,0.5059185,1.2227184,0.24612573
-0.25673476,-0.80794,-0.0839351,-0.8640346,0.74337006
-0.7877435,-1.626718,0.6549352,-0.8137991,0.37003246
-0.47978097,0.23227225,-0.054364476,0.93704736,0.5061539
-1.5924989,0.6342045,-0.85310453,-0.7663415,0.031131864
1.0107789,-0.31620196,0.93890244,0.26883605,0.6798882
-1.1519424,-0.69379574,1.1134837,-0.85785705,0.17071502
0.91282445,-0.003846078,-0.21618168,0.51966965,0.9077222
0.8287171,-1.3915918,1.6151803,0.16209987,0.680324
1.2776396,-1.0652089,0.10817656,-1.3915635,2.1760643
-1.2739651,-0.03332183,-0.90958107,-1.3303373,0.32661194
1.285845,1.5709202,-0.93723416,0.623582,0.8134324
-0.7670828,-0.5345721,1.1550788,-0.5825973,0.24929836
0.68625456,0.8794959,-0.6969321,0.93601006,0.8992242
1.6646161,-0.6860589,1.0842539,0.0758966,0.86871916
-0.19575211,-0.46184018,-1.6699249,-0.60771275,1.1485819
0.03383163,-1.6691749,0.058249466,-0.3163042,0.9223617
-0.3493817,1.465473,-1.1880763,-0.80487114,0.4059305
-1.3909672,1.721189,0.6085287,0.84175104,0.068278976
0.87370205,-0.030147374,1.394404,1.3618214,1.2432686
-1.6626359,1.1254717,0.6751728,-0.06843177,0.002407095
1.1163732,1.4469103,-0.5916775,-1.1329068,0.9885754
1.3358413,0.8813588,-1.6127403,1.2328494,1.1988746
1.6759691,0.9135811,-0.8149901,1.3973855,1.7450964
-0.35911107,-1.6692562,-1.0143229,1.1683793,1.9777502
-1.3679868,-1.6475656,1.6397457,-0.04579477,0.08850849
0.43438298,-1.3445106,-0.9247155,0.41210526,1.8859892
0.998613,0.55752575,0.663389,0.073855564,0.5769316
-1.6670984,-1.5160582,1.3783281,-0.67338794,0.0025265373
-0.34378946,-1.3371236,0.6184845,-1.7323495,0.68773764
-0.9853086,-0.8465431,-1.5086124,-0.22645958,0.63523734
-0.10349017,-1.6159003,-0.19610888,0.73600185,1.0070739
-0.80060256,0.009203512,-0.5108759,0.9976553,0.47709805
-0.6568812,0.26083165,1.1060826,0.39825886,0.22716711
-0.49961755,-1.0234805,-0.16210374,0.7767788,0.6517193
-1.5895854,1.1596199,-0.091557816,1.0716428,0.031898748
1.4603355,-0.6615766,1.5274718,-0.34981066,0.75073475
1.4910337,-0.48882905,0.40791646,1.1185597,1.6600906
-0.22302899,1.3481988,0.7955158,-0.050835263,0.26154226
-0.14899123,1.5184087,-0.5540202,-0.6288491,0.39514288
-0.6557657,-0.19514716,1.1226829,-0.68813664,0.278218
-1.5082204,-1.2570746,0.24610049,-1.0255569,0.08769698
-1.628924,-0.876414,-0.34606385,-1.3506879,0.04994055
0.68726945,0.2310264,0.3301728,0.38306338,0.63164
-0.89848715,1.0388895,-1.3533598,1.5888376,0.3267108
-1.0600947,0.8833433,0.062240552,0.2322506,0.14436252
-0.087230444,-0.77062476,0.7870257,0.22009975,0.46544537
-0.5264037,-1.657594,-1.6097767,-0.6652656,6.776199
-0.51005816,-1.5339643,-0.91357666,-0.6983223,1.2933378
0.10249171,-0.5533189,1.0755157,-0.55818313,0.49558622
-0.31817627,0.028916629,0.038028587,0.58615583,0.45235652
-0.5458682,-0.78399336,-0.059459124,0.28473267,0.44735646
-0.7775103,-1.3852949,0.17439857,-0.6518619,0.43358356
-1.3545277,0.1923782,-0.77207005,0.3255724,0.11726512
1.4913368,-1.3906394,1.4198331,-0.31752586,0.916608
-0.6421029,-1.3451864,-0.17129353,-0.1325741,0.53141636
0.5035332,-1.4244523,-0.6265269,1.2158366,2.3326066
-0.5504384,-0.47024825,0.90347546,-0.7373645,0.35223836
0.18710989,1.5619073,-1.431025,1.604464,0.62876606
1.6528797,0.69508904,-0.3178522,-0.96338147,1.2835784
0.8406674,-0.20192298,0.17223303,1.5930258,4.626864
-1.445419,0.3691853,-0.5341469,0.6374051,0.08332929
0.7307486,0.7079235,0.9341695,0.6822609,0.5874518
1.68206,0.017088968,-1.4682249,-0.41127244,1.7406214
0.5002674,-1.4132344,-0.49626395,-0.4872151,1.4840568
1.2018434,-1.0779048,-0.7230657,-1.2834842,3.8571222
1.7451743,-1.1892463,1.5889158,-1.6782191,1.2351019
-0.2167596,-0.03787479,0.6847485,1.200372,0.7417304
0.40462837,-1.6048373,-1.2826035,1.6686134,7.1032763
-1.1499282,-0.31328547,0.66495466,0.48313567,0.15239522
-0.30778146,-0.63697577,-0.037372146,-0.6930424,0.5956053
1.3226805,1.7346445,1.5718942,0.3666594,0.47462755
0.9300962,1.4379003,0.9472447,-0.07937074,0.45033923
-1.04272,1.02949,-1.0043763,-1.5141453,0.30241057
-1.333959,0.10557038,1.5305965,-1.403917,0.16428566
-1.1298262,-0.5632075,-0.30823392,0.58799684,0.24691775
-1.6525773,0.45591167,-0.3921719,-0.52097183,0.007169213
-1.2818654,-1.2096288,0.5128358,-0.42705727,0.14827228
-0.3787764,-0.74407744,1.7060546,-1.0604652,0.39801237
1.209512,-0.34685034,0.517477,0.75077033,1.0162165
0.33543855,-0.4068332,-1.6587054,-0.88992345,1.5253094
-1.262862,-1.6610018,-0.54940856,-0.5684801,0.3369417
-1.3345426,0.7067297,1.598973,0.91388464,0.08766486
0.9039675,1.4566647,-0.60649854,1.6535131,1.2654935
-1.2339885,-0.9642763,-0.82752335,1.5323519,1.4377149
-0.16491485,0.48143324,-1.3704416,0.6685953,0.64963794
0.873363,-0.19735469,-0.9493711,0.0472392,1.1124257
-0.74996364,-0.057382643,-0.9403198,1.2896011,0.7499048
-0.14065143,0.10945739,0.40940264,1.519599,1.9708599
-0.10276806,1.532548,0.6855051,0.76452285,0.3643884
-0.36032325,0.24273674,1.638814,0.49562758,0.27372554
-0.8261252,-1.1070685,1.1266253,0.4039763,0.2541556
-1.4881994,-0.6264853,0.024451807,0.16215701,0.06639646
-1.3451059,0.86693895,0.92565006,1.1307751,0.12430235
-0.8750902,0.5562386,0.981131,0.4764002,0.17825654
1.7106419,0.04104988,-1.4828734,-1.4772446,2.1826422
-0.7847592,-0.22552918,0.8660294,-1.0392756,0.34216145
-1.1094412,-0.67818266,-1.1762584,-1.5899932,1.0235444
0.46463388,-0.6180583,1.3258406,-0.5358283,0.5613906
0.52184296,-0.9218676,-0.7482286,0.07428389,1.2333612
0.99083227,0.2953284,0.35555756,-0.749981,0.8300545
1.356329,0.50128555,-0.019217065,-1.6100308,4.3301024
1.006272,1.3550122,0.7961839,-1.1427716,0.91286546
-1.6605401,-0.39091495,0.26630437,0.72400874,0.005545476
0.1999022,0.13287134,-1.247265,-0.13660955,0.8119377
1.0904576,1.1446971,0.6950668,-0.3052669,0.54490465
-0.11203589,0.7726816,1.0125886,0.26650614,0.3099794
-0.96778166,0.2330484,-0.8956811,-0.38088185,0.26762724
1.6891164,0.5478301,-1.1155038,-0.95992184,1.4968026
-0.597048,0.09821844,-1.1708754,-0.8105653,0.5501226
-0.9334476,-1.5034084,-0.83690524,-0.7215793,0.7546696
-1.5056236,0.07470479,-0.2175515,-1.6384009,0.39024055
0.124084756,-0.37800178,0.12753065,-1.6144559,2.8333466
0.8103724,1.5956296,-0.013053676,-0.6717552,0.5887543
0.42841092,1.5960096,-0.45536464,0.6366851,0.5340694
0.3877414,0.35612038,1.0652701,1.6823659,2.7658315
-1.2590418,1.580473,0.08986376,-0.06135222,0.08206377
-1.5613103,-0.899918,-0.9985774,1.1704371,0.15167603
0.077480316,1.53711,-0.45564094,0.5592947,0.4367371
1.6176299,1.5226933,-1.0110893,-1.396226,1.233461
1.0407999,-0.060461186,-0.607072,-0.88239145,1.360841
-0.955648,-1.4060776,-1.6216642,-0.49044433,1.7530073
-0.17642188,-0.56131226,0.29927558,-1.4444009,1.2508249
-1.2225218,-0.4640049,-1.3322129,0.22859871,0.2792386
-0.7837409,0.035913028,0.66358155,0.39772692,0.23085545
0.3590622,-1.5894312,1.1760583,-1.3668869,0.73164684
0.9850259,0.33311778,-1.2791066,-0.37955737,1.1061548
1.473876,-0.7253932,-0.9076515,-1.5447714,8.1811
-1.5341299,-0.44395828,-1.3585001,1.7133508,0.15332477
1.1987269,-0.90251195,0.45758548,1.0118043,1.3662802
-1.1675942,-0.36489406,0.33151603,-0.6688741,0.17754856
0.69210714,-1.6282947,-0.8877489,1.4771601,3.26871
1.5046643,-0.92658955,1.0369595,-1.1003458,1.2410699
0.0713368,0.16902763,0.71200097,1.4452455,1.4628954
1.614142,1.1605188,-1.5533403,-0.68209314,1.1288456
-1.4203621,1.6067847,-0.09439352,0.4925391,0.057028253
-0.61070836,-1.3249946,-0.74057597,1.1912566,1.3052056
1.0517049,0.74615,-0.29884383,0.79337776,0.9213604
-0.328089,-0.9856191,0.95573276,0.40605116,0.4123655
-0.30541003,-1.3543993,-0.18573894,-0.2144616,0.7181158
-0.6707014,-0.07069794,-1.1942066,-0.0016204746,0.46235406
1.2343634,-1.0031388,1.2076632,1.4670483,1.2657051
0.89195925,-1.5094906,-1.5713933,-0.5813969,7.548576
0.5990718,-1.6385262,-0.59100115,-0.57731634,1.9050977
-0.92073536,-1.1716324,0.66108686,0.20732397,0.25848833
-1.3509489,1.4535902,1.5177091,-0.8562227,0.0702217
0.23343942,0.98873943,1.6665919,-0.6703536,0.37779385
0.55744094,-0.69010246,-0.40456113,0.12118246,0.9537956
-0.74806875,-1.1715838,0.5724018,1.2904599,0.47948116
-0.43475255,-1.3475062,-1.5098593,0.55130124,2.3090706
1.2103568,-1.0328487,-0.33525148,-1.0864623,2.204441
0.18435144,-0.7176582,-0.5353738,1.0332444,1.4412766
0.12485983,1.0642368,0.48679933,-0.65336174,0.43163136
-0.376715,0.5830033,-1.1266645,0.43304908,0.4757201
-1.5125725,-0.6716602,0.37026393,0.087778844,0.051768694
-1.5722818,1.2188927,0.88671535,1.2247216,0.042683627
-0.7761482,-1.0869203,1.3380919,-0.40191853,0.25058946
-0.8283457,-1.4275193,-0.29145133,-0.7193609,0.5449372
0.5837491,0.39108536,1.5687674,-0.36001977,0.4390208
-0.4542374,-0.96397257,-1.6242436,0.0013759616,1.4071598
-0.62666214,0.50768775,-0.48781174,-0.83316565,0.39919558
1.6892715,1.4984859,0.65043676,1.1780943,1.2389175
0.6470779,-0.82577235,0.43964097,-0.94459397,1.0321804
1.2750038,-1.2217458,0.808201,0.26007715,0.98299485
-0.7866504,0.6695263,-1.14105,-1.34648,0.4494864
-0.6563632,-1.5832616,1.0569787,-0.22982667,0.34679648
0.680177,1.5776112,-1.6134514,-0.38823277,0.70474327
-1.1003941,-0.82462937,-1.1790261,-0.70849746,0.48180455
-1.0787425,0.8580171,-0.117782936,0.8925955,0.20435081
-0.03603674,-1.3931588,-1.6701196,-1.5635935,5.3411994
-0.5828092,-1.184872,-1.6340764,0.16758594,1.712829
-1.2440068,0.20077093,-1.5261835,-0.17669743,0.20552808
1.0687664,0.63256174,1.3804294,-0.9167154,0.7284382
1.4321846,1.3720024,0.37594703,1.3348583,1.5684743
0.32655323,1.4792954,-0.5491443,1.0747813,0.6873896
-0.2527292,-0.09442441,-0.071548924,0.5099081,0.48834732
-1.548196,-0.21952595,-1.4984976,0.019359056,0.07375613
-0.5801879,0.29786378,-1.6236331,0.94724584,0.5494083
0.4856315,-0.4021434,-1.1991298,-0.7765038,1.4305799
0.8592828,0.06676392,-1.6631294,-1.4262213,1.4612181
-0.1705814,-1.6605548,1.1294501,1.6505147,0.54415226
-0.6337766,-1.4384694,-0.6021656,-0.66387653,0.8196285
1.006878,1.2133135,-0.46473712,0.33363265,0.6725485
-1.3245114,-1.021995,-1.4805036,0.020256657,0.36731532
1.1356944,1.3932887,0.28362462,1.4462494,1.7295128
-0.6210348,0.20004748,-0.25871503,1.7113827,2.3514502
0.073512144,0.43569002,-1.1706234,-1.181691,0.9124073
-0.29320842,1.6070133,1.1006678,-0.03289694,0.2260528
0.2559646,-0.9724048,1.4473008,-1.4209882,0.74944806
-0.473334,-0.2710955,-1.2255898,1.1062032,0.91809756
1.2995033,0.3187581,0.97252846,1.6421589,3.9749825
0.0023755254,0.6083303,-0.2799215,-0.677589,0.5350176
1.3916006,-1.7066228,-0.017156389,0.3000634,1.7573643
1.7031374,0.6325859,0.7303881,-0.3964061,0.74965996
-0.79195213,-1.0314482,-0.31418267,-0.43471473,0.44587788
-1.2093039,0.23808786,1.4588702,1.3632524,0.2317765
1.4289795,1.1979736,1.056177,-1.6264229,4.8609986
1.3967925,-0.16855267,-1.1162344,-0.25197506,1.4524157
-1.2679287,-0.048865445,-1.0465305,-0.021507794,0.17389046
-0.085990526,-0.12471367,-1.7032678,-1.544609,1.0065241
-1.6512831,1.4760324,0.54915434,0.6990263,0.0054661254
-1.3627461,1.0074396,-1.293297,1.1426173,0.12423558
0.37980628,0.30291227,-1.4410436,-1.3926051,1.1433856
0.5053504,-1.0527327,-1.1022062,0.65691084,2.0353606
0.41225243,-0.9492469,-1.6996112,-0.12664628,2.5893507
-0.42160606,1.4092562,-1.3999184,1.6111112,0.45071343
1.636134,1.2734529,1.5315845,-1.6494045,5.21108
0.29340634,1.026244,0.95879215,1.4586027,1.5496472
-0.9691692,-1.3659495,1.5213807,-0.65894884,0.2067219
-0.050356418,1.3779842,-0.8343723,1.4481794,0.7000976
0.46076035,-0.16146916,-0.70563275,-0.8994239,1.1655923
0.65029836,1.3039756,-0.60377526,0.27947453,0.58207047
-1.1706749,1.5360111,0.032620773,0.39034426,0.107950814
0.69266236,0.19981387,-1.2341564,1.0619776,1.3231274
-0.8327553,-0.72579235,0.2509473,0.79881763,0.36588815
-1.3840019,1.6629536,-1.1020888,0.95524275,0.088626124
-0.8935979,-0.91065973,0.2705652,-0.37961873,0.29017678
1.7081817,1.157242,1.5728759,-1.3870729,1.6696367
1.519498,-1.6814035,0.2892567,0.0057536266,1.5329624
1.5894704,-0.5469043,1.2523513,1.5681485,1.7452145
1.058178,-1.5281677,-1.2246099,1.4863908,8.86875
1.3482841,-0.78293806,-0.2434057,-1.0352545,1.9850223
-0.18338214,0.75442123,-1.0618495,1.179135,0.69144434
-0.9005225,-1.2546977,-0.19155762,0.76593465,0.46145573
0.9077244,-1.5157543,-0.6844058,-0.3283433,2.083363
-0.8453302,1.2657319,-0.9764749,0.9326506,0.28218627
-1.11519,0.94668275,-1.6605558,-0.08675076,0.20740964
-0.5028472,-0.012421415,-0.6380092,0.19686916,0.428029
0.40859798,-1.2343322,0.22915506,-1.1512649,1.1755357
0.9338006,-0.45961943,-0.3031913,-0.22805505,0.98996055
-0.62181705,-0.5632211,-1.6011161,1.6840281,1.0063496
-0.96655387,1.0941691,1.2896937,1.0604386,0.21666546
0.2794815,-0.5690418,1.2730423,-1.4165692,0.9101798
-0.9680469,-0.5002529,-1.0368037,-0.11266058,0.37153655
-1.074191,-1.2411958,0.17372246,1.0907791,0.3436878
0.9449187,-0.822396,1.1399245,-0.75686795,0.81973356
-0.24217363,0.96011305,-1.6325634,-0.23170984,0.52391624
1.6209899,1.141169,-1.5190835,0.85102594,1.1606871
1.7226033,0.26262593,0.95240057,1.4437915,2.5344996
0.56230944,-0.6537476,-0.034965124,1.5597395,3.0800338
0.63990414,1.697884,0.5461855,-1.2677994,0.894842
0.44377565,0.354341,-0.7154321,-1.6492327,1.9476839
0.0741244,-0.6727593,0.31058136,1.2117451,1.0734181
-0.07811803,-0.6033924,1.1386046,-0.14877766,0.4026727
0.070823096,-0.23956816,-0.4212739,1.5520512,3.8042748
0.6903117,0.84153384,-0.55590373,1.2171234,1.1570702
1.6485229,0.65080655,-1.6369289,-0.6917305,1.395715
-0.39920613,1.2832065,-0.2660586,0.48266378,0.3157748
-0.6809046,-0.07249663,1.0877903,0.5693256,0.25526518
-0.36993644,1.4630219,-1.6246953,-0.6353841,0.40931565
-0.78494793,-0.70830756,-0.13365594,1.5444468,1.278352
0.34001386,-0.8040249,1.251476,0.12797378,0.51892066
1.3327812,-0.6433587,-0.4913176,-0.5814565,1.4894066
1.393974,-1.6449903,-0.6357335,-1.5991441,3.1194146
0.8379166,-1.1489059,-0.51918066,1.3741671,3.1304975
-1.2203653,-1.5863035,-0.6970517,-1.7348204,0.5283936
-0.87723124,-0.09721689,0.20470224,1.3061967,0.59918517
-0.33126426,0.023429278,-1.6551667,-0.62204516,0.7599039
-0.2703157,-0.4501221,0.6556295,-0.33202007,0.39914557
0.18880889,-1.1963431,-0.43486154,0.21998164,1.0364918
-1.5338981,1.6042156,-0.21968633,1.6911347,0.07910975
0.58321714,-0.57653075,-0.11685675,-1.1565295,1.5433862
-1.2667658,0.84585655,0.9588765,-1.2465962,0.17742948
-1.0426435,1.2329403,-1.0681826,1.0284863,0.22689186
-1.3847634,-1.1505201,-1.5644143,-0.8570583,0.47078493
1.5478506,-0.21328616,-1.2437501,-0.65287906,1.837479
-1.5837911,1.0244082,-1.261346,0.9886071,0.03456315
1.3464192,1.7134978,-0.8374433,-0.733576,0.81113315
-0.010748174,-0.2152897,1.3560777,1.0190344,0.55413944
-0.15315363,1.2826126,-1.3301139,-0.6910674,0.4871966
1.1244313,-1.3750148,-1.0109056,1.3201743,5.6273985
-0.11203959,-1.1371087,-1.4015689,1.7140001,5.4840755
1.1273172,1.4546454,-0.86406493,0.22558898,0.71261543
1.2924211,-0.15986294,-0.049169056,-0.59199214,1.0592037
-1.4481926,1.7461809,-1.0485977,0.96158534,0.06759503
0.709876,0.13485809,0.017225413,0.47055504,0.7342891
0.37229082,-0.7233112,0.5796907,-0.006861506,0.61812806
0.4174722,1.678913,-0.293257,1.5334938,1.0132002
0.29859656,1.5464587,0.7403728,-0.11474704,0.34805557
0.5182616,0.17022668,0.39332193,0.59546787,0.6436884
-0.7814043,-1.060462,1.6588006,-0.5311138,0.23350406
-0.17320557,-0.06939794,-0.08865268,-0.32916966,0.4768508
1.6835707,-0.8398774,1.4882778,-0.08907554,0.81864494
1.2042973,1.2897571,1.2850794,0.10234745,0.4835049
-0.017554045,0.08838906,0.8204186,0.7443585,0.4883141
-1.5727528,0.37747812,0.9714173,1.294401,0.054279257
0.12263706,1.0745816,-1.1515764,1.049223,0.6851813
-1.1257095,0.5900194,-1.1516517,-0.74414265,0.22023702
1.447735,-1.0922605,0.7327845,1.5407493,1.682331
-0.99845326,1.4694154,0.6229233,1.1575317,0.24387607
-0.07720375,1.0884546,1.5495747,0.611059,0.312192
-0.33510718,-1.0800593,-0.22463842,0.1749545,0.62903845
0.35364634,1.3380362,-0.31677914,-0.99630314,0.6626063
1.6679108,0.50632334,1.1769124,-1.0499184,1.0863348
0.2108056,-0.33974352,0.054552704,-0.0056943744,0.5966137
1.0446625,-1.2522949,1.6120923,-1.3049235,0.90062046
1.3840605,-0.28529483,-0.87731236,0.5942565,1.5549208
1.4376069,-1.7193505,-0.5646603,-1.5893189,2.7669377
-0.5476578,1.0117207,0.07330196,-1.5615155,0.95885587
-0.33805925,1.2819617,0.9154245,-0.7936836,0.31266615
0.8772068,-0.50004596,-1.5071727,0.9839072,2.1365755
-0.42281684,1.6390072,-0.48187017,1.3441116,0.5045294
0.85365605,-0.6451087,1.2468446,-1.4727058,1.2111815
-0.32912216,0.30833352,0.35681802,-1.1101024,0.60027355
-1.1210227,-1.2201297,1.2137524,0.37050867,0.1650719
0.7482139,-0.06760471,-0.5829291,-0.33061448,0.9046509
0.31121537,0.71852374,-1.0840194,-1.4362352,1.0386949
0.81504893,0.76518816,-1.1739231,0.46758825,0.8748701
1.7582614,-0.052206546,-0.9669257,-1.4585625,3.175215
1.2230422,-0.8809798,-1.2921304,0.0941932,2.2707908
1.6798869,1.2374743,0.85052174,0.69286644,0.7595638
0.13933514,1.1724732,0.46087548,1.5859789,1.9932169
-1.4344182,0.28937533,-1.1002429,-1.4951074,0.16388443
-1.1611098,-0.80283254,1.5739055,1.2811269,0.18815628
-1.0227146,0.3801262,0.48821726,0.22703221,0.15542407
-1.4706488,0.011539074,0.6384825,1.4961976,0.19776016
-0.81616217,1.6153328,-0.7248787,1.6934491,0.3733293
-1.5383697,0.26774138,1.1885974,-0.44711012,0.030161873
-1.5418962,0.14262621,-1.2128916,-0.2846109,0.057564065
-0.9820346,0.12718587,1.2514627,-0.4338099,0.15422076
-1.6507795,0.9434936,-0.93459636,1.3501672,0.011725449
-1.010036,-0.014922572,0.72882026,-0.76571935,0.20373802
0.7038903,1.515931,-0.62249625,1.1314145,0.8388327
1.4836649,0.924093,1.1152867,0.699183,0.7241001
-0.46517777,-1.3235358,-1.4418894,1.6169665,7.720314
-0.45383787,0.0068110735,-0.33593598,1.2145152,0.86760306
0.96679467,-1.4875895,-0.4646892,1.3936807,2.5127206
-0.802596,-1.3449829,-1.0283346,-1.4404854,2.1165428
-0.7672222,0.34890634,-0.84487534,-0.92760056,0.4187628
1.1083292,0.40247396,-0.483054,-1.2453885,1.6672555
-1.4535173,-0.14724402,0.17721687,0.8470998,0.08939379
0.2577486,1.6802281,1.21861,0.33856332,0.32288292
1.5686259,-0.938991,-0.28327253,0.6469294,1.7231487
0.34250745,-0.73101676,1.6831858,0.6368044,0.5168776
0.515528,-0.27512333,-0.8185466,0.05904258,0.9344747
-0.9559182,0.017506003,-0.885459,0.6477075,0.32990718
0.023388967,-0.14229691,-0.0905581,-0.95520514,0.80348957
0.14185254,1.5920678,-0.31197616,1.1128255,0.62255126
0.46986988,-0.7367574,0.5448018,-1.5080937,1.4987013
0.7163554,-0.9141016,1.5866014,-1.6086129,0.94625676
1.5437312,0.15815598,0.5873384,0.57483685,0.89209515
-1.267502,1.3291966,-1.4386219,1.6144595,0.14875945
0.09877853,0.42472264,-0.5879527,-0.64912385,0.6349908
-0.8133871,0.9553309,-0.34226856,1.6199371,0.6544124
-1.3153214,0.34766006,-1.565467,-0.63026756,0.16910565
-0.09076889,1.5073818,0.53029305,-1.3328383,0.72491235
-1.4689066,1.0642972,1.4988382,-0.28414726,0.03552647
1.2491635,1.2666712,0.8523848,0.94514066,0.8158318
0.24662244,-0.23030588,-0.034956932,-0.9174767,0.8820386
-0.88111216,-1.4507728,-0.13173966,1.6126637,0.61002076
0.94720453,-0.8283409,-0.8055292,-0.79028934,1.8866479
-1.5829095,0.60661644,-0.19180955,-0.7823645,0.030853992
-0.6190445,1.2419837,1.5059361,-0.73698205,0.21578394
-0.28839085,-0.68104815,-0.88426924,-1.3358446,1.9323889
-1.4163986,1.4635962,0.27394223,1.6040654,0.20455566
-1.048058,0.25987753,-1.2615712,-0.99462724,0.32495198
-0.23396502,0.013824473,-0.4707807,-0.79499197,0.62995595
1.3539939,0.07546771,0.09855645,-0.5400968,0.943615
1.710326,-0.30422089,-1.2983012,1.4461263,3.1746755
1.1430047,1.6550974,0.46588123,0.79500836,0.67460227
-0.981293,0.08330342,-1.4763424,0.6244149,0.3636541
-1.0796331,1.0852226,-0.7028022,-0.47063285,0.16786791
1.5502163,-1.4791508,1.1947144,0.862435,1.1013047
0.65636915,-0.90027374,1.6107721,0.3003424,0.5734264
0.09290953,0.2047887,-0.13526663,1.3679594,1.546827
0.28023767,1.4126805,-1.2289615,0.370764,0.5605319
-1.3370794,0.845037,-1.4116533,1.2590348,0.14406742
-0.5279095,0.34215674,-0.42317173,1.1829729,0.674215
1.7050967,-1.73264,-0.87771565,0.2888,3.9254322
-0.3776307,0.03992995,1.3648326,-1.6769903,0.94635326
-0.039247908,-1.1553526,-1.2257435,0.3386272,1.5950054
-1.3829525,-1.4965072,1.0332701,-1.323455,0.11306624
-0.9163321,0.24758352,0.32573277,0.28369775,0.19645709
0.011981929,-1.1071182,-0.52351093,-0.20869006,0.93443406
-1.0226899,1.6048329,1.3996011,1.3660883,0.32166252
-0.1664342,-0.9501357,0.9551906,-1.2597649,0.6654494
0.748069,0.5742208,-0.06102803,-1.4648718,2.076981
-1.6375923,1.0402458,-1.1654524,0.7589089,0.013051172
0.55870384,-1.361583,-0.50662774,1.1311649,2.061321
-1.091667,0.907878,0.55303955,-0.39200553,0.12684366
-0.7934335,-0.22890806,1.4877809,0.45520326,0.20289081
0.70837015,0.9191155,-0.58073527,1.3780448,1.3154227
1.4166101,1.7106379,-0.7149651,0.15819305,0.7094681
-0.4235763,-0.7434814,-1.6796447,-0.499325,1.2342836
-0.659984,-0.7556973,1.0551084,0.98879355,0.37404898
-1.5102408,1.4057252,1.6760131,1.5492942,0.15713248
-0.8409812,0.20261222,1.1819669,-0.30889615,0.1790525
-1.460984,-0.1687596,-0.9583024,1.1628135,0.16294326
-0.34703922,1.3425528,1.2299019,0.13036545,0.22382398
0.39860186,-0.84379864,-0.52182096,-0.37767947,1.0469136
-1.5664574,-0.08010105,0.89734054,-0.16581431,0.025749424
1.5509403,1.216154,1.003687,-1.6986914,10.318535
1.1277249,0.69489825,-1.4017253,0.81793123,1.1504015
-1.638916,-1.1319596,0.42424968,-0.958746,0.016863894
-0.77549016,0.46444377,0.68498504,-1.4920253,0.8307382
0.60889786,-1.3355252,-1.0338254,-0.2549371,2.1309178
-0.3067179,-0.9493111,1.5875688,-0.72129023,0.3780548
-0.1405422,1.1389264,1.3403736,-1.1187092,0.48058993
-0.73050755,-0.46239385,1.4350253,-0.37965822,0.22330077
1.4305599,-0.8899497,-0.016434815,-0.19750434,1.2320111
-0.9156279,0.13162759,-0.92020625,0.5129294,0.31675792
1.4754391,0.4370729,-0.9398626,0.22340482,1.0971648
0.1582798,-1.0875957,0.60633653,-0.24620602,0.62399924
0.39337695,-1.180462,-0.34227574,0.3675333,1.1198832
1.3907952,-1.6982685,1.3646725,-1.1369996,0.99951863
-0.23662943,0.4617447,1.4380141,1.4536877,0.89800346
-0.9334456,-1.1291684,0.13165179,0.83517885,0.37612817
-0.2314084,0.14100467,-1.40755,1.0832143,0.82470495
1.4440523,-0.3869444,0.6810462,-1.5619146,2.538689
-1.2307954,-1.1443634,1.536619,1.1698828,0.14899862
0.4380863,-0.55497843,-0.4324795,0.29229125,0.8922853
-1.6455394,-1.3465346,-0.90012527,-1.6910394,0.06943626
0.9501722,-0.92511934,-0.40285417,1.6330446,4.9117365
0.68349636,-0.048049215,0.24522285,-0.050700564,0.64873993
0.120164625,-1.4983438,-1.2757329,0.31835157,2.6975443
0.7863632,-1.5372854,0.9166141,1.4209775,0.999339
0.049088374,1.3256372,0.7334772,1.1044784,0.58770895
1.0002071,0.17250158,-0.6578346,1.5291939,2.8018668
-1.31628,-0.7718068,-0.63741136,-1.6337811,1.455796
-0.20577717,-0.05170682,-0.81617785,1.7008913,1.9303029
0.8112017,1.3124406,1.3421278,0.40822387,0.4416711
1.7622758,-1.461988,1.018082,0.008140031,1.1348231
0.92449105,-0.926617,0.4874107,-1.3776163,1.5681006
-1.2052827,-1.2663395,-0.077995986,-0.9473988,0.2834598
1.3717893,-0.12116709,0.42827907,1.6699833,5.2454286
-0.33692527,-0.05375652,1.6567255,1.2756075,0.52807385
-0.320591,-1.3652251,0.543058,1.3380631,0.68069637
-1.5182906,1.2288446,-0.85782355,-0.16019854,0.041747984
-0.2239681,-1.3451786,0.6636928,-0.98083484,0.6174071
1.2654009,1.6506028,-0.682763,0.39072004,0.70677495
0.28732112,-1.2051206,-0.061945,-0.8411281,1.1006749
-0.9560264,-0.23445292,-1.1075499,-1.1437801,0.5431988
0.577305,0.3360429,-0.05120372,0.54595405,0.6923697
-0.50510406,-0.7757217,0.08869814,1.346469,0.9561634
1.6196277,1.6259652,-1.0429482,-1.3453879,1.1608634
-1.4477526,-1.206996,1.1036568,-1.5479977,0.097286485
-0.49689052,-0.09075674,1.5859187,0.22002377,0.24334095
-1.6158845,-1.2859186,-1.4380498,-0.6256958,0.09326055
-0.6311541,0.495561,0.4969204,-0.94216233,0.35371813
0.5901115,1.5079075,-1.1878325,-0.3695127,0.62387204
1.7050908,1.6399517,-0.3424287,-0.114727154,0.7216828
0.33641014,0.21584022,0.8220813,-0.49557346,0.49489152
1.7356515,-0.87461156,-0.031095903,1.2704475,2.6907516
0.38412863,1.7178746,0.51971585,0.94703937,0.5505618
1.0418584,0.13822646,-0.5576111,0.5313112,1.0159085
1.4278775,1.1980217,1.6387261,-0.57075876,0.5660692
1.4868865,-0.90766203,-0.80758226,-0.16904235,1.8336792
-0.91687745,-0.81025773,0.32064077,1.1104436,0.41511816
1.6306436,-1.4547126,0.17542717,0.12946297,1.514265
1.0904789,1.6268173,1.169422,-1.6882006,5.1640944
-0.7581739,0.29888928,0.17451715,0.15046121,0.23739037
-0.7747502,-1.2576226,1.0349638,0.89410895,0.32536823
-1.397446,0.1580483,0.44174874,-0.4594282,0.07476092
0.47969228,-0.7483049,1.0945812,-0.33828682,0.5855235
-1.3488816,0.0947852,0.020779828,-0.2497714,0.09397572
0.77470565,0.5912193,0.57237744,1.0518308,0.93756074
0.59105885,-0.8668464,1.6938714,1.418251,0.8337203
-1.4492123,0.3140572,-0.5606979,-1.3759619,0.16955116
0.5164875,-1.1047877,-0.7000951,1.128719,2.4118934
-0.09292678,0.34609392,1.2462782,0.69608057,0.38973713
0.8339418,-1.693105,0.6560795,0.59296614,1.0417923
1.0354059,0.28738755,-1.6227018,-0.9999673,1.3699912
-1.665094,1.7560344,0.6101429,-1.0049081,0.0027245893
1.6266975,1.6285545,-1.6860079,1.7084064,1.0080065
1.491569,0.6490698,-0.9337523,0.42960024,1.0728222
0.7324379,1.3023424,0.671448,-0.4005244,0.47540724
-1.5269908,1.7186015,0.90413743,-0.36580434,0.025865847
-0.56810063,0.50573504,-0.38888252,1.1472113,0.5778164
-0.45199513,0.59402776,1.4534113,-0.4465949,0.24105918
-0.3954839,0.23577099,1.7065239,1.1578172,0.4370457
1.0184126,1.5655546,1.3388261,-0.50630975,0.4727835
0.6733395,1.5192696,-1.5789732,0.39571616,0.71022755
1.4115446,-0.8211155,-0.62588745,0.4426674,1.6773663
-0.59790105,-0.065546826,0.10359764,-0.9031179,0.4460091
0.6267835,-0.8802419,1.3955202,0.028493598,0.57915163
0.65994763,0.6385927,-0.28914896,0.33214846,0.6485657
-1.3868444,-1.6991886,0.3579826,-1.7112314,0.14211704
-1.6235424,0.6298564,0.9033933,-0.35608518,0.0109257605
-0.8465467,-0.4763663,-0.89986473,0.15079236,0.40446174
1.2261678,0.6453213,-1.0414327,1.4146148,1.6073859
-1.5743525,0.55632967,1.698191,0.3698107,0.018811725
-1.4520226,-0.8692831,-0.03927327,-1.4890751,0.22451419
1.0120012,0.92025614,1.214799,-0.522913,0.53954875
0.9763978,0.75447583,-1.6762792,1.7033832,1.0998566
1.4635824,-1.489762,-0.65674716,-0.24016996,2.4034212
-1.253102,1.7634866,1.2046599,1.2945149,0.17272942
-1.2134212,1.5222847,-0.16727561,0.18466958,0.09840038
0.9306832,1.1022537,0.5777771,1.1240681,0.9817583
1.544941,-0.17187089,-1.440255,-0.75998443,1.9735193
1.0776877,0.63059497,1.6713754,1.6900603,2.5548625
0.3169577,-0.94568795,-0.8584769,0.35177478,1.2742496
0.6147874,-0.59142375,-0.0878121,-0.36960068,0.8690879
1.6818601,0.8377679,-1.1263105,1.3196608,1.5777658
-1.0641031,0.7906,-0.76322824,0.8411991,0.22747612
-0.73480666,0.70400816,-1.4738742,-1.1806111,0.41108963
1.2518637,-1.6723322,-1.5048019,-0.13914369,9.990109
-1.1313348,1.4658147,-0.35194397,1.2291292,0.21557991
-0.9025629,-0.7285538,-0.7587884,0.4178648,0.42520928
1.3044363,1.5304946,1.2682514,-0.56310356,0.5459052
0.59058416,1.4574906,-0.009248154,-1.144012,0.80688494
0.60358423,0.6594039,1.3350836,-1.2293452,0.8979361
-0.6828416,1.7609127,-0.28870574,0.9500604,0.28462395
0.023382192,1.0178112,0.3635764,0.77069217,0.46413097
1.6234835,1.0394058,1.64917,-1.5518306,2.6218913
-0.9866255,-0.5910241,-1.330432,-0.3706356,0.46917024
0.06069252,1.6397746,-0.74524236,0.4247226,0.42718348
0.8662903,0.46827894,1.4679047,-1.5494636,1.823404
-1.1418697,1.0470644,-0.39484805,1.4808277,0.32637656
1.7198377,-0.39125726,-0.46365425,-0.19942898,1.3287047
-0.81334275,1.2819042,0.13695186,-0.719195,0.21898258
-0.36644214,1.5686752,-0.9233049,0.17879483,0.32645407
-0.41885996,-1.3422412,0.12262955,0.6124118,0.61316085
-1.0752201,1.4501895,-0.71504396,0.37114993,0.1515602
-1.6429096,-1.15674,0.5441263,1.6309676,0.019037854
1.0182894,-1.2053041,-0.3656543,0.96232086,1.98428
0.50472957,-1.464488,-0.5774809,-0.18243697,1.538483
-1.5659839,0.5155776,-0.6481694,0.28095582,0.03422056
-1.0613862,-1.3150854,0.44545165,0.40602902,0.24570312
1.7494465,-0.65592325,0.8612954,-0.7025327,1.1043056
0.7054859,-0.8782041,-1.571727,-1.5010902,3.2775548
0.73822665,0.47738212,-1.1992168,-0.19894996,0.9003896
-0.98331517,-1.7216705,-1.649864,-0.6752566,8.046304
-0.7079113,-0.8003068,0.8010854,-1.6533302,0.5986586
-0.21284153,0.019711018,1.287628,0.60435885,0.35840645
-0.2678283,0.16493808,-1.6517261,-0.7423631,0.74266404
-1.1330723,-0.78830475,0.44571298,1.6467178,0.43702725
0.18904522,0.6375951,0.34751007,0.6061148,0.49901733
0.21833009,-1.1547406,-0.92294484,0.7244809,1.731257
-0.17093189,-1.4842142,0.37027192,0.4912972,0.66418976
0.28592086,-0.24346629,1.3238821,0.66225773,0.5142829
-0.6354951,-0.9450415,1.6843349,1.096502,0.32938984
0.49539068,1.1166043,0.74203163,1.260184,1.0056373
0.6967112,-1.1965811,-0.3416162,-0.109200135,1.2352629
-0.8600669,-0.14097634,-0.9785235,-0.50624156,0.38366586
-1.6606746,0.73810846,-0.65530366,0.4556782,0.0044745947
0.94867766,-1.5350065,0.0131567,-0.7972346,1.4726421
0.45799,1.369757,-0.12710913,-0.10255154,0.45992097
-0.8288048,-0.79314774,1.2527597,0.49219358,0.23329067
1.7069634,-0.4722604,-1.553634,0.76086056,2.6185207
-0.7317688,-1.0701603,0.15241933,-1.6926124,0.77789205
1.2110097,-0.6492398,-0.5473874,0.6574277,1.558908
0.920938,-0.67204297,0.1423429,-0.6861501,1.0623218
-1.3968637,-1.5598979,1.6512988,-1.2364564,0.08514922
1.1579527,0.6084462,0.04932779,-0.75328237,0.8796433
-1.5364841,0.0011910774,-0.29892597,-0.05182556,0.044189297
-0.9070446,1.7291173,-0.58327544,0.8400451,0.21231957
-0.23998679,1.1946753,-1.715532,-1.5596349,0.49815726
-1.113779,1.5384488,-1.5575873,0.45688233,0.16862336
1.7297118,0.5248506,0.74769014,1.5488179,4.4386215
-0.29831302,0.93196166,-1.0501463,-0.99461997,0.5343938
0.7312428,1.6554428,0.9745328,0.4001981,0.42819598
-1.4907372,1.4523644,-0.48804912,-0.711894,0.049820952
1.0386385,-1.3460221,0.61892503,0.41216213,1.0263646
-0.4881208,-0.3879491,1.2532983,0.7368909,0.3381035
-1.2629753,-1.6912186,0.25040638,-1.083173,0.21102837
0.2989953,0.073436685,0.58900315,0.40078154,0.5168326
0.881554,-0.6149993,1.4510221,1.7004744,1.2381587
1.5376501,1.5348967,-0.5408351,0.10734107,0.7339703
-1.0048349,0.28519344,1.2626188,-1.2459455,0.28303435
-0.8004145,0.026208319,-1.4459349,0.007309187,0.43414566
0.37829122,-1.2667128,1.5723579,0.3682222,0.5582054
0.5143524,-1.3747765,-0.5645096,0.5198416,1.5623446
0.7093391,0.28399378,-0.06560244,-0.13946879,0.65729284
0.9924951,-0.867986,0.96291983,-0.3862244,0.7825228
-0.3433934,-0.80173486,0.12520452,-0.87705654,0.6410862
1.0040251,1.2417862,1.5014293,1.1067625,0.8220686
1.3170102,-0.91100943,-0.7560875,-0.99449444,2.6351972
-0.40275833,-0.7768263,-0.9479228,-0.60494584,0.853748
1.2725149,1.3586435,1.532854,1.1367801,0.92553675
0.88864607,0.6947007,-1.0379897,-0.8297404,1.0047085
1.5663366,-0.9935625,1.1814618,-0.24084899,0.89995307
-0.93160367,0.54003006,1.653834,-0.7061357,0.16143577
-0.8033505,0.8944223,1.1621271,-1.5522615,0.8582705
-0.45084125,-1.5569468,-0.6505195,0.82197195,1.114089
0.1345186,0.33572662,-0.026333472,-0.78479785,0.6292572
1.0808916,0.4090785,-1.5493232,-0.8150345,1.2860514
-0.93606234,-0.06173957,-0.9364876,-0.39669988,0.31941208
0.9094423,1.6949092,-0.3565534,0.46097204,0.58901405
-0.5700996,-1.1568918,-1.136106,1.5090129,4.967867
1.0876263,0.9612888,0.9902817,1.5202421,2.8454554
-0.034620255,-0.9284357,0.89935595,0.009307558,0.47806716
-1.4617591,-1.500441,-0.49260324,-1.5024447,0.21095338
-0.90055346,1.2067219,-0.27114606,0.11363468,0.17924297
-1.1993881,-0.8377742,1.6587197,0.02569875,0.11115927
0.901362,0.089582026,-0.10676311,1.4508889,3.0439909
-1.1077536,0.932742,1.4583901,-0.3730028,0.102934636
-0.096350245,-1.4626808,1.5905988,-1.6446452,0.5195983
0.4187538,-1.5002345,-0.6036188,0.6159348,1.6858076
-0.8973651,0.6062514,-1.6419004,-0.39489758,0.32833785
0.5439916,1.5419555,1.6016883,0.5910047,0.3967552
-1.6345716,-0.17946965,-0.9246977,0.50765336,0.019266518
-1.1851901,1.2466934,1.6420767,0.60406387,0.091641136
-1.5134917,0.6255118,-1.0977898,0.94532686,0.0700767
-0.47381446,0.50913906,0.31068847,-1.230722,0.6227608
-0.5802889,-1.1156864,0.50706524,-1.4276084,0.6276263
0.29377735,1.6824394,-0.40679365,1.610033,0.9426474
-0.27133244,0.81326365,1.3388941,1.5714387,1.5091223
0.8567873,0.27906343,-1.5587273,-0.699286,1.2372283
1.6261748,1.2521204,-0.7148871,1.6468519,1.6951873
0.66510767,-1.5059359,-0.27139288,0.32812366,1.4144747
-0.63139063,0.38621506,1.3149593,-0.47029,0.22118737
-1.5656133,-0.82193995,0.79482,-0.9540413,0.042703103
0.67098224,-0.17195484,1.1042643,-0.9377002,0.76035094
-0.8061905,0.5836663,0.7386206,1.3777598,0.5949121
0.9236039,0.7866013,1.5444084,-1.0808315,0.7783807
1.1985024,0.41072732,-0.4288243,-0.7260499,1.0368379
0.71148896,-1.3558007,-0.5313452,1.712798,2.9782841
1.6632314,-1.0950179,-0.2368683,-0.86195654,2.0346758
1.6830136,0.037572563,0.674959,1.6927221,5.121562
0.41183704,-0.2980917,-0.5047809,0.76045394,1.0321524
-1.2078013,-1.4668274,0.63010466,0.84634453,0.19679096
1.5859514,1.7413282,0.47012568,0.38071805,0.61813563
-0.7700868,0.22828682,0.40305287,-0.32498014,0.23166366
-0.76639724,-1.2441729,1.3989034,0.7591512,0.2798512
1.4883597,0.7790116,0.27272052,0.5023839,0.7910013
1.3816298,0.77181625,1.139193,-0.9609626,0.8718193
0.5675553,-0.8568652,-0.47995552,-1.4436852,3.3119798
0.15511338,0.8896806,-1.5449076,-1.4244897,0.7493013
-1.4016136,-1.0853537,1.0491225,-0.22437221,0.08067756
-0.13163367,0.6168507,0.7116325,0.48181844,0.3602935
1.6990827,1.6792468,1.4424297,-1.114092,0.94930905
0.4857576,1.1690667,0.6555535,0.3052586,0.4301499
0.19461364,0.8760266,0.033401746,0.9850644,0.67979664
-0.31049225,-0.35136783,-1.2410948,1.0060654,1.0309405
-0.5535668,0.3373595,-1.6298811,-0.6627236,0.53875357
1.0736986,0.621225,0.34388068,0.38333133,0.66871136
0.1533647,0.4368555,1.4007295,-1.5527165,1.3591025
1.1676543,-0.3498552,-0.13450225,1.2338269,2.2238286
-0.2576987,0.25248468,-0.5614539,-1.4010023,1.1496449
0.79965276,-0.70627195,0.858616,0.08190448,0.6879182
0.75807697,-0.98838556,-0.83276343,-0.5594343,1.6857525
0.32180095,-1.6179267,0.6053331,-1.4529505,0.90079474
1.1294166,-1.4286124,-1.3951712,-1.5182896,20.981565
1.126442,-1.0983326,-1.5580342,-1.1289898,4.7517295
1.6436185,1.6897843,-1.0032951,-1.2739464,1.124392
1.3712366,0.35915652,-0.29511452,1.3096365,2.1710896
-0.39324266,-1.5858558,0.5784194,-0.2809025,0.52328193
-1.4110076,-0.89313966,0.8683952,-1.1727346,0.11538908
0.3620231,0.41807425,-1.088431,-0.008134632,0.7389784
0.032118253,-0.5201314,-0.3538041,-0.79762596,0.87220836
-0.40207604,-0.49152854,0.56478894,-0.2656334,0.3699063
-0.24126099,-0.6543053,-0.3798394,1.4777063,2.4373522
0.12815723,-0.42318064,0.024883972,-1.5456151,2.535826
1.3038142,0.20934963,1.111398,-1.521621,2.248966
0.5840723,0.111091524,-0.49659023,0.41081423,0.79676986
-0.56443816,1.1379935,0.884872,1.1949189,0.44435886
-0.6611136,1.1335241,1.3951224,-1.6627684,1.836587
-0.3793515,1.455801,0.5718306,0.5306963,0.26972425
-0.61853427,-0.04917586,-0.30622956,1.704572,4.1407576
1.5959091,-0.7793174,-1.0888289,-0.29313552,2.1282983
0.9593749,0.012839079,-1.1365349,-1.0381571,1.5846119
1.6023728,-1.1590722,-0.33477038,0.83677703,2.1556017
0.052651662,0.72713625,0.5360114,0.96560156,0.58308846
0.3944949,-0.2055875,0.9387453,-0.1945108,0.50142103
0.6443942,-0.5570519,-0.083818965,-1.4294446,2.5221477
-1.5831251,-1.4858376,1.3836194,0.0528946,0.027310722
0.20094933,0.8552997,-0.6814429,-1.1379784,0.8210322
-0.06805541,0.9895624,0.3416834,-1.4955698,1.2982583
-0.91847974,1.6129102,-0.8805725,1.0685159,0.24617524
-1.2892857,-0.61690146,0.46074584,1.1772071,0.21177672
1.5718853,0.5373226,1.4654438,0.68217427,0.73394877
1.4475187,0.07319679,0.6010993,-1.4300901,2.437424
0.84539694,-1.114627,0.11418469,1.4569981,1.9180459
1.6906836,-1.0938141,-0.63326025,1.2566597,4.131953
-0.6517836,0.90841484,-1.4105889,1.4767419,0.4395108
-0.25033417,-1.0043303,-1.1766748,-0.12971394,1.1218553
0.69925714,1.2888808,-1.4747407,-0.33571622,0.7457452
-0.23742339,0.621918,1.2202237,-1.5704347,1.3707297
-0.2908298,0.60809565,-0.7177015,1.2659283,0.7747532
-1.37646,1.1663281,-0.25801334,-0.10536877,0.06933859
0.5098744,0.8685036,-1.5405711,-1.7492045,0.9156555
-0.9936993,0.766153,-0.48002085,1.6820265,0.5544283
0.10978582,0.9203109,1.4604539,-0.23872025,0.3139712
1.7263803,-0.7403147,0.3149448,1.0291204,1.7283205
-0.48300818,-0.92678934,-0.3077323,-0.27048784,0.5497012
-0.49571282,-0.31571567,0.89457387,-0.28733924,0.3012102
1.0862547,0.9842679,1.3236693,1.5118215,2.4294567
-0.5860688,1.2389566,1.3360637,1.426141,0.6877864
-0.100758,1.303368,-1.2721807,-0.82415867,0.51285326
1.6553564,-0.5485309,0.12242166,0.039815195,1.1022546
-0.6589586,-0.21656367,-1.41182,1.1641027,0.74477893
-1.1850209,-1.2023933,-1.1855471,0.06899164,0.45759135
-0.9167397,1.0924188,1.3183964,-0.32705396,0.13549168
-0.43035713,-1.160679,-1.36981,1.5356971,4.5302916
-0.77009195,-0.717641,-0.84354013,1.5305682,2.5829613
-0.8466202,1.460685,0.82303333,-0.4794693,0.15929669
0.7428767,0.434683,1.6707684,1.299231,1.0205126
0.33983997,-0.7302171,-1.6699636,-0.18623292,1.9222078
-0.50410026,-1.1787162,-1.1096168,0.03716242,0.9990175
-1.2909461,-1.2038969,-0.67467535,1.3773769,0.5606276
-0.4951412,1.4276915,1.3300349,-0.14900295,0.19271925
-0.67973924,-1.602377,1.0003467,-0.18698028,0.3471629
-0.5133274,1.5282289,1.0701935,-0.39140263,0.20520535
-1.5066017,1.4152608,1.0999811,-1.4629737,0.10928928
0.41819102,0.11592279,-0.43092227,1.3290168,1.7519658
-1.2182848,-0.13429056,1.2659112,-1.3755722,0.22639677
-1.2941976,1.376099,-0.049215756,-1.3460991,0.1788017
-1.360049,0.78322077,0.16048998,0.22043419,0.07380854
0.7660234,1.6715109,-0.45657265,-0.19710828,0.5346125
-0.9897371,1.4290764,0.727918,0.053616814,0.1233649
-0.6637417,-1.1477078,0.766321,0.12211126,0.3294836
1.3971831,1.0933399,-0.1830589,1.7051934,2.4642148
0.96164656,0.894761,1.51161,-1.6989534,3.7693987
1.0347197,-1.2432259,-0.44590983,-1.0575482,2.2277982
-1.5882118,0.85240424,0.4339423,0.3056573,0.019270571
-1.1879308,-0.90765256,1.5595814,-1.5589551,0.1931062
-0.60304713,-1.0421282,0.96709174,-1.3850931,0.49075544
1.4699634,0.03967725,-0.62658113,1.3150461,2.6345928
0.2233462,-0.20951544,-0.77922004,0.6574146,0.9311068
-1.2409741,-0.46656525,0.33065763,-0.55256736,0.14709325
0.05793613,-1.1477922,-0.013956924,0.44346243,0.8043912
-1.2905318,0.9699536,0.11998535,0.2890599,0.088532254
-0.33020994,1.762286,1.1058284,-0.18532558,0.2170296
-0.42644644,-0.38328868,0.5996396,1.426371,0.9227211
1.5381057,-1.1794243,-0.9645432,-0.014855777,2.4375558
0.5806199,-0.083953425,-1.4037366,1.2164977,1.5432013
-0.25317332,-1.5228076,1.6234238,-1.3649008,0.44708923
0.33810213,-1.4228852,-0.19008538,-0.71933776,1.21585
-0.45002595,-0.5796683,-0.6778199,0.2790607,0.5790944
0.723855,1.1130332,-1.2628416,0.91239804,0.8590253
0.72844243,-1.3419995,1.6489575,-0.7203268,0.6840799
0.50967604,-0.27413332,0.8660474,1.2372806,1.092037
-0.6241731,-0.9074028,-1.090125,-1.4537766,2.4432864
1.5165578,-1.6143227,-1.484835,-0.6762124,10.244776
-0.20150143,-0.3895018,1.4916493,1.2899598,0.6000544
-0.62338036,-0.09572631,0.7387953,-1.3107711,0.5973956
1.1258703,-0.2891999,-0.25331277,-1.6415861,9.823296
1.4509473,1.294078,-1.428857,-0.45231783,0.9792169
1.7611442,0.71206653,1.0404394,-1.4598823,2.4815865
0.55740565,1.10298,-1.1672443,0.5017242,0.70766366
-0.53998035,0.69644445,0.84336317,-0.31943628,0.23760366
0.92190856,0.19155042,-1.6327889,-0.52510315,1.3275334
1.5248315,0.9624203,-1.5328448,0.9450959,1.2155167
-1.6421683,-1.1163514,-1.6491894,0.086550094,0.047662564
-0.16622293,0.9039228,1.556631,-1.5785991,1.3349924
-1.127418,0.8454355,1.5604045,-1.6585057,0.61998427
0.3681241,-0.740385,-1.4669956,1.0752609,2.2156162
0.75948054,-0.053594075,1.3272452,0.7338288,0.644536
-0.30866122,-1.3250315,-1.0452658,0.939038,1.85215
-0.09693396,-1.5337901,-1.5976928,-1.4879354,13.102838
0.82239026,0.0048862505,0.8259372,-0.34966978,0.61156243
-0.24232022,0.32207844,0.97301286,1.4679497,1.1423547
-1.3992257,-0.37294322,0.9729537,1.3870215,0.15656488
1.4252489,0.55077285,0.30059338,1.165127,1.4961967
-0.8197222,-1.3523662,1.6479762,1.5962715,0.28574553
-0.14206135,-0.9609469,-1.4810373,-0.5580799,1.6500491
0.2096123,1.2219988,0.7917981,-1.3575467,0.9809444
-0.056355387,-1.7065486,-0.54538774,0.9609475,1.3854287
-1.57302,0.2832852,0.08392055,1.0918422,0.049729962
