1.3639385,-0.36631185,1.7057132,-1.0138693,0.44587916
1.4766983,-1.0617421,0.28868192,-0.40317863,0.48134342
-0.35634318,0.8048904,-0.9405098,1.5486275,0.24547681
1.6293025,-0.72656214,0.19410178,-1.2349889,0.34163994
-0.33021733,-0.08424924,-1.7150451,-1.3337507,0.10153198
0.39470124,-1.2310293,0.014220311,-1.4267924,0.2004958
-0.79137355,-0.17074405,1.318,1.6087674,0.21214636
1.0586454,0.25698915,0.1972385,-0.23627359,0.3563091
1.5654585,-0.064813316,0.40842855,-0.47600657,0.42484036
-1.2163981,-0.651018,-1.6193695,0.93689483,0.09488367
1.5441934,0.52988046,-0.32409832,-1.0395164,0.26963925
0.36950117,-0.4493397,1.0129107,-0.47292483,0.31412736
1.3196235,-0.9692511,-1.2606802,1.5758655,0.7829207
0.28040725,-1.2915027,-0.8046961,0.9096932,0.43545398
0.877638,-0.3661188,1.1601925,-1.3602889,0.28474605
-0.19602622,-1.6563824,0.49247733,-0.49124527,0.23447354
1.3748705,1.468175,0.8022489,0.15598409,0.3421513
0.30172685,-0.83426285,-1.6031299,0.61247396,0.37590298
-0.7569009,-0.7227992,1.0925729,-0.8126117,0.13222769
0.48617005,0.16958043,-0.3756834,1.2004404,0.42990395
-0.74638903,0.46324062,0.36015868,0.012739794,0.12769058
-0.15483129,-0.15918136,1.3878388,-1.5145141,0.16182108
-0.65238726,1.214652,-1.584304,0.45051664,0.11836765
1.1896945,-1.0195179,0.49064466,-1.6986591,0.25659454
-1.3124043,0.63780123,-1.5541731,0.10639701,0.043866076
-0.74686044,0.0028603566,1.2710695,-1.7303584,0.083927505
-0.43919113,-1.4253771,0.5035643,-0.50929266,0.19246712
-0.98843807,-0.67504567,0.19024089,-0.41761607,0.09864628
0.20971003,0.45488453,-0.689242,-1.5728885,0.11910888
-1.6539576,0.34318182,0.6468635,-0.50514084,0.002615708
1.6026025,1.2870357,-0.8927434,0.04386993,0.32746822
-1.4159129,1.1846688,0.32749975,-0.9919186,0.020042306
1.3768367,-0.95344764,1.4419297,0.23182718,0.6531869
0.33377978,-0.7450028,-1.2905746,0.9017994,0.4177371
-0.51209694,-0.3664919,-0.49116248,0.19037302,0.18660522
1.1114646,-1.2545085,0.40036678,-1.7173994,0.24825123
0.31557757,-0.46851674,0.29729623,-0.01987537,0.32250887
1.4387302,-1.4339015,0.022691997,-0.8274909,0.4022313
0.23543571,0.67646664,1.4772142,0.4801539,0.32190457
-0.4960253,1.2525698,-0.44741735,-1.4064959,0.06649064
0.50991297,0.14623009,0.442262,-1.2145535,0.20498203
-0.41990912,-1.253558,0.90961534,-0.0719903,0.23602773
0.7720065,-1.3264956,-0.3340687,0.98608357,0.5669752
1.584885,-0.67857426,1.1217532,-0.47790486,0.5265891
1.0427601,0.51891136,1.1211808,-0.10588325,0.39267802
-0.70580393,0.049775984,0.76415116,-0.18621825,0.1439461
1.0413911,0.32694915,-0.4201064,-1.3719399,0.20173663
0.3553211,1.6661761,1.4914569,-0.1516618,0.21631728
0.9218104,0.82453376,-0.9937148,-0.06322409,0.2857126
-1.0026172,0.38540274,0.53008235,0.27278996,0.10372136
-1.6577972,-0.34937954,0.34405014,0.7621527,0.003489069
-0.6182889,0.83968735,1.211774,0.5023085,0.1656304
-1.2739148,0.6509349,-1.4092342,0.95316726,0.06486459
1.4603895,-1.577901,0.29859784,-0.34515253,0.5087422
0.5432361,-1.0331792,-0.99039555,-0.7638962,0.25964612
0.7605634,0.06592733,0.9097327,1.4590626,0.5425466
0.59185714,0.6748823,0.5890624,1.3689649,0.42761767
0.017189605,0.86337453,-1.3374503,0.93155164,0.25675443
1.3950604,-1.0412245,-0.10850234,1.249493,0.7503812
-1.1765872,-1.7398988,0.47968706,0.8353616,0.11805654
0.15559548,-0.08488207,0.73097503,1.5193026,0.42287937
-1.1284078,-0.19443743,1.5275856,1.4948823,0.13062418
0.5782349,0.5177259,0.77066684,-1.4250572,0.18751542
-0.54598856,-0.477349,0.3267309,-1.6494017,0.09411012
0.574901,1.3528603,0.9155785,-0.9145516,0.18769048
-0.31168145,0.12430659,-1.6267161,1.3121599,0.27795547
1.4756372,1.2925133,1.1445957,1.5521791,0.5177751
-0.97367674,-1.2191093,-0.20294443,0.0987878,0.12336529
-0.98004264,0.7111396,0.97146875,-1.297212,0.06081537
-0.9801046,0.21661898,0.49107593,-0.82984054,0.076172724
1.596288,-0.8737368,-0.091542184,0.81039536,0.6980448
0.6211194,0.8796511,1.2084804,1.601753,0.43190962
1.704464,-1.7256467,-1.0025374,0.32165685,0.6330687
-1.3742464,1.4302292,0.48358235,-1.1554544,0.020475464
-1.6611862,0.1487155,0.7522549,1.6317732,0.003150498
-1.300337,0.17682284,-0.6123907,1.5091093,0.0806123
-1.111441,0.82101905,0.6214894,-0.7755291,0.05550869
0.74476373,0.15298365,-1.7004352,-0.9518783,0.21021914
0.66387576,0.76152074,-0.8687139,0.9830746,0.37436563
1.4782767,1.1269579,0.8344327,-1.2681609,0.24081486
-0.8423034,-1.3672546,0.8846275,1.4338453,0.22378933
-1.126981,1.1715832,-1.5780114,-0.3646308,0.047285292
0.96098155,-0.2568011,0.59365773,-0.038006764,0.4243824
-0.6490221,-0.40259793,0.16061844,-0.94128954,0.11483627
1.092474,0.3612101,1.6762174,-1.7296304,0.26031336
-0.36155865,1.3838977,-1.6767826,0.3781433,0.13987938
1.0324028,-0.95026517,-0.41042858,-0.6325487,0.34724438
-1.2910436,-1.1797012,-0.9739833,-1.0317016,0.040424857
-0.8220219,1.0994807,-1.0463862,1.3685975,0.13833363
0.5722489,-0.82007253,-0.28155392,0.30733606,0.40458706
0.41126463,0.5736607,-1.5800359,-0.4796025,0.2033694
-0.39197174,-0.2525533,1.3451447,-1.6143856,0.13109119
1.0737791,0.49144503,-0.60881454,-0.9910905,0.23101752
1.2180066,1.3503817,0.6010871,-0.5807415,0.2595073
-1.2018362,-0.885446,-1.0119399,0.7149586,0.09485245
-0.8723457,-0.84753054,0.008328744,-1.5957024,0.068658926
1.6242226,0.8706245,-1.2181225,0.98763806,0.5094263
-0.5340187,0.10322904,1.381964,1.5637909,0.25879133
-0.5634428,-0.1869388,1.4481031,0.5224991,0.22731037
-1.6193655,-1.5396708,1.3517387,-1.7370303,0.0062207626
-0.93917555,1.4985257,-0.60241187,0.21196175,0.073672764
0.4773954,-0.05984485,1.0684121,-0.71455777,0.2878602
-0.18018453,-0.3174518,-1.4364456,0.5344318,0.25813615
-1.2030636,-0.71588296,0.7874162,-0.07924708,0.08236235
0.087551355,-0.34060523,-0.21301162,0.8345132,0.34993327
-1.1293402,0.8625495,-1.4247127,-0.15555224,0.056400027
-1.4140673,-0.033633657,-1.3798304,0.2985558,0.039529867
-0.9012713,1.5125232,-1.6087507,0.6768488,0.087416984
-1.4602523,-0.0948175,0.3210286,-1.2998503,0.019931924
-1.0495214,-0.24574263,-0.6223653,0.27494922,0.10052736
1.7688069,1.0006119,-0.7922479,1.531694,0.60372007
0.3724561,-0.03872588,1.6347412,1.1970898,0.46191442
0.57790375,-0.34457493,-0.52441126,0.09360344,0.3476453
-1.5592384,0.5952748,0.57858825,-0.31949466,0.01420153
-1.0840297,1.395305,-0.30340147,0.70300806,0.07297487
-0.52613616,0.44619122,1.0352386,-1.5400983,0.09762184
0.31647378,1.2327781,0.5117842,-0.5369576,0.1862847
-1.4683632,1.1477758,1.0870926,1.4904926,0.03524527
-0.6949541,0.5047287,0.4477024,0.20888332,0.14302056
-0.9839533,0.61897624,-0.3774973,-0.0368386,0.08417555
0.05192422,0.5749532,1.5176075,-1.3800364,0.17235593
-0.59373313,0.18945378,-0.12342384,-1.1388949,0.095822096
-0.07219893,1.5046493,-1.0294884,0.22555202,0.1576633
-1.1199504,1.6321243,0.5337359,-1.3185782,0.03292521
-1.1350474,0.6335893,-0.20942505,-0.516106,0.05559614
-0.9576589,-0.08109143,-1.2751614,-0.8691027,0.06887947
-0.54239774,1.5853866,0.22382219,0.5202939,0.12781695
-1.3122505,-1.3634905,-0.40014383,0.2506589,0.06700608
1.4912726,1.3005013,-0.68515295,-1.689593,0.14764073
-0.29466924,0.9396488,-0.8209452,0.55825347,0.18409494
1.5290378,1.1373845,-0.73210734,-0.17082195,0.31298143
0.58379817,-0.12844682,-0.6967177,-0.85493207,0.22844139
-1.4113121,-1.306759,0.16788678,1.2637265,0.06674022
1.2390637,1.2627451,1.6589041,-1.1566101,0.27078396
-0.4267388,-0.76300704,-1.0079974,-1.596943,0.09438095
-0.61306256,0.4700705,-0.80248165,0.17476493,0.14099142
-1.3825036,1.004298,-1.1526848,-0.95608395,0.020917697
-1.665121,-1.6385072,-0.06613137,-0.7189669,0.0013597963
0.53992796,0.123672254,0.11952986,-1.531723,0.1703417
-0.3290811,-0.6185854,-1.180255,-0.44558668,0.16994812
0.71769387,1.2564359,0.7838582,1.3640498,0.38210952
-1.3663017,-1.1141541,-1.5418787,-1.588571,0.02363269
1.3258587,1.0758222,1.5893097,-1.1876055,0.2869836
-1.2171311,1.1046964,0.3223982,-0.39406908,0.045813452
-0.25024918,0.9781877,-0.17409894,-1.3874992,0.09126327
0.4068936,1.6970417,-0.6161424,0.31037602,0.20011911
0.9363069,0.27347788,0.77050906,-0.3591697,0.35018307
1.4376055,-1.5889558,1.2537079,1.2980952,0.83971137
1.6161231,1.2636712,-1.1247506,-1.7386993,0.14564213
-1.318522,0.16800946,-0.4316004,0.043691233,0.04945654
0.48060513,0.04177046,1.263883,0.7506857,0.43272424
-0.69366735,-1.6703104,-0.32292676,0.21083577,0.18291463
-0.14158994,-0.38887772,-1.2660707,-0.4868878,0.18331924
-1.2419953,-0.847714,-0.55308676,1.6127174,0.11318694
1.6159499,1.731195,0.058414157,-1.3611476,0.17060798
-1.2169533,1.2604383,-0.32168916,1.6015731,0.07564915
0.9676523,1.3202282,-1.1783694,0.45795834,0.2989435
0.652446,1.2125635,-1.0773364,0.8117662,0.3074211
0.6068324,-1.0845273,0.46362987,1.2087231,0.5645884
-0.8840197,-0.7492988,1.1779486,0.15828279,0.1563182
1.6126652,-0.68218553,1.5620924,0.16957933,0.684737
0.4256338,-0.6989677,-0.19513579,-0.36619565,0.29629034
0.26871175,1.3773491,0.66012436,-1.5883162,0.113702975
-1.4706599,0.6050292,-1.365518,0.7164796,0.031007353
0.77016526,1.4177055,0.9146045,1.2832301,0.36590907
-0.21123369,-0.07552855,1.640835,0.71104664,0.31071338
-0.7418897,-1.5626276,0.8937771,-0.28511193,0.16746229
1.5265402,-0.5039637,-0.68025446,-1.5674969,0.24423385
0.43114245,1.2441808,1.399896,-0.043070745,0.26342756
-0.90577304,1.0787023,-1.6281469,0.43680972,0.09242586
-0.82458675,0.55186677,-0.20710652,-1.3723991,0.061383866
-0.035099875,-0.5096056,-0.42664894,1.4609472,0.39443237
1.0088333,-1.6364747,-1.7147219,-0.06008113,0.4265776
-0.39296222,-0.93919355,-0.9810925,0.4594789,0.23779675
-0.9355667,0.9247802,-1.2527475,1.5161994,0.13165082
-0.54264826,-0.70332605,0.46085042,0.73880213,0.23971441
-1.2395577,0.84900063,-0.1438511,-0.95452404,0.03554186
0.66138977,0.487551,0.78816044,0.62543255,0.39577952
1.3803035,-0.66939825,-0.38743865,1.005767,0.66415536
-1.5743192,1.0791826,1.4163228,0.85122985,0.01612432
0.4471634,-0.55891144,0.1936749,-0.8295468,0.2558633
0.93689245,-0.051661287,1.4233019,0.16183527,0.48018947
0.35946012,-0.6638095,1.3942763,-1.2610278,0.26167896
-0.5662127,-1.6632367,-1.4580067,-0.20931931,0.16748574
0.9461075,0.29070917,-1.154788,-1.2183442,0.1990105
0.952258,0.5155942,1.0339458,0.97744477,0.48703817
0.69117707,-0.87960505,1.6223143,1.6831701,0.63616186
-0.25549895,1.0868735,-1.4673929,-1.6947426,0.06680977
-0.4089238,-1.5725368,0.024211055,-0.8250057,0.16510758
0.23140758,-1.6903591,-0.6614931,-0.7482724,0.24095975
-0.25710535,-1.08061,1.6166285,-1.2292788,0.20529562
-0.46610478,-0.6016456,1.4263636,1.5643597,0.30956087
1.148076,-0.18869935,1.2495308,-1.3545771,0.31301782
1.5273204,-0.33340356,0.92367023,-0.9214646,0.40477216
-0.12335485,0.8103546,-0.1620987,-1.4557145,0.10095077
-0.33847296,-1.538328,1.5844572,-0.02014921,0.2896635
0.07228393,0.26607713,-0.80493903,-1.2986243,0.1314463
-0.055686053,0.037320755,0.083982095,-1.1831094,0.14911257
0.46121863,0.4718623,-0.4530074,1.7108768,0.45316538
0.52980584,1.757022,-1.2543281,0.7609088,0.23511636
-1.5171661,1.0903976,-0.8151388,0.7216714,0.021232748
-0.58845335,-0.9680288,0.41564426,1.2160642,0.26571602
1.4975755,-1.435908,-0.15422992,0.28539777,0.60513246
0.7180932,-0.41941503,-1.1391181,0.26714933,0.38576612
-0.038513284,-0.8763401,-0.21936493,-1.3175238,0.1565984
-0.9912511,0.62182224,0.29579738,0.47302535,0.10326489
-1.0065787,0.022970537,-1.203034,-1.3698832,0.04961088
-1.4956543,1.4229338,1.03671,-0.021941584,0.020076556
-0.51426345,0.69841087,-1.4616768,-0.95067,0.08935252
0.62878907,-0.31689346,0.015502547,-0.9978223,0.24346063
1.1453457,0.06734331,-1.4064131,-1.0302348,0.24272126
0.84234613,0.42847326,-1.5502753,-0.85428226,0.21606389
-1.4752916,-0.2116385,-0.21436557,-1.0462292,0.019746112
-0.98859304,1.4275309,1.5584049,-0.9632427,0.06310145
-0.22466105,-1.369793,1.6232961,-0.64640206,0.2641217
1.7132457,0.86496425,0.6165785,-1.5996797,0.229259
0.29629907,-1.1154612,1.3307925,1.3743796,0.5214269
-0.3988817,-1.5356097,-0.94015425,0.5686371,0.25813454
0.7597051,-0.3546169,0.96636456,-1.7401248,0.21640843
-0.60885227,0.8647865,1.0474132,-1.7485381,0.07354851
-1.0676363,1.2508134,-1.6429613,-0.8881694,0.040640824
1.3042575,0.44864374,-1.3175995,0.6550905,0.46048912
-0.73599505,-0.14533705,0.74133855,1.5736595,0.22158365
-0.2981186,-0.09186778,0.15783083,-0.2846561,0.1885382
-1.6662295,-0.7068887,-1.1639097,1.017926,0.0019247365
1.1998557,-0.1511618,-1.3567584,-0.9502005,0.26834676
1.3520477,-0.114816606,1.2408141,-0.37451056,0.4724487
0.67485106,1.5050474,0.18675636,-0.28336093,0.21055758
-1.1537846,1.0372196,-0.004737931,-1.7035708,0.02853992
-1.6526845,-1.4020541,-1.6618866,-0.005341133,0.0036054235
-1.3516885,0.014114221,1.5065477,0.44480363,0.06321561
1.3314927,-1.0760692,-1.1367285,1.0431082,0.6796189
0.87405145,-0.2726503,0.764646,-1.356844,0.25742078
1.4964991,-1.3924483,-0.20753045,-0.5367938,0.44798762
0.94942766,0.46452215,0.055051204,0.051060524,0.3545403
0.4830593,-1.2627087,0.84268844,0.16965461,0.43135908
0.030284971,1.7449459,-0.45862937,0.2782109,0.16057892
-1.2626907,1.336451,-0.48295256,-1.3032075,0.023721812
-1.4284928,-1.2051028,1.3687371,1.33218,0.06548269
-1.5638273,-1.650723,-1.3175117,-1.5822147,0.008967031
0.75220734,0.07552604,0.76365113,-0.61671555,0.31016973
-0.7984574,-0.48464704,-0.444337,0.8502044,0.177132
-0.29947203,0.5236886,-0.5750202,-0.44710067,0.14490879
-0.9440584,-1.184953,1.1492162,-0.8503827,0.1103435
-0.2666978,0.7275228,0.28912932,-1.7260357,0.08725545
-1.1650844,-1.5138978,-1.6005491,1.1805803,0.12372856
-1.0782459,-0.92236793,1.5344331,-0.05335011,0.1208491
0.6184665,-0.9187265,-0.85348135,0.8236522,0.4796648
-0.46471888,0.8587765,1.4843707,0.26240674,0.18558073
1.1104195,-0.039264012,-0.5401637,-1.304671,0.2279221
-0.5053872,-1.6851687,1.6743176,-0.6274665,0.22075413
-1.2162932,-0.9986905,0.5059184,1.2227182,0.11310213
-0.25673476,-0.8079401,-0.08393532,-0.8640346,0.16814733
-0.7877435,-1.6267182,0.65493506,-0.8137989,0.12764813
-0.47978097,0.2322721,-0.054364692,0.93704706,0.22063978
-1.5924989,0.6342043,-0.85310465,-0.76634175,0.007266778
1.0107789,-0.31620216,0.9389022,0.2688362,0.497209
-1.1519424,-0.6937958,1.1134838,-0.85785705,0.07413838
0.91282445,-0.0038462658,-0.21618192,0.5196693,0.44055215
0.8287171,-1.391592,1.6151799,0.16209958,0.5636346
1.2776396,-1.065209,0.108176365,-1.3915638,0.29066673
-1.2739651,-0.033322003,-0.9095813,-1.3303372,0.031327795
1.285845,1.5709201,-0.93723434,0.6235818,0.32663682
-0.7670828,-0.5345722,1.1550786,-0.5825972,0.13980456
0.68625456,0.87949586,-0.6969322,0.93601,0.3621999
1.6646161,-0.6860592,1.0842539,0.075896464,0.6321691
-0.19575211,-0.46184036,-1.6699251,-0.60771275,0.16764513
0.03383163,-1.6691751,0.058249377,-0.31630412,0.27389005
-0.3493817,1.4654727,-1.1880764,-0.8048714,0.087175906
-1.3909672,1.7211893,0.6085285,0.8417509,0.034072664
0.87370205,-0.030147484,1.394404,1.361821,0.5788161
-1.6626359,1.1254715,0.6751728,-0.068432026,0.0014527116
1.1163732,1.4469104,-0.5916777,-1.1329068,0.16594031
1.3358413,0.88135874,-1.6127405,1.2328491,0.4978138
1.6759691,0.91358095,-0.81499034,1.3973856,0.58054185
-0.35911107,-1.6692563,-1.014323,1.1683791,0.32275823
-1.3679868,-1.6475657,1.6397456,-0.045795087,0.06721627
0.43438298,-1.3445107,-0.92471564,0.41210532,0.40017226
0.998613,0.5575257,0.66338867,0.07385548,0.37867337
-1.6670984,-1.5160584,1.3783281,-0.6733882,0.0013937765
-0.34378946,-1.3371239,0.61848456,-1.7323498,0.12350301
-0.9853086,-0.84654325,-1.5086126,-0.22645958,0.096764386
-0.10349017,-1.6159005,-0.196109,0.73600173,0.346904
-0.80060256,0.00920338,-0.5108762,0.9976552,0.16911142
-0.6568812,0.26083156,1.1060828,0.3982586,0.17781769
-0.49961755,-1.0234807,-0.16210392,0.77677876,0.25160015
-1.5895854,1.15962,-0.091557994,1.0716426,0.01279053
1.4603355,-0.6615768,1.5274715,-0.34981072,0.5679559
1.4910337,-0.4888292,0.40791628,1.1185596,0.712046
-0.22302899,1.3481984,0.7955155,-0.05083508,0.15976284
-0.14899123,1.5184082,-0.5540204,-0.62884897,0.110854335
-0.6557657,-0.19514726,1.1226829,-0.6881367,0.1425117
-1.5082204,-1.2570747,0.24610037,-1.0255572,0.020174393
-1.628924,-0.8764142,-0.34606403,-1.3506879,0.004289221
0.68726945,0.23102614,0.33017275,0.38306332,0.38232484
-0.89848715,1.0388895,-1.3533599,1.5888374,0.13641804
-1.0600947,0.8833429,0.06224033,0.23225078,0.078977235
-0.087230444,-0.77062494,0.7870257,0.22009961,0.30419225
-0.5264037,-1.6575942,-1.609777,-0.6652656,0.14291452
-0.51005816,-1.5339645,-0.91357684,-0.69832253,0.14659108
0.10249171,-0.553319,1.0755157,-0.5581832,0.27258974
-0.31817627,0.02891639,0.038028456,0.5861555,0.23777357
-0.5458682,-0.78399354,-0.059459243,0.2847326,0.20405525
-0.7775103,-1.385295,0.17439835,-0.6518619,0.12644398
-1.3545277,0.1923781,-0.77207017,0.32557252,0.047837175
1.4913368,-1.3906395,1.419833,-0.31752607,0.60966897
-0.6421029,-1.3451866,-0.17129374,-0.13257444,0.16976237
0.5035332,-1.4244525,-0.6265271,1.2158366,0.5381825
-0.5504384,-0.4702484,0.9034756,-0.7373643,0.15508448
0.18710989,1.5619072,-1.4310251,1.6044637,0.27596864
1.6528797,0.69508886,-0.3178524,-0.9633813,0.27665445
0.8406674,-0.2019232,0.17223288,1.5930257,0.59838086
-1.445419,0.3691851,-0.53414714,0.63740504,0.036885384
0.7307486,0.70792353,0.93416935,0.6822607,0.3955883
1.68206,0.017088817,-1.468225,-0.41127223,0.38252664
0.5002674,-1.4132346,-0.49626422,-0.48721543,0.30573022
1.2018434,-1.077905,-0.72306585,-1.2834845,0.27107894
1.7451743,-1.1892465,1.5889158,-1.6782191,0.4091
-0.2167596,-0.037874922,0.6847484,1.2003717,0.31308678
0.40462837,-1.6048374,-1.2826037,1.6686136,0.5863475
-1.1499282,-0.3132857,0.66495466,0.48313552,0.09986646
-0.30778146,-0.636976,-0.037372265,-0.69304264,0.1711654
1.3226805,1.7346442,1.5718939,0.36665937,0.3555174
0.9300962,1.4379001,0.94724464,-0.07937076,0.2814222
-1.04272,1.02949,-1.0043764,-1.5141451,0.034375638
-1.333959,0.10557014,1.5305964,-1.4039172,0.037650257
-1.1298262,-0.5632076,-0.3082341,0.5879971,0.103599764
-1.6525773,0.45591155,-0.39217204,-0.5209719,0.00238579
-1.2818654,-1.209629,0.5128356,-0.42705736,0.06213968
-0.3787764,-0.7440777,1.7060542,-1.0604652,0.19742087
1.209512,-0.34685054,0.5174769,0.7507701,0.58382666
0.33543855,-0.40683335,-1.6587055,-0.88992333,0.19928423
-1.262862,-1.661002,-0.5494088,-0.5684799,0.056615658
-1.3345426,0.7067297,1.5989729,0.91388476,0.062256943
0.9039675,1.4566649,-0.60649866,1.653513,0.40314868
-1.2339885,-0.96427643,-0.8275235,1.5323517,0.114121884
-0.16491485,0.48143312,-1.3704418,0.66859514,0.23237866
0.873363,-0.19735491,-0.9493713,0.047239162,0.36867142
-0.74996364,-0.057382833,-0.94032,1.2896007,0.19543026
-0.14065143,0.10945716,0.40940243,1.5195987,0.33951074
-0.10276806,1.532548,0.68550503,0.7645225,0.19962764
-0.36032325,0.24273664,1.638814,0.49562755,0.25202346
-0.8261252,-1.1070687,1.1266253,0.40397614,0.18402946
-1.4881994,-0.6264854,0.024451626,0.16215667,0.032040797
-1.3451059,0.8669387,0.9256499,1.1307749,0.057083327
-0.8750902,0.5562385,0.9811308,0.47639996,0.1309552
1.7106419,0.041049775,-1.4828737,-1.4772445,0.23335095
-0.7847592,-0.2255294,0.86602914,-1.0392756,0.1043128
-1.1094412,-0.6781829,-1.1762587,-1.5899931,0.04197676
0.46463388,-0.6180585,1.3258404,-0.53582835,0.34991354
0.52184296,-0.9218678,-0.7482287,0.074283615,0.35937047
0.99083227,0.29532823,0.3555575,-0.7499808,0.29048857
1.356329,0.50128543,-0.019217232,-1.6100307,0.2014126
1.006272,1.3550122,0.79618376,-1.1427717,0.19916381
-1.6605401,-0.390915,0.26630417,0.72400856,0.0029137523
0.1999022,0.13287112,-1.2472652,-0.13660966,0.23467718
1.0904576,1.1446973,0.6950666,-0.30526695,0.2959797
-0.11203589,0.77268124,1.0125883,0.26650608,0.23029725
-0.96778166,0.23304825,-0.89568126,-0.3808817,0.08008535
1.6891164,0.5478299,-1.115504,-0.95992184,0.27251753
-0.597048,0.09821832,-1.1708755,-0.81056535,0.10314106
-0.9334476,-1.5034087,-0.8369054,-0.72157913,0.09270596
-1.5056236,0.07470464,-0.21755168,-1.6384009,0.0118719395
0.124084756,-0.378002,0.12753052,-1.6144559,0.14549309
0.8103724,1.5956295,-0.013053798,-0.6717551,0.18194906
0.42841092,1.5960096,-0.4553647,0.63668525,0.23523527
0.3877414,0.35612023,1.0652703,1.682366,0.44830912
-1.2590418,1.580473,0.08986356,-0.061352298,0.038786568
-1.5613103,-0.8999182,-0.9985776,1.1704371,0.026324589
0.077480316,1.5371096,-0.45564112,0.5592942,0.19547352
1.6176299,1.5226933,-1.0110896,-1.396226,0.16165538
1.0407999,-0.060461316,-0.6070722,-0.88239145,0.26995853
-0.955648,-1.4060779,-1.6216644,-0.49044442,0.09508748
-0.17642188,-0.5613125,0.2992754,-1.4444009,0.13952793
-1.2225218,-0.46400508,-1.332213,0.2285986,0.072020695
-0.7837409,0.03591279,0.66358167,0.39772663,0.15550217
0.3590622,-1.5894313,1.1760579,-1.3668866,0.25819913
0.9850259,0.33311763,-1.2791069,-0.37955716,0.28917444
1.473876,-0.72539335,-0.90765166,-1.5447714,0.24561493
-1.5341299,-0.44395837,-1.3585002,1.7133505,0.035819784
1.1987269,-0.90251213,0.45758542,1.0118043,0.6664728
-1.1675942,-0.3648942,0.33151594,-0.6688743,0.064550556
0.69210714,-1.6282948,-0.8877491,1.4771601,0.63435435
1.5046643,-0.9265897,1.0369598,-1.1003458,0.4151209
0.0713368,0.16902743,0.71200085,1.4452456,0.37812984
1.614142,1.1605186,-1.5533406,-0.68209314,0.24910867
-1.4203621,1.6067843,-0.09439368,0.4925392,0.027686575
-0.61070836,-1.3249948,-0.7405761,1.1912564,0.25872144
1.0517049,0.74615,-0.29884398,0.7933775,0.4219494
-0.328089,-0.9856193,0.95573246,0.40605104,0.2830255
-0.30541003,-1.3543996,-0.18573913,-0.2144619,0.21843065
-0.6707014,-0.07069804,-1.1942068,-0.0016207063,0.13803586
1.2343634,-1.0031389,1.2076628,1.4670482,0.7681588
0.89195925,-1.5094907,-1.5713934,-0.58139676,0.32897857
0.5990718,-1.6385263,-0.59100133,-0.57731646,0.30979472
-0.92073536,-1.1716326,0.6610866,0.20732383,0.14809448
-1.3509489,1.4535897,1.5177091,-0.8562227,0.03035332
0.23343942,0.9887392,1.6665919,-0.6703536,0.22870128
0.55744094,-0.6901027,-0.4045613,0.12118234,0.36861452
-0.74806875,-1.1715839,0.57240164,1.2904595,0.23628823
-0.43475255,-1.3475064,-1.5098594,0.5513012,0.24286059
1.2103568,-1.032849,-0.33525166,-1.0864623,0.30888975
0.18435144,-0.7176584,-0.5353739,1.0332441,0.40812764
0.12485983,1.0642365,0.4867991,-0.6533618,0.16943029
-0.376715,0.58300316,-1.1266648,0.43304875,0.18103062
-1.5125725,-0.67166036,0.37026384,0.08777875,0.028267752
-1.5722818,1.2188928,0.88671505,1.2247212,0.016257828
-0.7761482,-1.0869205,1.3380919,-0.40191862,0.16215259
-0.8283457,-1.4275194,-0.29145142,-0.7193611,0.11042803
0.5837491,0.3910852,1.5687672,-0.36001977,0.33977333
-0.4542374,-0.9639728,-1.6242439,0.0013758217,0.18903415
-0.62666214,0.50768757,-0.48781192,-0.83316547,0.095175445
1.6892715,1.4984856,0.6504366,1.1780943,0.47392398
0.6470779,-0.8257725,0.43964082,-0.9445938,0.28649133
1.2750038,-1.221746,0.80820096,0.26007703,0.6000041
-0.7866504,0.66952604,-1.1410501,-1.3464801,0.05776707
-0.6563632,-1.583262,1.0569787,-0.22982675,0.19099692
0.680177,1.5776109,-1.6134516,-0.3882328,0.17496331
-1.1003941,-0.82462955,-1.1790262,-0.7084977,0.066663824
-1.0787425,0.8580169,-0.11778311,0.8925955,0.09279171
-0.03603674,-1.393159,-1.6701198,-1.5635936,0.12943982
-0.5828092,-1.1848723,-1.6340766,0.16758591,0.18381506
-1.2440068,0.20077078,-1.5261838,-0.17669752,0.051907416
1.0687664,0.6325615,1.3804293,-0.91671544,0.3124093
1.4321846,1.3720019,0.37594694,1.3348581,0.46892118
0.32655323,1.4792951,-0.5491444,1.0747814,0.2652115
-0.2527292,-0.094424665,-0.071549125,0.5099078,0.24775882
-1.548196,-0.2195261,-1.4984978,0.019359127,0.017896237
-0.5801879,0.29786357,-1.6236334,0.9472458,0.19191591
0.4856315,-0.40214366,-1.1991299,-0.7765036,0.22930855
0.8592828,0.06676375,-1.6631296,-1.4262211,0.17736523
-0.1705814,-1.6605549,1.1294502,1.6505144,0.4274106
-0.6337766,-1.4384698,-0.60216576,-0.66387653,0.13522017
1.006878,1.2133131,-0.46473724,0.33363262,0.31054524
-1.3245114,-1.0219952,-1.4805038,0.020256761,0.05519372
1.1356944,1.3932887,0.28362453,1.4462491,0.43079185
-0.6210348,0.20004725,-0.25871524,1.7113823,0.23791641
0.073512144,0.43568978,-1.1706237,-1.1816909,0.13061027
-0.29320842,1.6070135,1.1006676,-0.03289728,0.14558809
0.2559646,-0.97240496,1.4473004,-1.420988,0.24418804
-0.473334,-0.2710957,-1.2255899,1.1062028,0.24872833
1.2995033,0.3187579,0.97252816,1.6421585,0.6477086
0.0023755254,0.60833013,-0.2799216,-0.6775893,0.16175887
1.3916006,-1.7066231,-0.01715656,0.30006313,0.6021038
1.7031374,0.6325856,0.730388,-0.39640623,0.4080784
-0.79195213,-1.0314484,-0.31418288,-0.43471497,0.12468572
-1.2093039,0.23808768,1.45887,1.3632523,0.10043089
1.4289795,1.1979735,1.0561768,-1.626423,0.2061983
1.3967925,-0.16855276,-1.1162345,-0.25197515,0.39170018
-1.2679287,-0.048865564,-1.0465306,-0.021507658,0.055654895
-0.085990526,-0.124713786,-1.703268,-1.5446092,0.10817109
-1.6512831,1.4760324,0.54915416,0.69902617,0.0030152688
-1.3627461,1.0074396,-1.2932973,1.142617,0.04857547
0.37980628,0.30291203,-1.4410439,-1.3926053,0.14035577
0.5053504,-1.0527328,-1.1022063,0.6569106,0.43532175
0.41225243,-0.94924706,-1.6996114,-0.12664632,0.30669072
-0.42160606,1.4092563,-1.3999186,1.6111112,0.19650975
1.636134,1.2734524,1.5315847,-1.6494045,0.24036273
0.29340634,1.0262438,0.9587921,1.4586025,0.34541973
-0.9691692,-1.3659496,1.5213803,-0.6589491,0.12505443
-0.050356418,1.3779838,-0.8343724,1.4481792,0.24661258
0.46076035,-0.16146934,-0.70563287,-0.8994242,0.21289045
0.65029836,1.3039753,-0.60377544,0.27947465,0.25472808
-1.1706749,1.5360106,0.032620642,0.39034408,0.055000197
0.69266236,0.19981375,-1.2341566,1.0619771,0.4417751
-0.8327553,-0.7257925,0.25094718,0.7988175,0.17925209
-1.3840019,1.6629533,-1.102089,0.9552426,0.03435212
-0.8935979,-0.91065997,0.27056503,-0.37961882,0.118243426
1.7081817,1.1572417,1.5728757,-1.3870732,0.28977436
1.519498,-1.6814036,0.28925663,0.005753549,0.5860711
1.5894704,-0.5469045,1.2523512,1.5681484,0.82731575
1.058178,-1.528168,-1.2246101,1.4863904,0.7288653
1.3482841,-0.7829382,-0.24340583,-1.0352545,0.3255221
-0.18338214,0.7544211,-1.0618496,1.1791346,0.25282943
-0.9005225,-1.2546979,-0.19155785,0.7659347,0.16853166
0.9077244,-1.5157545,-0.684406,-0.32834318,0.38348305
-0.8453302,1.2657322,-0.97647506,0.93265074,0.11215319
-1.11519,0.94668263,-1.6605561,-0.086750805,0.057669636
-0.5028472,-0.012421657,-0.6380093,0.19686908,0.17561305
0.40859798,-1.2343324,0.22915487,-1.1512649,0.23721641
0.9338006,-0.45961967,-0.30319154,-0.22805506,0.37105957
-0.62181705,-0.56322134,-1.6011163,1.684028,0.26996493
-0.96655387,1.0941689,1.2896932,1.0604383,0.11565236
0.2794815,-0.5690419,1.2730423,-1.4165694,0.22534645
-0.9680469,-0.5002531,-1.036804,-0.1126606,0.10079553
-1.074191,-1.241196,0.17372228,1.0907788,0.14495109
0.9449187,-0.82239616,1.1399245,-0.7568682,0.39336053
-0.24217363,0.9601129,-1.6325635,-0.2317097,0.13894042
1.6209899,1.1411685,-1.5190836,0.85102594,0.4473574
1.7226033,0.26262584,0.9524003,1.4437913,0.7250177
0.56230944,-0.6537478,-0.03496524,1.5597391,0.56517726
0.63990414,1.6978842,0.5461853,-1.2677994,0.1373518
0.44377565,0.35434082,-0.7154322,-1.6492329,0.13122225
0.0741244,-0.6727595,0.31058115,1.2117448,0.41107225
-0.07811803,-0.6033926,1.1386043,-0.14877778,0.28316548
0.070823096,-0.23956831,-0.42127407,1.552051,0.41189644
0.6903117,0.84153354,-0.55590385,1.2171232,0.399304
1.6485229,0.6508066,-1.636929,-0.69173056,0.2895526
-0.39920613,1.2832062,-0.2660587,0.48266354,0.15322295
-0.6809046,-0.072496824,1.0877901,0.56932545,0.19293152
-0.36993644,1.4630216,-1.6246954,-0.6353839,0.09099426
-0.78494793,-0.7083077,-0.13365613,1.5444467,0.22543904
0.34001386,-0.80402505,1.2514763,0.12797375,0.4020225
1.3327812,-0.64335895,-0.4913178,-0.5814563,0.3769018
1.393974,-1.6449906,-0.63573366,-1.5991441,0.25807628
0.8379166,-1.1489061,-0.5191808,1.374167,0.63602555
-1.2203653,-1.5863037,-0.6970518,-1.7348201,0.03518218
-0.87723124,-0.097217046,0.20470211,1.3061967,0.17448847
-0.33126426,0.023429168,-1.6551669,-0.6220451,0.13917114
-0.2703157,-0.45012236,0.6556294,-0.3320202,0.21390307
0.18880889,-1.1963432,-0.43486163,0.21998172,0.3354733
-1.5338981,1.6042156,-0.21968651,1.6911347,0.021154301
0.58321714,-0.5765309,-0.11685684,-1.1565299,0.2273518
-1.2667658,0.8458563,0.9588762,-1.2465962,0.035108045
-1.0426435,1.2329404,-1.0681828,1.0284863,0.08882616
-1.3847634,-1.1505202,-1.5644145,-0.8570583,0.03209448
1.5478506,-0.2132863,-1.2437503,-0.65287906,0.34916565
-1.5837911,1.024408,-1.2613462,0.98860687,0.01348472
1.3464192,1.7134976,-0.8374435,-0.733576,0.19109842
-0.010748174,-0.21528985,1.3560774,1.0190341,0.37072414
-0.15315363,1.2826123,-1.3301141,-0.69106746,0.11126887
1.1244313,-1.3750149,-1.0109059,1.3201741,0.7059429
-0.11203959,-1.1371088,-1.401569,1.714,0.43187064
1.1273172,1.4546453,-0.8640651,0.22558883,0.28253946
1.2924211,-0.15986313,-0.049169254,-0.59199214,0.35838094
-1.4481926,1.7461805,-1.0485979,0.96158516,0.026017131
0.709876,0.13485798,0.017225178,0.470555,0.3947451
0.37229082,-0.7233113,0.5796905,-0.0068617347,0.35607803
0.4174722,1.6789129,-0.29325718,1.5334935,0.29296833
0.29859656,1.5464586,0.74037266,-0.114747085,0.19719818
0.5182616,0.17022645,0.39332175,0.5954677,0.3836783
-0.7814043,-1.0604622,1.6588004,-0.5311139,0.16553642
-0.17320557,-0.069398135,-0.08865288,-0.32916966,0.19641021
1.6835707,-0.83987767,1.4882779,-0.08907556,0.6620884
1.2042973,1.2897568,1.2850794,0.102347314,0.36139297
-0.017554045,0.08838896,0.82041824,0.7443584,0.31653607
-1.5727528,0.37747788,0.97141725,1.2944008,0.020758474
0.12263706,1.0745816,-1.1515766,1.0492228,0.26670656
-1.1257095,0.5900193,-1.151652,-0.7441425,0.04842937
1.447735,-1.0922607,0.7327842,1.540749,0.83367723
-0.99845326,1.4694151,0.6229231,1.1575317,0.09577372
-0.07720375,1.0884541,1.5495749,0.61105925,0.24770792
-0.33510718,-1.0800595,-0.22463861,0.17495438,0.23839185
0.35364634,1.3380357,-0.3167793,-0.9963034,0.13703653
1.6679108,0.5063232,1.176912,-1.0499182,0.3569925
0.2108056,-0.33974376,0.05455262,-0.005694396,0.29377812
1.0446625,-1.2522951,1.6120923,-1.3049234,0.3874148
1.3840605,-0.28529492,-0.87731254,0.5942565,0.5443261
1.4376069,-1.7193507,-0.5646605,-1.5893189,0.26592293
-0.5476578,1.0117205,0.07330175,-1.5615153,0.067808375
-0.33805925,1.2819617,0.91542464,-0.79368365,0.11957601
0.8772068,-0.50004613,-1.507173,0.9839069,0.5252574
-0.42281684,1.6390069,-0.48187032,1.3441116,0.16898513
0.85365605,-0.64510894,1.2468448,-1.4727058,0.28546417
-0.32912216,0.30833328,0.3568179,-1.1101023,0.12593408
-1.1210227,-1.22013,1.213752,0.37050885,0.12166538
0.7482139,-0.06760486,-0.58292925,-0.33061457,0.30356172
0.31121537,0.7185235,-1.0840195,-1.4362353,0.12217673
0.81504893,0.76518816,-1.1739233,0.46758825,0.33443615
1.7582614,-0.05220677,-0.96692586,-1.4585625,0.25084218
1.2230422,-0.88097996,-1.2921306,0.0941929,0.4644403
1.6798869,1.237474,0.8505217,0.69286644,0.4695328
0.13933514,1.1724731,0.46087536,1.5859786,0.3090036
-1.4344182,0.2893752,-1.1002431,-1.4951074,0.015930107
-1.1611098,-0.8028327,1.5739052,1.2811266,0.13138905
-1.0227146,0.38012594,0.48821712,0.22703208,0.09899618
-1.4706488,0.011538965,0.63848233,1.4961973,0.04610292
-0.81616217,1.615333,-0.7248789,1.693449,0.12808496
-1.5383697,0.2677413,1.1885977,-0.44711018,0.019140175
-1.5418962,0.142626,-1.2128918,-0.28461102,0.015731579
-0.9820346,0.12718566,1.2514626,-0.43380988,0.10152849
-1.6507795,0.9434936,-0.93459654,1.3501667,0.0041289525
-1.010036,-0.014922757,0.7288203,-0.7657196,0.08141892
0.7038903,1.515931,-0.62249637,1.1314143,0.3156398
1.4836649,0.92409277,1.1152865,0.699183,0.49921495
-0.46517777,-1.323536,-1.4418895,1.616966,0.33025146
-0.45383787,0.006810842,-0.33593622,1.2145151,0.25229347
0.96679467,-1.4875897,-0.4646893,1.3936808,0.6899664
-0.802596,-1.344983,-1.0283349,-1.4404852,0.07578159
-0.7672222,0.34890622,-0.8448755,-0.9276008,0.07967917
1.1083292,0.40247384,-0.48305428,-1.2453883,0.21470028
-1.4535173,-0.14724423,0.17721677,0.8470999,0.04353802
0.2577486,1.6802284,1.2186098,0.338563,0.2215502
1.5686259,-0.9389912,-0.28327262,0.646929,0.6583409
0.34250745,-0.7310168,1.6831855,0.6368044,0.47120443
0.515528,-0.2751235,-0.8185468,0.05904244,0.3246178
-0.9559182,0.017505864,-0.88545924,0.6477075,0.12321782
0.023388967,-0.14229715,-0.09055822,-0.9552049,0.17509505
0.14185254,1.592068,-0.3119763,1.1128254,0.23514698
0.46986988,-0.7367576,0.5448017,-1.5080937,0.20694911
0.7163554,-0.9141018,1.5866014,-1.6086127,0.28736705
1.5437312,0.15815587,0.58733827,0.57483697,0.5700788
-1.267502,1.3291965,-1.4386221,1.6144593,0.06573452
0.09877853,0.42472252,-0.58795273,-0.6491239,0.17610106
-0.8133871,0.9553305,-0.34226868,1.619937,0.15710786
-1.3153214,0.34765992,-1.5654671,-0.6302678,0.034744836
-0.09076889,1.5073817,0.5302929,-1.3328387,0.09764172
-1.4689066,1.0642973,1.4988383,-0.2841473,0.026075467
1.2491635,1.2666708,0.8523847,0.94514066,0.4289868
0.24662244,-0.23030613,-0.034957092,-0.91747695,0.20590432
-0.88111216,-1.450773,-0.13173987,1.6126636,0.21948749
0.94720453,-0.828341,-0.8055293,-0.79028916,0.3004283
-1.5829095,0.6066162,-0.19180967,-0.7823643,0.008600972
-0.6190445,1.2419835,1.5059361,-0.73698205,0.110264376
-0.28839085,-0.6810483,-0.8842694,-1.3358446,0.12007259
-1.4163986,1.4635961,0.27394217,1.604065,0.04005678
-1.048058,0.2598774,-1.2615713,-0.99462724,0.053055085
-0.23396502,0.013824278,-0.47078085,-0.794992,0.14849283
1.3539939,0.07546758,0.09855626,-0.5400969,0.362955
1.710326,-0.30422112,-1.2983013,1.4461263,0.7792028
1.1430047,1.6550974,0.46588108,0.7950082,0.33932006
-0.981293,0.08330325,-1.4763427,0.62441456,0.11469882
-1.0796331,1.0852227,-0.70280236,-0.47063276,0.052704867
1.5502163,-1.479151,1.1947143,0.862435,0.7991442
0.65636915,-0.9002739,1.610772,0.30034235,0.51671124
0.09290953,0.20478857,-0.13526678,1.3679593,0.36669886
0.28023767,1.4126803,-1.2289616,0.37076366,0.20765689
-1.3370794,0.8450369,-1.4116535,1.2590349,0.057013635
-0.5279095,0.34215665,-0.4231719,1.1829729,0.2184151
1.7050967,-1.7326401,-0.8777159,0.2888001,0.6293441
-0.3776307,0.039929748,1.3648325,-1.67699,0.12255942
-0.039247908,-1.1553527,-1.2257437,0.3386271,0.29492444
-1.3829525,-1.4965073,1.0332704,-1.3234552,0.03640149
-0.9163321,0.24758334,0.32573262,0.28369766,0.11878643
0.011981929,-1.1071185,-0.5235111,-0.20869014,0.25711468
-1.0226899,1.6048329,1.3996007,1.3660883,0.09432708
-0.1664342,-0.9501359,0.9551907,-1.2597649,0.1815528
0.748069,0.57422066,-0.06102818,-1.464872,0.16931605
-1.6375923,1.0402457,-1.1654526,0.75890875,0.0051399353
0.55870384,-1.3615831,-0.50662804,1.1311644,0.537887
-1.091667,0.9078779,0.5530394,-0.39200574,0.06383882
-0.7934335,-0.2289082,1.4877812,0.45520338,0.18011196
0.70837015,0.91911525,-0.58073545,1.3780446,0.4112702
1.4166101,1.7106377,-0.7149653,0.15819302,0.2790911
-0.4235763,-0.7434816,-1.679645,-0.4993248,0.15440038
-0.659984,-0.7556975,1.0551083,0.98879343,0.23853025
-1.5102408,1.4057249,1.6760126,1.5492944,0.026351595
-0.8409812,0.20261198,1.1819665,-0.30889636,0.12337948
-1.460984,-0.1687597,-0.95830256,1.1628133,0.044482283
-0.34703922,1.3425525,1.2299017,0.1303655,0.16358222
0.39860186,-0.8437988,-0.5218212,-0.3776796,0.28826687
-1.5664574,-0.08010117,0.8973403,-0.16581422,0.016978972
1.5509403,1.2161537,1.0036871,-1.6986914,0.20303982
1.1277249,0.6948981,-1.4017256,0.81793135,0.42889783
-1.638916,-1.1319598,0.4242496,-0.95874584,0.0045809955
-0.77549016,0.46444368,0.68498474,-1.4920253,0.07222679
0.60889786,-1.3355253,-1.0338256,-0.25493735,0.33791515
-0.3067179,-0.94931126,1.5875689,-0.7212904,0.23249231
-0.1405422,1.1389265,1.3403738,-1.1187093,0.13883273
-0.73050755,-0.46239403,1.4350255,-0.3796581,0.1618957
1.4305599,-0.88994986,-0.016435007,-0.19750445,0.48499689
-0.9156279,0.13162734,-0.92020637,0.51292914,0.12151621
1.4754391,0.4370727,-0.9398628,0.22340474,0.42616507
0.1582798,-1.0875958,0.60633665,-0.2462059,0.30862826
0.39337695,-1.1804621,-0.34227583,0.367533,0.39256325
1.3907952,-1.6982688,1.3646722,-1.1369995,0.45015693
-0.23662943,0.4617445,1.438014,1.4536875,0.29771745
-0.9334456,-1.1291686,0.13165168,0.83517873,0.16543804
-0.2314084,0.14100441,-1.4075502,1.0832143,0.27389967
1.4440523,-0.38694465,0.68104625,-1.5619146,0.28638813
-1.2307954,-1.1443635,1.5366192,1.1698828,0.115826696
0.4380863,-0.55497867,-0.4324797,0.29229137,0.36230463
-1.6455394,-1.3465348,-0.9001254,-1.6910396,0.0022721416
0.9501722,-0.92511946,-0.40285432,1.6330445,0.69605803
0.68349636,-0.048049346,0.24522267,-0.050700642,0.35029042
0.120164625,-1.498344,-1.2757331,0.31835172,0.3291528
0.7863632,-1.5372857,0.9166138,1.4209772,0.6676109
0.049088374,1.325637,0.73347723,1.1044782,0.25484434
1.0002071,0.17250142,-0.65783465,1.5291939,0.5787792
-1.31628,-0.7718071,-0.6374115,-1.6337812,0.027507853
-0.20577717,-0.051707048,-0.816178,1.7008911,0.34785458
0.8112017,1.3124405,1.3421276,0.40822357,0.3354811
1.7622758,-1.4619882,1.0180817,0.008139933,0.68173915
0.92449105,-0.9266172,0.48741063,-1.377616,0.2701687
-1.2052827,-1.2663398,-0.07799616,-0.94739884,0.05629166
1.3717893,-0.12116732,0.428279,1.6699831,0.7271781
-0.33692527,-0.0537567,1.6567252,1.2756071,0.3059023
-0.320591,-1.3652252,0.5430579,1.3380631,0.35380024
-1.5182906,1.2288445,-0.85782367,-0.16019842,0.014834931
-0.2239681,-1.3451787,0.6636925,-0.9808351,0.19231154
1.2654009,1.6506026,-0.6827632,0.3907201,0.29455432
0.28732112,-1.2051207,-0.061945155,-0.8411284,0.24526124
-0.9560264,-0.23445304,-1.1075501,-1.1437802,0.06297898
0.577305,0.3360428,-0.051203847,0.5459538,0.36337936
-0.50510406,-0.77572197,0.08869802,1.3464686,0.28585842
1.6196277,1.6259648,-1.0429485,-1.345388,0.15948212
-1.4477526,-1.2069962,1.1036569,-1.547998,0.025463657
-0.49689052,-0.090756945,1.5859188,0.22002392,0.22685657
-1.6158845,-1.2859188,-1.43805,-0.62569606,0.007374338
-0.6311541,0.49556085,0.49692023,-0.94216233,0.10264971
0.5901115,1.5079074,-1.1878327,-0.36951277,0.17647697
1.7050908,1.6399515,-0.3424289,-0.11472723,0.2913563
0.33641014,0.21584001,0.8220814,-0.49557376,0.262966
1.7356515,-0.87461174,-0.031096041,1.2704476,0.82500756
0.38412863,1.7178743,0.5197157,0.94703937,0.25212434
1.0418584,0.13822624,-0.55761135,0.5313112,0.44322807
1.4278775,1.1980215,1.638726,-0.57075876,0.35695204
1.4868865,-0.9076622,-0.8075824,-0.1690424,0.47055486
-0.91687745,-0.81025785,0.32064065,1.1104436,0.17704304
1.6306436,-1.4547127,0.17542697,0.12946291,0.61661714
1.0904789,1.6268172,1.1694217,-1.6882006,0.1579271
-0.7581739,0.29888904,0.174517,0.15046094,0.13437365
-0.7747502,-1.2576227,1.0349635,0.8941087,0.21821368
-1.397446,0.15804814,0.4417486,-0.45942846,0.035196777
0.47969228,-0.7483051,1.094581,-0.33828667,0.3653197
-1.3488816,0.094785094,0.020779645,-0.24977161,0.04299748
0.77470565,0.5912191,0.5723774,1.051831,0.4405112
0.59105885,-0.8668465,1.693871,1.4182508,0.5954815
-1.4492123,0.314057,-0.56069803,-1.3759619,0.016547544
0.5164875,-1.104788,-0.7000953,1.128719,0.5140036
-0.09292678,0.34609377,1.2462782,0.69608057,0.29391873
0.8339418,-1.6931052,0.6560793,0.5929659,0.5651591
1.0354059,0.28738734,-1.622702,-0.9999675,0.22410123
-1.665094,1.7560339,0.61014277,-1.0049082,0.0006627898
1.6266975,1.6285541,-1.686008,1.7084064,0.49169657
1.491569,0.6490696,-0.9337525,0.4296001,0.43645707
0.7324379,1.3023425,0.6714479,-0.4005246,0.23632532
-1.5269908,1.7186011,0.9041373,-0.36580434,0.013130748
-0.56810063,0.5057348,-0.38888273,1.1472111,0.20094663
-0.45199513,0.5940275,1.4534112,-0.4465952,0.16677886
-0.3954839,0.2357708,1.7065235,1.1578172,0.27303118
1.0184126,1.5655541,1.3388261,-0.5063098,0.2612565
0.6733395,1.5192693,-1.5789734,0.39571625,0.24033436
1.4115446,-0.8211157,-0.6258875,0.4426671,0.5699367
-0.59790105,-0.06554703,0.103597514,-0.90311813,0.11473391
0.6267835,-0.880242,1.3955201,0.02849349,0.4621785
0.65994763,0.63859254,-0.28914922,0.3321484,0.32262024
-1.3868444,-1.6991887,0.35798246,-1.7112314,0.02627873
-1.6235424,0.62985617,0.9033934,-0.35608548,0.0064960537
-0.8465467,-0.47636643,-0.89986485,0.15079229,0.13050766
1.2261678,0.6453211,-1.041433,1.4146143,0.54234946
-1.5743525,0.5563295,1.6981909,0.3698106,0.017695775
-1.4520226,-0.86928326,-0.03927337,-1.4890751,0.020068828
1.0120012,0.920256,1.2147992,-0.52291316,0.31239358
0.9763978,0.7544756,-1.6762793,1.703383,0.52188534
1.4635824,-1.4897621,-0.65674734,-0.24016981,0.48226357
-1.253102,1.7634863,1.2046599,1.294515,0.05638123
-1.2134212,1.5222844,-0.16727573,0.18466951,0.046699163
0.9306832,1.1022532,0.577777,1.1240678,0.41259986
1.544941,-0.17187108,-1.4402553,-0.7599847,0.32775107
1.0776877,0.63059473,1.6713753,1.69006,0.56138736
0.3169577,-0.9456881,-0.85847706,0.35177475,0.35811827
0.6147874,-0.59142387,-0.08781218,-0.36960047,0.32124838
1.6818601,0.8377676,-1.1263106,1.3196608,0.57916135
-1.0641031,0.79059964,-0.7632283,0.8411987,0.09317246
-0.73480666,0.704008,-1.4738744,-1.1806114,0.064716496
1.2518637,-1.6723324,-1.5048021,-0.13914372,0.45399064
-1.1313348,1.4658148,-0.35194418,1.2291291,0.075957954
-0.9025629,-0.728554,-0.75878847,0.41786468,0.13905387
1.3044363,1.5304943,1.2682511,-0.5631036,0.28345507
0.59058416,1.4574906,-0.009248328,-1.1440119,0.14254257
0.60358423,0.6594037,1.3350837,-1.2293451,0.2260382
-0.6828416,1.7609122,-0.2887059,0.9500603,0.115176104
0.023382192,1.0178111,0.36357623,0.77069217,0.25038093
1.6234835,1.0394056,1.6491697,-1.5518309,0.278898
-0.9866255,-0.5910244,-1.3304322,-0.37063542,0.088735506
0.06069252,1.6397744,-0.7452425,0.42472267,0.17608349
0.8662903,0.46827874,1.4679049,-1.5494639,0.23853797
-1.1418697,1.0470643,-0.39484814,1.4808276,0.091270044
1.7198377,-0.39125738,-0.4636543,-0.19942878,0.47680482
-0.81334275,1.2819042,0.13695177,-0.7191948,0.07034542
-0.36644214,1.5686747,-0.92330503,0.17879477,0.12425115
-0.41885996,-1.3422413,0.12262943,0.6124119,0.26791304
-1.0752201,1.4501892,-0.7150442,0.37115002,0.064121716
-1.6429096,-1.1567402,0.54412615,1.6309675,0.008795718
1.0182894,-1.2053044,-0.3656545,0.9623206,0.61322254
0.50472957,-1.4644881,-0.57748103,-0.18243702,0.3436227
-1.5659839,0.5155775,-0.6481696,0.28095552,0.014988212
-1.0613862,-1.3150855,0.44545153,0.40602872,0.12625618
1.7494465,-0.65592337,0.8612953,-0.70253277,0.487335
0.7054859,-0.8782043,-1.5717272,-1.50109,0.18619558
0.73822665,0.4773819,-1.1992171,-0.19894977,0.2734131
-0.98331517,-1.7216707,-1.6498642,-0.67525667,0.08584148
-0.7079113,-0.800307,0.8010852,-1.6533302,0.09215506
-0.21284153,0.019710839,1.2876278,0.60435885,0.2870006
-0.2678283,0.16493799,-1.6517264,-0.7423629,0.13433331
-1.1330723,-0.7883048,0.4457128,1.6467179,0.14250852
0.18904522,0.63759476,0.34750992,0.6061144,0.29210347
0.21833009,-1.1547408,-0.922945,0.72448057,0.39208448
-0.17093189,-1.4842144,0.37027183,0.4912974,0.31857163
0.28592086,-0.24346651,1.3238819,0.6622575,0.41030946
-0.6354951,-0.9450417,1.6843349,1.0965017,0.26600322
0.49539068,1.1166041,0.7420316,1.2601839,0.3546202
0.6967112,-1.1965812,-0.3416164,-0.109200366,0.38308746
-0.8600669,-0.14097653,-0.9785237,-0.50624156,0.09402399
-1.6606746,0.73810846,-0.6553038,0.45567825,0.0019923951
0.94867766,-1.5350066,0.013156481,-0.7972345,0.34491378
0.45799,1.3697566,-0.12710935,-0.10255166,0.20705125
-0.8288048,-0.7931479,1.2527593,0.49219337,0.18371958
1.7069634,-0.47226062,-1.5536343,0.7608604,0.64443564
-0.7317688,-1.0701604,0.1524191,-1.6926123,0.080276325
1.2110097,-0.64923996,-0.54738754,0.65742767,0.5605628
0.920938,-0.67204314,0.14234279,-0.6861503,0.33454087
-1.3968637,-1.5598981,1.6512983,-1.2364566,0.042040486
1.1579527,0.60844606,0.04932768,-0.7532826,0.27469563
-1.5364841,0.001190841,-0.29892612,-0.051825374,0.019420939
-0.9070446,1.7291173,-0.5832756,0.84004503,0.0864825
-0.23998679,1.1946752,-1.7155322,-1.5596349,0.06973768
-1.113779,1.5384485,-1.5575874,0.456882,0.058313377
1.7297118,0.52485037,0.7476899,1.5488178,0.69332606
-0.29831302,0.9319613,-1.0501466,-0.9946198,0.09934982
0.7312428,1.6554428,0.9745326,0.4001978,0.2743981
-1.4907372,1.4523644,-0.48804924,-0.7118938,0.01332317
1.0386385,-1.3460224,0.6189249,0.412162,0.5694348
-0.4881208,-0.38794926,1.2532984,0.7368911,0.2562479
-1.2629753,-1.6912187,0.2504062,-1.0831729,0.049919747
0.2989953,0.07343647,0.5890031,0.40078148,0.33964053
0.881554,-0.61499953,1.4510219,1.7004741,0.66559255
1.5376501,1.534897,-0.5408352,0.10734098,0.30721462
-1.0048349,0.2851932,1.2626188,-1.2459455,0.0710344
-0.8004145,0.026208188,-1.4459351,0.007309311,0.117428534
0.37829122,-1.2667129,1.5723581,0.36822215,0.4750394
0.5143524,-1.3747767,-0.5645097,0.5198414,0.43796635
0.7093391,0.2839935,-0.06560263,-0.13946885,0.3112735
0.9924951,-0.8679862,0.96291965,-0.38622448,0.44202211
-0.3433934,-0.801735,0.12520432,-0.87705654,0.16104397
1.0040251,1.2417858,1.5014292,1.1067625,0.42651993
1.3170102,-0.9110096,-0.7560878,-0.99449444,0.31703633
-0.40275833,-0.77682644,-0.947923,-0.6049458,0.15537307
1.2725149,1.3586432,1.5328541,1.1367803,0.4542412
0.88864607,0.69470036,-1.03799,-0.8297404,0.21312186
1.5663366,-0.9935627,1.1814619,-0.24084903,0.59067357
-0.93160367,0.5400298,1.6538337,-0.7061357,0.09925188
-0.8033505,0.8944223,1.1621269,-1.5522615,0.06748685
-0.45084125,-1.5569469,-0.6505197,0.82197195,0.27134728
0.1345186,0.33572647,-0.026333662,-0.78479785,0.18331699
1.0808916,0.40907842,-1.5493233,-0.8150345,0.24189326
-0.93606234,-0.061739676,-0.9364878,-0.39669994,0.08806027
0.9094423,1.6949092,-0.35655352,0.4609718,0.2648623
-0.5700996,-1.1568921,-1.1361063,1.5090125,0.2888251
1.0876263,0.96128875,0.9902816,1.520242,0.49965492
-0.034620255,-0.92843586,0.8993558,0.009307272,0.30586576
-1.4617591,-1.5004412,-0.49260348,-1.5024449,0.019025214
-0.90055346,1.2067219,-0.27114624,0.11363476,0.084538944
-1.1993881,-0.8377744,1.6587195,0.025698826,0.09944842
0.901362,0.0895818,-0.10676325,1.4508888,0.55908924
-1.1077536,0.93274164,1.4583902,-0.3730028,0.072168134
-0.096350245,-1.462681,1.5905986,-1.6446455,0.19585073
0.4187538,-1.5002346,-0.6036189,0.6159346,0.43464103
-0.8973651,0.6062513,-1.6419007,-0.39489764,0.077763826
0.5439916,1.5419551,1.6016884,0.5910043,0.29640445
-1.6345716,-0.17946975,-0.9246979,0.50765336,0.006883326
-1.1851901,1.2466934,1.6420764,0.60406345,0.072990745
-1.5134917,0.62551165,-1.0977899,0.9453268,0.026383473
-0.47381446,0.50913894,0.31068838,-1.2307217,0.100856006
-0.5802889,-1.1156867,0.5070652,-1.4276081,0.11366062
0.29377735,1.6824397,-0.40679395,1.6100332,0.28042665
-0.27133244,0.81326336,1.3388938,1.5714386,0.2684864
0.8567873,0.2790633,-1.5587275,-0.699286,0.24095696
1.6261748,1.2521201,-0.7148872,1.6468519,0.552001
0.66510767,-1.5059361,-0.271393,0.32812354,0.45096827
-0.63139063,0.38621494,1.3149592,-0.47029024,0.14456159
-1.5656133,-0.8219401,0.79481983,-0.9540413,0.014293902
0.67098224,-0.1719551,1.1042638,-0.9377002,0.29720372
-0.8061905,0.5836662,0.7386205,1.37776,0.16881876
0.9236039,0.78660125,1.5444081,-1.0808316,0.27822
1.1985024,0.41072723,-0.4288245,-0.72604996,0.2810044
0.71148896,-1.3558009,-0.5313453,1.7127979,0.67111003
1.6632314,-1.0950181,-0.2368685,-0.86195683,0.401446
1.6830136,0.03757245,0.67495894,1.6927218,0.78156346
0.41183704,-0.2980919,-0.50478107,0.76045376,0.3976465
-1.2078013,-1.4668276,0.63010436,0.8463446,0.11051936
1.5859514,1.7413284,0.47012547,0.3807179,0.34015444
-0.7700868,0.22828671,0.4030527,-0.32498017,0.117903434
-0.76639724,-1.244173,1.3989031,0.75915116,0.22134864
1.4883597,0.77901125,0.2727204,0.5023838,0.46118754
1.3816298,0.7718161,1.139193,-0.9609626,0.31284654
0.5675553,-0.8568654,-0.47995567,-1.4436853,0.19510622
0.15511338,0.88968027,-1.5449077,-1.42449,0.10544447
-1.4016136,-1.085354,1.0491227,-0.22437227,0.04946137
-0.13163367,0.61685044,0.71163213,0.48181844,0.24246567
1.6990827,1.6792469,1.4424297,-1.1140921,0.25997555
0.4857576,1.1690665,0.65555346,0.30525866,0.27483553
0.19461364,0.8760262,0.033401523,0.9850643,0.29873562
-0.31049225,-0.35136807,-1.2410951,1.0060652,0.27741003
-0.5535668,0.3373594,-1.6298814,-0.6627237,0.10683525
1.0736986,0.621225,0.34388047,0.3833314,0.40611857
0.1533647,0.43685523,1.4007293,-1.5527165,0.16954896
1.1676543,-0.34985536,-0.13450237,1.2338266,0.6321461
-0.2576987,0.2524845,-0.561454,-1.4010025,0.10390433
0.79965276,-0.70627207,0.85861576,0.08190441,0.4563604
0.75807697,-0.9883858,-0.83276355,-0.55943406,0.3124215
0.32180095,-1.617927,0.6053329,-1.4529504,0.21612236
1.1294166,-1.4286126,-1.3951714,-1.5182896,0.23000203
1.126442,-1.0983328,-1.5580343,-1.1289899,0.2711736
1.6436185,1.6897844,-1.0032952,-1.2739463,0.16299966
1.3712366,0.35915628,-0.2951146,1.3096362,0.59952027
-0.39324266,-1.5858561,0.5784192,-0.28090256,0.2204274
-1.4110076,-0.8931399,0.8683951,-1.1727345,0.032211058
0.3620231,0.418074,-1.0884311,-0.0081349695,0.25291342
0.032118253,-0.5201316,-0.35380423,-0.7976258,0.19461328
-0.40207604,-0.4915287,0.56478876,-0.26563367,0.19697621
-0.24126099,-0.65430546,-0.37983945,1.4777061,0.35364002
0.12815723,-0.42318094,0.024883874,-1.5456152,0.14980283
1.3038142,0.2093495,1.1113982,-1.5216206,0.2742342
0.5840723,0.11109143,-0.49659052,0.4108139,0.3575328
-0.56443816,1.1379932,0.88487196,1.1949189,0.17903191
-0.6611136,1.1335237,1.3951224,-1.6627686,0.073648036
-0.3793515,1.455801,0.5718305,0.5306961,0.1579324
-0.61853427,-0.049176052,-0.30622983,1.7045718,0.25035387
1.5959091,-0.77931756,-1.088829,-0.29313564,0.45031574
0.9593749,0.012838868,-1.1365352,-1.0381571,0.2314426
1.6023728,-1.1590723,-0.33477053,0.83677673,0.7175339
0.052651662,0.727136,0.5360112,0.9656014,0.29334712
0.3944949,-0.20558774,0.9387451,-0.19451082,0.32977542
0.6443942,-0.557052,-0.083819106,-1.4294448,0.20523205
-1.5831251,-1.4858378,1.3836193,0.05289426,0.019558838
0.20094933,0.85529953,-0.681443,-1.1379782,0.13301091
-0.06805541,0.9895623,0.3416832,-1.4955698,0.10501691
-0.91847974,1.6129099,-0.8805727,1.0685158,0.094590425
-1.2892857,-0.6169015,0.46074563,1.177207,0.08978362
1.5718853,0.53732246,1.4654437,0.68217427,0.58832896
1.4475187,0.073196635,0.60109913,-1.4300901,0.27696788
0.84539694,-1.1146271,0.11418447,1.456998,0.65594447
1.6906836,-1.0938143,-0.6332605,1.2566596,0.8189933
-0.6517836,0.9084147,-1.410589,1.4767419,0.1808153
-0.25033417,-1.0043304,-1.176675,-0.129714,0.21356991
0.69925714,1.288881,-1.4747409,-0.3357162,0.2000788
-0.23742339,0.6219178,1.2202234,-1.5704347,0.120541304
-0.2908298,0.6080955,-0.71770155,1.265928,0.251444
-1.37646,1.1663282,-0.25801358,-0.105369076,0.030631598
0.5098744,0.86850333,-1.5405713,-1.7492046,0.106001005
-0.9936993,0.7661528,-0.48002103,1.6820264,0.13306186
0.10978582,0.9203108,1.4604537,-0.23872036,0.23670201
1.7263803,-0.7403149,0.31494468,1.0291204,0.77174366
-0.48300818,-0.9267895,-0.3077324,-0.27048793,0.17729199
-0.49571282,-0.31571582,0.89457375,-0.28733906,0.18477766
1.0862547,0.9842678,1.3236693,1.5118212,0.49893618
-0.5860688,1.2389565,1.3360636,1.4261409,0.17982827
-0.100758,1.3033681,-1.2721809,-0.82415855,0.10805348
1.6553564,-0.54853106,0.12242145,0.03981527,0.5471681
-0.6589586,-0.21656387,-1.4118202,1.1641023,0.21161143
-1.1850209,-1.2023935,-1.1855474,0.068991296,0.0806293
-0.9167397,1.0924186,1.3183963,-0.32705423,0.0907156
-0.43035713,-1.1606791,-1.3698101,1.535697,0.32760516
-0.77009195,-0.7176412,-0.8435403,1.5305681,0.227339
-0.8466202,1.4606847,0.8230333,-0.4794693,0.07674218
0.7428767,0.43468285,1.6707684,1.2992307,0.49975374
0.33983997,-0.73021716,-1.6699638,-0.18623313,0.28205532
-0.50410026,-1.1787164,-1.1096169,0.037162077,0.19055226
-1.2909461,-1.2038971,-0.6746755,1.377377,0.097583815
-0.4951412,1.4276912,1.3300351,-0.14900322,0.13326499
-0.67973924,-1.6023772,1.0003465,-0.1869802,0.18754049
-0.5133274,1.5282289,1.0701932,-0.39140263,0.112675056
-1.5066017,1.4152603,1.0999811,-1.4629737,0.011366149
0.41819102,0.11592261,-0.43092254,1.3290168,0.43548968
-1.2182848,-0.13429078,1.2659112,-1.3755722,0.049910136
-1.2941976,1.3760985,-0.049215868,-1.3460991,0.02230143
-1.360049,0.78322077,0.16048984,0.22043426,0.041799176
0.7660234,1.6715106,-0.45657277,-0.19710816,0.20000683
-0.9897371,1.4290761,0.727918,0.053616505,0.07500831
-0.6637417,-1.147708,0.7663209,0.12211141,0.19571021
1.3971831,1.0933398,-0.18305911,1.7051932,0.54887223
0.96164656,0.89476097,1.5116102,-1.6989536,0.20887731
1.0347197,-1.2432262,-0.44591004,-1.057548,0.29615772
-1.5882118,0.8524041,0.43394223,0.30565745,0.011899227
-1.1879308,-0.9076528,1.559581,-1.5589548,0.05937594
-0.60304713,-1.0421284,0.9670915,-1.3850933,0.12354521
1.4699634,0.03967705,-0.6265813,1.3150456,0.6597322
0.2233462,-0.20951569,-0.77922016,0.65741444,0.34150553
-1.2409741,-0.4665653,0.33065748,-0.55256736,0.0586265
0.05793613,-1.1477925,-0.013957084,0.44346213,0.34299764
-1.2905318,0.9699533,0.11998525,0.28905988,0.04925769
-0.33020994,1.7622857,1.1058285,-0.18532558,0.12796144
-0.42644644,-0.38328895,0.5996394,1.4263705,0.2974291
1.5381057,-1.1794245,-0.9645434,-0.014856061,0.5161592
0.5806199,-0.08395362,-1.403737,1.2164977,0.4660907
-0.25317332,-1.5228078,1.6234239,-1.3649011,0.20199907
0.33810213,-1.4228853,-0.19008557,-0.71933794,0.26522171
-0.45002595,-0.57966846,-0.6778201,0.27906057,0.20704275
0.723855,1.1130333,-1.2628418,0.9123981,0.33634272
0.72844243,-1.3419998,1.6489571,-0.7203266,0.42940283
0.50967604,-0.2741334,0.8660474,1.2372806,0.49680474
-0.6241731,-0.907403,-1.0901252,-1.4537765,0.08671272
1.5165578,-1.6143229,-1.4848353,-0.6762126,0.39588326
-0.20150143,-0.38950202,1.4916492,1.2899598,0.3545356
-0.62338036,-0.09572641,0.7387953,-1.3107709,0.104574494
1.1258703,-0.28919998,-0.25331295,-1.6415861,0.20838575
1.4509473,1.2940779,-1.4288571,-0.4523177,0.25105697
1.7611442,0.7120663,1.0404392,-1.4598825,0.28372985
0.55740565,1.1029801,-1.1672446,0.501724,0.27501753
-0.53998035,0.69644403,0.8433632,-0.31943634,0.14070795
0.92190856,0.1915502,-1.6327891,-0.52510303,0.27100953
1.5248315,0.9624201,-1.532845,0.945096,0.47259676
-1.6421683,-1.1163516,-1.6491894,0.08655018,0.005355488
-0.16622293,0.9039226,1.556631,-1.578599,0.12772593
-1.127418,0.8454351,1.5604045,-1.6585054,0.04548767
0.3681241,-0.74038523,-1.4669957,1.0752605,0.44740647
0.75948054,-0.05359419,1.3272454,0.73382837,0.49931905
-0.30866122,-1.3250316,-1.0452659,0.939038,0.30604398
-0.09693396,-1.5337902,-1.597693,-1.4879354,0.13128078
0.82239026,0.0048861224,0.8259371,-0.34966967,0.35824794
-0.24232022,0.32207823,0.97301257,1.4679496,0.3031062
-1.3992257,-0.3729435,0.97295356,1.3870214,0.06580236
1.4252489,0.5507726,0.30059317,1.1651269,0.5714507
-0.8197222,-1.3523664,1.6479759,1.5962716,0.2386109
-0.14206135,-0.9609471,-1.4810375,-0.5580798,0.19022322
0.2096123,1.2219987,0.79179806,-1.3575467,0.13303146
-0.056355387,-1.7065487,-0.5453878,0.96094733,0.37799883
-1.57302,0.28328502,0.08392032,1.0918419,0.019534586
