1.3639385,-0.36631158,1.7057134,-1.0138693,-0.25061676,0.9939068,1.5911704,2.5060768e-05
1.4766983,-1.0617418,0.28868198,-0.40317863,-0.3624837,-1.3867652,-0.49869022,0.0004192019
-0.35634318,0.80489063,-0.9405096,1.5486275,-1.0821556,-0.98760504,-1.2596552,0.0012791714
1.6293025,-0.726562,0.19410187,-1.2349892,1.2908895,-0.9606288,-1.211453,0.0031816326
-0.33021733,-0.084249154,-1.7150449,-1.3337507,0.33860952,0.9711433,-0.5594812,6.4225625e-11
0.39470124,-1.2310292,0.0142205255,-1.4267921,-1.1693451,-0.0029983516,0.14738922,6.6836506e-08
-0.79137355,-0.17074382,1.318,1.6087672,-0.36333546,-1.5371513,1.6049502,0.00033452184
1.0586454,0.25698936,0.19723867,-0.23627359,-1.263773,1.755986,0.33529985,9.764585e-06
1.5654585,-0.06481308,0.40842873,-0.47600657,-1.0226754,0.5069133,-0.8671729,0.0003388224
-1.2163981,-0.6510179,-1.6193694,0.936895,1.3027426,1.6502128,-0.15247317,5.8840033e-08
1.5441934,0.52988064,-0.3240981,-1.0395166,0.51663744,0.27133635,-0.47101888,0.00035166598
0.36950117,-0.44933945,1.0129108,-0.47292483,0.7464607,0.30346736,0.44731566,0.00017015127
1.3196235,-0.9692509,-1.26068,1.5758655,-0.23613514,1.3051192,0.7173527,4.103845e-06
0.28040725,-1.2915025,-0.80469596,0.9096932,-0.4434174,-1.1253324,-0.9900935,0.00013513507
0.877638,-0.3661187,1.1601927,-1.3602886,0.21205178,1.6929603,0.58031493,8.030283e-06
-0.19602622,-1.6563823,0.49247748,-0.49124548,-1.240972,-1.0608695,0.85853034,2.7649156e-08
1.3748705,1.4681754,0.802249,0.15598388,-1.7334586,0.2120277,-0.08756365,1.1149567e-07
0.30172685,-0.83426267,-1.6031296,0.6124737,1.2049125,-1.0733471,-1.1752738,6.5259526e-05
-0.7569009,-0.72279906,1.0925732,-0.81261194,0.02363903,-1.0945116,1.1239557,1.1550616e-05
0.48617005,0.16958067,-0.37568322,1.2004404,1.0379908,1.3899406,-1.6309963,0.13147165
-0.74638903,0.46324074,0.3601588,0.012739794,1.2904007,-0.4033352,0.869674,0.00018939532
-0.15483129,-0.15918124,1.3878386,-1.5145143,0.74523926,-0.27074054,0.29245484,1.0959196e-05
-0.65238726,1.2146523,-1.5843037,0.45051685,-0.60307646,1.4100869,-0.45748243,7.1185576e-07
1.1896945,-1.0195177,0.49064478,-1.6986591,-0.32895043,1.7542063,-0.64071006,9.667112e-08
-1.3124043,0.63780123,-1.5541729,0.10639701,-0.101937,-1.5097239,0.40196222,3.5427496e-07
-0.74686044,0.0028604746,1.2710694,-1.7303584,0.091887414,0.024526378,-0.98018366,1.6645868e-07
-0.43919113,-1.4253769,0.5035645,-0.50929266,0.05568253,0.5501331,-0.055076845,2.102907e-06
-0.98843807,-0.6750454,0.19024105,-0.41761628,-1.3645031,1.7202638,1.3106424,3.9881563e-08
0.20971003,0.4548847,-0.68924177,-1.5728885,-0.9628605,-0.63673794,-0.088475004,4.5118205e-07
-1.6539576,0.34318203,0.6468637,-0.5051406,1.2494247,-0.5097217,-1.1356786,2.2945453e-06
1.6026025,1.2870356,-0.8927432,0.04386993,0.043764204,-0.9618891,1.3693578,0.0003155259
-1.4159129,1.1846693,0.32749996,-0.9919186,-0.7961876,0.4980197,1.0981491,2.0603453e-07
1.3768367,-0.95344746,1.4419295,0.23182718,1.1583095,0.4826141,1.4481158,0.0002755104
0.33377978,-0.7450026,-1.2905744,0.9017992,-0.5252082,0.027450839,-0.51503354,1.3196785e-05
-0.51209694,-0.36649168,-0.49116236,0.19037321,-0.71547896,-0.12112568,-1.6772536,0.0034302531
1.1114646,-1.2545084,0.40036687,-1.7173994,1.1977761,-1.1528093,-0.5628235,4.1579972e-07
0.31557757,-0.46851653,0.29729643,-0.019875163,-1.3768619,-0.6576648,1.1948556,3.8851276e-06
1.4387302,-1.4339014,0.022692215,-0.82749116,-0.84034145,-0.604908,0.5176736,1.216578e-06
0.23543571,0.67646664,1.4772141,0.4801539,1.2979795,0.5104427,1.4225912,0.0014072052
-0.4960253,1.2525697,-0.4474173,-1.4064959,-0.18082784,0.82081604,0.825732,9.645379e-07
0.50991297,0.1462303,0.44226223,-1.2145534,-0.7252026,0.86461705,-1.6995832,0.0034272939
-0.41990912,-1.2535578,0.90961546,-0.071990095,1.4242588,-1.2692685,-1.6948518,0.059168313
0.7720065,-1.3264954,-0.33406845,0.9860833,0.2516948,-0.07890586,-0.18566099,6.033023e-05
1.584885,-0.6785741,1.121753,-0.47790486,-1.6374841,-0.2762357,-1.1566387,2.3443517e-05
1.0427601,0.5189116,1.121181,-0.10588325,-1.2912431,1.7850868,-1.1057711,0.0005725437
-0.70580393,0.04977612,0.7641514,-0.18621804,-0.4502931,1.3065366,0.19955385,1.869946e-05
1.0413911,0.32694936,-0.42010623,-1.3719399,-0.10659038,-1.2400175,-0.31061774,7.390339e-05
0.3553211,1.6661764,1.4914567,-0.1516618,-1.3144978,-0.8983138,1.3753866,9.8156175e-05
0.9218104,0.82453406,-0.99371463,-0.06322388,-0.6637086,-1.2555549,-0.9352468,0.0012735266
-1.0026172,0.38540283,0.5300825,0.27279013,0.57334644,-0.37931946,0.81407756,8.5002845e-05
-1.6577972,-0.3493794,0.34405026,0.7621527,-1.6253875,-1.4629135,-0.846913,3.6260446e-09
-0.6182889,0.83968747,1.2117743,0.5023085,-1.633273,0.87004936,-0.8697188,9.453156e-06
-1.2739148,0.650935,-1.4092339,0.953167,0.4382714,-0.7101836,1.5438205,1.0216633e-06
1.4603895,-1.5779009,0.29859805,-0.34515253,0.31864318,-0.815781,0.22949195,1.0213547e-05
0.5432361,-1.0331789,-0.99039537,-0.7638962,-1.6827348,0.13678466,1.7480521,7.365582e-10
0.7605634,0.06592755,0.9097328,1.4590623,-1.6217002,-0.49943796,-1.4211698,0.0010831748
0.59185714,0.6748825,0.58906233,1.368965,1.4261781,1.3652174,-0.6073814,0.015143225
0.017189605,0.8633747,-1.3374501,0.93155164,1.7153496,1.6272044,-1.4513057,0.004249136
1.3950604,-1.0412242,-0.10850222,1.249493,-0.7679213,-1.4939795,1.3993074,9.249654e-05
-1.1765872,-1.7398986,0.4796872,0.8353616,1.7121172,0.8325335,0.86037046,2.959029e-09
0.15559548,-0.08488195,0.73097515,1.5193027,1.1835332,0.090999074,0.09974439,0.0028490468
-1.1284078,-0.19443734,1.5275856,1.4948823,1.5265559,0.96525055,1.6554452,8.567815e-05
0.5782349,0.51772594,0.77066684,-1.4250572,-0.756239,-0.59549594,-1.1823269,0.0003204812
-0.54598856,-0.47734874,0.32673106,-1.6494019,-0.43509132,-0.07653089,-1.2482009,2.4810342e-06
0.574901,1.3528603,0.9155788,-0.9145514,1.0085984,0.022356536,1.6195621,0.00031782963
-0.31168145,0.12430671,-1.626716,1.3121599,0.630231,0.64956594,-0.43398184,2.8260201e-06
1.4756372,1.2925137,1.1445962,1.552179,-1.3927298,0.91968,1.1441673,0.00012726709
-0.97367674,-1.2191092,-0.20294428,0.09878759,1.0239872,0.73131377,0.850498,1.4429098e-06
-0.98004264,0.7111399,0.9714689,-1.297212,1.6758548,0.26769063,0.489084,1.5794803e-05
-0.9801046,0.21661909,0.4910761,-0.8298407,-1.1105604,-1.3289863,-1.068813,8.618626e-05
1.596288,-0.87373656,-0.09154204,0.81039554,-1.6182578,-0.9416489,-0.55351895,9.217572e-06
0.6211194,0.8796514,1.2084806,1.601753,-1.6599907,-0.93339527,1.5244529,9.8102955e-06
1.704464,-1.7256465,-1.0025371,0.32165706,-1.1064306,-1.673843,0.7016713,1.4603805e-08
-1.3742464,1.4302291,0.48358244,-1.1554544,-0.7736633,1.7163973,-0.4437496,8.4401273e-07
-1.6611862,0.14871572,0.7522549,1.6317732,-0.98954886,-0.73053324,0.57883877,1.7330956e-08
-1.300337,0.17682303,-0.6123905,1.509109,-1.5272101,-1.0981869,-0.411263,1.1571236e-06
-1.111441,0.8210192,0.6214896,-0.77552885,1.069137,-0.7307315,-0.11515301,0.00012779527
0.74476373,0.15298386,-1.700435,-0.9518781,1.6808306,0.9966529,0.32104677,1.3515068e-08
0.66387576,0.7615209,-0.86871374,0.9830746,1.4371216,-1.0325887,1.2264175,0.0009913633
1.4782767,1.1269584,0.83443266,-1.2681607,1.0719798,-1.3945924,1.67613,0.0006783894
-0.8423034,-1.3672544,0.88462746,1.4338453,0.7566788,-1.2416978,1.596323,2.5569012e-05
-1.126981,1.1715833,-1.5780113,-0.36463058,-0.69383156,0.43601462,-0.347089,9.88231e-08
0.96098155,-0.2568009,0.59365785,-0.038006555,-1.4080359,-0.016163252,0.15863132,1.5068957e-05
-0.6490221,-0.40259778,0.1606186,-0.9412893,-1.0336705,-1.5102596,-1.6473581,0.001610367
1.092474,0.3612102,1.6762173,-1.7296304,0.77188617,-1.1317375,-0.15168867,2.3320401e-06
-0.36155865,1.383898,-1.6767824,0.3781431,0.36696896,-1.4484583,0.11954646,1.4731133e-06
1.0324028,-0.950265,-0.41042835,-0.6325485,0.20928837,0.6498731,-1.0887569,0.00021551306
-1.2910436,-1.179701,-0.97398305,-1.0317016,-1.0618516,0.83980066,1.5699708,7.0229655e-10
-0.8220219,1.0994806,-1.0463861,1.3685975,-0.82575727,0.35028163,-0.71174127,4.708293e-05
0.5722489,-0.8200724,-0.2815537,0.30733627,-0.7414168,-0.500937,-1.5868343,0.0057182712
0.41126463,0.57366085,-1.5800357,-0.47960228,-0.23128372,-0.8745742,-0.7769346,1.1284215e-05
-0.39197174,-0.2525531,1.3451447,-1.6143858,-0.3381559,0.7405713,-0.28232095,8.5159303e-07
1.0737791,0.49144524,-0.6088144,-0.9910905,0.1713703,-0.34352726,-1.4224837,0.0046804594
1.2180066,1.3503819,0.60108703,-0.5807415,-0.587885,-0.2236409,1.1213921,0.0002095005
-1.2018362,-0.88544583,-1.0119398,0.7149586,-0.20770143,-0.5138372,0.26781926,8.591623e-07
-0.8723457,-0.84753036,0.0083289305,-1.5957024,-1.1121973,0.35627586,-0.99935734,7.267417e-08
1.6242226,0.87062466,-1.2181222,0.9876379,0.8434875,0.4617023,0.17154923,0.00037504858
-0.5340187,0.10322915,1.3819642,1.5637909,-1.449716,1.4799838,-1.4780949,0.0008749241
-0.5634428,-0.1869387,1.4481033,0.5224991,0.3042348,1.5953177,0.5655421,9.305211e-05
-1.6193655,-1.5396707,1.3517388,-1.7370303,-1.6579107,-0.39224973,-0.038611438,1.4190719e-15
-0.93917555,1.4985256,-0.60241157,0.21196195,-0.9984689,0.3126066,-0.11753017,1.007606e-05
0.4773954,-0.059844762,1.0684122,-0.7145575,1.6615545,-1.1046181,0.16009481,0.0018781351
-0.18018453,-0.3174516,-1.4364452,0.5344318,-0.3354278,-1.2473879,-0.7726407,3.8527687e-05
-1.2030636,-0.71588284,0.78741646,-0.07924708,-0.3295171,1.4932154,1.1766042,7.856027e-07
0.087551355,-0.3406051,-0.2130115,0.83451295,0.8810844,0.25914028,-1.2407112,0.008316606
-1.1293402,0.86254966,-1.4247124,-0.15555203,-1.5044535,-0.80768144,-0.007037306,3.4157246e-08
-1.4140673,-0.033633504,-1.37983,0.29855558,-0.41025564,0.92687136,1.4490827,1.8795092e-08
-0.9012713,1.512523,-1.6087505,0.6768486,-0.06732114,0.7545926,0.38406307,3.3391146e-07
-1.4602523,-0.09481731,0.3210287,-1.2998501,0.18313514,0.67573744,-1.228155,3.7551613e-06
-1.0495214,-0.24574246,-0.6223652,0.27494943,-0.29820487,0.7887669,1.7393914,9.787842e-07
1.7688069,1.0006123,-0.7922477,1.5316943,-1.232273,0.14744583,-1.0079068,0.0012503935
0.3724561,-0.03872565,1.6347411,1.1970899,-1.5976144,-1.2070445,-0.71735024,0.00020977092
0.57790375,-0.3445748,-0.5244111,0.09360344,0.0070266887,-1.4872488,1.082801,0.00015221466
-1.5592384,0.59527504,0.57858837,-0.31949466,1.4334158,1.7482901,-1.0224751,2.0755e-05
-1.0840297,1.3953055,-0.30340123,0.70300806,-0.7884257,1.2657686,0.08834108,1.0924755e-05
-0.52613616,0.44619143,1.0352385,-1.5400983,0.20715271,-1.2984974,0.6581687,8.695428e-06
0.31647378,1.2327783,0.51178426,-0.5369576,1.0883266,1.4141362,0.97858673,0.00022744546
-1.4683632,1.1477761,1.0870926,1.4904926,-1.7023684,-1.5675423,-1.0520097,1.7418472e-06
-0.6949541,0.50472885,0.4477026,0.20888352,1.5196958,1.2086695,1.671736,8.208075e-05
-0.9839533,0.61897635,-0.37749708,-0.036838803,1.4499094,1.2627002,1.3079803,1.4112654e-05
0.05192422,0.5749533,1.5176076,-1.3800364,-0.7686285,1.1445875,-0.6699657,2.7213691e-05
-0.59373313,0.18945391,-0.12342363,-1.1388949,1.4967146,0.7889304,0.029434755,1.7588802e-05
-0.07219893,1.504649,-1.0294882,0.22555223,1.1704435,-0.99583316,-0.58804995,0.0020552678
-1.1199504,1.6321248,0.53373605,-1.3185784,1.4258726,-0.6890933,-0.8737265,0.00024582152
-1.1350474,0.63358957,-0.20942493,-0.51610625,1.4870099,0.4266573,1.521171,8.466438e-06
-0.9576589,-0.08109128,-1.2751613,-0.8691027,0.38522252,0.73892975,1.306807,1.2770793e-07
-0.54239774,1.5853868,0.22382241,0.52029365,0.9392273,1.5753764,0.46861607,0.00031465545
-1.3122505,-1.3634903,-0.40014362,0.2506589,-0.9381897,0.13196442,1.5773833,1.5068323e-08
1.4912726,1.3005016,-0.6851528,-1.689593,0.27898756,0.76910955,-1.6635534,0.00016286073
-0.29466924,0.9396492,-0.82094496,0.5582537,1.6477922,-1.2552054,0.14684463,0.0012207627
1.5290378,1.1373847,-0.73210716,-0.17082174,-0.6079219,-0.29727793,-0.8383996,0.001274001
0.58379817,-0.12844662,-0.69671744,-0.85493207,0.39616966,1.0863621,0.9578394,6.732576e-06
-1.4113121,-1.3067588,0.16788699,1.2637267,-0.8957742,0.1965769,0.156208,1.5467488e-07
1.2390637,1.2627451,1.6589042,-1.1566099,0.6279862,1.4260869,-1.3421792,0.018703325
-0.4267388,-0.76300687,-1.0079973,-1.596943,0.55180204,-1.3370969,0.073314026,2.0799334e-07
-0.61306256,0.4700707,-0.8024815,0.17476512,1.2948264,-1.1026351,0.72889304,0.00012760589
-1.3825036,1.0042982,-1.1526847,-0.95608395,-0.0020843043,0.6001266,-0.5138747,4.6390133e-07
-1.665121,-1.6385071,-0.06613128,-0.7189669,0.81458676,-0.01773232,-0.14485726,2.2045027e-11
0.53992796,0.12367245,0.11953004,-1.5317228,1.037474,-1.4273372,-1.213051,0.0011833137
-0.3290811,-0.6185851,-1.1802548,-0.44558668,0.26703522,0.79493594,1.5120049,5.308567e-07
0.71769387,1.2564359,0.78385836,1.3640498,-1.6440538,0.1262983,-1.6578188,0.0047705853
-1.3663017,-1.1141539,-1.5418785,-1.5885712,1.2152733,0.47428298,-1.0061812,1.2945256e-09
1.3258587,1.0758224,1.5893099,-1.1876056,-1.1196678,0.43599644,-1.3476125,0.0018063101
-1.2171311,1.1046969,0.32239833,-0.39406887,0.78996783,-1.1412861,-0.75119144,0.0007081047
-0.25024918,0.97818786,-0.17409872,-1.3874992,-1.3063196,-1.1087598,-0.92335373,1.1857205e-05
0.4068936,1.6970417,-0.6161422,0.31037602,0.49242124,-1.3330722,0.56555116,0.0016354545
0.9363069,0.2734781,0.77050894,-0.3591699,-0.33546263,1.3147459,1.5165324,5.7917496e-05
1.4376055,-1.5889555,1.2537081,1.2980952,-1.5612946,-0.8973913,0.094382234,9.013698e-07
1.6161231,1.2636714,-1.1247504,-1.7386996,0.77853245,1.6163638,0.41561633,4.1357415e-09
-1.318522,0.1680097,-0.4316002,0.043691438,-0.41426685,-0.4991446,1.3275155,1.312414e-06
0.48060513,0.04177061,1.2638829,0.7506857,-0.7316632,0.43875024,-1.7105253,0.17249642
-0.69366735,-1.6703103,-0.32292655,0.21083556,-0.5492887,1.7115166,0.13430303,1.5723499e-08
-0.14158994,-0.38887763,-1.2660706,-0.4868878,1.164965,-0.8760651,0.7991738,7.1293307e-06
-1.2419953,-0.84771377,-0.55308664,1.6127174,1.0051762,-1.5904478,0.3353368,4.0787476e-05
1.6159499,1.7311953,0.058414344,-1.3611474,0.459782,0.30495483,-0.7022175,0.00065639504
-1.2169533,1.2604388,-0.32168904,1.6015731,0.7124445,-1.1966046,-0.56074935,0.0014291771
0.9676523,1.3202281,-1.1783693,0.45795855,0.8772079,1.0106157,-0.88736373,0.0015389026
0.652446,1.2125638,-1.0773362,0.8117662,0.7042731,0.7444136,1.7331161,8.464859e-05
0.6068324,-1.084527,0.46363008,1.2087231,1.4618239,1.3116063,-0.7463022,0.0013848657
-0.8840197,-0.7492987,1.1779488,0.15828279,1.0303508,-0.12538761,-0.2780823,0.00017426333
1.6126652,-0.6821853,1.5620922,0.16957954,-0.9021042,-1.0784736,0.051989302,0.00057215727
0.4256338,-0.6989674,-0.1951356,-0.36619565,-0.27518615,-1.5437242,-1.2813885,0.004135772
0.26871175,1.3773493,0.66012424,-1.5883164,0.79546267,-1.0655832,-1.1152579,0.0008373246
-1.4706599,0.6050293,-1.3655177,0.7164796,1.3651513,1.5998567,-1.149885,7.409028e-06
0.77016526,1.4177059,0.9146044,1.2832301,-1.449545,-0.316525,0.36969858,0.00017618707
-0.21123369,-0.07552837,1.6408349,0.71104646,-0.86987835,0.023031475,-1.0316672,0.0021393944
-0.7418897,-1.5626273,0.8937773,-0.28511173,-0.86980224,-0.31325287,-1.3457247,1.1059447e-05
1.5265402,-0.5039636,-0.6802544,-1.567497,1.6227843,-0.8308662,-0.9668991,7.252214e-05
0.43114245,1.2441809,1.3998963,-0.04307054,1.6868259,1.4748292,-0.5783478,0.011333904
-0.90577304,1.0787024,-1.6281466,0.43680993,-0.7851086,-0.39461064,-0.4514025,3.476631e-07
-0.82458675,0.55186695,-0.2071064,-1.3723991,-0.5463877,-0.78707373,-1.0627562,2.6394217e-05
-0.035099875,-0.5096054,-0.42664874,1.4609472,0.01905476,1.6575055,0.514134,3.2172855e-05
1.0088333,-1.6364744,-1.7147217,-0.060081337,0.08970533,1.0930302,-0.19865745,8.756173e-12
-0.39296222,-0.93919337,-0.98109233,0.4594789,-0.5048122,0.97926795,-1.2328322,3.6330355e-05
-0.9355667,0.9247806,-1.2527473,1.5161994,-1.274072,1.2978636,0.8261973,2.5824716e-07
-0.54264826,-0.7033258,0.4608505,0.73880213,-0.93257564,-1.0467541,0.41863173,2.750774e-05
-1.2395577,0.8490006,-0.14385097,-0.9545243,-0.15601403,0.61969405,0.29555535,1.5754326e-06
0.66138977,0.4875511,0.78816056,0.62543255,0.17568536,-0.42797077,1.7251712,0.00086993346
1.3803035,-0.66939807,-0.38743854,1.005767,0.054777764,0.11680833,-0.27765408,0.00047218247
-1.5743192,1.0791826,1.4163232,0.85122985,-1.6006947,0.8718823,1.1116298,1.4365771e-08
0.4471634,-0.5589112,0.19367503,-0.82954705,1.5205829,-0.5209914,-0.85800546,0.0012813158
0.93689245,-0.051661067,1.423302,0.16183527,-1.0195737,1.7568275,-0.82804143,0.00052519736
0.35946012,-0.66380936,1.3942765,-1.2610278,-0.43533102,0.06331112,0.43984273,7.287231e-06
-0.5662127,-1.6632366,-1.4580065,-0.2093191,1.5935895,1.0542915,-0.885104,4.202018e-08
0.9461075,0.29070935,-1.1547878,-1.2183444,-0.00033191268,0.21443355,0.76612395,1.952955e-06
0.952258,0.5155944,1.0339458,0.97744477,-1.3948852,-1.6170686,-1.6134722,0.1593896
0.69117707,-0.8796049,1.6223143,1.6831701,0.9852635,-0.98265094,-0.6159951,0.021085229
-0.25549895,1.0868739,-1.4673927,-1.6947423,-0.66265184,-1.3906182,1.7464588,2.4081623e-09
-0.4089238,-1.5725367,0.024211146,-0.8250055,1.6658866,0.2586225,-0.06865486,1.0095567e-06
0.23140758,-1.6903589,-0.661493,-0.7482726,-0.5137179,-1.1088558,0.9602031,1.6632233e-08
-0.25710535,-1.0806098,1.6166289,-1.229279,-1.3051126,-1.3246709,1.5809151,3.3687976e-07
-0.46610478,-0.6016454,1.4263637,1.5643599,-1.2989311,0.42668927,-0.47597563,4.9343176e-05
1.148076,-0.18869919,1.2495309,-1.3545773,-0.0022893518,-1.4635799,-0.38472614,0.00045460055
1.5273204,-0.33340344,0.9236703,-0.9214644,-0.29034892,-0.88910455,-0.22956441,0.00043643222
-0.12335485,0.8103549,-0.16209863,-1.4557145,1.3356044,-1.0673381,-0.8438861,0.0003119502
-0.33847296,-1.5383277,1.5844569,-0.020149004,0.09198458,0.9015052,-0.033146247,3.757676e-06
0.07228393,0.26607725,-0.80493885,-1.298624,-1.0518098,1.6452061,0.8445569,1.0954986e-07
-0.055686053,0.037320912,0.08398221,-1.1831094,0.18222006,0.66171455,1.5141529,3.9913607e-06
0.46121863,0.47186247,-0.4530072,1.7108771,-1.2915523,-0.91600287,1.2174138,4.0974537e-05
0.52980584,1.7570219,-1.2543279,0.760909,0.24672437,1.3677504,1.7250161,2.5755282e-05
-1.5171661,1.0903981,-0.8151386,0.7216714,0.44550171,1.6648725,-0.85577637,7.665317e-06
-0.58845335,-0.96802855,0.41564447,1.216064,-1.6430922,-0.41518113,-1.1750839,4.598785e-06
1.4975755,-1.4359078,-0.15422972,0.28539777,-1.195325,1.3347774,-1.6889482,0.00031814247
0.7180932,-0.41941497,-1.139118,0.26714933,-0.8807713,0.49332878,1.0390203,1.7773767e-06
-0.038513284,-0.8763399,-0.21936476,-1.3175238,-0.6166849,-1.1517775,0.78705627,8.819006e-07
-0.9912511,0.62182254,0.2957976,0.47302535,-0.326016,-0.39824834,-0.39554083,0.00019244834
-1.0065787,0.022970688,-1.2030339,-1.3698834,0.71405435,-1.3286133,1.4512393,2.2118377e-07
-1.4956543,1.422934,1.0367105,-0.021941584,-1.3774787,0.5781861,-1.22773,9.803565e-06
-0.51426345,0.69841105,-1.4616766,-0.95067,0.88336056,1.0140301,-0.2612041,1.3346626e-06
0.62878907,-0.3168933,0.015502687,-0.9978225,-1.2111543,-1.6513216,-0.026252726,2.1338688e-05
1.1453457,0.06734341,-1.4064128,-1.0302348,1.5079331,-0.6541474,0.71564895,7.170882e-06
0.84234613,0.42847344,-1.5502752,-0.85428226,-0.99924695,0.09239527,1.4636986,6.792206e-08
-1.4752916,-0.21163839,-0.21436535,-1.0462292,-1.3354245,1.4437853,-0.9658534,4.311862e-08
-0.98859304,1.4275311,1.558405,-0.9632427,1.2285808,-0.8903645,1.7469479,0.00010361031
-0.22466105,-1.3697929,1.623296,-0.6464018,1.3958985,-0.047069844,1.6689924,7.640003e-06
1.7132457,0.86496454,0.61657864,-1.5996797,-0.59790736,0.0057499423,0.4799111,4.721868e-06
0.29629907,-1.115461,1.3307925,1.3743794,1.5055792,-0.81749785,-1.1210072,0.02847607
-0.3988817,-1.5356095,-0.9401541,0.5686369,0.18326077,-0.7226893,0.5902045,5.6911233e-07
0.7597051,-0.3546168,0.96636486,-1.7401248,0.6168338,-0.40931344,0.38003525,2.2881512e-08
-0.60885227,0.8647868,1.0474135,-1.7485381,-0.11315953,-0.46350902,-0.6090308,3.5065809e-10
-1.0676363,1.2508136,-1.642961,-0.8881694,-0.48434538,-0.5035306,1.6866996,5.930192e-09
1.3042575,0.4486439,-1.3175993,0.6550905,-0.63754874,0.22064614,-1.3723528,0.001186768
-0.73599505,-0.14533684,0.74133873,1.5736597,-1.4952885,-0.090207785,-0.59627193,2.0361518e-05
-0.2981186,-0.09186764,0.15783103,-0.2846559,1.2513323,-0.7893925,-0.63070565,0.0015163623
-1.6662295,-0.70688856,-1.1639096,1.0179259,0.90511435,1.1052574,-0.4617321,1.1510732e-09
1.1998557,-0.15116167,-1.3567581,-0.9502005,1.5605208,1.2957423,1.3029342,1.8682493e-06
1.3520477,-0.1148165,1.2408141,-0.37451077,-1.7127447,-0.217122,-0.06714568,3.1035898e-07
0.67485106,1.5050474,0.18675648,-0.28336093,1.6980864,-0.2726421,0.26008734,0.0031930981
-1.1537846,1.03722,-0.0047378535,-1.7035708,1.1424923,-1.635812,-1.525858,4.0619467e-05
-1.6526845,-1.4020538,-1.6618863,-0.005341133,0.46021476,-1.2133318,-1.1526089,9.8921545e-11
-1.3516885,0.014114319,1.5065479,0.44480363,-0.7543542,-0.024199385,1.1071608,3.690041e-06
1.3314927,-1.076069,-1.1367283,1.0431082,1.2094574,-0.27589908,-0.51039785,0.00019920111
0.87405145,-0.2726501,0.764646,-1.3568441,1.0980234,0.56229997,0.6387278,2.4546527e-05
1.4964991,-1.3924482,-0.20753036,-0.536794,1.4776528,-0.80809283,-1.3160247,0.0019171946
0.94942766,0.46452227,0.055051435,0.051060524,-1.4403565,-0.30447122,-0.96456647,0.00021966457
0.4830593,-1.2627084,0.8426887,0.1696544,0.25139445,0.31417817,0.85257775,2.3582863e-05
0.030284971,1.7449458,-0.45862925,0.2782109,0.6115191,1.7575085,1.2389228,0.00010354675
-1.2626907,1.3364509,-0.48295242,-1.3032075,-1.7138817,1.419557,0.12672673,9.9585895e-11
-1.4284928,-1.2051027,1.3687375,1.33218,1.6081393,-1.086229,-1.5495493,0.00381417
-1.5638273,-1.6507229,-1.3175114,-1.5822146,1.0685654,-0.089669324,-1.0707655,3.9658207e-11
0.75220734,0.07552627,0.76365143,-0.61671555,-1.4012597,-0.22918627,-0.61119413,4.5588433e-05
-0.7984574,-0.48464695,-0.44433683,0.8502044,-1.4972428,-0.0006443354,0.82531756,2.2455085e-07
-0.29947203,0.5236887,-0.57502,-0.44710088,0.058970094,0.777444,-1.389647,0.0013390775
-0.9440584,-1.1849529,1.1492165,-0.8503825,1.3763266,-0.64299655,-1.0934428,0.00016085758
-0.2666978,0.72752285,0.28912953,-1.726036,0.49086875,-0.31494573,-1.7024331,4.261539e-05
-1.1650844,-1.5138975,-1.6005489,1.1805803,0.23170476,-1.6635133,-1.2028943,5.3851295e-07
-1.0782459,-0.9223678,1.5344336,-0.05335011,-0.12371803,-0.5614006,1.272976,6.328307e-06
0.6184665,-0.9187263,-0.8534812,0.82365245,-1.7309948,-1.6464626,-0.62720025,2.8007117e-08
-0.46471888,0.85877687,1.4843711,0.26240674,1.0299182,0.6688783,-0.3895202,0.002766818
1.1104195,-0.039263785,-0.54016346,-1.3046708,1.0921023,-1.2804408,0.072434545,0.00010293388
-0.5053872,-1.6851685,1.6743174,-0.6274663,-1.2283636,-0.8023412,-0.32360864,5.592914e-08
-1.2162932,-0.99869037,0.5059185,1.2227182,-0.3303973,-1.203092,-0.57450235,6.1691295e-05
-0.25673476,-0.80794,-0.0839351,-0.8640346,1.6706915,1.3738534,-0.01602271,1.3930403e-05
-0.7877435,-1.626718,0.6549352,-0.81379914,-0.67487544,-0.45440644,-0.8493963,3.982015e-07
-0.47978097,0.23227225,-0.054364476,0.93704724,-1.1997179,1.5622241,1.1179045,3.109009e-06
-1.5924989,0.6342045,-0.85310453,-0.76634157,0.9782869,-0.8071423,-0.050638862,3.0064092e-07
1.0107789,-0.31620196,0.93890244,0.268836,0.7877317,1.3680037,0.79391265,0.00035283423
-1.1519424,-0.69379574,1.1134837,-0.85785705,1.4789922,-0.28626442,0.22787365,1.2612976e-05
0.91282445,-0.003846078,-0.21618168,0.5196695,-0.7567665,-1.2482599,1.3242474,0.00014934897
0.8287171,-1.3915918,1.6151803,0.1620998,0.40912643,1.5053892,0.861691,1.767168e-05
1.2776396,-1.0652089,0.10817656,-1.3915635,0.4049574,-1.1252819,-0.85180026,8.8610286e-05
-1.2739651,-0.03332183,-0.90958107,-1.3303372,1.3963447,-0.965242,-0.38806525,1.6383871e-06
1.285845,1.5709202,-0.93723416,0.6235818,0.95809186,1.0053822,0.41880476,0.00053193
-0.7670828,-0.5345721,1.1550788,-0.5825974,0.39499176,-0.10712869,-0.6058923,0.00014284803
0.68625456,0.8794959,-0.6969321,0.93601,-0.25508696,0.028457457,-1.181668,0.0075870496
1.6646161,-0.6860589,1.0842539,0.075896464,-0.32031575,1.7747881,1.471251,4.8358288e-05
-0.19575211,-0.46184018,-1.6699249,-0.60771275,-0.9454777,-1.3217653,1.1824653,5.563674e-09
0.03383163,-1.6691749,0.058249466,-0.31630433,0.71623826,-0.571729,-0.84635377,5.0109707e-06
-0.3493817,1.465473,-1.1880763,-0.8048712,1.4631081,0.76047873,0.4189474,1.1743373e-05
-1.3909672,1.721189,0.6085287,0.8417509,-0.8912695,-0.2792076,1.2751209,6.5416093e-06
0.87370205,-0.030147374,1.394404,1.3618213,-1.1941307,0.08414684,-1.0305507,0.0035400884
-1.6626359,1.1254717,0.6751728,-0.068431824,1.2768508,-0.53163105,-0.26635626,3.0655264e-07
1.1163732,1.4469103,-0.5916775,-1.1329068,0.22088078,-0.2139097,-1.4094547,0.005928846
1.3358413,0.8813588,-1.6127403,1.2328491,-0.8273366,1.4393982,-1.5659677,0.00020293151
1.6759691,0.9135811,-0.8149901,1.3973854,1.1089582,-0.26763105,1.3958026,0.0012549818
-0.35911107,-1.6692562,-1.0143229,1.1683791,-1.4215554,0.7524263,0.62533545,1.0959124e-09
-1.3679868,-1.6475656,1.6397457,-0.045794882,-0.86185366,1.3635985,-1.1067787,1.1120632e-07
0.43438298,-1.3445106,-0.9247155,0.4121051,-0.5676858,1.3976699,-0.1094944,1.0973042e-06
0.998613,0.55752575,0.663389,0.07385548,-0.06672848,0.8772826,-0.7866742,0.0038969507
-1.6670984,-1.5160582,1.3783281,-0.67338794,0.3572581,1.2471361,-0.29667377,9.676781e-11
-0.34378946,-1.3371236,0.6184845,-1.7323495,0.8159326,-0.39513725,-0.35546672,5.34864e-09
-0.9853086,-0.8465431,-1.5086124,-0.22645958,-0.61585605,0.19311617,0.56776464,1.5417822e-08
-0.10349017,-1.6159003,-0.19610888,0.73600173,-0.17939273,-0.68926686,0.31879482,1.2872615e-06
-0.80060256,0.009203512,-0.5108759,0.9976552,-0.9141275,-1.6274838,-1.155431,0.0010715456
-0.6568812,0.26083165,1.1060826,0.3982588,-1.1494384,1.5143486,0.8868968,6.0788443e-06
-0.49961755,-1.0234805,-0.16210374,0.77677876,0.3659361,-1.6035352,0.1466997,0.00014911957
-1.5895854,1.1596199,-0.091557816,1.0716426,1.2643802,-1.0383998,-0.88567436,0.00012877543
1.4603355,-0.6615766,1.5274718,-0.34981072,1.4816655,-0.5634251,-0.9872296,0.023429805
1.4910337,-0.48882905,0.40791646,1.1185596,-1.3621656,-1.5319054,-0.01916793,0.00028591658
-0.22302899,1.3481988,0.7955158,-0.050835285,0.8072399,-1.2913128,0.62197465,0.0026546672
-0.14899123,1.5184087,-0.5540202,-0.62884915,-0.54550374,-0.85253155,-1.5807232,0.011988264
-0.6557657,-0.19514716,1.1226829,-0.6881367,-0.09786122,0.26006776,-0.3837648,6.818792e-05
-1.5082204,-1.2570746,0.24610049,-1.0255569,-0.08384539,-1.4618231,-1.232642,2.4122705e-06
-1.628924,-0.876414,-0.34606385,-1.3506879,1.483033,-1.1920711,-1.6007142,1.6966076e-06
0.68726945,0.2310264,0.3301728,0.38306332,1.4383749,-0.9591775,0.94737214,0.0024404519
-0.89848715,1.0388895,-1.3533598,1.5888376,-1.4127879,-1.2495914,-0.57604146,4.7660037e-06
-1.0600947,0.8833433,0.062240552,0.23225057,0.36365685,0.46195403,-1.631992,0.01507591
-0.087230444,-0.77062476,0.7870257,0.22009961,1.0003532,0.11349264,-0.47978967,0.000656523
-0.5264037,-1.657594,-1.6097767,-0.6652656,0.4526439,0.43545437,-0.937678,3.1711591e-09
-0.51005816,-1.5339643,-0.91357666,-0.69832236,-0.051717523,1.6196803,0.9554646,1.3621755e-08
0.10249171,-0.5533189,1.0755157,-0.5581832,-0.828511,-0.70469064,-0.25293976,7.655359e-05
-0.31817627,0.028916629,0.038028587,0.58615565,-1.2325599,-0.5955431,-1.0308486,0.00028324153
-0.5458682,-0.78399336,-0.059459124,0.2847326,-1.7148532,0.60817045,-0.6890112,1.7608253e-08
-0.7775103,-1.3852949,0.17439857,-0.6518619,-0.045161165,1.576142,-0.3641381,7.085404e-07
-1.3545277,0.1923782,-0.77207005,0.3255723,-0.6792827,0.60843927,1.3448159,2.3059089e-07
1.4913368,-1.3906394,1.4198331,-0.31752586,0.39676705,-0.09389293,0.17657419,6.987847e-05
-0.6421029,-1.3451864,-0.17129353,-0.13257423,-0.74318445,0.61826754,-1.3517914,1.9084442e-05
0.5035332,-1.4244523,-0.6265269,1.2158365,1.4257221,-1.6537923,-0.42945364,0.00044719363
-0.5504384,-0.47024825,0.90347546,-0.7373645,-1.2325517,-1.1317326,1.6154205,1.9072592e-06
0.18710989,1.5619073,-1.431025,1.6044639,1.5238713,-0.67458624,-1.4611145,0.029616075
1.6528797,0.69508904,-0.3178522,-0.96338147,-0.6977347,-1.5154489,-0.630472,0.00090172933
0.8406674,-0.20192298,0.17223303,1.5930257,0.25583866,-1.2552366,1.5279571,0.0014554414
-1.445419,0.3691853,-0.5341469,0.63740504,-0.64618635,-1.2792498,-0.67958623,1.9002497e-05
0.7307486,0.7079235,0.9341695,0.6822607,0.71772623,0.55277115,1.3385162,0.0012427957
1.68206,0.017088968,-1.4682249,-0.41127244,1.3539969,0.5803215,-1.115365,0.00024514884
0.5002674,-1.4132344,-0.49626395,-0.48721522,1.6064181,0.013025391,1.3302965,2.9285102e-06
1.2018434,-1.0779048,-0.7230657,-1.2834842,-1.210126,-0.3461228,1.1637104,6.564323e-08
1.7451743,-1.1892463,1.5889158,-1.6782191,1.1763037,0.10157423,-0.30477592,1.8493714e-06
-0.2167596,-0.03787479,0.6847485,1.2003719,1.132911,1.1029476,-1.587774,0.1366074
0.40462837,-1.6048373,-1.2826035,1.6686133,-1.4316312,-1.2513267,-0.56685406,1.2665214e-07
-1.1499282,-0.31328547,0.66495466,0.48313552,0.6878184,1.2871693,0.45289803,1.7527635e-05
-0.30778146,-0.63697577,-0.037372146,-0.69304246,0.32292566,0.80924004,-0.5610987,3.6032525e-05
1.3226805,1.7346445,1.5718942,0.36665937,0.93815875,-0.5507014,-1.3634417,1.580289
0.9300962,1.4379003,0.9472447,-0.07937076,1.5045204,1.2718433,-1.5119917,0.4225546
-1.04272,1.02949,-1.0043763,-1.5141453,0.027960291,0.053367626,0.8439036,7.1781294e-08
-1.333959,0.10557038,1.5305965,-1.403917,-0.6521785,-0.7401244,1.2677339,2.2927723e-07
-1.1298262,-0.5632075,-0.30823392,0.58799684,-0.7915565,1.618013,-0.63705885,3.7959157e-06
-1.6525773,0.45591167,-0.3921719,-0.5209719,0.21184961,0.5674894,0.08525813,1.0612176e-08
-1.2818654,-1.2096288,0.5128358,-0.42705736,-0.26554787,1.3638648,-1.0413373,2.840264e-06
-0.3787764,-0.74407744,1.7060546,-1.0604652,-1.2509849,-0.41590953,1.0192353,7.575219e-07
1.209512,-0.34685034,0.517477,0.7507703,0.036641385,-1.4316051,-1.1192433,0.06280567
0.33543855,-0.4068332,-1.6587054,-0.8899235,0.97922206,1.4458619,-0.9633754,3.5527492e-07
-1.262862,-1.6610018,-0.54940856,-0.56848013,0.045743715,0.15515332,-0.6862495,2.0435587e-08
-1.3345426,0.7067297,1.598973,0.9138846,1.0762546,0.87859005,-0.29905143,0.00028330443
0.9039675,1.4566647,-0.60649854,1.653513,-0.6653494,-0.39480665,0.23312785,0.0007652084
-1.2339885,-0.9642763,-0.82752335,1.5323517,1.3454865,0.87523824,-1.6139257,0.0007074727
-0.16491485,0.48143324,-1.3704416,0.66859514,0.40064543,-1.3157958,-0.6144416,0.0002772552
0.873363,-0.19735469,-0.9493711,0.047239162,-0.593175,0.115991674,-0.73274094,0.00010501636
-0.74996364,-0.057382643,-0.9403198,1.289601,0.8227218,1.3719012,-0.332818,4.89601e-05
-0.14065143,0.10945739,0.40940264,1.519599,0.8393585,-0.4109837,-0.0795555,0.00277594
-0.10276806,1.532548,0.6855051,0.76452273,-0.75357586,1.5446606,0.10022439,0.00023649672
-0.36032325,0.24273674,1.638814,0.49562755,-0.32638508,0.6927094,0.9035648,0.00013164901
-0.8261252,-1.1070685,1.1266253,0.40397614,0.88147676,0.9099025,-0.9671198,0.00025035586
-1.4881994,-0.6264853,0.024451807,0.16215688,-1.5366317,1.7688121,0.056852892,4.966238e-09
-1.3451059,0.86693895,0.92565006,1.130775,0.64771307,-0.36724693,1.5932382,5.9546037e-05
-0.8750902,0.5562386,0.981131,0.47639996,0.36774358,-0.34902576,0.24126187,0.0003518696
1.7106419,0.04104988,-1.4828734,-1.4772446,-1.191187,1.1455905,-1.2677451,4.0460384e-07
-0.7847592,-0.22552918,0.8660294,-1.0392756,-0.22496232,-0.82303137,1.2047086,6.1205847e-06
-1.1094412,-0.67818266,-1.1762584,-1.5899931,0.49485788,-1.2241637,-1.5181763,2.737589e-06
0.46463388,-0.6180583,1.3258406,-0.53582835,1.192106,1.1858622,0.72310054,0.000103345184
0.52184296,-0.9218676,-0.7482286,0.07428382,1.253804,-1.4586799,1.4531935,7.619955e-05
0.99083227,0.2953284,0.35555756,-0.74998105,-1.1278973,-0.7667161,0.23615985,4.506669e-05
1.356329,0.50128555,-0.019217065,-1.6100307,-1.1367638,0.4751159,0.94820726,1.7733002e-07
1.006272,1.3550122,0.7961839,-1.1427715,0.80669016,0.31024238,1.3936006,0.00016736679
-1.6605401,-0.39091495,0.26630437,0.72400856,1.6956233,-0.9967852,0.8100279,7.516484e-08
0.1999022,0.13287134,-1.247265,-0.13660966,1.4661547,-0.38403687,-0.50133115,0.00016606059
1.0904576,1.1446971,0.6950668,-0.30526695,0.66983384,1.1682711,0.39570943,0.00093781913
-0.11203589,0.7726816,1.0125886,0.26650608,1.6291343,-1.0691805,1.420123,0.0026839823
-0.96778166,0.2330484,-0.8956811,-0.3808819,-0.80606055,1.0497817,0.42521173,4.664453e-07
1.6891164,0.5478301,-1.1155038,-0.95992184,-0.060605317,-0.13095228,-1.3576459,0.0011072666
-0.597048,0.09821844,-1.1708754,-0.81056535,-1.4231397,-0.56610227,1.5263966,3.1202397e-08
-0.9334476,-1.5034084,-0.83690524,-0.7215794,-1.0735737,-1.5976002,1.6977825,1.17324905e-08
-1.5056236,0.07470479,-0.2175515,-1.6384009,-1.1818926,-0.40017283,1.0242815,2.713726e-10
0.124084756,-0.37800178,0.12753065,-1.6144559,-1.5813547,1.4811435,0.9607684,1.0574871e-09
0.8103724,1.5956296,-0.013053676,-0.67175525,0.47660825,-0.8954696,0.99231,0.0006010757
0.42841092,1.5960096,-0.45536464,0.6366851,0.43535164,-1.3218664,-1.0326754,0.05219897
0.3877414,0.35612038,1.0652701,1.6823658,0.68503684,-0.08053145,-0.5008784,0.017947312
-1.2590418,1.580473,0.08986376,-0.061352298,1.1351976,1.2844579,0.7677459,2.0303578e-05
-1.5613103,-0.899918,-0.9985774,1.1704369,-1.3899554,-0.4157317,0.4602428,2.7343523e-09
0.077480316,1.53711,-0.45564094,0.55929446,-0.5110593,1.7552488,0.75516766,4.7691574e-05
1.6176299,1.5226933,-1.0110893,-1.396226,1.3500285,1.7256052,-0.0137270605,1.8725155e-05
1.0407999,-0.060461186,-0.607072,-0.88239145,-1.5430468,1.6440307,-1.6502967,5.051322e-05
-0.955648,-1.4060776,-1.6216642,-0.49044442,1.2045993,-0.9373599,0.8401359,4.9650692e-09
-0.17642188,-0.56131226,0.29927558,-1.4444009,0.52125806,-1.1799786,-1.0705043,0.00014409152
-1.2225218,-0.4640049,-1.3322129,0.2285986,-1.4164573,-1.5708569,-1.4124187,3.6835756e-06
-0.7837409,0.035913028,0.66358155,0.39772683,0.36170375,-0.28249103,1.7321302,6.367538e-05
0.3590622,-1.5894312,1.1760583,-1.3668869,0.043971933,-1.0748502,0.78267795,3.2302398e-07
0.9850259,0.33311778,-1.2791066,-0.37955737,0.32259375,0.8629129,0.8799517,7.412122e-06
1.473876,-0.7253932,-0.9076515,-1.5447714,-0.5081127,0.21124524,-0.7398913,1.1127887e-06
-1.5341299,-0.44395828,-1.3585001,1.7133505,0.77169454,1.4305531,0.6574075,4.7099103e-08
1.1987269,-0.90251195,0.45758548,1.0118043,1.3341739,-1.5543501,0.16627862,0.00542699
-1.1675942,-0.36489406,0.33151603,-0.66887414,1.1944607,-1.4028382,1.2006432,1.7725672e-05
0.69210714,-1.6282947,-0.8877489,1.4771599,-0.17770861,-0.2679906,0.22169052,9.566115e-07
1.5046643,-0.92658955,1.0369595,-1.1003458,-1.6034489,0.5119847,1.5673035,5.601854e-08
0.0713368,0.16902763,0.71200097,1.4452454,1.6824847,1.5152552,-0.38666487,0.004461971
1.614142,1.1605188,-1.5533403,-0.68209314,0.4699438,-0.09022074,1.6175909,2.7107924e-06
-1.4203621,1.6067847,-0.09439352,0.492539,1.5242922,1.5371825,1.7346063,7.639085e-06
-0.61070836,-1.3249946,-0.74057597,1.1912566,0.6117244,-0.4147841,0.22394854,6.59978e-06
1.0517049,0.74615,-0.29884383,0.79337776,0.016821723,-0.19006433,-1.2510071,0.034485664
-0.328089,-0.9856191,0.95573276,0.40605104,0.919538,-0.61311215,0.01973683,0.0002720375
-0.30541003,-1.3543993,-0.18573894,-0.21446168,0.95681494,-0.68241626,1.3979046,4.096513e-06
-0.6707014,-0.07069794,-1.1942066,-0.0016204995,-0.123603955,-0.60231894,-1.164453,0.000114031034
1.2343634,-1.0031388,1.2076632,1.4670482,0.2533034,-1.4446383,-0.60001695,0.014487775
0.89195925,-1.5094906,-1.5713933,-0.58139694,-0.081875786,-0.15812962,0.6454458,1.1592323e-08
0.5990718,-1.6385262,-0.59100115,-0.57731646,1.1740597,-0.53008926,0.37103507,6.5337406e-07
-0.92073536,-1.1716324,0.66108686,0.20732383,0.77617174,-1.0682491,1.64744,1.2225311e-05
-1.3509489,1.4535902,1.5177091,-0.8562227,-0.30016273,-1.2318511,0.30437627,2.6813674e-05
0.23343942,0.98873943,1.6665919,-0.6703536,1.6009727,-1.6179488,0.0058115907,0.014983464
0.55744094,-0.69010246,-0.40456113,0.12118234,1.6465613,-0.33389726,0.2467223,0.000246159
-0.74806875,-1.1715838,0.5724018,1.2904598,1.3941195,-1.3574313,-0.33724907,0.0006124362
-0.43475255,-1.3475062,-1.5098593,0.5513012,0.29843405,1.6143926,-1.5756603,9.2565715e-06
1.2103568,-1.0328487,-0.33525148,-1.0864623,0.09421287,-0.41082653,-0.58851796,3.3893186e-05
0.18435144,-0.7176582,-0.5353738,1.0332441,-0.91524893,0.5210688,-1.5512316,0.0015497415
0.12485983,1.0642368,0.48679933,-0.6533618,1.2498641,-1.1888114,1.2865132,0.0008215378
-0.376715,0.5830033,-1.1266645,0.43304896,-1.2549622,0.23180084,0.12386793,1.7885455e-06
-1.5125725,-0.6716602,0.37026393,0.08777875,-1.5031208,-1.5754621,0.22076257,6.661867e-08
-1.5722818,1.2188927,0.88671535,1.2247214,0.51050586,0.8357171,-0.10116286,1.3543969e-05
-0.7761482,-1.0869203,1.3380919,-0.40191862,-1.6303602,0.8740025,-0.8697465,1.8539761e-07
-0.8283457,-1.4275193,-0.29145133,-0.71936095,0.5400669,-1.6308448,-1.2030149,6.232088e-05
0.5837491,0.39108536,1.5687674,-0.36001977,-0.84503275,0.81120396,-0.2460829,0.00024172461
-0.4542374,-0.96397257,-1.6242436,0.0013758217,-0.03337713,0.27564403,0.5431698,2.1941307e-08
-0.62666214,0.50768775,-0.48781174,-0.8331657,-0.6783074,-1.0285722,-0.9288879,9.9137425e-05
1.6892715,1.4984859,0.65043676,1.1780943,1.3876631,-0.739367,-1.0526451,0.76866484
0.6470779,-0.82577235,0.43964097,-0.944594,-1.2978247,1.759801,1.1445025,2.3391576e-07
1.2750038,-1.2217458,0.808201,0.26007703,0.30626422,-0.8474567,-0.58238333,0.0010790883
-0.7866504,0.6695263,-1.14105,-1.34648,0.012906432,1.572493,0.9949678,7.8092434e-08
-0.6563632,-1.5832616,1.0569787,-0.22982675,-1.658205,0.40387946,1.6773882,5.1391386e-10
0.680177,1.5776112,-1.6134514,-0.3882328,1.3264339,0.8495495,1.6472052,1.2704452e-06
-1.1003941,-0.82462937,-1.1790261,-0.70849746,0.33062053,-0.8182988,-1.3202429,1.6720645e-05
-1.0787425,0.8580171,-0.117782936,0.8925955,-1.4001349,0.6186654,0.14754549,1.9004709e-06
-0.03603674,-1.3931588,-1.6701196,-1.5635936,-1.7290708,0.42830437,-1.3392041,8.820317e-14
-0.5828092,-1.184872,-1.6340764,0.16758591,0.753561,1.438244,0.090554565,1.6862028e-08
-1.2440068,0.20077093,-1.5261835,-0.17669752,1.408886,-1.6605344,0.25995505,1.8184458e-06
1.0687664,0.63256174,1.3804294,-0.91671544,-0.40595993,-0.57585526,-0.730699,0.0022876167
1.4321846,1.3720024,0.37594703,1.3348581,-0.5228229,0.09799826,0.53320074,0.0019499823
0.32655323,1.4792954,-0.5491443,1.0747813,-1.4872288,-1.1902134,-0.5239849,0.00015408351
-0.2527292,-0.09442441,-0.071548924,0.509908,1.1569216,0.3504228,0.99502337,0.00012519577
-1.548196,-0.21952595,-1.4984976,0.01935892,-0.6635498,1.1732345,0.035572536,2.1787674e-09
-0.5801879,0.29786378,-1.6236331,0.9472458,-0.80700225,1.1001402,1.2214476,3.2292327e-08
0.4856315,-0.4021434,-1.1991298,-0.77650386,0.6468058,-0.8396432,1.1898811,5.440508e-06
0.8592828,0.06676392,-1.6631294,-1.4262211,1.5017537,0.75598186,0.4058734,1.857604e-08
-0.1705814,-1.6605548,1.1294501,1.6505144,0.78927803,-1.207359,0.34244674,1.5661255e-05
-0.6337766,-1.4384694,-0.6021656,-0.66387653,0.4874803,1.1331017,-0.7649596,1.2536607e-06
1.006878,1.2133135,-0.46473712,0.33363262,1.519961,-1.362955,-1.124848,0.16457358
-1.3245114,-1.021995,-1.4805036,0.020256555,0.061972987,-1.517788,1.1869482,3.832412e-08
1.1356944,1.3932887,0.28362462,1.4462491,0.25606743,0.6568028,1.1621999,0.0018543889
-0.6210348,0.20004748,-0.25871503,1.7113825,-0.13806309,-0.1089459,0.29070902,0.00013989862
0.073512144,0.43569002,-1.1706234,-1.1816909,-1.0959243,0.48238802,1.47245,8.2265174e-08
-0.29320842,1.6070133,1.1006678,-0.03289707,0.30626795,1.668851,0.92354435,0.00021509422
0.2559646,-0.9724048,1.4473008,-1.4209882,-0.9102517,1.7165021,1.1506168,1.4627713e-07
-0.473334,-0.2710955,-1.2255898,1.106203,0.9897861,1.0328716,-0.31319734,2.8950733e-05
1.2995033,0.3187581,0.97252846,1.6421587,-1.2052432,-1.5187104,0.26667407,0.0020202862
0.0023755254,0.6083303,-0.2799215,-0.67758906,-1.4260787,-0.21226454,-1.5383909,0.00031602476
1.3916006,-1.7066228,-0.017156389,0.30006334,-0.34596628,0.24442258,-1.5637041,3.6044075e-05
1.7031374,0.6325859,0.7303881,-0.39640623,1.2738644,-1.6342564,0.84269613,0.0098244995
-0.79195213,-1.0314482,-0.31418267,-0.43471476,-1.3263899,1.5054405,-1.0251273,6.9387096e-07
-1.2093039,0.23808786,1.4588702,1.3632523,-0.5631143,1.193088,1.3383683,1.1655284e-05
1.4289795,1.1979736,1.056177,-1.6264229,-0.14421369,-0.74649084,-1.3786938,0.0013372445
1.3967925,-0.16855267,-1.1162344,-0.25197515,-0.7683921,-0.3072049,-1.4149344,0.00080916187
-1.2679287,-0.048865445,-1.0465305,-0.021507865,0.8058685,-0.9513593,-1.4028742,0.00031526966
-0.085990526,-0.12471367,-1.7032678,-1.5446091,1.4999505,0.7219807,1.1307752,1.0495992e-10
-1.6512831,1.4760324,0.54915434,0.69902617,0.92497814,0.35396594,-1.1291339,1.0130895e-05
-1.3627461,1.0074396,-1.293297,1.1426172,-0.37656328,-0.54657274,-1.4664721,0.00015090287
0.37980628,0.30291227,-1.4410436,-1.3926052,-1.3702403,0.9821803,0.7507946,3.921284e-09
0.5053504,-1.0527327,-1.1022062,0.6569108,-1.4403698,-0.32016218,-0.33034456,7.039002e-07
0.41225243,-0.9492469,-1.6996112,-0.12664632,-0.425996,0.24108538,-1.6308275,5.753817e-07
-0.42160606,1.4092562,-1.3999184,1.6111109,-0.5567597,1.2558069,1.2476052,2.5624342e-06
1.636134,1.2734529,1.5315845,-1.6494045,-1.3239671,-0.7601862,1.2745444,7.1725515e-07
0.29340634,1.026244,0.95879215,1.4586024,0.41631752,-1.54503,1.408555,0.009676214
-0.9691692,-1.3659495,1.5213807,-0.6589489,-0.6673254,0.99102396,1.106447,1.3481689e-07
-0.050356418,1.3779842,-0.8343723,1.4481792,0.49019748,-1.0788212,-1.3238939,0.05980942
0.46076035,-0.16146916,-0.70563275,-0.89942396,-0.9305332,0.7105586,-0.7435083,1.06483e-05
0.65029836,1.3039756,-0.60377526,0.27947444,-0.16754742,-0.46669433,-0.66169035,0.0022053372
-1.1706749,1.5360111,0.032620773,0.39034408,-0.53239846,1.2192208,-1.6655668,0.005073888
0.69266236,0.19981387,-1.2341564,1.0619774,1.0512964,-0.011170962,1.2296015,6.627429e-05
-0.8327553,-0.72579235,0.2509473,0.7988175,-1.59092,-0.73499495,-0.6819471,1.9826489e-06
-1.3840019,1.6629536,-1.1020888,0.9552426,-0.6939987,-1.1688854,0.6136114,2.8905292e-06
-0.8935979,-0.91065973,0.2705652,-0.37961882,0.35791326,1.220425,-0.86178946,2.8319868e-05
1.7081817,1.157242,1.5728759,-1.3870729,-0.4991482,-1.0305629,1.5713485,9.639855e-05
1.519498,-1.6814035,0.2892567,0.005753549,-0.0412401,0.54652184,1.2396307,2.8476273e-07
1.5894704,-0.5469043,1.2523513,1.5681484,1.1579006,1.3813647,1.2146051,0.0012253354
1.058178,-1.5281677,-1.2246099,1.4863906,0.23609182,-1.338578,0.8669061,3.6452202e-06
1.3482841,-0.78293806,-0.2434057,-1.0352545,0.20169523,-1.4010614,1.4690583,2.6837803e-05
-0.18338214,0.75442123,-1.0618495,1.1791348,0.49391785,0.23176554,0.58541447,7.508528e-05
-0.9005225,-1.2546977,-0.19155762,0.7659345,-0.94262916,-0.6261188,0.31507182,1.0471705e-06
0.9077244,-1.5157543,-0.6844058,-0.3283434,-0.7027105,-1.2185551,-0.37153134,3.4689365e-06
-0.8453302,1.2657319,-0.9764749,0.9326505,0.8172889,1.2018234,1.4266783,1.5557958e-05
-1.11519,0.94668275,-1.6605558,-0.086750805,0.23922859,-1.5588601,-1.6523999,6.8962945e-05
-0.5028472,-0.012421415,-0.6380092,0.19686908,1.1172049,-0.73608595,1.2562331,5.749514e-05
0.40859798,-1.2343322,0.22915506,-1.1512649,-0.23255403,-1.3860492,-0.14484133,1.1843995e-05
0.9338006,-0.45961943,-0.3031913,-0.22805506,1.6139652,0.5132682,-0.09561732,0.00033713537
-0.62181705,-0.5632211,-1.6011161,1.684028,1.0217946,0.20441231,-1.1197469,1.6238895e-05
-0.96655387,1.0941691,1.2896937,1.0604385,-0.49639615,0.7783497,-0.7382996,0.0008082633
0.2794815,-0.5690418,1.2730423,-1.4165694,-0.89597094,0.7810478,0.34581694,1.018534e-06
-0.9680469,-0.5002529,-1.0368037,-0.1126606,0.33782193,0.047942746,-0.68681103,1.04552755e-05
-1.074191,-1.2411958,0.17372246,1.0907788,-1.45521,-0.4661054,0.6357456,1.0448314e-07
0.9449187,-0.822396,1.1399245,-0.756868,-0.80410683,1.5886284,0.26308993,8.3141795e-06
-0.24217363,0.96011305,-1.6325634,-0.23170991,0.5184965,0.12694015,-1.4555247,5.3592325e-05
1.6209899,1.141169,-1.5190835,0.85102594,0.13930513,0.46778667,0.9658073,1.5961283e-05
1.7226033,0.26262593,0.95240057,1.4437914,0.77149814,-1.373534,-0.7436378,0.23911846
0.56230944,-0.6537476,-0.034965124,1.5597391,-0.7354403,-1.6452852,-0.6068066,0.0022763037
0.63990414,1.697884,0.5461855,-1.2677994,1.4446305,-0.7924578,-0.6184715,0.0032151411
0.44377565,0.354341,-0.7154321,-1.6492327,-0.96319866,-0.85414404,0.70349663,7.624743e-08
0.0741244,-0.6727593,0.31058136,1.211745,-0.89830506,0.5573719,-1.6890433,0.014348599
-0.07811803,-0.6033924,1.1386046,-0.14877778,1.1461108,-0.71618515,-1.2293265,0.015392293
0.070823096,-0.23956816,-0.4212739,1.552051,-0.34548643,0.23595828,0.7161794,6.4229855e-05
0.6903117,0.84153384,-0.55590373,1.2171234,0.48341194,1.6622587,-0.5058031,0.0014846019
1.6485229,0.65080655,-1.6369289,-0.69173056,-0.31903058,-0.4568892,-0.3096331,1.577896e-06
-0.39920613,1.2832065,-0.2660586,0.48266375,-1.2354504,0.4979745,-1.5373375,0.002112657
-0.6809046,-0.07249663,1.0877903,0.56932545,-0.08084601,0.07607762,0.19473003,0.00016181906
-0.36993644,1.4630219,-1.6246953,-0.6353841,0.77343845,1.1963208,0.8343023,1.66846e-07
-0.78494793,-0.70830756,-0.13365594,1.5444467,1.154587,0.81346864,-0.60620743,0.00025163547
0.34001386,-0.8040249,1.251476,0.12797375,1.3083992,-0.025784168,0.151454,0.0005964968
1.3327812,-0.6433587,-0.4913176,-0.58145654,-0.07256077,1.003571,0.06818505,2.1580903e-05
1.393974,-1.6449903,-0.6357335,-1.5991441,1.2417338,-0.03344947,-0.34774762,3.289357e-08
0.8379166,-1.1489059,-0.51918066,1.374167,0.4765082,-0.24008125,1.4162561,3.7018046e-05
-1.2203653,-1.5863035,-0.6970517,-1.7348202,0.052413117,-0.6213348,0.465145,2.596154e-12
-0.87723124,-0.09721689,0.20470224,1.3061967,0.02106645,-1.3602684,0.3483098,0.00030072633
-0.33126426,0.023429278,-1.6551667,-0.6220451,-0.17674278,1.5037782,-0.03482337,2.226563e-08
-0.2703157,-0.4501221,0.6556295,-0.3320202,0.48256844,-1.0444233,-0.01724514,0.00032978758
0.18880889,-1.1963431,-0.43486154,0.2199815,-0.101024605,-1.5988253,0.94924843,2.455824e-05
-1.5338981,1.6042156,-0.21968633,1.6911345,1.1012374,-0.7232297,0.11868423,5.0352966e-05
0.58321714,-0.57653075,-0.11685675,-1.1565297,-0.2751913,0.4052004,0.4110436,4.2515967e-06
-1.2667658,0.84585655,0.9588765,-1.2465962,-0.97255,-0.1026131,1.4248728,2.520129e-07
-1.0426435,1.2329403,-1.0681826,1.0284863,0.49126482,0.8444679,1.2438526,7.2682997e-06
-1.3847634,-1.1505201,-1.5644143,-0.8570583,-0.9812546,1.0486234,-0.6166572,3.8852618e-10
1.5478506,-0.21328616,-1.2437501,-0.65287906,1.0630172,1.0749533,-1.3993886,0.00089634635
-1.5837911,1.0244082,-1.261346,0.98860705,1.4016463,-1.4005891,0.47531602,1.4760124e-06
1.3464192,1.7134978,-0.8374433,-0.733576,0.26616922,0.7620012,-1.1640546,0.0024729788
-0.010748174,-0.2152897,1.3560777,1.0190341,-0.35875574,0.9134418,-1.7037256,0.13228215
-0.15315363,1.2826126,-1.3301139,-0.69106746,-0.08976619,-0.907494,1.2085769,4.5780325e-06
1.1244313,-1.3750148,-1.0109056,1.3201743,0.7988041,0.06320663,-1.4166543,0.0011633321
-0.11203959,-1.1371087,-1.4015689,1.714,-1.3335412,0.31479272,1.7288404,2.6622555e-08
1.1273172,1.4546454,-0.86406493,0.22558883,-0.4748208,0.27231786,-1.5767916,0.028898664
1.2924211,-0.15986294,-0.049169056,-0.59199214,-1.0659195,0.9856225,-1.3914019,0.00065306306
-1.4481926,1.7461809,-1.0485977,0.96158516,-1.5768095,1.5275124,1.0149815,5.7839826e-09
0.709876,0.13485809,0.017225413,0.470555,-1.2497627,1.7208616,0.15271983,1.5609805e-05
0.37229082,-0.7233112,0.5796907,-0.006861528,-1.1234665,0.44317675,-0.73595285,5.905801e-05
0.4174722,1.678913,-0.293257,1.5334935,1.3059685,1.0692039,0.67656803,0.0017265114
0.29859656,1.5464587,0.7403728,-0.114747085,1.0460703,0.79644656,-1.1064299,0.029304422
0.5182616,0.17022668,0.39332193,0.5954677,-1.1864005,-0.8836185,-0.93571556,0.0014458481
-0.7814043,-1.060462,1.6588006,-0.5311139,-1.3772147,1.2149365,-1.6491776,6.8066554e-05
-0.17320557,-0.06939794,-0.08865268,-0.32916966,1.5380518,-0.0684421,-0.86825055,0.00160907
1.6835707,-0.8398774,1.4882778,-0.08907556,0.3991218,0.76269984,-1.468794,0.03604061
1.2042973,1.2897571,1.2850794,0.102347314,0.78524375,-1.0964597,1.5033921,0.007570743
-0.017554045,0.08838906,0.8204186,0.7443584,0.25861156,1.4425929,-0.7339885,0.0018902738
-1.5727528,0.37747812,0.9714173,1.2944008,-0.6582004,0.44194406,0.3129632,1.2702499e-06
0.12263706,1.0745816,-1.1515764,1.0492228,-0.9465106,0.44788754,-0.75952494,9.4579555e-05
-1.1257095,0.5900194,-1.1516517,-0.74414265,0.9193926,-1.4883125,-0.3777981,2.1899486e-05
1.447735,-1.0922605,0.7327845,1.5407492,-1.7210504,-0.095949456,1.2844862,2.708791e-08
-0.99845326,1.4694154,0.6229233,1.1575316,-1.4515631,-0.55176395,0.37160033,1.2123706e-05
-0.07720375,1.0884546,1.5495747,0.611059,0.5109364,1.6924877,0.85541797,0.00065795454
-0.33510718,-1.0800593,-0.22463842,0.17495438,-0.46542224,-1.5332754,0.58506036,1.7645085e-05
0.35364634,1.3380362,-0.31677914,-0.99630314,0.31937838,-0.3732588,-1.392754,0.0077281375
1.6679108,0.50632334,1.1769124,-1.0499184,0.9112994,-0.80555075,1.0593666,0.0007518139
0.2108056,-0.33974352,0.054552704,-0.005694396,-1.0060558,-1.2026566,1.4225603,2.1508818e-05
1.0446625,-1.2522949,1.6120923,-1.3049237,-0.98571116,0.72197247,0.5367477,5.2651706e-07
1.3840605,-0.28529483,-0.87731236,0.5942563,-1.075952,-1.1428254,1.3989524,1.9118543e-05
1.4376069,-1.7193505,-0.5646603,-1.5893189,-1.5256835,0.8747588,-0.8063115,3.7381785e-11
-0.5476578,1.0117207,0.07330196,-1.5615153,-0.12875882,0.26301208,-1.1142943,2.230722e-05
-0.33805925,1.2819617,0.9154245,-0.79368365,1.4578104,-0.8635353,-1.372281,0.062237337
0.8772068,-0.50004596,-1.5071727,0.9839071,-0.117391266,-0.14259718,-0.25484103,1.035466e-05
-0.42281684,1.6390072,-0.48187017,1.3441113,0.9373996,0.205232,-0.15225263,0.0014274907
0.85365605,-0.6451087,1.2468446,-1.4727058,-0.87220794,-0.71825504,-0.9655333,4.0054656e-05
-0.32912216,0.30833352,0.35681802,-1.1101023,0.16006753,-1.0597051,-0.5733483,0.0002439915
-1.1210227,-1.2201297,1.2137524,0.37050864,-1.3110098,-0.9227207,-0.5387941,2.4911742e-06
0.7482139,-0.06760471,-0.5829291,-0.33061457,-0.12600924,0.47332653,1.6896851,1.4727094e-05
0.31121537,0.71852374,-1.0840194,-1.4362352,0.36812004,-1.4736416,-0.104642,1.4732864e-05
0.81504893,0.76518816,-1.1739231,0.46758825,-0.75202256,1.1470554,1.4233826,5.528666e-06
1.7582614,-0.052206546,-0.9669257,-1.4585625,1.5771189,1.194007,0.18592292,4.707259e-06
1.2230422,-0.8809798,-1.2921304,0.09419311,0.4769441,1.6498333,0.63631845,2.5212385e-06
1.6798869,1.2374743,0.85052174,0.69286644,0.8539148,1.5224066,1.0172827,0.0027172964
0.13933514,1.1724732,0.46087548,1.5859786,1.7105583,-0.9200641,-1.5753385,3.6134508
-1.4344182,0.28937533,-1.1002429,-1.4951074,0.72191876,-0.6978902,-0.7617476,1.9776532e-07
-1.1611098,-0.80283254,1.5739055,1.2811267,-0.14757304,1.3244206,-1.2974315,0.00055305276
-1.0227146,0.3801262,0.48821726,0.22703208,0.8148333,-0.16959862,1.7018743,4.8135065e-05
-1.4706488,0.011539074,0.6384825,1.4961973,1.6936218,-1.2223519,0.6547421,8.8423985e-05
-0.81616217,1.6153328,-0.7248787,1.693449,-1.6775892,-0.77611345,-0.7069764,2.074645e-06
-1.5383697,0.26774138,1.1885974,-0.44711018,-0.33787885,1.2724231,-1.2872539,1.9354062e-05
-1.5418962,0.14262621,-1.2128916,-0.28461102,0.82868594,-0.9316108,0.9783257,1.2681028e-07
-0.9820346,0.12718587,1.2514627,-0.43380988,-0.43104112,0.66491747,0.42114905,1.1719535e-05
-1.6507795,0.9434936,-0.93459636,1.3501669,-1.4194758,-1.3935437,-0.8331535,3.8664073e-08
-1.010036,-0.014922572,0.72882026,-0.7657194,-1.016169,1.2002281,-1.2381095,3.0571453e-05
0.7038903,1.515931,-0.62249625,1.1314143,-0.91102874,0.5318935,-0.88496315,0.0012887769
1.4836649,0.924093,1.1152867,0.69918275,0.705792,1.2513101,0.44088507,0.0038961265
-0.46517777,-1.3235358,-1.4418894,1.6169662,1.0900774,0.11396493,-1.4394011,7.0172406e-05
-0.45383787,0.0068110735,-0.33593598,1.2145151,-0.2085505,0.93532354,-0.16373318,9.105452e-05
0.96679467,-1.4875895,-0.4646892,1.3936807,-1.427561,1.4762926,1.0472163,7.745659e-08
-0.802596,-1.3449829,-1.0283346,-1.4404855,0.23424412,-0.16401604,0.94430184,6.4292545e-09
-0.7672222,0.34890634,-0.84487534,-0.92760056,0.4721653,-1.2561427,0.20601322,1.5300082e-05
1.1083292,0.40247396,-0.483054,-1.2453885,-0.6643603,-1.1691438,0.20310217,2.4287358e-05
-1.4535173,-0.14724402,0.17721687,0.8470997,0.58506095,1.0718347,0.42380196,3.4995444e-06
0.2577486,1.6802281,1.21861,0.3385632,-0.7185008,-1.0513376,0.69559085,0.0013440633
1.5686259,-0.938991,-0.28327253,0.64692926,0.5709195,-1.4636177,1.3862736,0.00037139453
0.34250745,-0.73101676,1.6831858,0.63680416,1.2264869,-1.4139255,0.4895878,0.003663084
0.515528,-0.27512333,-0.8185466,0.05904244,0.8513857,-0.71339893,0.9713379,8.271396e-05
-0.9559182,0.017506003,-0.885459,0.6477075,-0.17515852,0.37660646,1.2265595,2.6318173e-06
0.023388967,-0.14229691,-0.0905581,-0.95520514,1.6504568,-1.5169538,-1.3246772,0.014880884
0.14185254,1.5920678,-0.31197616,1.1128253,-0.16379055,-0.74896806,-0.9055134,0.01277394
0.46986988,-0.7367574,0.5448018,-1.5080937,-1.5550939,1.7155373,0.97012913,4.7761115e-09
0.7163554,-0.9141016,1.5866014,-1.6086129,1.2322366,-0.24022517,0.36611477,3.921747e-06
1.5437312,0.15815598,0.5873384,0.5748368,1.5974439,-0.5305538,-0.98084795,0.10757421
-1.267502,1.3291966,-1.4386219,1.6144593,0.77808356,0.8752057,0.53093827,1.862799e-06
0.09877853,0.42472264,-0.5879527,-0.6491239,1.5049107,-1.3726156,-1.5557171,0.07441452
-0.8133871,0.9553309,-0.34226856,1.619937,0.92299783,-1.2996408,-0.62547314,0.006242152
-1.3153214,0.34766006,-1.565467,-0.63026756,0.69469386,0.30281943,0.8925641,2.1443553e-08
-0.09076889,1.5073818,0.53029305,-1.3328384,0.9903053,0.6031539,-0.026584668,8.445828e-05
-1.4689066,1.0642972,1.4988382,-0.2841473,-1.3409264,-1.6545831,-1.1515654,7.438551e-05
1.2491635,1.2666712,0.8523848,0.94514066,-0.03227268,1.5788563,0.87530386,0.0011980467
0.24662244,-0.23030588,-0.034956932,-0.9174768,-0.750864,-0.6206341,0.13943382,1.52070115e-05
-0.88111216,-1.4507728,-0.13173966,1.6126636,0.46439844,0.31979796,-0.2288445,6.3796674e-06
0.94720453,-0.8283409,-0.8055292,-0.79028934,-1.5419158,1.2878624,-1.6468573,1.34927595e-05
-1.5829095,0.60661644,-0.19180955,-0.78236455,0.0906757,0.7187659,-0.60579103,4.6458086e-07
-0.6190445,1.2419837,1.5059361,-0.73698205,0.665369,0.59340835,0.2103807,0.00021658534
-0.28839085,-0.68104815,-0.88426924,-1.3358446,-0.65463513,-1.5278196,-0.92229295,7.143702e-06
-1.4163986,1.4635962,0.27394223,1.6040652,-0.70956516,-1.5635695,0.31058323,7.431199e-05
-1.048058,0.25987753,-1.2615712,-0.99462724,-1.1339135,0.69990736,-1.2114966,6.133133e-07
-0.23396502,0.013824473,-0.4707807,-0.794992,0.46481267,0.11926712,1.3557304,8.2332635e-06
1.3539939,0.07546771,0.09855645,-0.5400969,-1.4641618,1.1199305,1.3529271,1.1749638e-06
1.710326,-0.30422089,-1.2983012,1.4461263,-0.3668122,0.9228645,1.0393589,1.1094606e-05
1.1430047,1.6550974,0.46588123,0.79500836,0.084625356,-1.3368046,-0.18672961,0.03118198
-0.981293,0.08330342,-1.4763424,0.62441474,0.48209047,0.37407103,-1.7071773,0.0005463021
-1.0796331,1.0852226,-0.7028022,-0.47063297,-1.4972055,-1.3060069,-0.65734243,2.3599694e-06
1.5502163,-1.4791508,1.1947144,0.8624348,0.3375614,-0.90406376,-0.12127633,0.0003481593
0.65636915,-0.90027374,1.6107721,0.30034235,-0.69051516,0.5314987,-1.5774751,0.013630777
0.09290953,0.2047887,-0.13526663,1.3679593,-0.21308897,-0.042155858,1.3828471,0.00013865583
0.28023767,1.4126805,-1.2289615,0.37076387,-1.2743477,-1.0529948,0.51213944,8.3388e-06
-1.3370794,0.845037,-1.4116533,1.2590346,-1.3707625,0.64299244,1.3332702,1.2181196e-08
-0.5279095,0.34215674,-0.42317173,1.1829729,0.22443466,1.258552,-1.5307559,0.01069446
1.7050967,-1.73264,-0.87771565,0.2887999,0.28222254,-1.6499454,-0.87035006,1.4689807e-06
-0.3776307,0.03992995,1.3648326,-1.6769903,1.4756186,1.6818433,0.40946147,4.4663287e-07
-0.039247908,-1.1553526,-1.2257435,0.3386271,1.6166339,1.0123634,-0.0073403255,4.297052e-06
-1.3829525,-1.4965072,1.0332701,-1.323455,1.2527156,-0.09140188,-0.98838514,4.4644796e-07
-0.9163321,0.24758352,0.32573277,0.28369766,0.6588898,-1.6272844,1.2856463,0.00026049072
0.011981929,-1.1071182,-0.52351093,-0.20869014,1.1392411,-0.6795035,0.73341864,1.720675e-05
-1.0226899,1.6048329,1.3996011,1.3660882,0.72735703,0.58418477,-0.06354363,0.0014271372
-0.1664342,-0.9501357,0.9551906,-1.2597649,-1.6236866,-0.6842296,1.6698811,1.0916885e-08
0.748069,0.5742208,-0.06102803,-1.4648718,1.2477291,-0.51537764,-1.6703194,0.01801552
-1.6375923,1.0402458,-1.1654524,0.75890875,0.19846687,-0.66153985,-1.55438,1.0970063e-05
0.55870384,-1.361583,-0.50662774,1.1311647,-0.4431616,1.5462056,0.3645305,2.81865e-06
-1.091667,0.907878,0.55303955,-0.39200556,-0.5262526,1.5228144,1.5911099,2.614773e-06
-0.7934335,-0.22890806,1.4877809,0.45520318,1.3686707,-1.2981501,0.9983319,0.00072273955
0.70837015,0.9191155,-0.58073527,1.3780446,1.1959194,-0.48034528,-0.9341902,0.03253508
1.4166101,1.7106379,-0.7149651,0.15819302,-0.17236665,1.625962,1.2618241,8.732796e-05
-0.4235763,-0.7434814,-1.6796447,-0.499325,-0.65849394,-0.045107614,0.91909635,1.2093215e-09
-0.659984,-0.7556973,1.0551084,0.98879343,-0.94198245,-0.78974235,0.117529176,4.210547e-05
-1.5102408,1.4057252,1.6760131,1.5492941,0.98595417,0.26456296,1.1149966,4.790507e-05
-0.8409812,0.20261222,1.1819669,-0.30889615,-1.0610414,1.4272909,0.36186823,4.079275e-06
-1.460984,-0.1687596,-0.9583024,1.1628133,-1.1588266,-0.1659369,0.021333432,1.4358967e-07
-0.34703922,1.3425528,1.2299019,0.13036531,-1.0500836,-1.5820065,-0.46057424,0.0019439891
0.39860186,-0.84379864,-0.52182096,-0.3776796,0.49081904,-0.5250203,-0.9012504,0.0003298507
-1.5664574,-0.08010105,0.89734054,-0.16581443,1.3148831,0.918103,-1.072874,2.4225725e-05
1.5509403,1.216154,1.003687,-1.6986914,0.33424163,-0.20149474,-0.20865428,8.306688e-06
1.1277249,0.69489825,-1.4017253,0.8179311,0.63338983,1.280392,-1.1655918,0.0009445971
-1.638916,-1.1319596,0.42424968,-0.958746,-1.4092163,0.651371,0.753245,3.1224297e-11
-0.77549016,0.46444377,0.68498504,-1.4920253,-1.2689191,0.07001695,0.50821185,1.18806454e-07
0.60889786,-1.3355252,-1.0338254,-0.25493714,-1.0251284,0.7173962,-1.6698776,5.9493355e-05
-0.3067179,-0.9493111,1.5875688,-0.72129023,-1.118935,-0.17933755,-1.255123,0.0001010056
-0.1405422,1.1389264,1.3403736,-1.1187093,-0.7840677,-1.4322056,1.256981,5.740928e-05
-0.73050755,-0.46239385,1.4350253,-0.3796583,-1.0607259,-1.4317739,-0.889062,0.00023197373
1.4305599,-0.8899497,-0.016434815,-0.19750445,-0.57781875,-1.3096275,0.0011923572,0.00016012626
-0.9156279,0.13162759,-0.92020625,0.5129294,-1.0828359,-0.22147685,-1.09046,2.914469e-05
1.4754391,0.4370729,-0.9398626,0.22340474,0.5038224,-1.1994231,-0.35979378,0.0021311766
0.1582798,-1.0875957,0.60633653,-0.2462061,0.033032842,0.309013,0.8733865,1.240096e-05
0.39337695,-1.180462,-0.34227574,0.3675332,0.07643563,0.25370026,0.45934886,1.2792536e-05
1.3907952,-1.6982685,1.3646725,-1.1369997,0.72204787,1.3746464,0.8692967,7.57915e-08
-0.23662943,0.4617447,1.4380141,1.4536875,-1.5696177,0.15233915,-0.08180349,2.1487915e-05
-0.9334456,-1.1291684,0.13165179,0.83517873,-0.6890959,0.35045007,-1.363039,0.00011594517
-0.2314084,0.14100467,-1.40755,1.0832143,-0.07040344,0.67161393,-0.0027429473,7.2924613e-06
1.4440523,-0.3869444,0.6810462,-1.5619146,-1.6285245,-0.43560272,1.0460285,1.5608213e-08
-1.2307954,-1.1443634,1.536619,1.1698825,0.907918,-0.80953026,0.4242435,3.6344118e-05
0.4380863,-0.55497843,-0.4324795,0.29229116,-1.3109945,-1.576917,0.37730873,1.7530181e-05
-1.6455394,-1.3465346,-0.90012527,-1.6910396,1.1581329,-1.6346244,0.3601382,6.675594e-12
0.9501722,-0.92511934,-0.40285417,1.6330445,1.7008885,0.16886468,1.4403424,0.00019041951
0.68349636,-0.048049215,0.24522285,-0.050700642,0.34499693,-0.765476,0.89292234,0.00038538245
0.120164625,-1.4983438,-1.2757329,0.3183515,-0.85387516,0.5350107,-0.26425812,1.03365586e-07
0.7863632,-1.5372854,0.9166141,1.4209772,1.2096723,0.4859094,-0.9207475,0.00061090896
0.049088374,1.3256372,0.7334772,1.1044782,-1.1460729,1.407685,1.4286312,4.232348e-05
1.0002071,0.17250158,-0.6578346,1.5291938,0.07030567,-0.15695675,-0.8821199,0.0051145777
-1.31628,-0.7718068,-0.63741136,-1.633781,1.0733179,0.047469076,-1.1389351,1.5159321e-07
-0.20577717,-0.05170682,-0.81617785,1.7008911,1.6106514,1.2520055,0.5601676,0.000114006
0.8112017,1.3124406,1.3421278,0.40822378,0.11517288,0.34895986,-1.0871066,0.058299318
1.7622758,-1.461988,1.018082,0.008139933,-0.1429605,0.8487154,-1.4756461,0.0017387196
0.92449105,-0.926617,0.4874107,-1.3776163,-0.16178608,-0.8818815,-1.3836578,0.000488085
-1.2052827,-1.2663395,-0.077995986,-0.94739884,-1.6893312,-1.1989524,0.4462099,2.9554048e-10
1.3717893,-0.12116709,0.42827907,1.6699831,0.295872,1.3772585,-1.0694901,0.019825185
-0.33692527,-0.05375652,1.6567255,1.2756071,-1.385138,1.2913108,1.5514506,5.9901486e-06
-0.320591,-1.3652251,0.543058,1.3380631,0.1439315,-0.6019893,-0.050458267,5.699631e-05
-1.5182906,1.2288446,-0.85782355,-0.16019863,-0.42281467,0.3429538,-0.71664196,1.5620838e-06
-0.2239681,-1.3451786,0.6636928,-0.9808349,1.0887411,-1.4878694,-1.0431329,0.0003012354
1.2654009,1.6506028,-0.682763,0.3907199,-0.7044986,0.17620106,-0.4987977,0.00077873043
0.28732112,-1.2051206,-0.061945,-0.8411282,1.2182654,-1.5556765,1.5302845,2.0983742e-05
-0.9560264,-0.23445292,-1.1075499,-1.1437802,-0.42397192,1.0352303,-1.0866793,1.2816399e-06
0.577305,0.3360429,-0.05120372,0.5459538,-0.34630892,-1.6644664,-1.5847942,0.3675137
-0.50510406,-0.7757217,0.08869814,1.3464688,-1.5869447,-0.3636304,0.53446096,4.623594e-07
1.6196277,1.6259652,-1.0429482,-1.3453879,1.4922712,1.6732006,0.60644984,1.2718337e-05
-1.4477526,-1.206996,1.1036568,-1.5479977,0.13804948,-0.5328564,-1.4486055,1.1309472e-06
-0.49689052,-0.09075674,1.5859187,0.2200237,-1.5712074,-0.95066136,-0.7584984,3.292023e-05
-1.6158845,-1.2859186,-1.4380498,-0.6256958,0.085692264,1.6196133,1.520538,1.9370894e-11
-0.6311541,0.495561,0.4969204,-0.94216233,0.6971117,-0.8226047,-0.79973936,0.00071281375
0.5901115,1.5079075,-1.1878325,-0.36951277,-0.37730408,0.43737966,0.745847,1.2044614e-05
1.7050908,1.6399517,-0.3424287,-0.11472723,1.4005071,1.0242438,-0.8124625,0.0125893345
0.33641014,0.21584022,0.8220813,-0.49557355,0.83471066,0.52085984,-1.5101831,0.045818027
1.7356515,-0.87461156,-0.031095903,1.2704474,-0.23343116,-1.1436177,-1.6519759,0.24494833
0.38412863,1.7178746,0.51971585,0.9470391,1.7184014,1.6291162,1.340406,0.0018057394
1.0418584,0.13822646,-0.5576111,0.53131104,1.2087775,0.8865945,0.55011374,0.0003285227
1.4278775,1.1980217,1.6387261,-0.57075876,-0.22388181,-1.0359906,0.5116903,0.0027377815
1.4868865,-0.90766203,-0.80758226,-0.1690424,-0.16110122,-0.93519974,0.61526877,2.7224654e-05
-0.91687745,-0.81025773,0.32064077,1.1104434,0.51944953,-0.34526867,0.6866426,3.56773e-05
1.6306436,-1.4547126,0.17542717,0.12946291,-0.61461586,0.6335091,1.1626488,2.3114626e-06
1.0904789,1.6268173,1.169422,-1.6882006,1.0536426,0.71068984,1.3480551,2.7294618e-06
-0.7581739,0.29888928,0.17451715,0.15046115,-1.6764829,0.27815714,1.3548437,3.2614114e-08
-0.7747502,-1.2576226,1.0349638,0.8941089,-0.93870145,1.1923891,0.57569075,1.1572846e-06
-1.397446,0.1580483,0.44174874,-0.45942825,0.7815832,1.7804159,0.32841912,2.3375349e-06
0.47969228,-0.7483049,1.0945812,-0.33828688,-1.6724563,0.4116727,0.39092913,1.1312163e-07
-1.3488816,0.0947852,0.020779828,-0.2497714,-0.58497334,0.734241,-1.3839496,6.2497325e-05
0.77470565,0.5912193,0.57237744,1.0518308,-0.93173915,1.0412734,0.791411,0.00013516101
0.59105885,-0.8668464,1.6938714,1.4182508,0.9258066,0.39866716,0.44624606,0.0010066438
-1.4492123,0.3140572,-0.5606979,-1.3759619,0.07538048,0.16175245,0.77202034,3.4710464e-08
0.5164875,-1.1047877,-0.7000951,1.1287187,-1.2406669,1.6144247,-0.4083861,2.4414157e-06
-0.09292678,0.34609392,1.2462782,0.69608057,1.3828281,1.252339,1.4578506,0.0005207739
0.8339418,-1.693105,0.6560795,0.5929661,-0.80075634,1.187731,0.22714897,1.58341e-07
1.0354059,0.28738755,-1.6227018,-0.99996734,-0.20253707,-0.6201523,-0.39154044,8.2403307e-07
-1.665094,1.7560344,0.6101429,-1.0049081,0.5722678,-0.77452344,-0.02990506,2.7234789e-08
1.6266975,1.6285545,-1.6860079,1.7084062,-1.1654768,-0.8857753,-0.672353,2.8215493e-06
1.491569,0.6490698,-0.9337523,0.4296001,-0.17123023,-1.3977923,-0.23546095,0.0016191582
0.7324379,1.3023424,0.671448,-0.40052438,-0.59458166,-0.12143338,1.4893041,0.00015259521
-1.5269908,1.7186015,0.90413743,-0.36580434,-0.422071,1.032149,0.59365153,1.0982795e-06
-0.56810063,0.50573504,-0.38888252,1.1472113,-0.63932985,0.30894104,-0.17454426,8.240913e-05
-0.45199513,0.59402776,1.4534113,-0.44659498,1.0960213,-0.5587943,0.08447545,0.0010643904
-0.3954839,0.23577099,1.7065239,1.157817,-0.8619752,-0.18516496,0.4147518,0.00022970125
1.0184126,1.5655546,1.3388261,-0.5063098,-1.1794552,-1.2744762,-0.98063195,0.007057458
0.6733395,1.5192696,-1.5789732,0.39571604,0.73587745,-1.0594128,-0.9310855,0.0004180708
1.4115446,-0.8211155,-0.62588745,0.4426673,0.54903555,0.21450083,1.5464892,3.990405e-05
-0.59790105,-0.065546826,0.10359764,-0.9031179,0.0064441394,-0.9530417,0.028497927,3.5720677e-05
0.6267835,-0.8802419,1.3955202,0.02849349,0.13096999,0.26859275,0.5346136,0.00012919433
0.65994763,0.6385927,-0.28914896,0.3321484,1.6868106,1.4853607,-0.7780997,0.0045190896
-1.3868444,-1.6991886,0.3579826,-1.7112314,-0.59053147,0.49900785,-1.2542409,2.4237556e-11
-1.6235424,0.6298564,0.9033933,-0.35608527,-1.5559028,1.3826914,0.36269265,1.3523845e-09
-0.8465467,-0.4763663,-0.89986473,0.15079229,-1.716036,-1.0441735,0.9546666,1.1541602e-09
1.2261678,0.6453213,-1.0414327,1.4146146,0.43699512,0.099917755,-1.6124734,0.11945129
-1.5743525,0.55632967,1.698191,0.3698106,0.66282344,-1.6491754,-1.694168,0.02194286
-1.4520226,-0.8692831,-0.03927327,-1.4890751,0.012828456,0.066823125,-0.5586589,4.1310965e-08
1.0120012,0.92025614,1.214799,-0.522913,-1.4497311,-1.2230374,1.1392729,3.9330564e-05
0.9763978,0.75447583,-1.6762792,1.703383,-1.3633442,1.6828141,-1.5287497,3.7191626e-06
1.4635824,-1.489762,-0.65674716,-0.24017002,-1.1907187,-1.4280974,1.4029765,4.2499707e-07
-1.253102,1.7634866,1.2046599,1.2945148,1.1024032,0.647763,1.5856161,0.00017074551
-1.2134212,1.5222847,-0.16727561,0.18466951,0.32748827,-0.9828135,-0.36969578,0.0002633709
0.9306832,1.1022537,0.5777771,1.124068,-0.97542477,0.534958,0.12970647,0.00057078106
1.544941,-0.17187089,-1.440255,-0.7599845,-1.6481205,0.045756638,-0.052484255,1.2459827e-08
1.0776877,0.63059497,1.6713754,1.69006,0.9825228,-0.16706209,1.7067133,0.008652525
0.3169577,-0.94568795,-0.8584769,0.35177475,0.0069695474,-0.61841446,0.21155646,2.167569e-05
0.6147874,-0.59142375,-0.0878121,-0.36960068,1.7084588,1.1701376,0.44232786,8.379664e-05
1.6818601,0.8377679,-1.1263105,1.3196608,-1.4294335,-0.2583082,-0.5736467,5.7824287e-05
-1.0641031,0.7906,-0.76322824,0.8411989,-1.415181,0.20265464,-0.0020987852,9.4420915e-07
-0.73480666,0.70400816,-1.4738742,-1.1806111,0.28693286,-0.46794108,-0.8995637,2.791903e-06
1.2518637,-1.6723322,-1.5048019,-0.13914372,1.1481885,-1.2092614,0.10614821,1.0083976e-07
-1.1313348,1.4658147,-0.35194397,1.2291291,1.131433,-0.6681163,-0.22131075,0.0006977035
-0.9025629,-0.7285538,-0.7587884,0.41786468,1.7088016,1.6100544,0.34191662,5.7558764e-06
1.3044363,1.5304946,1.2682514,-0.5631036,1.0900421,1.7059296,0.35583267,0.0016181308
0.59058416,1.4574906,-0.009248154,-1.1440121,0.7613173,-0.7511004,-1.3982589,0.021150257
0.60358423,0.6594039,1.3350836,-1.2293452,-1.0756067,0.22767538,1.1763524,6.331757e-06
-0.6828416,1.7609127,-0.28870574,0.9500603,1.6936576,0.3363643,0.97189397,0.00042338105
0.023382192,1.0178112,0.3635764,0.77069217,-0.7774594,1.5850427,1.2392844,4.9283408e-05
1.6234835,1.0394058,1.64917,-1.5518306,1.1011637,0.29687318,1.2947756,5.106164e-05
-0.9866255,-0.5910241,-1.330432,-0.37063563,0.700265,0.13555472,0.46601674,3.8161124e-07
0.06069252,1.6397746,-0.74524236,0.42472246,-1.0373167,-0.4497701,0.9660055,2.7112968e-05
0.8662903,0.46827894,1.4679047,-1.5494637,-0.16621378,0.4206253,0.8728876,6.4766814e-06
-1.1418697,1.0470644,-0.39484805,1.4808276,-0.15571366,-1.6723387,1.0518818,0.00014323661
1.7198377,-0.39125726,-0.46365425,-0.19942899,1.2950115,-1.6758549,-1.0240933,0.030152852
-0.81334275,1.2819042,0.13695186,-0.71919507,1.3125247,-0.14626469,0.8397974,7.069786e-05
-0.36644214,1.5686752,-0.9233049,0.17879477,0.3593981,-1.1483121,-0.11973313,0.00045518318
-0.41885996,-1.3422412,0.12262955,0.6124117,-0.99502474,-1.149896,0.6890871,2.4611907e-06
-1.0752201,1.4501895,-0.71504396,0.3711498,0.48121625,-0.23962605,0.6558122,3.1360356e-05
-1.6429096,-1.15674,0.5441263,1.6309675,1.4061553,1.0171977,-1.2721233,2.0477848e-06
1.0182894,-1.2053041,-0.3656543,0.9623206,-0.928597,0.9132995,-0.7689596,3.505823e-05
0.50472957,-1.464488,-0.5774809,-0.18243702,1.3752073,-0.54786474,-1.2141296,0.0002603313
-1.5659839,0.5155776,-0.6481694,0.28095573,0.3794127,-0.06777681,-0.44148207,2.014369e-06
-1.0613862,-1.3150854,0.44545165,0.40602893,0.94558704,1.6651163,0.5781414,1.5441498e-06
1.7494465,-0.65592325,0.8612954,-0.70253277,0.5819496,0.4300386,0.42311144,0.00016776765
0.7054859,-0.8782041,-1.571727,-1.50109,1.0808465,1.2344118,1.3944519,4.4084416e-09
0.73822665,0.47738212,-1.1992168,-0.19894998,-1.4838706,-0.66368395,-1.2316017,3.1545893e-05
-0.98331517,-1.7216705,-1.649864,-0.67525667,0.7030546,-1.497473,0.56113815,2.538646e-11
-0.7079113,-0.8003068,0.8010854,-1.6533302,-1.5122474,-0.74943566,1.4358228,9.367419e-10
-0.21284153,0.019711018,1.287628,0.60435885,-0.12970752,0.20724413,-1.3154147,0.016253859
-0.2678283,0.16493808,-1.6517261,-0.7423631,1.3416195,-0.36531916,-1.2848474,7.807785e-06
-1.1330723,-0.78830475,0.44571298,1.6467177,-1.430705,-0.89232856,0.4359503,1.2037298e-06
0.18904522,0.6375951,0.34751007,0.60611457,-1.3278743,1.722876,-0.68400645,7.9206264e-05
0.21833009,-1.1547406,-0.92294484,0.72448075,-0.7700467,-1.5463068,0.46205467,8.735939e-06
-0.17093189,-1.4842142,0.37027192,0.4912972,0.053482085,0.098846346,-0.8181819,3.906105e-05
0.28592086,-0.24346629,1.3238821,0.66225773,-0.2508678,0.74608225,0.24222268,0.00032406516
-0.6354951,-0.9450415,1.6843349,1.0965017,-1.3699204,-0.41317007,-1.4492075,0.00053321756
0.49539068,1.1166043,0.74203163,1.2601838,0.2138477,0.8071292,1.3992187,0.000965362
0.6967112,-1.1965811,-0.3416162,-0.10920016,-0.4463254,0.060961794,-1.0870546,0.00012058267
-0.8600669,-0.14097634,-0.9785235,-0.50624156,-0.8198194,-0.97630876,-1.5705395,0.00026019325
-1.6606746,0.73810846,-0.65530366,0.45567805,0.007263091,-0.88840204,-0.8780876,1.9915583e-07
0.94867766,-1.5350065,0.0131567,-0.79723465,0.57603335,-0.7255203,0.055847865,5.47491e-06
0.45799,1.369757,-0.12710913,-0.10255166,0.26599365,-1.6388503,1.6469121,0.0012362356
-0.8288048,-0.79314774,1.2527597,0.49219337,-1.1587461,1.1359242,0.3812373,2.1278918e-06
1.7069634,-0.4722604,-1.553634,0.7608604,1.1614107,1.6448358,-0.34312278,1.3248975e-05
-0.7317688,-1.0701603,0.15241933,-1.6926124,0.3148626,-0.83625984,-1.227713,5.7954566e-07
1.2110097,-0.6492398,-0.5473874,0.65742767,-0.7201748,0.14054205,0.80973935,2.1362155e-05
0.920938,-0.67204297,0.1423429,-0.6861501,1.4862338,0.6344352,0.14537604,0.00011974322
-1.3968637,-1.5598979,1.6512988,-1.2364564,0.33720142,0.5459473,-0.4825878,4.2320007e-08
1.1579527,0.6084462,0.04932779,-0.7532824,0.88823175,-0.9079954,-0.4667112,0.0032188029
-1.5364841,0.0011910774,-0.29892597,-0.05182558,1.2119163,-0.99928,0.27304438,3.3947824e-06
-0.9070446,1.7291173,-0.58327544,0.84004503,-0.042463165,1.7433695,1.038992,1.6237687e-05
-0.23998679,1.1946753,-1.715532,-1.5596349,1.4144996,1.0649122,-1.0226779,2.8647754e-10
-1.113779,1.5384488,-1.5575873,0.4568822,-0.019345002,1.6763514,-0.39933744,6.862069e-07
1.7297118,0.5248506,0.74769014,1.5488178,1.3727481,1.2724891,0.8359896,0.0050316923
-0.29831302,0.93196166,-1.0501463,-0.99461997,0.19826946,-0.074258484,-1.1674479,0.00015721323
0.7312428,1.6554428,0.9745328,0.400198,0.7846249,1.2759826,-0.023748217,0.004843061
-1.4907372,1.4523644,-0.48804912,-0.71189404,0.85979885,-0.00083236996,1.4219851,7.4832934e-07
1.0386385,-1.3460221,0.61892503,0.412162,-0.97067297,0.044042267,1.2286359,3.8255735e-06
-0.4881208,-0.3879491,1.2532983,0.73689085,1.5005947,-0.6967798,-1.37074,0.07410838
-1.2629753,-1.6912186,0.25040638,-1.083173,0.04084795,1.4075583,-0.79396445,5.4765614e-09
0.2989953,0.073436685,0.58900315,0.40078148,0.6243783,-0.31397635,0.29776078,0.0010442506
0.881554,-0.6149993,1.4510221,1.7004741,-1.2883831,0.3066521,1.1132376,3.8430855e-05
1.5376501,1.5348967,-0.5408351,0.10734098,-0.6575493,-1.3283789,-0.67681175,0.005533205
-1.0048349,0.28519344,1.2626188,-1.2459455,1.1164023,0.64984214,-1.553916,0.0018279827
-0.8004145,0.026208319,-1.4459349,0.0073091043,-1.1037184,-0.7699444,-0.045326006,3.128876e-07
0.37829122,-1.2667128,1.5723579,0.36822215,0.2281154,-0.3368909,1.1055944,5.5180757e-05
0.5143524,-1.3747765,-0.5645096,0.51984155,1.5078828,-0.10030872,-0.8716995,0.00022492146
0.7093391,0.28399378,-0.06560244,-0.13946885,-1.6552467,0.6978624,-1.5761865,7.584717e-05
0.9924951,-0.867986,0.96291983,-0.38622448,-0.030738333,0.12561177,0.13835353,0.00011267329
-0.3433934,-0.80173486,0.12520452,-0.87705654,0.269569,0.35705033,1.4589719,2.5348131e-06
1.0040251,1.2417862,1.5014293,1.1067625,1.1225295,-1.0718523,-1.3851801,3.4733512
1.3170102,-0.91100943,-0.7560875,-0.99449444,-0.5930432,-1.2558613,0.3918206,5.9054337e-06
-0.40275833,-0.7768263,-0.9479228,-0.6049458,-1.7028166,0.67950255,1.1162165,2.7242747e-10
1.2725149,1.3586435,1.532854,1.1367801,-1.0826383,-0.6594772,0.07120275,0.0033721132
0.88864607,0.6947007,-1.0379897,-0.8297404,0.5077284,-1.4407244,-0.9093183,0.0015147331
1.5663366,-0.9935625,1.1814618,-0.24084903,-1.2859465,-0.66107506,-0.60771567,8.6760025e-05
-0.93160367,0.54003006,1.653834,-0.7061357,-1.4929311,-1.646938,-1.1203076,0.00012068381
-0.8033505,0.8944223,1.1621271,-1.5522615,-0.055285227,0.4013887,0.14496605,2.0922462e-06
-0.45084125,-1.5569468,-0.6505195,0.8219717,0.44241175,0.18362898,-0.7347119,5.314338e-06
0.1345186,0.33572662,-0.026333472,-0.78479785,-1.0967251,1.6566329,0.07752392,3.8634416e-06
1.0808916,0.4090785,-1.5493232,-0.8150345,-0.683741,-0.90172243,-0.36221892,2.702428e-06
-0.93606234,-0.06173957,-0.9364876,-0.39669994,0.9349345,-0.84229785,-1.1671907,0.0002884161
0.9094423,1.6949092,-0.3565534,0.4609718,-1.181629,0.46899262,1.6964436,2.9444056e-05
-0.5700996,-1.1568918,-1.136106,1.5090127,-1.4350054,-0.40098864,0.42714897,7.984271e-08
1.0876263,0.9612888,0.9902817,1.520242,-0.53462243,1.4066066,0.87585795,0.00076238404
-0.034620255,-0.9284357,0.89935595,0.009307479,1.3787578,0.3186841,1.0447593,7.217729e-05
-1.4617591,-1.500441,-0.49260324,-1.5024449,-0.518966,0.017113626,0.7169432,1.1927638e-10
-0.90055346,1.2067219,-0.27114606,0.11363456,-1.1846248,-0.6106845,-0.39082825,2.5636333e-05
-1.1993881,-0.8377742,1.6587197,0.025698619,-1.2392318,1.1028775,-0.5125752,1.5261976e-06
0.901362,0.089582026,-0.10676311,1.4508888,-0.41831458,-0.7571679,-0.9360648,0.009958422
-1.1077536,0.932742,1.4583901,-0.3730028,1.2174445,0.7523232,-1.5219461,0.015875801
-0.096350245,-1.4626808,1.5905988,-1.6446452,0.6387842,1.1691376,-1.3036058,1.4600289e-06
0.4187538,-1.5002345,-0.6036188,0.6159348,-0.58939874,-1.305846,-0.6406366,2.0413072e-05
-0.8973651,0.6062514,-1.6419004,-0.39489764,-1.5128275,-1.4821295,1.6507554,1.5184233e-09
0.5439916,1.5419555,1.6016883,0.59100455,-1.0616851,-0.9234239,-1.6339697,0.4682646
-1.6345716,-0.17946965,-0.9246977,0.5076532,0.35380962,0.8871321,-1.0720032,2.667706e-07
-1.1851901,1.2466934,1.6420767,0.6040637,1.4434344,-0.90200037,-1.3284593,0.06705973
-1.5134917,0.6255118,-1.0977898,0.9453268,0.8795581,0.21877378,-1.1946722,3.110445e-05
-0.47381446,0.50913906,0.31068847,-1.230722,-0.23281395,0.31670946,1.4356322,2.9080345e-06
-0.5802889,-1.1156864,0.50706524,-1.4276084,0.90630174,0.4189749,-1.3511266,3.3803593e-05
0.29377735,1.6824394,-0.40679365,1.6100329,0.11299409,-0.8297331,-1.2204462,0.08605071
-0.27133244,0.81326365,1.3388941,1.5714386,0.22617859,0.11545652,-0.99423796,0.029302504
0.8567873,0.27906343,-1.5587273,-0.699286,0.7951739,1.2567937,0.48345202,8.7020607e-07
1.6261748,1.2521204,-0.7148871,1.6468517,-0.4375876,0.9539718,-0.5224278,0.0019010026
0.66510767,-1.5059359,-0.27139288,0.32812354,0.4925087,0.38617912,-1.1343657,0.0001177665
-0.63139063,0.38621506,1.3149593,-0.47029004,0.14266552,-1.3246965,1.4510224,0.00017990283
-1.5656133,-0.82193995,0.79482,-0.9540413,0.51630884,0.8708972,0.28468972,5.8143282e-08
0.67098224,-0.17195484,1.1042643,-0.9377002,-0.3817755,-0.63590664,-1.2455214,0.0034775608
-0.8061905,0.5836663,0.7386206,1.3777598,1.1069797,1.2687824,-0.6277031,0.0020876836
0.9236039,0.7866013,1.5444084,-1.0808316,-1.5705158,0.77523035,1.085605,8.659078e-07
1.1985024,0.41072732,-0.4288243,-0.72604996,1.1377338,-0.2635955,0.64794683,0.00021738505
0.71148896,-1.3558007,-0.5313452,1.7127979,-1.4394046,0.7253582,-1.0845547,7.3829997e-06
1.6632314,-1.0950179,-0.2368683,-0.8619566,-1.1758819,-0.6665142,-0.86105365,1.8631396e-05
1.6830136,0.037572563,0.674959,1.6927218,-1.0756564,0.35420996,-0.6604035,0.0020620448
0.41183704,-0.2980917,-0.5047809,0.76045376,-0.1786992,-0.03174779,0.68072027,6.654621e-05
-1.2078013,-1.4668274,0.63010466,0.8463444,-0.1831599,0.08233018,-1.3701184,4.2745047e-05
1.5859514,1.7413282,0.47012568,0.3807179,-1.6943324,0.6655825,1.6383802,7.5810215e-07
-0.7700868,0.22828682,0.40305287,-0.32498017,0.9065738,1.7441057,0.18830402,4.1655814e-05
-0.76639724,-1.2441729,1.3989034,0.75915116,0.4140915,-0.7108435,0.70727813,3.2960852e-05
1.4883597,0.7790116,0.27272052,0.5023838,1.6791432,1.748697,0.5298539,0.002068613
1.3816298,0.77181625,1.139193,-0.9609626,-1.2465502,-0.26351443,1.3674726,1.7906514e-05
0.5675553,-0.8568652,-0.47995552,-1.443685,-1.4031261,1.7046176,-0.5473274,4.787052e-08
0.15511338,0.8896806,-1.5449076,-1.4244897,0.4041892,0.44515195,-0.63548315,5.8091837e-07
-1.4016136,-1.0853537,1.0491225,-0.22437227,1.3214742,0.19625954,-1.1108396,4.483365e-05
-0.13163367,0.6168507,0.7116325,0.48181844,1.1436476,-0.525314,1.4362316,0.0009512373
1.6990827,1.6792468,1.4424297,-1.1140921,0.6903346,-0.85926485,-0.12094751,0.0054166014
0.4857576,1.1690667,0.6555535,0.30525845,0.27940366,-1.6510457,-0.007980544,0.015341531
0.19461364,0.8760266,0.033401746,0.9850641,0.8509416,-0.8920359,1.5455072,0.0014687554
-0.31049225,-0.35136783,-1.2410948,1.0060652,-0.70031804,-0.10050226,-0.4176747,1.0375211e-05
-0.5535668,0.3373595,-1.6298811,-0.6627237,-1.7376035,1.5141052,-0.56216794,8.330367e-13
1.0736986,0.621225,0.34388068,0.38333118,-1.4522469,0.99348885,-0.7041865,0.00010125773
0.1533647,0.4368555,1.4007295,-1.5527165,-1.1182953,0.3572444,1.0142134,4.4599255e-07
1.1676543,-0.3498552,-0.13450225,1.2338268,0.37478903,-1.6239843,0.2290236,0.004367404
-0.2576987,0.25248468,-0.5614539,-1.4010024,1.53769,1.2768621,-0.90639186,3.125298e-05
0.79965276,-0.70627195,0.858616,0.08190441,1.1051226,1.2490468,1.1573324,0.00012896907
0.75807697,-0.98838556,-0.83276343,-0.5594343,-1.1411008,-0.72496915,0.6943988,7.715749e-07
0.32180095,-1.6179267,0.6053331,-1.4529504,0.47091478,0.75736374,-0.377804,1.3795675e-07
1.1294166,-1.4286124,-1.3951712,-1.5182896,1.5191052,-1.3904651,0.41691336,7.669035e-08
1.126442,-1.0983326,-1.5580342,-1.1289899,0.030921513,-0.822202,-1.5509202,1.6515572e-05
1.6436185,1.6897843,-1.0032951,-1.2739463,-0.33403227,-0.4686662,-1.2118727,0.0005843347
1.3712366,0.35915652,-0.29511452,1.3096362,-0.94904214,-1.5180272,-0.61643416,0.004927734
-0.39324266,-1.5858558,0.5784194,-0.28090256,-0.13737637,-0.05116387,0.85331887,3.7971841e-07
-1.4110076,-0.89313966,0.8683952,-1.1727347,1.2905492,0.41002148,-0.359016,1.0082514e-06
0.3620231,0.41807425,-1.088431,-0.008134763,-0.5002314,0.55971104,1.2829881,5.2367145e-06
0.032118253,-0.5201314,-0.3538041,-0.79762596,-0.2729523,1.6781149,-1.5967419,0.0006887331
-0.40207604,-0.49152854,0.56478894,-0.26563346,0.8279761,1.0565921,1.2793664,2.148027e-05
-0.24126099,-0.6543053,-0.3798394,1.4777061,-0.67498046,-1.532299,-1.655812,0.042314902
0.12815723,-0.42318064,0.024883972,-1.5456151,-0.8110624,-0.48966983,-0.57600576,1.8062111e-06
1.3038142,0.20934963,1.111398,-1.5216209,0.28061762,1.0266122,1.6077445,5.680078e-06
0.5840723,0.111091524,-0.49659023,0.4108141,1.2412717,-1.6100963,-0.55987346,0.011151893
-0.56443816,1.1379935,0.884872,1.1949189,0.1729591,-0.05247322,-0.73630714,0.0066751307
-0.6611136,1.1335241,1.3951224,-1.6627684,-0.08131737,0.71117646,0.9548799,2.7539548e-07
-0.3793515,1.455801,0.5718306,0.5306961,-1.386258,-1.1083139,-0.90900856,0.0007536845
-0.61853427,-0.04917586,-0.30622956,1.7045717,1.0216807,1.5427694,0.37809226,0.00010386789
1.5959091,-0.7793174,-1.0888289,-0.29313564,0.067343205,-1.0887864,-0.60240227,0.00015382221
0.9593749,0.012839079,-1.1365349,-1.0381571,-0.77335596,-1.2176632,0.69788027,3.2776934e-06
1.6023728,-1.1590722,-0.33477038,0.8367769,-1.5340694,-1.2619327,-1.0430943,4.926027e-05
0.052651662,0.72713625,0.5360114,0.9656014,-0.8326396,-0.24904019,-0.887479,0.0030058322
0.3944949,-0.2055875,0.9387453,-0.19451082,-1.2277329,0.6340622,-1.131659,0.00030682332
0.6443942,-0.5570519,-0.083818965,-1.4294446,0.34272882,0.5544618,-0.28818858,7.0146707e-06
-1.5831251,-1.4858376,1.3836194,0.05289447,1.2563965,-0.80227506,1.7391028,5.8135168e-08
0.20094933,0.8552997,-0.6814429,-1.1379784,-0.35368463,1.5719551,1.0150183,1.8501823e-06
-0.06805541,0.9895624,0.3416834,-1.4955698,1.0416492,-0.87477034,-1.3554984,0.0022314894
-0.91847974,1.6129102,-0.8805725,1.0685158,-0.37936094,1.4158806,0.90353525,7.773528e-06
-1.2892857,-0.61690146,0.46074584,1.177207,-0.8351975,0.63746774,1.6057422,7.784979e-07
1.5718853,0.5373226,1.4654438,0.682174,-1.5952532,-0.5049031,1.7333521,1.8530976e-05
1.4475187,0.07319679,0.6010993,-1.4300901,-1.1712258,1.337709,0.19159795,1.4095206e-06
0.84539694,-1.114627,0.11418469,1.456998,1.2873905,0.6299626,0.48144478,0.00020695981
1.6906836,-1.0938141,-0.63326025,1.2566596,1.1538892,-1.4201053,1.2762941,0.00036591894
-0.6517836,0.90841484,-1.4105889,1.4767419,1.6580096,0.93640184,1.6859608,8.509592e-06
-0.25033417,-1.0043303,-1.1766748,-0.129714,-0.18621767,1.6953044,0.07824729,5.090896e-07
0.69925714,1.2888808,-1.4747407,-0.3357162,0.5733217,-1.2427418,-0.28729695,0.00011546705
-0.23742339,0.621918,1.2202237,-1.5704347,-0.2240064,-0.31089473,1.425112,1.8150605e-06
-0.2908298,0.60809565,-0.7177015,1.2659281,1.7011362,-1.3449465,-0.44633186,0.0062009497
-1.37646,1.1663281,-0.25801334,-0.10536887,-1.3914552,1.217765,1.3996603,5.163942e-08
0.5098744,0.8685036,-1.5405711,-1.7492044,-0.4814935,0.9751177,1.4848942,6.2562205e-15
-0.9936993,0.766153,-0.48002085,1.6820264,-1.6708126,1.319983,0.50178057,4.636686e-08
0.10978582,0.9203109,1.4604539,-0.23872036,0.15926383,0.54199886,-1.3756694,0.038355093
1.7263803,-0.7403147,0.3149448,1.0291202,-1.3588239,-0.23122956,1.3714782,1.307844e-05
-0.48300818,-0.92678934,-0.3077323,-0.27048793,-1.2252502,-0.11445018,0.84644276,3.3281438e-07
-0.49571282,-0.31571567,0.89457387,-0.28733927,0.38856456,-1.2376271,0.43507248,0.00023669301
1.0862547,0.9842679,1.3236693,1.5118212,1.7100589,1.1556243,0.3941478,0.013958606
-0.5860688,1.2389566,1.3360637,1.4261409,1.4306903,-0.64110476,0.83418363,0.0045965533
-0.100758,1.303368,-1.2721807,-0.8241587,1.177297,0.245175,1.0417626,6.757895e-06
1.6553564,-0.5485309,0.12242166,0.03981506,-0.43992004,0.113797575,-1.1169033,0.0025693148
-0.6589586,-0.21656367,-1.41182,1.1641026,-0.0638704,0.5791842,-1.3524326,9.6885844e-05
-1.1850209,-1.2023933,-1.1855471,0.0689915,-1.5672626,-1.3386328,0.91628635,1.9386661e-09
-0.9167397,1.0924188,1.3183964,-0.32705402,1.151613,-0.21994638,-0.7019595,0.0022673123
-0.43035713,-1.160679,-1.36981,1.535697,0.46116945,0.8550579,-1.5024837,0.00011900117
-0.77009195,-0.717641,-0.84354013,1.5305681,1.4571887,-1.2273592,1.4662194,4.389825e-05
-0.8466202,1.460685,0.82303333,-0.4794693,-1.6939099,-0.69036555,-1.3236189,6.6528064e-06
0.7428767,0.434683,1.6707684,1.2992308,-0.4336304,-0.90035135,-0.57255757,0.021390779
0.33983997,-0.7302171,-1.6699636,-0.18623292,-1.1260884,-1.4128788,-1.0690445,2.9778133e-07
-0.50410026,-1.1787162,-1.1096168,0.03716228,-1.3359106,1.7484001,1.5215943,6.328109e-09
-1.2909461,-1.2038969,-0.67467535,1.3773768,-1.0404018,1.5534904,-0.20551597,9.2490005e-08
-0.4951412,1.4276915,1.3300349,-0.14900301,0.5350709,1.1417813,-0.8864667,0.0038724614
-0.67973924,-1.602377,1.0003467,-0.18698041,1.1387444,-1.3830068,1.4653891,2.467458e-06
-0.5133274,1.5282289,1.0701935,-0.39140263,0.7698373,0.038973056,1.6312498,0.00023040811
-1.5066017,1.4152608,1.0999811,-1.4629737,-0.6043398,0.37334314,0.9373774,4.7668465e-08
0.41819102,0.11592279,-0.43092227,1.3290168,0.75170344,0.82425165,1.3759296,0.00017763139
-1.2182848,-0.13429056,1.2659112,-1.3755722,1.692763,0.40417972,-1.5407704,0.00045373756
-1.2941976,1.376099,-0.049215756,-1.3460991,0.07299851,-1.0084232,-1.5464569,0.0003909443
-1.360049,0.78322077,0.16048998,0.22043405,-0.63433546,0.10980363,0.96567786,2.4763733e-06
0.7660234,1.6715109,-0.45657265,-0.19710837,-1.3780396,-1.3478891,-0.36987787,0.00016468209
-0.9897371,1.4290764,0.727918,0.053616714,1.2116245,0.92469245,0.75561756,0.00013390087
-0.6637417,-1.1477078,0.766321,0.1221112,-0.40708956,1.1474254,1.6288631,1.3221081e-06
1.3971831,1.0933399,-0.1830589,1.7051934,-1.3692601,-0.5658646,-0.37671256,0.00060344354
0.96164656,0.894761,1.51161,-1.6989534,0.98907197,-1.463552,-0.9012717,0.00018865823
1.0347197,-1.2432259,-0.44590983,-1.057548,0.33335564,0.070932314,1.6421328,1.0918139e-06
-1.5882118,0.85240424,0.4339423,0.30565724,-0.71006083,0.94159406,-0.8113587,2.132876e-06
-1.1879308,-0.90765256,1.5595814,-1.5589551,-1.7149303,-1.1287559,-0.973529,7.7035167e-10
-0.60304713,-1.0421282,0.96709174,-1.3850931,0.20544982,0.78713113,1.4092084,2.522454e-07
1.4699634,0.03967725,-0.62658113,1.3150458,-0.52411836,1.2628888,-0.05215823,0.00018684023
0.2233462,-0.20951544,-0.77922004,0.65741444,-0.31169593,-1.3831384,-0.82580376,0.0012607805
-1.2409741,-0.46656525,0.33065763,-0.55256736,-0.58888656,1.0141026,0.63688236,4.3811195e-07
0.05793613,-1.1477922,-0.013956924,0.44346234,1.4116603,0.8392829,-0.85630065,0.0003661726
-1.2905318,0.9699536,0.11998535,0.28905988,0.90689313,-0.8378686,0.08219475,0.00013228168
-0.33020994,1.762286,1.1058284,-0.18532558,1.3602678,1.5106473,-1.345638,0.044144545
-0.42644644,-0.38328868,0.5996396,1.4263707,0.6417058,-0.7793823,-0.3990975,0.0023150272
1.5381057,-1.1794243,-0.9645432,-0.014855854,0.48221034,1.3732144,1.362924,2.602959e-06
0.5806199,-0.083953425,-1.4037366,1.2164975,1.6961737,-1.274808,0.2685929,0.00023066672
-0.25317332,-1.5228076,1.6234238,-1.364901,-0.017768364,1.423013,-0.21559463,2.2592684e-07
0.33810213,-1.4228852,-0.19008538,-0.71933776,0.9831809,-0.33521405,1.332674,2.1175092e-06
-0.45002595,-0.5796683,-0.6778199,0.27906057,0.69201976,-1.477472,0.95723665,5.9565053e-05
0.723855,1.1130332,-1.2628416,0.91239786,-1.6677438,0.97876424,0.99116033,5.202427e-08
0.72844243,-1.3419995,1.6489575,-0.72032684,1.1639652,-0.0872745,0.84103507,2.8785904e-05
0.50967604,-0.27413332,0.8660474,1.2372804,-0.1813186,0.5447391,-0.57367414,0.0020839064
-0.6241731,-0.9074028,-1.090125,-1.4537765,-1.1800926,0.8538911,-1.5231551,3.3572837e-07
1.5165578,-1.6143227,-1.484835,-0.67621243,1.1545378,0.24001315,-1.0067286,5.691282e-07
-0.20150143,-0.3895018,1.4916493,1.2899595,-1.4131477,0.6088327,-1.0105889,0.00018221435
-0.62338036,-0.09572631,0.7387953,-1.3107711,0.7997423,-1.4072442,0.5014491,3.3103683e-05
1.1258703,-0.2891999,-0.25331277,-1.6415861,-1.4350549,-1.4762201,1.4082152,3.3556443e-08
1.4509473,1.294078,-1.428857,-0.45231792,-0.5079595,-0.7597566,1.6203411,6.5966165e-06
1.7611442,0.71206653,1.0404394,-1.4598823,-1.6351129,-0.8521136,1.4061769,2.0884127e-07
0.55740565,1.10298,-1.1672443,0.50172424,1.2259281,-1.5802228,0.26485133,0.0013496678
-0.53998035,0.69644445,0.84336317,-0.31943634,0.41619912,0.32563862,1.212033,8.326511e-05
0.92190856,0.19155042,-1.6327889,-0.5251033,1.4004096,-0.08282233,0.105994895,1.7525052e-06
1.5248315,0.9624203,-1.5328448,0.9450958,0.51651514,-0.32721347,0.8236082,3.4198994e-05
-1.6421683,-1.1163514,-1.6491894,0.086549975,-0.869643,-0.02580154,-1.1276948,5.5121328e-11
-0.16622293,0.9039228,1.556631,-1.578599,0.2485764,0.8883673,1.6876119,2.0482514e-06
-1.127418,0.8454355,1.5604045,-1.6585057,1.1594203,-0.5888669,0.81986684,6.6792506e-07
0.3681241,-0.740385,-1.4669956,1.0752606,-1.3494835,0.1643899,0.021605887,1.9788266e-07
0.75948054,-0.053594075,1.3272452,0.73382854,-1.1660109,-0.100139976,-0.66866684,0.00085288077
-0.30866122,-1.3250315,-1.0452658,0.939038,-0.45177978,0.89244175,0.3224483,4.8505456e-07
-0.09693396,-1.5337901,-1.5976928,-1.4879354,-1.0927075,-0.12973116,-0.1804952,5.0942885e-11
0.82239026,0.0048862505,0.8259372,-0.34966987,-0.32598776,0.67791086,-1.1021603,0.0028390775
-0.24232022,0.32207844,0.97301286,1.4679496,1.6270533,-0.6243678,-1.054179,0.092716396
-1.3992257,-0.37294322,0.9729537,1.3870214,0.9505909,1.3985152,-0.671914,8.27756e-05
1.4252489,0.55077285,0.30059338,1.1651269,-1.4145834,0.346763,0.4167055,6.057632e-05
-0.8197222,-1.3523662,1.6479762,1.5962714,-0.94536304,0.34661385,-1.0978745,6.591973e-05
-0.14206135,-0.9609469,-1.4810373,-0.55807996,1.3770605,0.89462537,0.9737003,1.6510356e-07
0.2096123,1.2219988,0.7917981,-1.3575467,-0.14433622,-1.6743352,-0.93498045,0.0023473147
-0.056355387,-1.7065486,-0.54538774,0.96094733,-0.74025935,0.82129246,1.0605196,8.337623e-09
-1.57302,0.2832852,0.08392055,1.0918419,0.3266881,1.4483262,0.078813724,1.2991394e-06
