1.3639385,-0.36631158,1.7057134,-1.0138693,-0.25061676,0.9939068,0.085507736
1.4766984,-1.0617418,0.28868198,-0.40317863,-0.3624837,-1.3867652,0.07029192
-0.35634306,0.80489063,-0.9405096,1.5486275,-1.0821556,-0.98760504,0.2763033
1.6293025,-0.726562,0.19410187,-1.2349892,1.2908895,-0.9606288,0.029607471
-0.33021706,-0.084249154,-1.7150449,-1.3337507,0.33860952,0.9711433,0.10353168
0.39470133,-1.2310292,0.0142205255,-1.4267921,-1.1693451,-0.0029983516,0.009423957
-0.79137343,-0.17074382,1.318,1.6087672,-0.36333546,-1.5371513,0.66006523
1.0586456,0.25698936,0.19723867,-0.23627359,-1.263773,1.755986,0.14794962
1.5654585,-0.06481308,0.40842873,-0.47600657,-1.0226754,0.5069133,0.11212154
-1.216398,-0.6510179,-1.6193694,0.936895,1.3027426,1.6502128,0.0703173
1.5441936,0.52988064,-0.3240981,-1.0395166,0.51663744,0.27133635,0.117785975
0.36950117,-0.44933945,1.0129108,-0.47292483,0.7464607,0.30346736,0.12039991
1.3196238,-0.9692509,-1.26068,1.5758655,-0.23613514,1.3051192,0.031931248
0.28040755,-1.2915025,-0.80469596,0.9096932,-0.4434174,-1.1253324,0.045397434
0.87763804,-0.3661187,1.1601927,-1.3602886,0.21205178,1.6929603,0.055525463
-0.19602609,-1.6563823,0.49247748,-0.49124548,-1.240972,-1.0608695,0.03361476
1.3748707,1.4681754,0.802249,0.15598388,-1.7334586,0.2120277,0.3775161
0.3017269,-0.83426267,-1.6031296,0.6124737,1.2049125,-1.0733471,0.02568662
-0.75690085,-0.72279906,1.0925732,-0.81261194,0.02363903,-1.0945116,0.07360196
0.48617035,0.16958067,-0.37568322,1.2004404,1.0379908,1.3899406,0.21284266
-0.74638885,0.46324074,0.3601588,0.012739794,1.2904007,-0.4033352,0.27990702
-0.15483116,-0.15918124,1.3878386,-1.5145143,0.74523926,-0.27074054,0.09051116
-0.652387,1.2146523,-1.5843037,0.45051685,-0.60307646,1.4100869,0.37618878
1.1896946,-1.0195177,0.49064478,-1.6986591,-0.32895043,1.7542063,0.012518689
-1.3124043,0.63780123,-1.5541729,0.10639701,-0.101937,-1.5097239,0.3508588
-0.74686027,0.0028604746,1.2710694,-1.7303584,0.091887414,0.024526378,0.13762477
-0.43919092,-1.4253769,0.5035645,-0.50929266,0.05568253,0.5501331,0.03544387
-0.9884379,-0.6750454,0.19024105,-0.41761628,-1.3645031,1.7202638,0.07728235
0.2097101,0.4548847,-0.68924177,-1.5728885,-0.9628605,-0.63673794,0.1490947
-1.6539576,0.34318203,0.6468637,-0.5051406,1.2494247,-0.5097217,0.36851132
1.6026027,1.2870356,-0.8927432,0.04386993,0.043764204,-0.9618891,0.21324684
-1.4159129,1.1846693,0.32749996,-0.9919186,-0.7961876,0.4980197,0.57350135
1.3768368,-0.95344746,1.4419295,0.23182718,1.1583095,0.4826141,0.35051307
0.33378002,-0.7450026,-1.2905744,0.9017992,-0.5252082,0.027450839,0.03744251
-0.51209676,-0.36649168,-0.49116236,0.19037321,-0.71547896,-0.12112568,0.10002739
1.1114647,-1.2545084,0.40036687,-1.7173994,1.1977761,-1.1528093,0.0058945855
0.31557766,-0.46851653,0.29729643,-0.019875163,-1.3768619,-0.6576648,0.11045844
1.4387305,-1.4339014,0.022692215,-0.82749116,-0.84034145,-0.604908,0.020259619
0.23543586,0.67646664,1.4772141,0.4801539,1.2979795,0.5104427,0.5094708
-0.49602506,1.2525697,-0.4474173,-1.4064959,-0.18082784,0.82081604,0.36032242
0.50991327,0.1462303,0.44226223,-1.2145534,-0.7252026,0.86461705,0.107307844
-0.41990915,-1.2535578,0.90961546,-0.071990095,1.4242588,-1.2692685,0.12791461
0.77200675,-1.3264954,-0.33406845,0.9860833,0.2516948,-0.07890586,0.11383842
1.5848851,-0.6785741,1.121753,-0.47790486,-1.6374841,-0.2762357,0.113244094
1.0427603,0.5189116,1.121181,-0.10588325,-1.2912431,1.7850868,0.25671175
-0.7058039,0.04977612,0.7641514,-0.18621804,-0.4502931,1.3065366,0.1956993
1.0413913,0.32694936,-0.42010623,-1.3719399,-0.10659038,-1.2400175,0.10526802
0.3553211,1.6661764,1.4914567,-0.1516618,-1.3144978,-0.8983138,0.4775216
0.9218106,0.82453406,-0.99371463,-0.06322388,-0.6637086,-1.2555549,0.17485434
-1.0026171,0.38540283,0.5300825,0.27279013,0.57334644,-0.37931946,0.3115908
-1.6577972,-0.3493794,0.34405026,0.7621527,-1.6253875,-1.4629135,0.2065951
-0.6182887,0.83968747,1.2117743,0.5023085,-1.633273,0.87004936,0.43140796
-1.2739147,0.650935,-1.4092339,0.953167,0.4382714,-0.7101836,0.34815538
1.4603896,-1.5779009,0.29859805,-0.34515253,0.31864318,-0.815781,0.06785546
0.5432361,-1.0331789,-0.99039537,-0.7638962,-1.6827348,0.13678466,0.01695217
0.76056343,0.06592755,0.9097328,1.4590623,-1.6217002,-0.49943796,0.48842642
0.5918572,0.6748825,0.58906233,1.368965,1.4261781,1.3652174,0.55358094
0.017189743,0.8633747,-1.3374501,0.93155164,1.7153496,1.6272044,0.22967428
1.3950608,-1.0412242,-0.10850222,1.249493,-0.7679213,-1.4939795,0.22501318
-1.1765871,-1.7398986,0.4796872,0.8353616,1.7121172,0.8325335,0.11964173
0.15559575,-0.08488195,0.73097515,1.5193027,1.1835332,0.090999074,0.5632439
-1.1284077,-0.19443734,1.5275856,1.4948823,1.5265559,0.96525055,0.5755305
0.5782351,0.51772594,0.77066684,-1.4250572,-0.756239,-0.59549594,0.14395837
-0.54598844,-0.47734874,0.32673106,-1.6494019,-0.43509132,-0.07653089,0.06639824
0.574901,1.3528603,0.9155788,-0.9145514,1.0085984,0.022356536,0.29207298
-0.31168127,0.12430671,-1.626716,1.3121599,0.630231,0.64956594,0.13047741
1.4756373,1.2925137,1.1445962,1.552179,-1.3927298,0.91968,0.82318985
-0.9736766,-1.2191092,-0.20294428,0.09878759,1.0239872,0.73131377,0.04269063
-0.9800426,0.7111399,0.9714689,-1.297212,1.6758548,0.26769063,0.30981392
-0.98010445,0.21661909,0.4910761,-0.8298407,-1.1105604,-1.3289863,0.20757703
1.5962882,-0.87373656,-0.09154204,0.81039554,-1.6182578,-0.9416489,0.13748527
0.6211196,0.8796514,1.2084806,1.601753,-1.6599907,-0.93339527,0.70827645
1.7044641,-1.7256465,-1.0025371,0.32165706,-1.1064306,-1.673843,0.018616408
-1.3742462,1.4302291,0.48358244,-1.1554544,-0.7736633,1.7163973,0.65173745
-1.6611861,0.14871572,0.7522549,1.6317732,-0.98954886,-0.73053324,0.4415894
-1.3003367,0.17682303,-0.6123905,1.509109,-1.5272101,-1.0981869,0.25930786
-1.111441,0.8210192,0.6214896,-0.77552885,1.069137,-0.7307315,0.3756496
0.74476385,0.15298386,-1.700435,-0.9518781,1.6808306,0.9966529,0.09436122
0.6638758,0.7615209,-0.86871374,0.9830746,1.4371216,-1.0325887,0.22358528
1.4782768,1.1269584,0.83443266,-1.2681607,1.0719798,-1.3945924,0.1903987
-0.8423033,-1.3672544,0.88462746,1.4338453,0.7566788,-1.2416978,0.41559905
-1.126981,1.1715833,-1.5780113,-0.36463058,-0.69383156,0.43601462,0.46726656
0.9609817,-0.2568009,0.59365785,-0.038006555,-1.4080359,-0.016163252,0.14916788
-0.64902204,-0.40259778,0.1606186,-0.9412893,-1.0336705,-1.5102596,0.086077236
1.092474,0.3612102,1.6762173,-1.7296304,0.77188617,-1.1317375,0.10581265
-0.3615584,1.383898,-1.6767824,0.3781431,0.36696896,-1.4484583,0.37038442
1.032403,-0.950265,-0.41042835,-0.6325485,0.20928837,0.6498731,0.029638214
-1.2910435,-1.179701,-0.97398305,-1.0317016,-1.0618516,0.83980066,0.020605205
-0.8220219,1.0994806,-1.0463861,1.3685975,-0.82575727,0.35028163,0.39250788
0.5722491,-0.8200724,-0.2815537,0.30733627,-0.7414168,-0.500937,0.07694613
0.41126472,0.57366085,-1.5800357,-0.47960228,-0.23128372,-0.8745742,0.15526718
-0.3919717,-0.2525531,1.3451447,-1.6143858,-0.3381559,0.7405713,0.08647981
1.0737793,0.49144524,-0.6088144,-0.9910905,0.1713703,-0.34352726,0.12449085
1.2180068,1.3503819,0.60108703,-0.5807415,-0.587885,-0.2236409,0.27082223
-1.201836,-0.88544583,-1.0119398,0.7149586,-0.20770143,-0.5138372,0.052965958
-0.8723455,-0.84753036,0.0083289305,-1.5957024,-1.1121973,0.35627586,0.039193977
1.624223,0.87062466,-1.2181222,0.9876379,0.8434875,0.4617023,0.16150327
-0.5340187,0.10322915,1.3819642,1.5637909,-1.449716,1.4799838,0.52557224
-0.5634426,-0.1869387,1.4481033,0.5224991,0.3042348,1.5953177,0.3159834
-1.6193655,-1.5396707,1.3517388,-1.7370303,-1.6579107,-0.39224973,0.003528627
-0.9391755,1.4985256,-0.60241157,0.21196195,-0.9984689,0.3126066,0.5349377
0.47739562,-0.059844762,1.0684122,-0.7145575,1.6615545,-1.1046181,0.13903905
-0.18018432,-0.3174516,-1.4364452,0.5344318,-0.3354278,-1.2473879,0.07462237
-1.2030636,-0.71588284,0.78741646,-0.07924708,-0.3295171,1.4932154,0.10961311
0.087551564,-0.3406051,-0.2130115,0.83451295,0.8810844,0.25914028,0.15950884
-1.12934,0.86254966,-1.4247124,-0.15555203,-1.5044535,-0.80768144,0.37478352
-1.4140671,-0.033633504,-1.37983,0.29855558,-0.41025564,0.92687136,0.1956139
-0.9012712,1.512523,-1.6087505,0.6768486,-0.06732114,0.7545926,0.5142633
-1.4602522,-0.09481731,0.3210287,-1.2998501,0.18313514,0.67573744,0.18880787
-1.0495214,-0.24574246,-0.6223652,0.27494943,-0.29820487,0.7887669,0.13419248
1.768807,1.0006123,-0.7922477,1.5316943,-1.232273,0.14744583,0.22504604
0.3724561,-0.03872565,1.6347411,1.1970899,-1.5976144,-1.2070445,0.5871957
0.5779038,-0.3445748,-0.5244111,0.09360344,0.0070266887,-1.4872488,0.090938814
-1.5592382,0.59527504,0.57858837,-0.31949466,1.4334158,1.7482901,0.42910603
-1.0840296,1.3953055,-0.30340123,0.70300806,-0.7884257,1.2657686,0.5636077
-0.5261361,0.44619143,1.0352385,-1.5400983,0.20715271,-1.2984974,0.19633067
0.31647393,1.2327783,0.51178426,-0.5369576,1.0883266,1.4141362,0.30371395
-1.468363,1.1477761,1.0870926,1.4904926,-1.7023684,-1.5675423,0.75024205
-0.69495404,0.50472885,0.4477026,0.20888352,1.5196958,1.2086695,0.29846233
-0.9839532,0.61897635,-0.37749708,-0.036838803,1.4499094,1.2627002,0.30212563
0.051924292,0.5749533,1.5176076,-1.3800364,-0.7686285,1.1445875,0.18106142
-0.593733,0.18945391,-0.12342363,-1.1388949,1.4967146,0.7889304,0.1604175
-0.072198726,1.504649,-1.0294882,0.22555223,1.1704435,-0.99583316,0.36989936
-1.1199503,1.6321248,0.53373605,-1.3185784,1.4258726,-0.6890933,0.6260022
-1.1350473,0.63358957,-0.20942493,-0.51610625,1.4870099,0.4266573,0.32368734
-0.9576588,-0.08109128,-1.2751613,-0.8691027,0.38522252,0.73892975,0.1393532
-0.54239756,1.5853868,0.22382241,0.52029365,0.9392273,1.5753764,0.5386488
-1.3122504,-1.3634903,-0.40014362,0.2506589,-0.9381897,0.13196442,0.027117988
1.4912727,1.3005016,-0.6851528,-1.689593,0.27898756,0.76910955,0.20024574
-0.29466918,0.9396492,-0.82094496,0.5582537,1.6477922,-1.2552054,0.29815683
1.529038,1.1373847,-0.73210716,-0.17082174,-0.6079219,-0.29727793,0.19622466
0.58379835,-0.12844662,-0.69671744,-0.85493207,0.39616966,1.0863621,0.076573156
-1.4113121,-1.3067588,0.16788699,1.2637267,-0.8957742,0.1965769,0.09432776
1.239064,1.2627451,1.6589042,-1.1566099,0.6279862,1.4260869,0.23395352
-0.42673883,-0.76300687,-1.0079973,-1.596943,0.55180204,-1.3370969,0.037974913
-0.61306244,0.4700707,-0.8024815,0.17476512,1.2948264,-1.1026351,0.22456391
-1.3825035,1.0042982,-1.1526847,-0.95608395,-0.0020843043,0.6001266,0.48937845
-1.6651208,-1.6385071,-0.06613128,-0.7189669,0.81458676,-0.01773232,0.0071343593
0.539928,0.12367245,0.11953004,-1.5317228,1.037474,-1.4273372,0.09794573
-0.32908097,-0.6185851,-1.1802548,-0.44558668,0.26703522,0.79493594,0.04999109
0.7176939,1.2564359,0.78385836,1.3640498,-1.6440538,0.1262983,0.5728076
-1.3663015,-1.1141539,-1.5418785,-1.5885712,1.2152733,0.47428298,0.026003698
1.3258588,1.0758224,1.5893099,-1.1876056,-1.1196678,0.43599644,0.20109868
-1.2171311,1.1046969,0.32239833,-0.39406887,0.78996783,-1.1412861,0.4972478
-0.25024912,0.97818786,-0.17409872,-1.3874992,-1.3063196,-1.1087598,0.2698646
0.40689364,1.6970417,-0.6161422,0.31037602,0.49242124,-1.3330722,0.38196725
0.9363072,0.2734781,0.77050894,-0.3591699,-0.33546263,1.3147459,0.17645493
1.4376059,-1.5889555,1.2537081,1.2980952,-1.5612946,-0.8973913,0.5654487
1.6161233,1.2636714,-1.1247504,-1.7386996,0.77853245,1.6163638,0.18992524
-1.3185219,0.1680097,-0.4316002,0.043691438,-0.41426685,-0.4991446,0.2419649
0.48060542,0.04177061,1.2638829,0.7506857,-0.7316632,0.43875024,0.4135627
-0.6936673,-1.6703103,-0.32292655,0.21083556,-0.5492887,1.7115166,0.02714921
-0.1415898,-0.38887763,-1.2660706,-0.4868878,1.164965,-0.8760651,0.06615775
-1.2419952,-0.84771377,-0.55308664,1.6127174,1.0051762,-1.5904478,0.13843167
1.61595,1.7311953,0.058414344,-1.3611474,0.459782,0.30495483,0.25675547
-1.2169532,1.2604388,-0.32168904,1.6015731,0.7124445,-1.1966046,0.6297992
0.9676523,1.3202281,-1.1783693,0.45795855,0.8772079,1.0106157,0.24149148
0.6524462,1.2125638,-1.0773362,0.8117662,0.7042731,0.7444136,0.25365844
0.60683256,-1.084527,0.46363008,1.2087231,1.4618239,1.3116063,0.32744643
-0.8840196,-0.7492987,1.1779488,0.15828279,1.0303508,-0.12538761,0.17297238
1.6126652,-0.6821853,1.5620922,0.16957954,-0.9021042,-1.0784736,0.3408563
0.42563394,-0.6989674,-0.1951356,-0.36619565,-0.27518615,-1.5437242,0.060503814
0.26871184,1.3773493,0.66012424,-1.5883164,0.79546267,-1.0655832,0.29434574
-1.4706599,0.6050293,-1.3655177,0.7164796,1.3651513,1.5998567,0.3829972
0.7701655,1.4177059,0.9146044,1.2832301,-1.449545,-0.316525,0.6340525
-0.21123356,-0.07552837,1.6408349,0.71104646,-0.86987835,0.023031475,0.41274118
-0.74188966,-1.5626273,0.8937773,-0.28511173,-0.86980224,-0.31325287,0.052833803
1.5265402,-0.5039636,-0.6802544,-1.567497,1.6227843,-0.8308662,0.033506125
0.43114248,1.2441809,1.3998963,-0.04307054,1.6868259,1.4748292,0.43379676
-0.90577286,1.0787024,-1.6281466,0.43680993,-0.7851086,-0.39461064,0.38757873
-0.8245867,0.55186695,-0.2071064,-1.3723991,-0.5463877,-0.78707373,0.24732941
-0.03509974,-0.5096054,-0.42664874,1.4609472,0.01905476,1.6575055,0.14273031
1.0088336,-1.6364744,-1.7147217,-0.060081337,0.08970533,1.0930302,0.00033290172
-0.39296216,-0.93919337,-0.98109233,0.4594789,-0.5048122,0.97926795,0.03653734
-0.93556666,0.9247806,-1.2527473,1.5161994,-1.274072,1.2978636,0.35912868
-0.542648,-0.7033258,0.4608505,0.73880213,-0.93257564,-1.0467541,0.16983466
-1.2395576,0.8490006,-0.14385097,-0.9545243,-0.15601403,0.61969405,0.40016654
0.66139007,0.4875511,0.78816056,0.62543255,0.17568536,-0.42797077,0.39159825
1.3803036,-0.66939807,-0.38743854,1.005767,0.054777764,0.11680833,0.14053203
-1.5743191,1.0791826,1.4163232,0.85122985,-1.6006947,0.8718823,0.72462285
0.44716355,-0.5589112,0.19367503,-0.82954705,1.5205829,-0.5209914,0.059800267
0.93689245,-0.051661067,1.423302,0.16183527,-1.0195737,1.7568275,0.29107898
0.35946032,-0.66380936,1.3942765,-1.2610278,-0.43533102,0.06331112,0.046311677
-0.5662126,-1.6632366,-1.4580065,-0.2093191,1.5935895,1.0542915,0.0010372307
0.9461077,0.29070935,-1.1547878,-1.2183444,-0.00033191268,0.21443355,0.103237465
0.95225817,0.5155944,1.0339458,0.97744477,-1.3948852,-1.6170686,0.50088894
0.6911773,-0.8796049,1.6223143,1.6831701,0.9852635,-0.98265094,1.4168265
-0.25549895,1.0868739,-1.4673927,-1.6947423,-0.66265184,-1.3906182,0.29100302
-0.4089238,-1.5725367,0.024211146,-0.8250055,1.6658866,0.2586225,0.012743895
0.2314078,-1.6903589,-0.661493,-0.7482726,-0.5137179,-1.1088558,0.006084925
-0.25710535,-1.0806098,1.6166289,-1.229279,-1.3051126,-1.3246709,0.028524287
-0.4661045,-0.6016454,1.4263637,1.5643599,-1.2989311,0.42668927,0.47832793
1.1480762,-0.18869919,1.2495309,-1.3545773,-0.0022893518,-1.4635799,0.06627607
1.5273204,-0.33340344,0.9236703,-0.9214644,-0.29034892,-0.88910455,0.07863007
-0.12335486,0.8103549,-0.16209863,-1.4557145,1.3356044,-1.0673381,0.22645071
-0.33847275,-1.5383277,1.5844569,-0.020149004,0.09198458,0.9015052,0.14620602
0.07228414,0.26607725,-0.80493885,-1.298624,-1.0518098,1.6452061,0.13123834
-0.055685986,0.037320912,0.08398221,-1.1831094,0.18222006,0.66171455,0.11202266
0.46121877,0.47186247,-0.4530072,1.7108771,-1.2915523,-0.91600287,0.2512888
0.5298061,1.7570219,-1.2543279,0.760909,0.24672437,1.3677504,0.34898812
-1.517166,1.0903981,-0.8151386,0.7216714,0.44550171,1.6648725,0.5857853
-0.5884533,-0.96802855,0.41564447,1.216064,-1.6430922,-0.41518113,0.16593942
1.4975756,-1.4359078,-0.15422972,0.28539777,-1.195325,1.3347774,0.07269938
0.71809334,-0.41941497,-1.139118,0.26714933,-0.8807713,0.49332878,0.054721706
-0.038513217,-0.8763399,-0.21936476,-1.3175238,-0.6166849,-1.1517775,0.02748998
-0.991251,0.62182254,0.2957976,0.47302535,-0.326016,-0.39824834,0.35549363
-1.0065787,0.022970688,-1.2030339,-1.3698834,0.71405435,-1.3286133,0.16102804
-1.4956543,1.422934,1.0367105,-0.021941584,-1.3774787,0.5781861,0.7515644
-0.5142633,0.69841105,-1.4616766,-0.95067,0.88336056,1.0140301,0.24132061
0.6287892,-0.3168933,0.015502687,-0.9978225,-1.2111543,-1.6513216,0.064951934
1.1453458,0.06734341,-1.4064128,-1.0302348,1.5079331,-0.6541474,0.077756904
0.84234613,0.42847344,-1.5502752,-0.85428226,-0.99924695,0.09239527,0.12043943
-1.4752915,-0.21163839,-0.21436535,-1.0462292,-1.3354245,1.4437853,0.16570719
-0.988593,1.4275311,1.558405,-0.9632427,1.2285808,-0.8903645,0.53377575
-0.22466078,-1.3697929,1.623296,-0.6464018,1.3958985,-0.047069844,0.07226769
1.713246,0.86496454,0.61657864,-1.5996797,-0.59790736,0.0057499423,0.14084688
0.29629913,-1.115461,1.3307925,1.3743794,1.5055792,-0.81749785,0.8653874
-0.39888158,-1.5356095,-0.9401541,0.5686369,0.18326077,-0.7226893,0.018844372
0.75970525,-0.3546168,0.96636486,-1.7401248,0.6168338,-0.40931344,0.05059936
-0.60885215,0.8647868,1.0474135,-1.7485381,-0.11315953,-0.46350902,0.28673482
-1.0676361,1.2508136,-1.642961,-0.8881694,-0.48434538,-0.5035306,0.47616228
1.3042578,0.4486439,-1.3175993,0.6550905,-0.63754874,0.22064614,0.11570284
-0.7359949,-0.14533684,0.74133873,1.5736597,-1.4952885,-0.090207785,0.3407497
-0.29811853,-0.09186764,0.15783103,-0.2846559,1.2513323,-0.7893925,0.14257012
-1.6662292,-0.70688856,-1.1639096,1.0179259,0.90511435,1.1052574,0.093388885
1.1998559,-0.15116167,-1.3567581,-0.9502005,1.5605208,1.2957423,0.05969829
1.3520478,-0.1148165,1.2408141,-0.37451077,-1.7127447,-0.217122,0.16578247
0.67485124,1.5050474,0.18675648,-0.28336093,1.6980864,-0.2726421,0.33879644
-1.1537846,1.03722,-0.0047378535,-1.7035708,1.1424923,-1.635812,0.4320735
-1.6526843,-1.4020538,-1.6618863,-0.005341133,0.46021476,-1.2133318,0.0098118745
-1.3516884,0.014114319,1.5065479,0.44480363,-0.7543542,-0.024199385,0.32631874
1.3314928,-1.076069,-1.1367283,1.0431082,1.2094574,-0.27589908,0.03749497
0.8740516,-0.2726501,0.764646,-1.3568441,1.0980234,0.56229997,0.060666706
1.4964992,-1.3924482,-0.20753036,-0.536794,1.4776528,-0.80809283,0.03326257
0.9494278,0.46452227,0.055051435,0.051060524,-1.4403565,-0.30447122,0.1821701
0.48305938,-1.2627084,0.8426887,0.1696544,0.25139445,0.31417817,0.15774713
0.030285178,1.7449458,-0.45862925,0.2782109,0.6115191,1.7575085,0.4314922
-1.2626905,1.3364509,-0.48295242,-1.3032075,-1.7138817,1.419557,0.56735545
-1.4284927,-1.2051027,1.3687375,1.33218,1.6081393,-1.086229,0.43312898
-1.5638273,-1.6507229,-1.3175114,-1.5822146,1.0685654,-0.089669324,0.0007898685
0.7522076,0.07552627,0.76365143,-0.61671555,-1.4012597,-0.22918627,0.13120444
-0.7984573,-0.48464695,-0.44433683,0.8502044,-1.4972428,-0.0006443354,0.10918566
-0.29947197,0.5236887,-0.57502,-0.44710088,0.058970094,0.777444,0.19996399
-0.9440583,-1.1849529,1.1492165,-0.8503825,1.3763266,-0.64299655,0.039791215
-0.2666978,0.72752285,0.28912953,-1.726036,0.49086875,-0.31494573,0.22301514
-1.1650841,-1.5138975,-1.6005489,1.1805803,0.23170476,-1.6635133,0.0038106095
-1.0782458,-0.9223678,1.5344336,-0.05335011,-0.12371803,-0.5614006,0.13696498
0.6184667,-0.9187263,-0.8534812,0.82365245,-1.7309948,-1.6464626,0.045027815
-0.46471876,0.85877687,1.4843711,0.26240674,1.0299182,0.6688783,0.46396756
1.1104199,-0.039263785,-0.54016346,-1.3046708,1.0921023,-1.2804408,0.07111441
-0.505387,-1.6851685,1.6743174,-0.6274663,-1.2283636,-0.8023412,0.054446697
-1.2162931,-0.99869037,0.5059185,1.2227182,-0.3303973,-1.203092,0.19372785
-0.2567347,-0.80794,-0.0839351,-0.8640346,1.6706915,1.3738534,0.041654002
-0.7877434,-1.626718,0.6549352,-0.81379914,-0.67487544,-0.45440644,0.017354885
-0.47978085,0.23227225,-0.054364476,0.93704724,-1.1997179,1.5622241,0.23221737
-1.5924988,0.6342045,-0.85310453,-0.76634157,0.9782869,-0.8071423,0.43073356
1.0107789,-0.31620196,0.93890244,0.268836,0.7877317,1.3680037,0.25839657
-1.1519423,-0.69379574,1.1134837,-0.85785705,1.4789922,-0.28626442,0.08211416
0.9128246,-0.003846078,-0.21618168,0.5196695,-0.7567665,-1.2482599,0.16047885
0.8287174,-1.3915918,1.6151803,0.1620998,0.40912643,1.5053892,0.27194202
1.2776399,-1.0652089,0.10817656,-1.3915635,0.4049574,-1.1252819,0.013623456
-1.273965,-0.03332183,-0.90958107,-1.3303372,1.3963447,-0.965242,0.17722048
1.2858452,1.5709202,-0.93723416,0.6235818,0.95809186,1.0053822,0.27772185
-0.7670827,-0.5345721,1.1550788,-0.5825974,0.39499176,-0.10712869,0.108588755
0.68625486,0.8794959,-0.6969321,0.93601,-0.25508696,0.028457457,0.23432824
1.6646163,-0.6860589,1.0842539,0.075896464,-0.32031575,1.7747881,0.22297485
-0.19575205,-0.46184018,-1.6699249,-0.60771275,-0.9454777,-1.3217653,0.05883836
0.033831697,-1.6691749,0.058249466,-0.31630433,0.71623826,-0.571729,0.037122842
-0.3493817,1.465473,-1.1880763,-0.8048712,1.4631081,0.76047873,0.38903022
-1.3909671,1.721189,0.6085287,0.8417509,-0.8912695,-0.2792076,0.87370634
0.8737022,-0.030147374,1.394404,1.3618213,-1.1941307,0.08414684,0.6653802
-1.6626359,1.1254717,0.6751728,-0.068431824,1.2768508,-0.53163105,0.7023865
1.1163732,1.4469103,-0.5916775,-1.1329068,0.22088078,-0.2139097,0.243972
1.3358414,0.8813588,-1.6127403,1.2328491,-0.8273366,1.4393982,0.1553268
1.6759692,0.9135811,-0.8149901,1.3973854,1.1089582,-0.26763105,0.23971684
-0.359111,-1.6692562,-1.0143229,1.1683791,-1.4215554,0.7524263,0.017026098
-1.3679868,-1.6475656,1.6397457,-0.045794882,-0.86185366,1.3635985,0.07871056
0.4343832,-1.3445106,-0.9247155,0.4121051,-0.5676858,1.3976699,0.021167357
0.9986131,0.55752575,0.663389,0.07385548,-0.06672848,0.8772826,0.25736952
-1.6670982,-1.5160582,1.3783281,-0.67338794,0.3572581,1.2471361,0.026290044
-0.3437894,-1.3371236,0.6184845,-1.7323495,0.8159326,-0.39513725,0.006489624
-0.9853086,-0.8465431,-1.5086124,-0.22645958,-0.61585605,0.19311617,0.041788783
-0.103489965,-1.6159003,-0.19610888,0.73600173,-0.17939273,-0.68926686,0.08111468
-0.80060244,0.009203512,-0.5108759,0.9976552,-0.9141275,-1.6274838,0.18878025
-0.65688103,0.26083165,1.1060826,0.3982588,-1.1494384,1.5143486,0.30250406
-0.49961728,-1.0234805,-0.16210374,0.77677876,0.3659361,-1.6035352,0.1221048
-1.5895853,1.1596199,-0.091557816,1.0716426,1.2643802,-1.0383998,0.71308655
1.4603356,-0.6615766,1.5274718,-0.34981072,1.4816655,-0.5634251,0.21300697
1.4910339,-0.48882905,0.40791646,1.1185596,-1.3621656,-1.5319054,0.31975088
-0.22302893,1.3481988,0.7955158,-0.050835285,0.8072399,-1.2913128,0.4545322
-0.1489911,1.5184087,-0.5540202,-0.62884915,-0.54550374,-0.85253155,0.37864345
-0.6557656,-0.19514716,1.1226829,-0.6881367,-0.09786122,0.26006776,0.13725424
-1.5082203,-1.2570746,0.24610049,-1.0255569,-0.08384539,-1.4618231,0.022132758
-1.6289239,-0.876414,-0.34606385,-1.3506879,1.483033,-1.1920711,0.06031007
0.6872697,0.2310264,0.3301728,0.38306332,1.4383749,-0.9591775,0.2780195
-0.8984871,1.0388895,-1.3533598,1.5888376,-1.4127879,-1.2495914,0.38018256
-1.0600946,0.8833433,0.062240552,0.23225057,0.36365685,0.46195403,0.4070789
-0.087230444,-0.77062476,0.7870257,0.22009961,1.0003532,0.11349264,0.17078796
-0.5264036,-1.657594,-1.6097767,-0.6652656,0.4526439,0.43545437,0.00042931625
-0.5100581,-1.5339643,-0.91357666,-0.69832236,-0.051717523,1.6196803,0.004668575
0.10249185,-0.5533189,1.0755157,-0.5581832,-0.828511,-0.70469064,0.100147426
-0.31817615,0.028916629,0.038028587,0.58615565,-1.2325599,-0.5955431,0.18869326
-0.5458681,-0.78399336,-0.059459124,0.2847326,-1.7148532,0.60817045,0.07811172
-0.7775101,-1.3852949,0.17439857,-0.6518619,-0.045161165,1.576142,0.020776464
-1.3545275,0.1923782,-0.77207005,0.3255723,-0.6792827,0.60843927,0.24854328
1.491337,-1.3906394,1.4198331,-0.31752586,0.39676705,-0.09389293,0.1650107
-0.64210284,-1.3451864,-0.17129353,-0.13257423,-0.74318445,0.61826754,0.029889967
0.50353336,-1.4244523,-0.6265269,1.2158365,1.4257221,-1.6537923,0.1382958
-0.55043834,-0.47024825,0.90347546,-0.7373645,-1.2325517,-1.1317326,0.09306885
0.1871101,1.5619073,-1.431025,1.6044639,1.5238713,-0.67458624,0.34667927
1.6528798,0.69508904,-0.3178522,-0.96338147,-0.6977347,-1.5154489,0.13337612
0.8406675,-0.20192298,0.17223303,1.5930257,0.25583866,-1.2552366,0.46749187
-1.445419,0.3691853,-0.5341469,0.63740504,-0.64618635,-1.2792498,0.32522678
0.7307486,0.7079235,0.9341695,0.6822607,0.71772623,0.55277115,0.46145776
1.6820604,0.017088968,-1.4682249,-0.41127244,1.3539969,0.5803215,0.0654162
0.50026745,-1.4132344,-0.49626395,-0.48721522,1.6064181,0.013025391,0.01881912
1.2018437,-1.0779048,-0.7230657,-1.2834842,-1.210126,-0.3461228,0.011862311
1.7451745,-1.1892463,1.5889158,-1.6782191,1.1763037,0.10157423,0.006853216
-0.21675962,-0.03787479,0.6847485,1.2003719,1.132911,1.1029476,0.38851064
0.40462857,-1.6048373,-1.2826035,1.6686133,-1.4316312,-1.2513267,0.013057014
-1.1499282,-0.31328547,0.66495466,0.48313552,0.6878184,1.2871693,0.20581684
-0.3077813,-0.63697577,-0.037372146,-0.69304246,0.32292566,0.80924004,0.05947268
1.3226806,1.7346445,1.5718942,0.36665937,0.93815875,-0.5507014,0.7268591
0.93009645,1.4379003,0.9472447,-0.07937076,1.5045204,1.2718433,0.39426428
-1.0427197,1.02949,-1.0043763,-1.5141453,0.027960291,0.053367626,0.4029474
-1.3339587,0.10557038,1.5305965,-1.403917,-0.6521785,-0.7401244,0.21792446
-1.1298261,-0.5632075,-0.30823392,0.58799684,-0.7915565,1.618013,0.1084206
-1.6525772,0.45591167,-0.3921719,-0.5209719,0.21184961,0.5674894,0.39160937
-1.2818654,-1.2096288,0.5128358,-0.42705736,-0.26554787,1.3638648,0.040191013
-0.37877634,-0.74407744,1.7060546,-1.0604652,-1.2509849,-0.41590953,0.06002589
1.2095122,-0.34685034,0.517477,0.7507703,0.036641385,-1.4316051,0.35629967
0.3354387,-0.4068332,-1.6587054,-0.8899235,0.97922206,1.4458619,0.053202204
-1.262862,-1.6610018,-0.54940856,-0.56848013,0.045743715,0.15515332,0.005690019
-1.3345425,0.7067297,1.598973,0.9138846,1.0762546,0.87859005,0.62388873
0.90396774,1.4566647,-0.60649854,1.653513,-0.6653494,-0.39480665,0.3615377
-1.2339885,-0.9642763,-0.82752335,1.5323517,1.3454865,0.87523824,0.06810842
-0.16491471,0.48143324,-1.3704416,0.66859514,0.40064543,-1.3157958,0.17882878
0.8733633,-0.19735469,-0.9493711,0.047239162,-0.593175,0.115991674,0.07296758
-0.7499636,-0.057382643,-0.9403198,1.289601,0.8227218,1.3719012,0.15265739
-0.14065136,0.10945739,0.40940264,1.519599,0.8393585,-0.4109837,0.45201433
-0.102767795,1.532548,0.6855051,0.76452273,-0.75357586,1.5446606,0.53648293
-0.36032322,0.24273674,1.638814,0.49562755,-0.32638508,0.6927094,0.4013993
-0.8261251,-1.1070685,1.1266253,0.40397614,0.88147676,0.9099025,0.16759884
-1.4881991,-0.6264853,0.024451807,0.16215688,-1.5366317,1.7688121,0.111223824
-1.3451058,0.86693895,0.92565006,1.130775,0.64771307,-0.36724693,0.6321205
-0.87509006,0.5562386,0.981131,0.47639996,0.36774358,-0.34902576,0.4005938
1.7106422,0.04104988,-1.4828734,-1.4772446,-1.191187,1.1455905,0.06582487
-0.78475916,-0.22552918,0.8660294,-1.0392756,-0.22496232,-0.82303137,0.117697865
-1.1094412,-0.67818266,-1.1762584,-1.5899931,0.49485788,-1.2241637,0.062528886
0.46463388,-0.6180583,1.3258406,-0.53582835,1.192106,1.1858622,0.11680378
0.5218431,-0.9218676,-0.7482286,0.07428382,1.253804,-1.4586799,0.047482897
0.99083245,0.2953284,0.35555756,-0.74998105,-1.1278973,-0.7667161,0.1284888
1.3563291,0.50128555,-0.019217065,-1.6100307,-1.1367638,0.4751159,0.11303096
1.0062721,1.3550122,0.7961839,-1.1427715,0.80669016,0.31024238,0.24864604
-1.6605401,-0.39091495,0.26630437,0.72400856,1.6956233,-0.9967852,0.22908686
0.1999022,0.13287134,-1.247265,-0.13660966,1.4661547,-0.38403687,0.11279852
1.0904578,1.1446971,0.6950668,-0.30526695,0.66983384,1.1682711,0.28383118
-0.11203583,0.7726816,1.0125886,0.26650608,1.6291343,-1.0691805,0.4371779
-0.96778154,0.2330484,-0.8956811,-0.3808819,-0.80606055,1.0497817,0.20083909
1.6891167,0.5478301,-1.1155038,-0.95992184,-0.060605317,-0.13095228,0.1104306
-0.5970479,0.09821844,-1.1708754,-0.81056535,-1.4231397,-0.56610227,0.14359376
-0.9334475,-1.5034084,-0.83690524,-0.7215794,-1.0735737,-1.5976002,0.0057051606
-1.5056235,0.07470479,-0.2175515,-1.6384009,-1.1818926,-0.40017283,0.23500863
0.124084964,-0.37800178,0.12753065,-1.6144559,-1.5813547,1.4811435,0.059748605
0.8103724,1.5956296,-0.013053676,-0.67175525,0.47660825,-0.8954696,0.30917242
0.42841092,1.5960096,-0.45536464,0.6366851,0.43535164,-1.3218664,0.39474767
0.3877416,0.35612038,1.0652701,1.6823658,0.68503684,-0.08053145,0.8386988
-1.2590417,1.580473,0.08986376,-0.061352298,1.1351976,1.2844579,0.6855184
-1.5613102,-0.899918,-0.9985774,1.1704369,-1.3899554,-0.4157317,0.06274974
0.077480316,1.53711,-0.45564094,0.55929446,-0.5110593,1.7552488,0.38802955
1.61763,1.5226933,-1.0110893,-1.396226,1.3500285,1.7256052,0.22430003
1.0407999,-0.060461186,-0.607072,-0.88239145,-1.5430468,1.6440307,0.07425689
-0.9556478,-1.4060776,-1.6216642,-0.49044442,1.2045993,-0.9373599,0.006053507
-0.1764218,-0.56131226,0.29927558,-1.4444009,0.52125806,-1.1799786,0.05140804
-1.2225217,-0.4640049,-1.3322129,0.2285986,-1.4164573,-1.5708569,0.09780578
-0.7837408,0.035913028,0.66358155,0.39772683,0.36170375,-0.28249103,0.25501847
0.35906228,-1.5894312,1.1760583,-1.3668869,0.043971933,-1.0748502,0.0072090835
0.98502606,0.33311778,-1.2791066,-0.37955737,0.32259375,0.8629129,0.108330056
1.4738762,-0.7253932,-0.9076515,-1.5447714,-0.5081127,0.21124524,0.022975069
-1.5341299,-0.44395828,-1.3585001,1.7133505,0.77169454,1.4305531,0.12751806
1.198727,-0.90251195,0.45758548,1.0118043,1.3341739,-1.5543501,0.5231023
-1.167594,-0.36489406,0.33151603,-0.66887414,1.1944607,-1.4028382,0.1256406
0.69210726,-1.6282947,-0.8877489,1.4771599,-0.17770861,-0.2679906,0.053808954
1.5046645,-0.92658955,1.0369595,-1.1003458,-1.6034489,0.5119847,0.03595807
0.07133694,0.16902763,0.71200097,1.4452454,1.6824847,1.5152552,0.51511866
1.6141421,1.1605188,-1.5533403,-0.68209314,0.4699438,-0.09022074,0.17748855
-1.4203621,1.6067847,-0.09439352,0.492539,1.5242922,1.5371825,0.7831046
-0.61070824,-1.3249946,-0.74057597,1.1912566,0.6117244,-0.4147841,0.051193975
1.051705,0.74615,-0.29884383,0.79337776,0.016821723,-0.19006433,0.2519347
-0.32808888,-0.9856191,0.95573276,0.40605104,0.919538,-0.61311215,0.21204153
-0.30540976,-1.3543993,-0.18573894,-0.21446168,0.95681494,-0.68241626,0.035137314
-0.67070127,-0.07069794,-1.1942066,-0.0016204995,-0.123603955,-0.60231894,0.125312
1.2343636,-1.0031388,1.2076632,1.4670482,0.2533034,-1.4446383,1.052621
0.89195937,-1.5094906,-1.5713933,-0.58139694,-0.081875786,-0.15812962,0.0016803766
0.5990721,-1.6385262,-0.59100115,-0.57731646,1.1740597,-0.53008926,0.012136994
-0.92073536,-1.1716324,0.66108686,0.20732383,0.77617174,-1.0682491,0.113615796
-1.3509489,1.4535902,1.5177091,-0.8562227,-0.30016273,-1.2318511,0.66874623
0.23343962,0.98873943,1.6665919,-0.6703536,1.6009727,-1.6179488,0.32596096
0.55744106,-0.69010246,-0.40456113,0.12118234,1.6465613,-0.33389726,0.07756468
-0.74806863,-1.1715838,0.5724018,1.2904598,1.3941195,-1.3574313,0.36078912
-0.4347525,-1.3475062,-1.5098593,0.5513012,0.29843405,1.6143926,0.0074188816
1.210357,-1.0328487,-0.33525148,-1.0864623,0.09421287,-0.41082653,0.017633235
0.18435173,-0.7176582,-0.5353738,1.0332441,-0.91524893,0.5210688,0.089619674
0.124859974,1.0642368,0.48679933,-0.6533618,1.2498641,-1.1888114,0.28594384
-0.37671494,0.5830033,-1.1266645,0.43304896,-1.2549622,0.23180084,0.21336032
-1.5125725,-0.6716602,0.37026393,0.08777875,-1.5031208,-1.5754621,0.114285916
-1.5722817,1.2188927,0.88671535,1.2247214,0.51050586,0.8357171,0.8095904
-0.77614814,-1.0869203,1.3380919,-0.40191862,-1.6303602,0.8740025,0.073733695
-0.82834566,-1.4275193,-0.29145133,-0.71936095,0.5400669,-1.6308448,0.014028567
0.58374935,0.39108536,1.5687674,-0.36001977,-0.84503275,0.81120396,0.24107961
-0.45423716,-0.96397257,-1.6242436,0.0013758217,-0.03337713,0.27564403,0.02450153
-0.62666214,0.50768775,-0.48781174,-0.8331657,-0.6783074,-1.0285722,0.2203218
1.6892717,1.4984859,0.65043676,1.1780943,1.3876631,-0.739367,0.8293997
0.6470781,-0.82577235,0.43964097,-0.944594,-1.2978247,1.759801,0.0392616
1.2750041,-1.2217458,0.808201,0.26007703,0.30626422,-0.8474567,0.23278295
-0.7866503,0.6695263,-1.14105,-1.34648,0.012906432,1.572493,0.26717803
-0.65636307,-1.5832616,1.0569787,-0.22982675,-1.658205,0.40387946,0.06074263
0.6801772,1.5776112,-1.6134514,-0.3882328,1.3264339,0.8495495,0.29347923
-1.100394,-0.82462937,-1.1790261,-0.70849746,0.33062053,-0.8182988,0.0474062
-1.0787424,0.8580171,-0.117782936,0.8925955,-1.4001349,0.6186654,0.412308
-0.036036536,-1.3931588,-1.6701196,-1.5635936,-1.7290708,0.42830437,0.004321027
-0.582809,-1.184872,-1.6340764,0.16758591,0.753561,1.438244,0.013487838
-1.2440066,0.20077093,-1.5261835,-0.17669752,1.408886,-1.6605344,0.22440027
1.0687666,0.63256174,1.3804294,-0.91671544,-0.40595993,-0.57585526,0.1789565
1.4321847,1.3720024,0.37594703,1.3348581,-0.5228229,0.09799826,0.5518637
0.32655337,1.4792954,-0.5491443,1.0747813,-1.4872288,-1.1902134,0.36439705
-0.2527291,-0.09442441,-0.071548924,0.509908,1.1569216,0.3504228,0.17532343
-1.548196,-0.21952595,-1.4984976,0.01935892,-0.6635498,1.1732345,0.17126848
-0.5801878,0.29786378,-1.6236331,0.9472458,-0.80700225,1.1001402,0.17402446
0.4856316,-0.4021434,-1.1991298,-0.77650386,0.6468058,-0.8396432,0.052715186
0.8592829,0.06676392,-1.6631294,-1.4262211,1.5017537,0.75598186,0.08334633
-0.1705812,-1.6605548,1.1294501,1.6505144,0.78927803,-1.207359,0.7690547
-0.6337765,-1.4384694,-0.6021656,-0.66387653,0.4874803,1.1331017,0.009712622
1.0068781,1.2133135,-0.46473712,0.33363262,1.519961,-1.362955,0.28845865
-1.3245114,-1.021995,-1.4805036,0.020256555,0.061972987,-1.517788,0.033685435
1.1356945,1.3932887,0.28362462,1.4462491,0.25606743,0.6568028,0.56741154
-0.62103474,0.20004748,-0.25871503,1.7113825,-0.13806309,-0.1089459,0.2804313
0.07351221,0.43569002,-1.1706234,-1.1816909,-1.0959243,0.48238802,0.15368229
-0.29320842,1.6070133,1.1006678,-0.03289707,0.30626795,1.668851,0.51780945
0.25596488,-0.9724048,1.4473008,-1.4209882,-0.9102517,1.7165021,0.023518998
-0.4733339,-0.2710955,-1.2255898,1.106203,0.9897861,1.0328716,0.09654921
1.2995034,0.3187581,0.97252846,1.6421587,-1.2052432,-1.5187104,0.7626439
0.0023756623,0.6083303,-0.2799215,-0.67758906,-1.4260787,-0.21226454,0.19340421
1.3916007,-1.7066228,-0.017156389,0.30006334,-0.34596628,0.24442258,0.09262469
1.7031375,0.6325859,0.7303881,-0.39640623,1.2738644,-1.6342564,0.24241467
-0.791952,-1.0314482,-0.31418267,-0.43471476,-1.3263899,1.5054405,0.034654807
-1.2093037,0.23808786,1.4588702,1.3632523,-0.5631143,1.193088,0.511909
1.4289798,1.1979736,1.056177,-1.6264229,-0.14421369,-0.74649084,0.1905153
1.3967925,-0.16855267,-1.1162344,-0.25197515,-0.7683921,-0.3072049,0.060993806
-1.2679286,-0.048865445,-1.0465305,-0.021507865,0.8058685,-0.9513593,0.17771779
-0.085990325,-0.12471367,-1.7032678,-1.5446091,1.4999505,0.7219807,0.08977935
-1.651283,1.4760324,0.54915434,0.69902617,0.92497814,0.35396594,0.90136296
-1.362746,1.0074396,-1.293297,1.1426172,-0.37656328,-0.54657274,0.48790267
0.3798065,0.30291227,-1.4410436,-1.3926052,-1.3702403,0.9821803,0.12233886
0.5053506,-1.0527327,-1.1022062,0.6569108,-1.4403698,-0.32016218,0.025528515
0.4122527,-0.9492469,-1.6996112,-0.12664632,-0.425996,0.24108538,0.018530918
-0.42160589,1.4092562,-1.3999184,1.6111109,-0.5567597,1.2558069,0.3907781
1.6361341,1.2734529,1.5315845,-1.6494045,-1.3239671,-0.7601862,0.19102481
0.2934066,1.026244,0.95879215,1.4586024,0.41631752,-1.54503,0.94563645
-0.9691691,-1.3659495,1.5213807,-0.6589489,-0.6673254,0.99102396,0.045056622
-0.050356213,1.3779842,-0.8343723,1.4481792,0.49019748,-1.0788212,0.38810202
0.4607605,-0.16146916,-0.70563275,-0.89942396,-0.9305332,0.7105586,0.075365506
0.65029854,1.3039756,-0.60377526,0.27947444,-0.16754742,-0.46669433,0.2835681
-1.1706748,1.5360111,0.032620773,0.39034408,-0.53239846,1.2192208,0.6463477
0.6926624,0.19981387,-1.2341564,1.0619774,1.0512964,-0.011170962,0.11588397
-0.8327552,-0.72579235,0.2509473,0.7988175,-1.59092,-0.73499495,0.12869492
-1.3840019,1.6629536,-1.1020888,0.9552426,-0.6939987,-1.1688854,0.75921607
-0.89359784,-0.91065973,0.2705652,-0.37961882,0.35791326,1.220425,0.059059624
1.708182,1.157242,1.5728759,-1.3870729,-0.4991482,-1.0305629,0.18351908
1.5194981,-1.6814035,0.2892567,0.005753549,-0.0412401,0.54652184,0.09678907
1.5894706,-0.5469043,1.2523513,1.5681484,1.1579006,1.3813647,0.97575116
1.058178,-1.5281677,-1.2246099,1.4863906,0.23609182,-1.338578,0.028955838
1.3482845,-0.78293806,-0.2434057,-1.0352545,0.20169523,-1.4010614,0.029339291
-0.18338208,0.75442123,-1.0618495,1.1791348,0.49391785,0.23176554,0.2418091
-0.90052235,-1.2546977,-0.19155762,0.7659345,-0.94262916,-0.6261188,0.06308312
0.9077245,-1.5157543,-0.6844058,-0.3283434,-0.7027105,-1.2185551,0.015930248
-0.8453301,1.2657319,-0.9764749,0.9326505,0.8172889,1.2018234,0.44279462
-1.11519,0.94668275,-1.6605558,-0.086750805,0.23922859,-1.5588601,0.39537942
-0.5028471,-0.012421415,-0.6380092,0.19686908,1.1172049,-0.73608595,0.1447704
0.40859804,-1.2343322,0.22915506,-1.1512649,-0.23255403,-1.3860492,0.015257955
0.93380064,-0.45961943,-0.3031913,-0.22805506,1.6139652,0.5132682,0.07581423
-0.6218169,-0.5632211,-1.6011161,1.684028,1.0217946,0.20441231,0.060507264
-0.96655375,1.0941691,1.2896937,1.0604385,-0.49639615,0.7783497,0.6456404
0.2794817,-0.5690418,1.2730423,-1.4165694,-0.89597094,0.7810478,0.046673726
-0.96804684,-0.5002529,-1.0368037,-0.1126606,0.33782193,0.047942746,0.08277797
-1.0741909,-1.2411958,0.17372246,1.0907788,-1.45521,-0.4661054,0.09644867
0.944919,-0.822396,1.1399245,-0.756868,-0.80410683,1.5886284,0.069667175
-0.24217357,0.96011305,-1.6325634,-0.23170991,0.5184965,0.12694015,0.26432264
1.6209902,1.141169,-1.5190835,0.85102594,0.13930513,0.46778667,0.17699113
1.7226036,0.26262593,0.95240057,1.4437914,0.77149814,-1.373534,1.1247774
0.56230956,-0.6537476,-0.034965124,1.5597391,-0.7354403,-1.6452852,0.28086358
0.63990426,1.697884,0.5461855,-1.2677994,1.4446305,-0.7924578,0.3257943
0.4437758,0.354341,-0.7154321,-1.6492327,-0.96319866,-0.85414404,0.12601793
0.074124604,-0.6727593,0.31058136,1.211745,-0.89830506,0.5573719,0.22035034
-0.0781179,-0.6033924,1.1386046,-0.14877778,1.1461108,-0.71618515,0.16953471
0.070823096,-0.23956816,-0.4212739,1.552051,-0.34548643,0.23595828,0.17824498
0.69031197,0.84153384,-0.55590373,1.2171234,0.48341194,1.6622587,0.25969484
1.648523,0.65080655,-1.6369289,-0.69173056,-0.31903058,-0.4568892,0.11979393
-0.39920598,1.2832065,-0.2660586,0.48266375,-1.2354504,0.4979745,0.39393377
-0.68090457,-0.07249663,1.0877903,0.56932545,-0.08084601,0.07607762,0.29655534
-0.36993647,1.4630219,-1.6246953,-0.6353841,0.77343845,1.1963208,0.39062437
-0.7849478,-0.70830756,-0.13365594,1.5444467,1.154587,0.81346864,0.17764184
0.340014,-0.8040249,1.251476,0.12797375,1.3083992,-0.025784168,0.23619476
1.3327813,-0.6433587,-0.4913176,-0.58145654,-0.07256077,1.003571,0.04184065
1.393974,-1.6449903,-0.6357335,-1.5991441,1.2417338,-0.03344947,0.00043627186
0.83791673,-1.1489059,-0.51918066,1.374167,0.4765082,-0.24008125,0.12850097
-1.2203653,-1.5863035,-0.6970517,-1.7348202,0.052413117,-0.6213348,0.0016209144
-0.8772311,-0.09721689,0.20470224,1.3061967,0.02106645,-1.3602684,0.30595246
-0.3312642,0.023429278,-1.6551667,-0.6220451,-0.17674278,1.5037782,0.117387794
-0.2703155,-0.4501221,0.6556295,-0.3320202,0.48256844,-1.0444233,0.12094907
0.18880904,-1.1963431,-0.43486154,0.2199815,-0.101024605,-1.5988253,0.05389893
-1.533898,1.6042156,-0.21968633,1.6911345,1.1012374,-0.7232297,0.9092032
0.58321714,-0.57653075,-0.11685675,-1.1565297,-0.2751913,0.4052004,0.042625263
-1.2667657,0.84585655,0.9588765,-1.2465962,-0.97255,-0.1026131,0.40648666
-1.0426434,1.2329403,-1.0681826,1.0284863,0.49126482,0.8444679,0.47570723
-1.3847632,-1.1505201,-1.5644143,-0.8570583,-0.9812546,1.0486234,0.023469396
1.5478508,-0.21328616,-1.2437501,-0.65287906,1.0630172,1.0749533,0.052368887
-1.583791,1.0244082,-1.261346,0.98860705,1.4016463,-1.4005891,0.5830274
1.3464193,1.7134978,-0.8374433,-0.733576,0.26616922,0.7620012,0.27267247
-0.010747969,-0.2152897,1.3560777,1.0190341,-0.35875574,0.9134418,0.45150527
-0.15315357,1.2826126,-1.3301139,-0.69106746,-0.08976619,-0.907494,0.32055795
1.1244313,-1.3750148,-1.0109056,1.3201743,0.7988041,0.06320663,0.046731554
-0.11203939,-1.1371087,-1.4015689,1.714,-1.3335412,0.31479272,0.01844353
1.1273172,1.4546454,-0.86406493,0.22558883,-0.4748208,0.27231786,0.2612199
1.2924213,-0.15986294,-0.049169056,-0.59199214,-1.0659195,0.9856225,0.081635624
-1.4481925,1.7461809,-1.0485977,0.96158516,-1.5768095,1.5275124,0.8319859
0.7098763,0.13485809,0.017225413,0.470555,-1.2497627,1.7208616,0.1775894
0.37229103,-0.7233112,0.5796907,-0.006861528,-1.1234665,0.44317675,0.1142644
0.41747242,1.678913,-0.293257,1.5334935,1.3059685,1.0692039,0.49909517
0.29859677,1.5464587,0.7403728,-0.114747085,1.0460703,0.79644656,0.41901484
0.5182618,0.17022668,0.39332193,0.5954677,-1.1864005,-0.8836185,0.24427399
-0.7814043,-1.060462,1.6588006,-0.5311139,-1.3772147,1.2149365,0.07587462
-0.17320544,-0.06939794,-0.08865268,-0.32916966,1.5380518,-0.0684421,0.12795255
1.683571,-0.8398774,1.4882778,-0.08907556,0.3991218,0.76269984,0.2501173
1.2042977,1.2897571,1.2850794,0.102347314,0.78524375,-1.0964597,0.5027321
-0.01755384,0.08838906,0.8204186,0.7443584,0.25861156,1.4425929,0.32302374
-1.5727528,0.37747812,0.9714173,1.2944008,-0.6582004,0.44194406,0.48967385
0.12263707,1.0745816,-1.1515764,1.0492228,-0.9465106,0.44788754,0.26432595
-1.1257094,0.5900194,-1.1516517,-0.74414265,0.9193926,-1.4883125,0.30082363
1.4477352,-1.0922605,0.7327845,1.5407492,-1.7210504,-0.095949456,0.43719688
-0.99845314,1.4694154,0.6229233,1.1575316,-1.4515631,-0.55176395,0.66593385
-0.07720355,1.0884546,1.5495747,0.611059,0.5109364,1.6924877,0.57937294
-0.3351069,-1.0800593,-0.22463842,0.17495438,-0.46542224,-1.5332754,0.059849918
0.35364655,1.3380362,-0.31677914,-0.99630314,0.31937838,-0.3732588,0.28472343
1.6679109,0.50632334,1.1769124,-1.0499184,0.9112994,-0.80555075,0.1385123
0.21080568,-0.33974352,0.054552704,-0.005694396,-1.0060558,-1.2026566,0.11219191
1.0446626,-1.2522949,1.6120923,-1.3049237,-0.98571116,0.72197247,0.019242458
1.3840606,-0.28529483,-0.87731236,0.5942563,-1.075952,-1.1428254,0.076991715
1.4376073,-1.7193505,-0.5646603,-1.5893189,-1.5256835,0.8747588,0.00024899028
-0.54765767,1.0117207,0.07330196,-1.5615153,-0.12875882,0.26301208,0.31161907
-0.3380591,1.2819617,0.9154245,-0.79368365,1.4578104,-0.8635353,0.37471628
0.87720686,-0.50004596,-1.5071727,0.9839071,-0.117391266,-0.14259718,0.041839413
-0.4228167,1.6390072,-0.48187017,1.3441113,0.9373996,0.205232,0.5261651
0.8536561,-0.6451087,1.2468446,-1.4727058,-0.87220794,-0.71825504,0.034831043
-0.32912204,0.30833352,0.35681802,-1.1101023,0.16006753,-1.0597051,0.16549085
-1.1210227,-1.2201297,1.2137524,0.37050864,-1.3110098,-0.9227207,0.12553146
0.748214,-0.06760471,-0.5829291,-0.33061457,-0.12600924,0.47332653,0.089826636
0.3112156,0.71852374,-1.0840194,-1.4362352,0.36812004,-1.4736416,0.18078251
0.815049,0.76518816,-1.1739231,0.46758825,-0.75202256,1.1470554,0.17050034
1.7582617,-0.052206546,-0.9669257,-1.4585625,1.5771189,1.194007,0.058872882
1.2230424,-0.8809798,-1.2921304,0.09419311,0.4769441,1.6498333,0.021947203
1.6798873,1.2374743,0.85052174,0.69286644,0.8539148,1.5224066,0.53167754
0.13933514,1.1724732,0.46087548,1.5859786,1.7105583,-0.9200641,0.7851215
-1.4344181,0.28937533,-1.1002429,-1.4951074,0.72191876,-0.6978902,0.2783759
-1.1611098,-0.80283254,1.5739055,1.2811267,-0.14757304,1.3244206,0.36059278
-1.0227144,0.3801262,0.48821726,0.22703208,0.8148333,-0.16959862,0.30581486
-1.4706486,0.011539074,0.6384825,1.4961973,1.6936218,-1.2223519,0.49601075
-0.8161621,1.6153328,-0.7248787,1.693449,-1.6775892,-0.77611345,0.5604452
-1.5383697,0.26774138,1.1885974,-0.44711018,-0.33787885,1.2724231,0.32513213
-1.5418962,0.14262621,-1.2128916,-0.28461102,0.82868594,-0.9316108,0.26137483
-0.98203444,0.12718587,1.2514627,-0.43380988,-0.43104112,0.66491747,0.22508542
-1.6507794,0.9434936,-0.93459636,1.3501669,-1.4194758,-1.3935437,0.5865882
-1.0100359,-0.014922572,0.72882026,-0.7657194,-1.016169,1.2002281,0.17106166
0.70389056,1.515931,-0.62249625,1.1314143,-0.91102874,0.5318935,0.34196645
1.4836649,0.924093,1.1152867,0.69918275,0.705792,1.2513101,0.56158316
-0.46517757,-1.3235358,-1.4418894,1.6169662,1.0900774,0.11396493,0.012370446
-0.45383775,0.0068110735,-0.33593598,1.2145151,-0.2085505,0.93532354,0.19627638
0.9667949,-1.4875895,-0.4646892,1.3936807,-1.427561,1.4762926,0.09593592
-0.8025958,-1.3449829,-1.0283346,-1.4404855,0.23424412,-0.16401604,0.0078054154
-0.76722205,0.34890634,-0.84487534,-0.92760056,0.4721653,-1.2561427,0.20111094
1.1083294,0.40247396,-0.483054,-1.2453885,-0.6643603,-1.1691438,0.11199335
-1.4535172,-0.14724402,0.17721687,0.8470997,0.58506095,1.0718347,0.24047595
0.2577487,1.6802281,1.21861,0.3385632,-0.7185008,-1.0513376,0.57288194
1.5686262,-0.938991,-0.28327253,0.64692926,0.5709195,-1.4636177,0.15553668
0.34250766,-0.73101676,1.6831858,0.63680416,1.2264869,-1.4139255,0.656623
0.515528,-0.27512333,-0.8185466,0.05904244,0.8513857,-0.71339893,0.07997185
-0.955918,0.017506003,-0.885459,0.6477075,-0.17515852,0.37660646,0.16957238
0.023389243,-0.14229691,-0.0905581,-0.95520514,1.6504568,-1.5169538,0.09463673
0.14185262,1.5920678,-0.31197616,1.1128253,-0.16379055,-0.74896806,0.45396698
0.46987003,-0.7367574,0.5448018,-1.5080937,-1.5550939,1.7155373,0.030593101
0.71635556,-0.9141016,1.5866014,-1.6086129,1.2322366,-0.24022517,0.019656023
1.5437313,0.15815598,0.5873384,0.5748368,1.5974439,-0.5305538,0.39428926
-1.2675018,1.3291966,-1.4386219,1.6144593,0.77808356,0.8752057,0.56876814
0.098778605,0.42472264,-0.5879527,-0.6491239,1.5049107,-1.3726156,0.16058926
-0.81338704,0.9553309,-0.34226856,1.619937,0.92299783,-1.2996408,0.4789225
-1.3153214,0.34766006,-1.565467,-0.63026756,0.69469386,0.30281943,0.27125397
-0.090768754,1.5073818,0.53029305,-1.3328384,0.9903053,0.6031539,0.36432195
-1.4689065,1.0642972,1.4988382,-0.2841473,-1.3409264,-1.6545831,0.5934899
1.2491636,1.2666712,0.8523848,0.94514066,-0.03227268,1.5788563,0.567036
0.24662267,-0.23030588,-0.034956932,-0.9174768,-0.750864,-0.6206341,0.079900965
-0.88111204,-1.4507728,-0.13173966,1.6126636,0.46439844,0.31979796,0.12743513
0.9472046,-0.8283409,-0.8055292,-0.79028934,-1.5419158,1.2878624,0.025506679
-1.5829095,0.60661644,-0.19180955,-0.78236455,0.0906757,0.7187659,0.42046642
-0.6190443,1.2419837,1.5059361,-0.73698205,0.665369,0.59340835,0.41793764
-0.28839085,-0.68104815,-0.88426924,-1.3358446,-0.65463513,-1.5278196,0.042531297
-1.4163986,1.4635962,0.27394223,1.6040652,-0.70956516,-1.5635695,0.82798856
-1.0480579,0.25987753,-1.2615712,-0.99462724,-1.1339135,0.69990736,0.21184067
-0.23396496,0.013824473,-0.4707807,-0.794992,0.46481267,0.11926712,0.1181395
1.3539939,0.07546771,0.09855645,-0.5400969,-1.4641618,1.1199305,0.105591446
1.7103261,-0.30422089,-1.2983012,1.4461263,-0.3668122,0.9228645,0.05829763
1.1430049,1.6550974,0.46588123,0.79500836,0.084625356,-1.3368046,0.57110703
-0.98129284,0.08330342,-1.4763424,0.62441474,0.48209047,0.37407103,0.17089397
-1.0796331,1.0852226,-0.7028022,-0.47063297,-1.4972055,-1.3060069,0.43272465
1.5502166,-1.4791508,1.1947144,0.8624348,0.3375614,-0.90406376,0.5995102
0.6563694,-0.90027374,1.6107721,0.30034235,-0.69051516,0.5314987,0.29822552
0.092909805,0.2047887,-0.13526663,1.3679593,-0.21308897,-0.042155858,0.2664406
0.28023782,1.4126805,-1.2289615,0.37076387,-1.2743477,-1.0529948,0.30484945
-1.3370793,0.845037,-1.4116533,1.2590346,-1.3707625,0.64299244,0.42286867
-0.5279094,0.34215674,-0.42317173,1.1829729,0.22443466,1.258552,0.24175136
1.7050971,-1.73264,-0.87771565,0.2887999,0.28222254,-1.6499454,0.03406211
-0.37763068,0.03992995,1.3648326,-1.6769903,1.4756186,1.6818433,0.12201106
-0.039247707,-1.1553526,-1.2257435,0.3386271,1.6166339,1.0123634,0.018023193
-1.3829523,-1.4965072,1.0332701,-1.323455,1.2527156,-0.09140188,0.007558312
-0.91633195,0.24758352,0.32573277,0.28369766,0.6588898,-1.6272844,0.28422412
0.011982066,-1.1071182,-0.52351093,-0.20869014,1.1392411,-0.6795035,0.03423029
-1.0226898,1.6048329,1.3996011,1.3660882,0.72735703,0.58418477,0.9532052
-0.16643406,-0.9501357,0.9551906,-1.2597649,-1.6236866,-0.6842296,0.029522514
0.74806917,0.5742208,-0.06102803,-1.4648718,1.2477291,-0.51537764,0.14182933
-1.6375923,1.0402458,-1.1654524,0.75890875,0.19846687,-0.66153985,0.61466736
0.5587039,-1.361583,-0.50662774,1.1311647,-0.4431616,1.5462056,0.077774085
-1.0916669,0.907878,0.55303955,-0.39200556,-0.5262526,1.5228144,0.40590924
-0.7934334,-0.22890806,1.4877809,0.45520318,1.3686707,-1.2981501,0.39487308
0.7083703,0.9191155,-0.58073527,1.3780446,1.1959194,-0.48034528,0.3073661
1.4166104,1.7106379,-0.7149651,0.15819302,-0.17236665,1.625962,0.28903934
-0.42357612,-0.7434814,-1.6796447,-0.499325,-0.65849394,-0.045107614,0.03939735
-0.6599838,-0.7556973,1.0551084,0.98879343,-0.94198245,-0.78974235,0.2732217
-1.5102407,1.4057252,1.6760131,1.5492941,0.98595417,0.26456296,1.0971669
-0.84098107,0.20261222,1.1819669,-0.30889615,-1.0610414,1.4272909,0.2341601
-1.4609839,-0.1687596,-0.9583024,1.1628133,-1.1588266,-0.1659369,0.1822605
-0.34703916,1.3425528,1.2299019,0.13036531,-1.0500836,-1.5820065,0.49833035
0.3986021,-0.84379864,-0.52182096,-0.3776796,0.49081904,-0.5250203,0.04050424
-1.5664573,-0.08010105,0.89734054,-0.16581443,1.3148831,0.918103,0.24762912
1.5509404,1.216154,1.003687,-1.6986914,0.33424163,-0.20149474,0.1868607
1.1277251,0.69489825,-1.4017253,0.8179311,0.63338983,1.280392,0.14569606
-1.638916,-1.1319596,0.42424968,-0.958746,-1.4092163,0.651371,0.035514873
-0.77549005,0.46444377,0.68498504,-1.4920253,-1.2689191,0.07001695,0.22371444
0.60889804,-1.3355252,-1.0338254,-0.25493714,-1.0251284,0.7173962,0.0105522685
-0.30671778,-0.9493111,1.5875688,-0.72129023,-1.118935,-0.17933755,0.07042275
-0.14054213,1.1389264,1.3403736,-1.1187093,-0.7840677,-1.4322056,0.30539852
-0.73050743,-0.46239385,1.4350253,-0.3796583,-1.0607259,-1.4317739,0.14126705
1.4305599,-0.8899497,-0.016434815,-0.19750445,-0.57781875,-1.3096275,0.07209317
-0.91562784,0.13162759,-0.92020625,0.5129294,-1.0828359,-0.22147685,0.18314375
1.4754391,0.4370729,-0.9398626,0.22340474,0.5038224,-1.1994231,0.12706432
0.15827994,-1.0875957,0.60633653,-0.2462061,0.033032842,0.309013,0.078690305
0.39337716,-1.180462,-0.34227574,0.3675332,0.07643563,0.25370026,0.061348822
1.3907954,-1.6982685,1.3646725,-1.1369997,0.72204787,1.3746464,0.024671225
-0.23662944,0.4617447,1.4380141,1.4536875,-1.5696177,0.15233915,0.59522897
-0.93344545,-1.1291684,0.13165179,0.83517873,-0.6890959,0.35045007,0.09622834
-0.23140834,0.14100467,-1.40755,1.0832143,-0.07040344,0.67161393,0.13216412
1.4440526,-0.3869444,0.6810462,-1.5619146,-1.6285245,-0.43560272,0.041867193
-1.2307954,-1.1443634,1.536619,1.1698825,0.907918,-0.80953026,0.40384933
0.4380866,-0.55497843,-0.4324795,0.29229116,-1.3109945,-1.576917,0.07990724
-1.6455393,-1.3465346,-0.90012527,-1.6910396,1.1581329,-1.6346244,0.013043724
0.9501724,-0.92511934,-0.40285417,1.6330445,1.7008885,0.16886468,0.21687175
0.68349653,-0.048049215,0.24522285,-0.050700642,0.34499693,-0.765476,0.15633827
0.12016477,-1.4983438,-1.2757329,0.3183515,-0.85387516,0.5350107,0.0062383013
0.7863634,-1.5372854,0.9166141,1.4209772,1.2096723,0.4859094,0.5965762
0.049088445,1.3256372,0.7334772,1.1044782,-1.1460729,1.407685,0.5378458
1.0002072,0.17250158,-0.6578346,1.5291938,0.07030567,-0.15695675,0.19102848
-1.31628,-0.7718068,-0.63741136,-1.633781,1.0733179,0.047469076,0.059287235
-0.20577703,-0.05170682,-0.81617785,1.7008911,1.6106514,1.2520055,0.16259241
0.81120193,1.3124406,1.3421278,0.40822378,0.11517288,0.34895986,0.5411869
1.762276,-1.461988,1.018082,0.008139933,-0.1429605,0.8487154,0.18810338
0.9244913,-0.926617,0.4874107,-1.3776163,-0.16178608,-0.8818815,0.020991556
-1.2052827,-1.2663395,-0.077995986,-0.94739884,-1.6893312,-1.1989524,0.017911643
1.3717896,-0.12116709,0.42827907,1.6699831,0.295872,1.3772585,0.5155201
-0.3369252,-0.05375652,1.6567255,1.2756071,-1.385138,1.2913108,0.5247113
-0.32059094,-1.3652251,0.543058,1.3380631,0.1439315,-0.6019893,0.2863831
-1.5182905,1.2288446,-0.85782355,-0.16019863,-0.42281467,0.3429538,0.63545096
-0.22396791,-1.3451786,0.6636928,-0.9808349,1.0887411,-1.4878694,0.023446111
1.265401,1.6506028,-0.682763,0.3907199,-0.7044986,0.17620106,0.29766414
0.28732127,-1.2051206,-0.061945,-0.8411282,1.2182654,-1.5556765,0.02411677
-0.9560263,-0.23445292,-1.1075499,-1.1437802,-0.42397192,1.0352303,0.11488264
0.57730514,0.3360429,-0.05120372,0.5459538,-0.34630892,-1.6644664,0.23544423
-0.50510395,-0.7757217,0.08869814,1.3464688,-1.5869447,-0.3636304,0.15356979
1.619628,1.6259652,-1.0429482,-1.3453879,1.4922712,1.6732006,0.23861803
-1.4477524,-1.206996,1.1036568,-1.5479977,0.13804948,-0.5328564,0.020828739
-0.4968904,-0.09075674,1.5859187,0.2200237,-1.5712074,-0.95066136,0.26621166
-1.6158844,-1.2859186,-1.4380498,-0.6256958,0.085692264,1.6196133,0.016988173
-0.63115394,0.495561,0.4969204,-0.94216233,0.6971117,-0.8226047,0.22649245
0.59011173,1.5079075,-1.1878325,-0.36951277,-0.37730408,0.43737966,0.2917367
1.705091,1.6399517,-0.3424287,-0.11472723,1.4005071,1.0242438,0.2796445
0.33641028,0.21584022,0.8220813,-0.49557355,0.83471066,0.52085984,0.1719212
1.7356516,-0.87461156,-0.031095903,1.2704474,-0.23343116,-1.1436177,0.29114354
0.38412884,1.7178746,0.51971585,0.9470391,1.7184014,1.6291162,0.5990059
1.0418586,0.13822646,-0.5576111,0.53131104,1.2087775,0.8865945,0.14175847
1.4278777,1.1980217,1.6387261,-0.57075876,-0.22388181,-1.0359906,0.31128657
1.4868867,-0.90766203,-0.80758226,-0.1690424,-0.16110122,-0.93519974,0.03254418
-0.91687727,-0.81025773,0.32064077,1.1104434,0.51944953,-0.34526867,0.19226123
1.630644,-1.4547126,0.17542717,0.12946291,-0.61461586,0.6335091,0.09843978
1.0904791,1.6268173,1.169422,-1.6882006,1.0536426,0.71068984,0.27059558
-0.7581738,0.29888928,0.17451715,0.15046115,-1.6764829,0.27815714,0.23018047
-0.7747501,-1.2576226,1.0349638,0.8941089,-0.93870145,1.1923891,0.19429147
-1.397446,0.1580483,0.44174874,-0.45942825,0.7815832,1.7804159,0.25664276
0.47969243,-0.7483049,1.0945812,-0.33828688,-1.6724563,0.4116727,0.10854567
-1.3488815,0.0947852,0.020779828,-0.2497714,-0.58497334,0.734241,0.23142424
0.77470577,0.5912193,0.57237744,1.0518308,-0.93173915,1.0412734,0.39414826
0.5910589,-0.8668464,1.6938714,1.4182508,0.9258066,0.39866716,0.9399311
-1.4492123,0.3140572,-0.5606979,-1.3759619,0.07538048,0.16175245,0.28856534
0.51648754,-1.1047877,-0.7000951,1.1287187,-1.2406669,1.6144247,0.058415767
-0.09292678,0.34609392,1.2462782,0.69608057,1.3828281,1.252339,0.4485846
0.83394206,-1.693105,0.6560795,0.5929661,-0.80075634,1.187731,0.1917411
1.0354061,0.28738755,-1.6227018,-0.99996734,-0.20253707,-0.6201523,0.10002068
-1.665094,1.7560344,0.6101429,-1.0049081,0.5722678,-0.77452344,0.99107236
1.6266977,1.6285545,-1.6860079,1.7084062,-1.1654768,-0.8857753,0.2381748
1.4915692,0.6490698,-0.9337523,0.4296001,-0.17123023,-1.3977923,0.1521285
0.7324382,1.3023424,0.671448,-0.40052438,-0.59458166,-0.12143338,0.30607483
-1.5269908,1.7186015,0.90413743,-0.36580434,-0.422071,1.032149,0.8898227
-0.5681006,0.50573504,-0.38888252,1.1472113,-0.63932985,0.30894104,0.27093697
-0.45199507,0.59402776,1.4534113,-0.44659498,1.0960213,-0.5587943,0.29668877
-0.39548373,0.23577099,1.7065239,1.157817,-0.8619752,-0.18516496,0.58827436
1.018413,1.5655546,1.3388261,-0.5063098,-1.1794552,-1.2744762,0.357925
0.6733396,1.5192696,-1.5789732,0.39571604,0.73587745,-1.0594128,0.2844756
1.4115448,-0.8211155,-0.62588745,0.4426673,0.54903555,0.21450083,0.068069376
-0.5979009,-0.065546826,0.10359764,-0.9031179,0.0064441394,-0.9530417,0.12793328
0.62678367,-0.8802419,1.3955202,0.02849349,0.13096999,0.26859275,0.21595149
0.65994793,0.6385927,-0.28914896,0.3321484,1.6868106,1.4853607,0.21444832
-1.3868444,-1.6991886,0.3579826,-1.7112314,-0.59053147,0.49900785,0.00020598827
-1.6235424,0.6298564,0.9033933,-0.35608527,-1.5559028,1.3826914,0.46334133
-0.84654665,-0.4763663,-0.89986473,0.15079229,-1.716036,-1.0441735,0.08381582
1.226168,0.6453213,-1.0414327,1.4146146,0.43699512,0.099917755,0.17302111
-1.5743524,0.55632967,1.698191,0.3698106,0.66282344,-1.6491754,0.5789199
-1.4520224,-0.8692831,-0.03927327,-1.4890751,0.012828456,0.066823125,0.053243108
1.0120013,0.92025614,1.214799,-0.522913,-1.4497311,-1.2230374,0.25195232
0.97639805,0.75447583,-1.6762792,1.703383,-1.3633442,1.6828141,0.15346201
1.4635826,-1.489762,-0.65674716,-0.24017002,-1.1907187,-1.4280974,0.020301707
-1.253102,1.7634866,1.2046599,1.2945148,1.1024032,0.647763,1.0111827
-1.2134211,1.5222847,-0.16727561,0.18466951,0.32748827,-0.9828135,0.64878255
0.9306834,1.1022537,0.5777771,1.124068,-0.97542477,0.534958,0.48314333
1.5449411,-0.17187089,-1.440255,-0.7599845,-1.6481205,0.045756638,0.053562194
1.0776879,0.63059497,1.6713754,1.69006,0.9825228,-0.16706209,1.4966229
0.31695792,-0.94568795,-0.8584769,0.35177475,0.0069695474,-0.61841446,0.039999444
0.61478764,-0.59142375,-0.0878121,-0.36960068,1.7084588,1.1701376,0.069168836
1.6818602,0.8377679,-1.1263105,1.3196608,-1.4294335,-0.2583082,0.16252021
-1.064103,0.7906,-0.76322824,0.8411989,-1.415181,0.20265464,0.35817719
-0.7348065,0.70400816,-1.4738742,-1.1806111,0.28693286,-0.46794108,0.26790667
1.251864,-1.6723322,-1.5048019,-0.13914372,1.1481885,-1.2092614,0.0013029849
-1.1313348,1.4658147,-0.35194397,1.2291291,1.131433,-0.6681163,0.6429435
-0.9025628,-0.7285538,-0.7587884,0.41786468,1.7088016,1.6100544,0.06754224
1.3044366,1.5304946,1.2682514,-0.5631036,1.0900421,1.7059296,0.33268374
0.5905842,1.4574906,-0.009248154,-1.1440121,0.7613173,-0.7511004,0.28610983
0.6035844,0.6594039,1.3350836,-1.2293452,-1.0756067,0.22767538,0.17089213
-0.6828414,1.7609127,-0.28870574,0.9500603,1.6936576,0.3363643,0.61080915
0.023382397,1.0178112,0.3635764,0.77069217,-0.7774594,1.5850427,0.38268897
1.6234838,1.0394058,1.64917,-1.5518306,1.1011637,0.29687318,0.16559279
-0.9866253,-0.5910241,-1.330432,-0.37063563,0.700265,0.13555472,0.0691487
0.060692724,1.6397746,-0.74524236,0.42472246,-1.0373167,-0.4497701,0.3920217
0.86629057,0.46827894,1.4679047,-1.5494637,-0.16621378,0.4206253,0.1262618
-1.1418695,1.0470644,-0.39484805,1.4808276,-0.15571366,-1.6723387,0.5190941
1.7198378,-0.39125726,-0.46365425,-0.19942899,1.2950115,-1.6758549,0.08476514
-0.8133427,1.2819042,0.13695186,-0.71919507,1.3125247,-0.14626469,0.43835285
-0.36644194,1.5686752,-0.9233049,0.17879477,0.3593981,-1.1483121,0.42901605
-0.4188598,-1.3422412,0.12262955,0.6124117,-0.99502474,-1.149896,0.09022978
-1.0752199,1.4501895,-0.71504396,0.3711498,0.48121625,-0.23962605,0.56016564
-1.6429096,-1.15674,0.5441263,1.6309675,1.4061553,1.0171977,0.19004536
1.0182897,-1.2053041,-0.3656543,0.9623206,-0.928597,0.9132995,0.095471576
0.5047297,-1.464488,-0.5774809,-0.18243702,1.3752073,-0.54786474,0.025341518
-1.5659839,0.5155776,-0.6481694,0.28095573,0.3794127,-0.06777681,0.39111587
-1.0613861,-1.3150854,0.44545165,0.40602893,0.94558704,1.6651163,0.08340414
1.7494467,-0.65592325,0.8612954,-0.70253277,0.5819496,0.4300386,0.08283716
0.70548606,-0.8782041,-1.571727,-1.50109,1.0808465,1.2344118,0.020125685
0.73822683,0.47738212,-1.1992168,-0.19894998,-1.4838706,-0.66368395,0.13310412
-0.98331505,-1.7216705,-1.649864,-0.67525667,0.7030546,-1.497473,7.335223e-05
-0.70791125,-0.8003068,0.8010854,-1.6533302,-1.5122474,-0.74943566,0.039986834
-0.21284133,0.019711018,1.287628,0.60435885,-0.12970752,0.20724413,0.35988057
-0.26782814,0.16493808,-1.6517261,-0.7423631,1.3416195,-0.36531916,0.1334275
-1.1330721,-0.78830475,0.44571298,1.6467177,-1.430705,-0.89232856,0.20563361
0.1890453,0.6375951,0.34751007,0.60611457,-1.3278743,1.722876,0.2896167
0.21833016,-1.1547406,-0.92294484,0.72448075,-0.7700467,-1.5463068,0.035480656
-0.17093162,-1.4842142,0.37027192,0.4912972,0.053482085,0.098846346,0.115064085
0.285921,-0.24346629,1.3238821,0.66225773,-0.2508678,0.74608225,0.37394148
-0.635495,-0.9450415,1.6843349,1.0965017,-1.3699204,-0.41317007,0.36846358
0.49539074,1.1166043,0.74203163,1.2601838,0.2138477,0.8071292,0.59548175
0.6967113,-1.1965811,-0.3416162,-0.10920016,-0.4463254,0.060961794,0.03957087
-0.8600667,-0.14097634,-0.9785235,-0.50624156,-0.8198194,-0.97630876,0.12554026
-1.6606745,0.73810846,-0.65530366,0.45567805,0.007263091,-0.88840204,0.5080931
0.9486777,-1.5350065,0.0131567,-0.79723465,0.57603335,-0.7255203,0.020053847
0.45799008,1.369757,-0.12710913,-0.10255166,0.26599365,-1.6388503,0.32825232
-0.82880473,-0.79314774,1.2527597,0.49219337,-1.1587461,1.1359242,0.18698631
1.7069635,-0.4722604,-1.553634,0.7608604,1.1614107,1.6448358,0.035141733
-0.7317686,-1.0701603,0.15241933,-1.6926124,0.3148626,-0.83625984,0.02072771
1.2110099,-0.6492398,-0.5473874,0.65742767,-0.7201748,0.14054205,0.084954806
0.9209382,-0.67204297,0.1423429,-0.6861501,1.4862338,0.6344352,0.055678308
-1.3968637,-1.5598979,1.6512988,-1.2364564,0.33720142,0.5459473,0.009365779
1.1579528,0.6084462,0.04932779,-0.7532824,0.88823175,-0.9079954,0.15366195
-1.536484,0.0011910774,-0.29892597,-0.05182558,1.2119163,-0.99928,0.23910545
-0.9070445,1.7291173,-0.58327544,0.84004503,-0.042463165,1.7433695,0.6162792
-0.23998679,1.1946753,-1.715532,-1.5596349,1.4144996,1.0649122,0.31162566
-1.1137788,1.5384488,-1.5575873,0.4568822,-0.019345002,1.6763514,0.5874946
1.7297121,0.5248506,0.74769014,1.5488178,1.3727481,1.2724891,0.7893766
-0.2983129,0.93196166,-1.0501463,-0.99461997,0.19826946,-0.074258484,0.26562566
0.731243,1.6554428,0.9745328,0.400198,0.7846249,1.2759826,0.53171545
-1.4907372,1.4523644,-0.48804912,-0.71189404,0.85979885,-0.00083236996,0.7182451
1.0386386,-1.3460221,0.61892503,0.412162,-0.97067297,0.044042267,0.17187598
-0.4881206,-0.3879491,1.2532983,0.73689085,1.5005947,-0.6967798,0.41103014
-1.2629752,-1.6912186,0.25040638,-1.083173,0.04084795,1.4075583,0.0045680236
0.29899538,0.073436685,0.58900315,0.40078148,0.6243783,-0.31397635,0.26253974
0.8815541,-0.6149993,1.4510221,1.7004741,-1.2883831,0.3066521,0.7760935
1.5376503,1.5348967,-0.5408351,0.10734098,-0.6575493,-1.3283789,0.26984456
-1.0048348,0.28519344,1.2626188,-1.2459455,1.1164023,0.64984214,0.21848008
-0.8004144,0.026208319,-1.4459349,0.0073091043,-1.1037184,-0.7699444,0.14582518
0.37829152,-1.2667128,1.5723579,0.36822215,0.2281154,-0.3368909,0.32162443
0.5143525,-1.3747765,-0.5645096,0.51984155,1.5078828,-0.10030872,0.05728508
0.70933914,0.28399378,-0.06560244,-0.13946885,-1.6552467,0.6978624,0.14747952
0.99249524,-0.867986,0.96291983,-0.38622448,-0.030738333,0.12561177,0.10899672
-0.34339327,-0.80173486,0.12520452,-0.87705654,0.269569,0.35705033,0.044715896
1.0040253,1.2417862,1.5014293,1.1067625,1.1225295,-1.0718523,1.1558884
1.3170105,-0.91100943,-0.7560875,-0.99449444,-0.5930432,-1.2558613,0.019590937
-0.40275827,-0.7768263,-0.9479228,-0.6049458,-1.7028166,0.67950255,0.039408106
1.2725152,1.3586435,1.532854,1.1367801,-1.0826383,-0.6594772,0.8645901
0.8886461,0.6947007,-1.0379897,-0.8297404,0.5077284,-1.4407244,0.15242788
1.5663368,-0.9935625,1.1814618,-0.24084903,-1.2859465,-0.66107506,0.1487364
-0.9316035,0.54003006,1.653834,-0.7061357,-1.4929311,-1.646938,0.2949412
-0.80335045,0.8944223,1.1621271,-1.5522615,-0.055285227,0.4013887,0.32251582
-0.4508412,-1.5569468,-0.6505195,0.8219717,0.44241175,0.18362898,0.038767505
0.13451867,0.33572662,-0.026333472,-0.78479785,-1.0967251,1.6566329,0.14908949
1.0808918,0.4090785,-1.5493232,-0.8150345,-0.683741,-0.90172243,0.111121535
-0.93606216,-0.06173957,-0.9364876,-0.39669994,0.9349345,-0.84229785,0.14485036
0.9094423,1.6949092,-0.3565534,0.4609718,-1.181629,0.46899262,0.35064775
-0.57009953,-1.1568918,-1.136106,1.5090127,-1.4350054,-0.40098864,0.028078247
1.0876266,0.9612888,0.9902817,1.520242,-0.53462243,1.4066066,0.72877246
-0.034620117,-0.9284357,0.89935595,0.009307479,1.3787578,0.3186841,0.14352794
-1.4617591,-1.500441,-0.49260324,-1.5024449,-0.518966,0.017113626,0.004560205
-0.9005534,1.2067219,-0.27114606,0.11363456,-1.1846248,-0.6106845,0.44546092
-1.1993881,-0.8377742,1.6587197,0.025698619,-1.2392318,1.1028775,0.14115569
0.9013621,0.089582026,-0.10676311,1.4508888,-0.41831458,-0.7571679,0.2959387
-1.1077536,0.932742,1.4583901,-0.3730028,1.2174445,0.7523232,0.45081243
-0.09635011,-1.4626808,1.5905988,-1.6446452,0.6387842,1.1691376,0.0033855608
0.4187539,-1.5002345,-0.6036188,0.6159348,-0.58939874,-1.305846,0.04825659
-0.897365,0.6062514,-1.6419004,-0.39489764,-1.5128275,-1.4821295,0.2678331
0.5439916,1.5419555,1.6016883,0.59100455,-1.0616851,-0.9234239,0.66012496
-1.6345716,-0.17946965,-0.9246977,0.5076532,0.35380962,0.8871321,0.20034797
-1.18519,1.2466934,1.6420767,0.6040637,1.4434344,-0.90200037,0.78307176
-1.5134917,0.6255118,-1.0977898,0.9453268,0.8795581,0.21877378,0.40834114
-0.47381434,0.50913906,0.31068847,-1.230722,-0.23281395,0.31670946,0.20600827
-0.58028877,-1.1156864,0.50706524,-1.4276084,0.90630174,0.4189749,0.018661162
0.29377756,1.6824394,-0.40679365,1.6100329,0.11299409,-0.8297331,0.4990488
-0.27133223,0.81326365,1.3388941,1.5714386,0.22617859,0.11545652,0.8140169
0.8567874,0.27906343,-1.5587273,-0.699286,0.7951739,1.2567937,0.10416611
1.626175,1.2521204,-0.7148871,1.6468517,-0.4375876,0.9539718,0.28514382
0.6651077,-1.5059359,-0.27139288,0.32812354,0.4925087,0.38617912,0.06336088
-0.63139045,0.38621506,1.3149593,-0.47029004,0.14266552,-1.3246965,0.25955832
-1.5656133,-0.82193995,0.79482,-0.9540413,0.51630884,0.8708972,0.07235026
0.67098254,-0.17195484,1.1042643,-0.9377002,-0.3817755,-0.63590664,0.0971303
-0.8061904,0.5836663,0.7386206,1.3777598,1.1069797,1.2687824,0.50956
0.923604,0.7866013,1.5444084,-1.0808316,-1.5705158,0.77523035,0.18697926
1.1985028,0.41072732,-0.4288243,-0.72604996,1.1377338,-0.2635955,0.12098223
0.71148926,-1.3558007,-0.5313452,1.7127979,-1.4394046,0.7253582,0.100872
1.6632316,-1.0950179,-0.2368683,-0.8619566,-1.1758819,-0.6665142,0.021374995
1.6830136,0.037572563,0.674959,1.6927218,-1.0756564,0.35420996,0.5994515
0.41183713,-0.2980917,-0.5047809,0.76045376,-0.1786992,-0.03174779,0.11907292
-1.2078012,-1.4668274,0.63010466,0.8463444,-0.1831599,0.08233018,0.121279545
1.5859517,1.7413282,0.47012568,0.3807179,-1.6943324,0.6655825,0.40421325
-0.77008665,0.22828682,0.40305287,-0.32498017,0.9065738,1.7441057,0.21047056
-0.76639724,-1.2441729,1.3989034,0.75915116,0.4140915,-0.7108435,0.29884946
1.4883598,0.7790116,0.27272052,0.5023838,1.6791432,1.748697,0.31358242
1.38163,0.77181625,1.139193,-0.9609626,-1.2465502,-0.26351443,0.17413317
0.56755555,-0.8568652,-0.47995552,-1.443685,-1.4031261,1.7046176,0.022717897
0.1551134,0.8896806,-1.5449076,-1.4244897,0.4041892,0.44515195,0.2172774
-1.4016134,-1.0853537,1.0491225,-0.22437227,1.3214742,0.19625954,0.079416655
-0.13163354,0.6168507,0.7116325,0.48181844,1.1436476,-0.525314,0.37964556
1.6990829,1.6792468,1.4424297,-1.1140921,0.6903346,-0.85926485,0.27347648
0.4857578,1.1690667,0.6555535,0.30525845,0.27940366,-1.6510457,0.4411226
0.19461378,0.8760266,0.033401746,0.9850641,0.8509416,-0.8920359,0.39288458
-0.31049207,-0.35136783,-1.2410948,1.0060652,-0.70031804,-0.10050226,0.08050326
-0.5535667,0.3373595,-1.6298811,-0.6627237,-1.7376035,1.5141052,0.17843902
1.0736989,0.621225,0.34388068,0.38333118,-1.4522469,0.99348885,0.2531514
0.15336491,0.4368555,1.4007295,-1.5527165,-1.1182953,0.3572444,0.15102005
1.1676545,-0.3498552,-0.13450225,1.2338268,0.37478903,-1.6239843,0.3193225
-0.2576986,0.25248468,-0.5614539,-1.4010024,1.53769,1.2768621,0.1459542
0.79965293,-0.70627195,0.858616,0.08190441,1.1051226,1.2490468,0.18206789
0.7580772,-0.98838556,-0.83276343,-0.5594343,-1.1411008,-0.72496915,0.02164639
0.32180125,-1.6179267,0.6053331,-1.4529504,0.47091478,0.75736374,0.0029106685
1.1294167,-1.4286124,-1.3951712,-1.5182896,1.5191052,-1.3904651,0.0025144655
1.126442,-1.0983326,-1.5580342,-1.1289899,0.030921513,-0.822202,0.010139201
1.6436186,1.6897843,-1.0032951,-1.2739463,-0.33403227,-0.4686662,0.24666625
1.3712368,0.35915652,-0.29511452,1.3096362,-0.94904214,-1.5180272,0.26364145
-0.39324248,-1.5858558,0.5784194,-0.28090256,-0.13737637,-0.05116387,0.0503381
-1.4110076,-0.89313966,0.8683952,-1.1727347,1.2905492,0.41002148,0.05388037
0.36202323,0.41807425,-1.088431,-0.008134763,-0.5002314,0.55971104,0.1437335
0.032118253,-0.5201314,-0.3538041,-0.79762596,-0.2729523,1.6781149,0.057179593
-0.40207607,-0.49152854,0.56478894,-0.26563346,0.8279761,1.0565921,0.11154867
-0.24126086,-0.6543053,-0.3798394,1.4777061,-0.67498046,-1.532299,0.15477669
0.12815738,-0.42318064,0.024883972,-1.5456151,-0.8110624,-0.48966983,0.05612949
1.3038143,0.20934963,1.111398,-1.5216209,0.28061762,1.0266122,0.089160055
0.5840724,0.111091524,-0.49659023,0.4108141,1.2412717,-1.6100963,0.16774245
-0.564438,1.1379935,0.884872,1.1949189,0.1729591,-0.05247322,0.6254699
-0.6611136,1.1335241,1.3951224,-1.6627684,-0.08131737,0.71117646,0.35727713
-0.3793515,1.455801,0.5718306,0.5306961,-1.386258,-1.1083139,0.50167644
-0.61853415,-0.04917586,-0.30622956,1.7045717,1.0216807,1.5427694,0.23620199
1.5959094,-0.7793174,-1.0888289,-0.29313564,0.067343205,-1.0887864,0.027254477
0.959375,0.012839079,-1.1365349,-1.0381571,-0.77335596,-1.2176632,0.07747951
1.602373,-1.1590722,-0.33477038,0.8367769,-1.5340694,-1.2619327,0.099981725
0.052651662,0.72713625,0.5360114,0.9656014,-0.8326396,-0.24904019,0.39362395
0.3944952,-0.2055875,0.9387453,-0.19451082,-1.2277329,0.6340622,0.15687236
0.64439446,-0.5570519,-0.083818965,-1.4294446,0.34272882,0.5544618,0.039753906
-1.5831249,-1.4858376,1.3836194,0.05289447,1.2563965,-0.80227506,0.095141776
0.20094961,0.8552997,-0.6814429,-1.1379784,-0.35368463,1.5719551,0.21037307
-0.06805541,0.9895624,0.3416834,-1.4955698,1.0416492,-0.87477034,0.25417724
-0.91847956,1.6129102,-0.8805725,1.0685158,-0.37936094,1.4158806,0.57013875
-1.2892857,-0.61690146,0.46074584,1.177207,-0.8351975,0.63746774,0.18769936
1.5718856,0.5373226,1.4654438,0.682174,-1.5952532,-0.5049031,0.5260745
1.447519,0.07319679,0.6010993,-1.4300901,-1.1712258,1.337709,0.07599388
0.8453972,-1.114627,0.11418469,1.456998,1.2873905,0.6299626,0.3092077
1.6906837,-1.0938141,-0.63326025,1.2566596,1.1538892,-1.4201053,0.16977191
-0.6517834,0.90841484,-1.4105889,1.4767419,1.6580096,0.93640184,0.30736616
-0.250334,-1.0043303,-1.1766748,-0.129714,-0.18621767,1.6953044,0.023581771
0.69925725,1.2888808,-1.4747407,-0.3357162,0.5733217,-1.2427418,0.24427244
-0.23742333,0.621918,1.2202237,-1.5704347,-0.2240064,-0.31089473,0.20323224
-0.29082975,0.60809565,-0.7177015,1.2659281,1.7011362,-1.3449465,0.28674948
-1.3764598,1.1663281,-0.25801334,-0.10536887,-1.3914552,1.217765,0.5588743
0.5098744,0.8685036,-1.5405711,-1.7492044,-0.4814935,0.9751177,0.19104083
-0.9936992,0.766153,-0.48002085,1.6820264,-1.6708126,1.319983,0.37261748
0.109785825,0.9203109,1.4604539,-0.23872036,0.15926383,0.54199886,0.34636056
1.7263806,-0.7403147,0.3149448,1.0291202,-1.3588239,-0.23122956,0.26096302
-0.4830079,-0.92678934,-0.3077323,-0.27048793,-1.2252502,-0.11445018,0.04351991
-0.4957127,-0.31571567,0.89457387,-0.28733927,0.38856456,-1.2376271,0.1538596
1.0862548,0.9842679,1.3236693,1.5118212,1.7100589,1.1556243,1.087308
-0.58606863,1.2389566,1.3360637,1.4261409,1.4306903,-0.64110476,0.97825235
-0.10075787,1.303368,-1.2721807,-0.8241587,1.177297,0.245175,0.31872568
1.6553565,-0.5485309,0.12242166,0.03981506,-0.43992004,0.113797575,0.1158161
-0.6589586,-0.21656367,-1.41182,1.1641026,-0.0638704,0.5791842,0.104491144
-1.1850208,-1.2023933,-1.1855471,0.0689915,-1.5672626,-1.3386328,0.019642562
-0.9167396,1.0924188,1.3183964,-0.32705402,1.151613,-0.21994638,0.46446463
-0.43035707,-1.160679,-1.36981,1.535697,0.46116945,0.8550579,0.020258842
-0.77009183,-0.717641,-0.84354013,1.5305681,1.4571887,-1.2273592,0.10692206
-0.84662,1.460685,0.82303333,-0.4794693,-1.6939099,-0.69036555,0.5157795
0.7428768,0.434683,1.6707684,1.2992308,-0.4336304,-0.90035135,0.9390785
0.33984017,-0.7302171,-1.6699636,-0.18623292,-1.1260884,-1.4128788,0.030703839
-0.5041001,-1.1787162,-1.1096168,0.03716228,-1.3359106,1.7484001,0.017543381
-1.2909461,-1.2038969,-0.67467535,1.3773768,-1.0404018,1.5534904,0.045707148
-0.4951411,1.4276915,1.3300349,-0.14900301,0.5350709,1.1417813,0.5024688
-0.6797392,-1.602377,1.0003467,-0.18698041,1.1387444,-1.3830068,0.09560228
-0.5133273,1.5282289,1.0701935,-0.39140263,0.7698373,0.038973056,0.49416086
-1.5066017,1.4152608,1.0999811,-1.4629737,-0.6043398,0.37334314,0.70761675
0.41819105,0.11592279,-0.43092227,1.3290168,0.75170344,0.82425165,0.2094549
-1.2182847,-0.13429056,1.2659112,-1.3755722,1.692763,0.40417972,0.15461147
-1.2941976,1.376099,-0.049215756,-1.3460991,0.07299851,-1.0084232,0.5943811
-1.3600489,0.78322077,0.16048998,0.22043405,-0.63433546,0.10980363,0.44241568
0.7660235,1.6715109,-0.45657265,-0.19710837,-1.3780396,-1.3478891,0.32535166
-0.989737,1.4290764,0.727918,0.053616714,1.2116245,0.92469245,0.5811906
-0.66374165,-1.1477078,0.766321,0.1221112,-0.40708956,1.1474254,0.095947936
1.3971832,1.0933399,-0.1830589,1.7051934,-1.3692601,-0.5658646,0.3797255
0.9616467,0.894761,1.51161,-1.6989534,0.98907197,-1.463552,0.17178172
1.0347201,-1.2432259,-0.44590983,-1.057548,0.33335564,0.070932314,0.011276752
-1.5882118,0.85240424,0.4339423,0.30565724,-0.71006083,0.94159406,0.55026513
-1.1879308,-0.90765256,1.5595814,-1.5589551,-1.7149303,-1.1287559,0.04151558
-0.603047,-1.0421282,0.96709174,-1.3850931,0.20544982,0.78713113,0.02450168
1.4699637,0.03967725,-0.62658113,1.3150458,-0.52411836,1.2628888,0.1559915
0.2233462,-0.20951544,-0.77922004,0.65741444,-0.31169593,-1.3831384,0.10725113
-1.240974,-0.46656525,0.33065763,-0.55256736,-0.58888656,1.0141026,0.112555705
0.057936266,-1.1477922,-0.013956924,0.44346234,1.4116603,0.8392829,0.09584404
-1.2905316,0.9699536,0.11998535,0.28905988,0.90689313,-0.8378686,0.49834755
-0.33020994,1.762286,1.1058284,-0.18532558,1.3602678,1.5106473,0.54975104
-0.42644644,-0.38328868,0.5996396,1.4263707,0.6417058,-0.7793823,0.41268086
1.5381058,-1.1794243,-0.9645432,-0.014855854,0.48221034,1.3732144,0.020463968
0.58062005,-0.083953425,-1.4037366,1.2164975,1.6961737,-1.274808,0.08615048
-0.2531731,-1.5228076,1.6234238,-1.364901,-0.017768364,1.423013,0.008617898
0.33810237,-1.4228852,-0.19008538,-0.71933776,0.9831809,-0.33521405,0.01781196
-0.45002568,-0.5796683,-0.6778199,0.27906057,0.69201976,-1.477472,0.08134957
0.72385514,1.1130332,-1.2628416,0.91239786,-1.6677438,0.97876424,0.2226489
0.7284425,-1.3419995,1.6489575,-0.72032684,1.1639652,-0.0872745,0.08344903
0.5096762,-0.27413332,0.8660474,1.2372804,-0.1813186,0.5447391,0.44589236
-0.624173,-0.9074028,-1.090125,-1.4537765,-1.1800926,0.8538911,0.030282026
1.5165579,-1.6143227,-1.484835,-0.67621243,1.1545378,0.24001315,0.000916716
-0.20150124,-0.3895018,1.4916493,1.2899595,-1.4131477,0.6088327,0.46945933
-0.6233803,-0.09572631,0.7387953,-1.3107711,0.7997423,-1.4072442,0.120224215
1.1258705,-0.2891999,-0.25331277,-1.6415861,-1.4350549,-1.4762201,0.050449405
1.4509474,1.294078,-1.428857,-0.45231792,-0.5079595,-0.7597566,0.20232522
1.7611444,0.71206653,1.0404394,-1.4598823,-1.6351129,-0.8521136,0.12731579
0.5574057,1.10298,-1.1672443,0.50172424,1.2259281,-1.5802228,0.23971906
-0.5399803,0.69644445,0.84336317,-0.31943634,0.41619912,0.32563862,0.29925373
0.9219087,0.19155042,-1.6327889,-0.5251033,1.4004096,-0.08282233,0.09365138
1.5248317,0.9624203,-1.5328448,0.9450958,0.51651514,-0.32721347,0.15958613
-1.6421683,-1.1163514,-1.6491894,0.086549975,-0.869643,-0.02580154,0.0318874
-0.16622272,0.9039228,1.556631,-1.578599,0.2485764,0.8883673,0.24746336
-1.1274179,0.8454355,1.5604045,-1.6585057,1.1594203,-0.5888669,0.36913
0.3681242,-0.740385,-1.4669956,1.0752606,-1.3494835,0.1643899,0.032453023
0.7594808,-0.053594075,1.3272452,0.73382854,-1.1660109,-0.100139976,0.42030042
-0.30866116,-1.3250315,-1.0452658,0.939038,-0.45177978,0.89244175,0.021670556
-0.09693376,-1.5337901,-1.5976928,-1.4879354,-1.0927075,-0.12973116,0.0016480652
0.8223904,0.0048862505,0.8259372,-0.34966987,-0.32598776,0.67791086,0.15710746
-0.24232003,0.32207844,0.97301286,1.4679496,1.6270533,-0.6243678,0.7309838
-1.3992257,-0.37294322,0.9729537,1.3870214,0.9505909,1.3985152,0.3391748
1.425249,0.55077285,0.30059338,1.1651269,-1.4145834,0.346763,0.35421565
-0.81972206,-1.3523662,1.6479762,1.5962714,-0.94536304,0.34661385,0.45962483
-0.14206122,-0.9609469,-1.4810373,-0.55807996,1.3770605,0.89462537,0.022103118
0.20961237,1.2219988,0.7917981,-1.3575467,-0.14433622,-1.6743352,0.27533674
-0.05635532,-1.7065486,-0.54538774,0.96094733,-0.74025935,0.82129246,0.04908439
-1.5730199,0.2832852,0.08392055,1.0918419,0.3266881,1.4483262,0.37085545
