1.3639385,-0.36631164,1.7057134,-1.0138693,0.9903199
1.4766983,-1.0617418,0.28868195,-0.40317863,1.0366851
-0.3563432,0.8048906,-0.9405096,1.5486275,0.013992021
1.6293025,-0.7265621,0.19410186,-1.2349889,1.0365081
-0.33021736,-0.0842492,-1.7150449,-1.3337507,-0.2710038
0.3947012,-1.2310292,0.014220511,-1.4267924,0.27166173
-0.79137355,-0.17074387,1.318,1.6087674,-0.40996858
1.0586454,0.25698933,0.19723865,-0.23627359,0.5737092
1.5654585,-0.06481312,0.4084287,-0.47600657,0.8916335
-1.2163981,-0.65101796,-1.6193694,0.93689483,-1.1105005
1.5441934,0.5298806,-0.32409814,-1.0395164,0.95456076
0.36950114,-0.44933948,1.0129108,-0.47292483,0.3463182
1.3196235,-0.9692509,-1.26068,1.5758655,0.3464975
0.28040725,-1.2915025,-0.80469596,0.9096932,-0.23060648
0.877638,-0.36611876,1.1601927,-1.3602889,0.63700545
-0.19602625,-1.6563823,0.49247748,-0.49124527,0.1805328
1.3748705,1.4681754,0.802249,0.15598409,0.45345905
0.30172682,-0.8342627,-1.6031296,0.61247396,-0.31048808
-0.7569009,-0.7227991,1.0925732,-0.8126117,-0.2148446
0.48617005,0.16958062,-0.37568325,1.2004404,0.27540442
-0.74638903,0.46324068,0.3601588,0.012739794,-0.52300626
-0.1548313,-0.15918128,1.3878386,-1.5145141,-0.041217245
-0.65238726,1.2146523,-1.5843037,0.45051664,0.24906814
1.1896945,-1.0195177,0.49064478,-1.6986591,1.0142825
-1.3124043,0.6378012,-1.5541729,0.10639701,-0.47861636
-0.74686044,0.00286043,1.2710694,-1.7303584,-0.4593418
-0.43919113,-1.4253769,0.5035645,-0.50929266,-0.054356623
-0.98843807,-0.6750454,0.19024104,-0.41761607,-0.5814143
0.20971,0.45488468,-0.68924177,-1.5728885,0.20235695
-1.6539576,0.34318197,0.6468637,-0.50514084,-1.0703439
1.6026025,1.2870356,-0.8927432,0.04386993,1.4591268
-1.4159129,1.1846693,0.32749993,-0.9919186,-1.1694424
1.3768367,-0.95344746,1.4419295,0.23182718,1.311657
0.33377978,-0.7450027,-1.2905744,0.9017994,-0.15883426
-0.51209694,-0.3664917,-0.49116236,0.19037302,-0.3888182
1.1114646,-1.2545084,0.40036684,-1.7173994,1.11494
0.31557754,-0.46851656,0.2972964,-0.01987537,0.2060882
1.4387302,-1.4339014,0.0226922,-0.8274909,1.0738487
0.2354357,0.6764666,1.4772141,0.4801539,-0.22398399
-0.4960253,1.2525697,-0.4474173,-1.4064959,-0.1718816
0.50991297,0.14623027,0.44226223,-1.2145535,0.24884622
-0.41990915,-1.2535578,0.90961546,-0.0719903,0.123550594
0.7720065,-1.3264954,-0.33406848,0.98608357,0.3024829
1.584885,-0.67857414,1.121753,-0.47790486,1.1968031
1.0427601,0.51891154,1.121181,-0.10588325,0.39589095
-0.70580393,0.049776074,0.7641514,-0.18621825,-0.44809765
1.0413911,0.32694933,-0.42010623,-1.3719399,0.63015383
0.35532108,1.6661764,1.4914567,-0.1516618,-0.8374471
0.9218104,0.824534,-0.99371463,-0.06322409,0.8171404
-1.0026172,0.38540277,0.5300825,0.27278996,-0.6822866
-1.6577972,-0.34937945,0.34405026,0.7621527,-0.95589113
-0.6182889,0.83968747,1.2117743,0.5023085,-0.751856
-1.2739148,0.65093493,-1.4092339,0.95316726,-0.47736076
1.4603895,-1.5779009,0.29859802,-0.34515253,1.2732009
0.5432361,-1.0331789,-0.99039537,-0.7638962,-0.05873722
0.7605634,0.065927505,0.9097328,1.4590626,0.39648294
0.59185714,0.6748824,0.58906233,1.3689649,0.18979183
0.017189587,0.86337465,-1.3374501,0.93155164,0.37546533
1.3950604,-1.0412242,-0.10850223,1.249493,0.7865153
-1.1765872,-1.7398986,0.4796872,0.8353616,-0.5263456
0.15559545,-0.08488199,0.73097515,1.5193026,0.08518489
-1.1284078,-0.19443738,1.5275856,1.4948823,-0.5818556
0.5782349,0.5177259,0.77066684,-1.4250572,0.18465535
-0.54598856,-0.4773488,0.32673103,-1.6494017,-0.3029598
0.574901,1.3528603,0.9155788,-0.9145516,-0.12876269
-0.31168148,0.12430667,-1.626716,1.3121599,-0.14529538
1.4756372,1.2925137,1.1445962,1.5521791,0.36935058
-0.97367674,-1.2191092,-0.2029443,0.0987878,-0.7572354
-0.98004264,0.71113986,0.9714689,-1.297212,-0.8797434
-0.9801046,0.21661904,0.4910761,-0.82984054,-0.633372
1.596288,-0.8737366,-0.09154206,0.81039536,0.91164494
0.6211194,0.87965137,1.2084806,1.601753,-0.016235678
1.704464,-1.7256465,-1.0025371,0.32165685,0.49342963
-1.3742464,1.4302291,0.48358244,-1.1554544,-1.4557652
-1.6611862,0.14871567,0.7522549,1.6317732,-1.0280608
-1.300337,0.176823,-0.6123905,1.5091093,-0.74893147
-1.111441,0.8210191,0.6214896,-0.7755291,-0.9010123
0.74476373,0.15298383,-1.700435,-0.9518783,0.48826548
0.66387576,0.76152086,-0.86871374,0.9830746,0.5918447
1.4782767,1.1269584,0.83443266,-1.2681609,0.62891793
-0.8423034,-1.3672544,0.88462746,1.4338453,-0.12498455
-1.126981,1.1715833,-1.5780113,-0.3646308,-0.08451232
0.96098155,-0.25680095,0.59365785,-0.038006764,0.5853486
-0.6490221,-0.40259784,0.16061859,-0.94128954,-0.38932675
1.092474,0.36121017,1.6762173,-1.7296304,0.41891992
-0.36155868,1.383898,-1.6767824,0.3781433,0.6009672
1.0324028,-0.950265,-0.41042838,-0.6325487,0.48543343
-1.2910436,-1.179701,-0.97398305,-1.0317016,-1.3967096
-0.8220219,1.0994806,-1.0463861,1.3685975,-0.13440737
0.5722489,-0.8200725,-0.28155372,0.30733606,0.23878515
0.4112646,0.5736608,-1.5800357,-0.4796025,0.5220112
-0.39197177,-0.25255316,1.3451447,-1.6143856,-0.1409603
1.0737791,0.49144518,-0.6088144,-0.9910905,0.71185344
1.2180066,1.3503819,0.60108703,-0.5807415,0.5023082
-1.2018362,-0.88544583,-1.0119398,0.7149586,-1.0715193
-0.8723457,-0.8475304,0.0083289165,-1.5957024,-0.59996057
1.6242226,0.8706246,-1.2181222,0.98763806,1.3136104
-0.5340187,0.103229105,1.3819642,1.5637909,-0.38165152
-0.5634428,-0.18693873,1.4481033,0.5224991,-0.26227665
-1.6193655,-1.5396707,1.3517388,-1.7370303,-0.5707776
-0.93917555,1.4985256,-0.60241157,0.21196175,-0.3283266
0.4773954,-0.05984481,1.0684122,-0.71455777,0.2734904
-0.18018456,-0.31745166,-1.4364452,0.5344318,-0.28766242
-1.2030636,-0.7158829,0.78741646,-0.07924708,-0.559446
0.08755133,-0.34060514,-0.21301152,0.8345132,-0.0009072945
-1.1293402,0.8625496,-1.4247124,-0.15555224,-0.29729077
-1.4140673,-0.033633552,-1.37983,0.2985558,-0.8669325
-0.9012713,1.512523,-1.6087505,0.6768488,0.28888816
-1.4602523,-0.094817355,0.32102868,-1.2998503,-0.8655245
-1.0495214,-0.2457425,-0.6223652,0.27494922,-0.6914689
1.7688069,1.0006123,-0.7922477,1.531694,1.3161846
0.37245607,-0.038725697,1.6347411,1.1970898,0.21352953
0.57790375,-0.34457484,-0.5244111,0.09360344,0.24947731
-1.5592384,0.595275,0.57858837,-0.31949466,-1.0759926
-1.0840297,1.3953055,-0.30340126,0.70300806,-0.5840269
-0.52613616,0.44619137,1.0352385,-1.5400983,-0.4973239
0.31647375,1.2327783,0.51178426,-0.5369576,-0.060030915
-1.4683632,1.1477761,1.0870926,1.4904926,-1.3694936
-0.6949541,0.5047288,0.4477026,0.20888332,-0.51317173
-0.9839533,0.6189763,-0.3774971,-0.0368386,-0.53722626
0.051924203,0.57495326,1.5176076,-1.3800364,-0.2952624
-0.59373313,0.18945388,-0.12342364,-1.1388949,-0.3661356
-0.07219895,1.504649,-1.0294882,0.22555202,0.52363014
-1.1199504,1.6321248,0.53373605,-1.3185782,-1.6908568
-1.1350474,0.6335895,-0.20942494,-0.516106,-0.66659945
-0.9576589,-0.08109132,-1.2751613,-0.8691027,-0.6209306
-0.54239774,1.5853868,0.2238224,0.5202939,-0.54689854
-1.3122505,-1.3634903,-0.40014365,0.2506589,-1.1155832
1.4912726,1.3005016,-0.6851528,-1.689593,1.635595
-0.29466927,0.9396492,-0.82094496,0.55825347,0.057386633
1.5290378,1.1373847,-0.73210716,-0.17082195,1.2633715
0.58379817,-0.12844665,-0.69671744,-0.85493207,0.28099132
-1.4113121,-1.3067588,0.16788697,1.2637265,-0.8436773
1.2390637,1.2627451,1.6589042,-1.1566101,0.0036587138
-0.42673883,-0.7630069,-1.0079973,-1.596943,-0.585247
-0.61306256,0.47007063,-0.8024815,0.17476493,-0.26439354
-1.3825036,1.0042982,-1.1526847,-0.95608395,-0.5074613
-1.665121,-1.6385071,-0.066131294,-0.7189669,-1.484893
0.53992796,0.12367241,0.11953002,-1.531723,0.282008
-0.32908112,-0.61858517,-1.1802548,-0.44558668,-0.478495
0.71769387,1.2564359,0.78385836,1.3640498,0.070227765
-1.3663017,-1.1141539,-1.5418785,-1.588571,-1.7537557
1.3258587,1.0758224,1.5893099,-1.1876055,0.2116537
-1.2171311,1.1046969,0.3223983,-0.39406908,-0.95254195
-0.2502492,0.97818786,-0.17409873,-1.3874992,-0.13514395
0.4068936,1.6970417,-0.6161422,0.31037602,0.69234717
0.9363069,0.27347803,0.77050894,-0.3591697,0.45089394
1.4376055,-1.5889555,1.2537081,1.2980952,1.6774197
1.6161231,1.2636714,-1.1247504,-1.7386993,1.9613746
-1.318522,0.16800965,-0.4316002,0.043691233,-0.7713816
0.48060513,0.041770566,1.2638829,0.7506857,0.237074
-0.69366735,-1.6703103,-0.32292658,0.21083577,-0.7671524
-0.14158997,-0.3888777,-1.2660706,-0.4868878,-0.27889508
-1.2419953,-0.8477138,-0.55308664,1.6127174,-0.9332728
1.6159499,1.7311953,0.058414333,-1.3611476,1.852668
-1.2169533,1.2604388,-0.32168907,1.6015731,-0.64481366
0.9676523,1.3202281,-1.1783693,0.45795834,1.1749064
0.652446,1.2125638,-1.0773362,0.8117662,0.84918064
0.6068324,-1.084527,0.46363008,1.2087231,0.5226941
-0.8840197,-0.74929875,1.1779488,0.15828279,-0.25599587
1.6126652,-0.68218535,1.5620922,0.16957933,1.3071544
0.42563376,-0.69896746,-0.19513561,-0.36619565,0.18207859
0.26871172,1.3773493,0.66012424,-1.5883162,-0.2556735
-1.4706599,0.6050292,-1.3655177,0.7164796,-0.62383384
0.77016526,1.4177059,0.9146044,1.2832301,-0.00799454
-0.21123372,-0.07552841,1.6408349,0.71104664,-0.10536042
-0.7418897,-1.5626273,0.8937773,-0.28511193,0.0078064795
1.5265402,-0.50396365,-0.6802544,-1.5674969,0.77423793
0.43114245,1.2441809,1.3998963,-0.043070745,-0.3968559
-0.90577304,1.0787024,-1.6281466,0.43680972,0.025128163
-0.82458675,0.5518669,-0.20710641,-1.3723991,-0.48841923
-0.035099894,-0.50960547,-0.42664877,1.4609472,-0.121857986
1.0088333,-1.6364744,-1.7147217,-0.06008113,-0.47872663
-0.39296222,-0.93919337,-0.98109233,0.4594789,-0.5950529
-0.9355667,0.9247806,-1.2527473,1.5161994,-0.19797999
-0.54264826,-0.70332587,0.4608505,0.73880213,-0.24076958
-1.2395577,0.8490005,-0.14385098,-0.95452404,-0.76782274
0.66138977,0.48755103,0.78816056,0.62543255,0.23433113
1.3803035,-0.6693981,-0.38743857,1.005767,0.7039611
-1.5743192,1.0791826,1.4163232,0.85122985,-1.5402157
0.4471634,-0.55891126,0.19367501,-0.8295468,0.27775672
0.93689245,-0.05166111,1.423302,0.16183527,0.5442563
0.3594601,-0.6638094,1.3942765,-1.2610278,0.5205261
-0.5662127,-1.6632366,-1.4580065,-0.20931931,-1.5394044
0.9461075,0.2907093,-1.1547878,-1.2183442,0.6364787
0.952258,0.51559436,1.0339458,0.97744477,0.3561528
0.69117707,-0.8796049,1.6223143,1.6831701,0.87819767
-0.25549898,1.0868739,-1.4673927,-1.6947426,0.43644902
-0.40892383,-1.5725367,0.024211131,-0.8250057,-0.35654807
0.23140757,-1.6903589,-0.661493,-0.7482724,-0.3973048
-0.25710538,-1.0806098,1.6166289,-1.2292788,0.47995508
-0.46610478,-0.6016454,1.4263637,1.5643597,-0.011073262
1.148076,-0.18869923,1.2495309,-1.3545771,0.7236417
1.5273204,-0.3334035,0.9236703,-0.9214646,0.975339
-0.12335488,0.8103548,-0.16209863,-1.4557145,-0.061937675
-0.33847296,-1.5383277,1.5844569,-0.02014921,0.72290874
0.072283916,0.2660772,-0.80493885,-1.2986243,0.08421497
-0.05568607,0.037320867,0.08398219,-1.1831094,-0.060570866
0.46121863,0.4718624,-0.4530072,1.7108768,0.3126547
0.52980584,1.7570219,-1.2543279,0.7609088,1.2308013
-1.5171661,1.0903981,-0.8151386,0.7216714,-0.6607709
-0.58845335,-0.96802855,0.41564444,1.2160642,-0.24600655
1.4975755,-1.4359078,-0.15422973,0.28539777,0.89811474
0.7180932,-0.41941503,-1.139118,0.26714933,0.23190974
-0.038513303,-0.87634,-0.21936478,-1.3175238,-0.12682968
-0.9912511,0.6218225,0.29579756,0.47302535,-0.6787995
-1.0065787,0.022970643,-1.2030339,-1.3698832,-0.60541207
-1.4956543,1.422934,1.0367105,-0.021941584,-1.6376839
-0.51426345,0.698411,-1.4616766,-0.95067,0.008438358
0.62878907,-0.31689337,0.015502673,-0.9978223,0.34340808
1.1453457,0.06734336,-1.4064128,-1.0302348,0.666007
0.84234613,0.42847338,-1.5502752,-0.85428226,0.6902793
-1.4752916,-0.21163844,-0.21436536,-1.0462292,-0.9041841
-0.98859304,1.4275311,1.558405,-0.9632427,-1.7709274
-0.22466108,-1.3697929,1.623296,-0.64640206,0.722193
1.7132457,0.86496454,0.61657864,-1.5996797,0.89599293
0.29629904,-1.115461,1.3307925,1.3743796,0.6780277
-0.39888173,-1.5356095,-0.9401541,0.5686371,-0.86710924
0.7597051,-0.35461685,0.96636486,-1.7401248,0.540752
-0.60885227,0.86478674,1.0474135,-1.7485381,-0.77661616
-1.0676363,1.2508136,-1.642961,-0.8881694,0.033972543
1.3042575,0.44864383,-1.3175993,0.6550905,0.93249357
-0.73599505,-0.14533687,0.74133873,1.5736595,-0.4177699
-0.29811862,-0.091867685,0.15783101,-0.2846561,-0.19543843
-1.6662295,-0.7068886,-1.1639096,1.017926,-1.3027614
1.1998557,-0.15116172,-1.3567581,-0.9502005,0.6000551
1.3520477,-0.11481654,1.2408141,-0.37451056,0.80856156
0.67485106,1.5050474,0.18675646,-0.28336093,0.33879623
-1.1537846,1.03722,-0.0047378684,-1.7035708,-0.8525933
-1.6526845,-1.4020538,-1.6618863,-0.005341133,-2.0800328
-1.3516885,0.014114275,1.5065479,0.44480363,-0.8158111
1.3314927,-1.076069,-1.1367283,1.0431082,0.36069566
0.87405145,-0.27265015,0.764646,-1.356844,0.55652684
1.4964991,-1.3924482,-0.20753038,-0.5367938,0.9230031
0.94942766,0.4645222,0.055051424,0.051060524,0.52311796
0.4830593,-1.2627084,0.8426887,0.16965461,0.6855192
0.030284952,1.7449458,-0.45862925,0.2782109,0.32372254
-1.2626907,1.3364509,-0.48295242,-1.3032075,-0.7382897
-1.4284928,-1.2051027,1.3687375,1.33218,-0.33079198
-1.5638273,-1.6507229,-1.3175114,-1.5822147,-3.768767
0.75220734,0.07552622,0.76365143,-0.61671555,0.39216846
-0.7984574,-0.484647,-0.44433683,0.8502044,-0.5703186
-0.29947206,0.5236886,-0.57502,-0.44710067,-0.105596386
-0.9440584,-1.1849529,1.1492165,-0.8503827,-0.14512537
-0.26669782,0.7275228,0.2891295,-1.7260357,-0.27509785
-1.1650844,-1.5138975,-1.6005489,1.1805803,-1.7067282
-1.0782459,-0.9223678,1.5344336,-0.05335011,-0.19441421
0.6184665,-0.9187263,-0.8534812,0.8236522,0.0743232
-0.46471888,0.8587768,1.4843711,0.26240674,-0.75164235
1.1104195,-0.039263833,-0.54016346,-1.304671,0.6092905
-0.5053872,-1.6851685,1.6743174,-0.6274665,0.8963919
-1.2162932,-0.99869037,0.5059185,1.2227182,-0.5938857
-0.2567348,-0.80794007,-0.08393511,-0.8640346,-0.21386191
-0.7877435,-1.626718,0.6549352,-0.8137989,-0.19127445
-0.47978097,0.23227221,-0.054364488,0.93704706,-0.30274922
-1.5924989,0.63420445,-0.85310453,-0.76634175,-0.8069923
1.0107789,-0.316202,0.93890244,0.2688362,0.66434014
-1.1519424,-0.6937958,1.1134837,-0.85785705,-0.46184772
0.91282445,-0.0038461227,-0.21618171,0.5196693,0.50186133
0.8287171,-1.3915918,1.6151803,0.16209958,1.3981965
1.2776396,-1.0652089,0.108176544,-1.3915638,0.90315443
-1.2739651,-0.033321876,-0.90958107,-1.3303372,-0.7792746
1.285845,1.5709202,-0.93723416,0.6235818,1.4164977
-0.7670828,-0.5345721,1.1550788,-0.5825972,-0.2731831
0.68625456,0.87949586,-0.6969321,0.93601,0.59557694
1.6646161,-0.68605894,1.0842539,0.075896464,1.2292659
-0.19575214,-0.46184024,-1.6699249,-0.60771275,-0.4078803
0.03383161,-1.6691749,0.058249455,-0.31630412,0.033908386
-0.34938172,1.465473,-1.1880763,-0.8048714,0.45093435
-1.3909672,1.721189,0.6085287,0.8417509,-1.4218037
0.87370205,-0.03014742,1.394404,1.361821,0.49699056
-1.6626359,1.1254717,0.6751728,-0.068432026,-1.3750699
1.1163732,1.4469103,-0.5916775,-1.1329068,1.253782
1.3358413,0.8813588,-1.6127403,1.2328491,1.2599899
1.6759691,0.9135811,-0.8149901,1.3973856,1.2356447
-0.3591111,-1.6692562,-1.0143229,1.1683791,-0.9316299
-1.3679868,-1.6475656,1.6397457,-0.045795087,0.09745843
0.43438298,-1.3445106,-0.9247155,0.41210532,-0.21319838
0.998613,0.55752575,0.663389,0.07385548,0.4408549
-1.6670984,-1.5160582,1.3783281,-0.6733882,-0.40068474
-0.34378946,-1.3371236,0.6184845,-1.7323498,0.07413529
-0.9853086,-0.84654313,-1.5086124,-0.22645958,-1.0883965
-0.10349018,-1.6159003,-0.1961089,0.73600173,-0.22780028
-0.80060256,0.009203468,-0.5108759,0.9976552,-0.49181372
-0.6568812,0.26083162,1.1060826,0.3982586,-0.5037254
-0.49961755,-1.0234805,-0.16210376,0.77677876,-0.39573717
-1.5895854,1.1596199,-0.09155783,1.0716426,-0.9820514
1.4603355,-0.6615767,1.5274718,-0.34981072,1.20309
1.4910337,-0.4888291,0.40791646,1.1185596,0.9162736
-0.223029,1.3481988,0.7955158,-0.05083508,-0.59356326
-0.14899126,1.5184087,-0.5540202,-0.62884897,0.21358113
-0.6557657,-0.1951472,1.1226829,-0.6881367,-0.3343886
-1.5082204,-1.2570746,0.24610047,-1.0255572,-0.9942355
-1.628924,-0.87641406,-0.34606385,-1.3506879,-1.2025332
0.68726945,0.23102635,0.3301728,0.38306332,0.34820318
-0.89848715,1.0388895,-1.3533598,1.5888374,-0.091821715
-1.0600947,0.8833433,0.06224054,0.23225078,-0.6971079
-0.08723046,-0.7706248,0.7870257,0.22009961,0.12974659
-0.5264037,-1.657594,-1.6097767,-0.6652656,-1.7562898
-0.51005816,-1.5339643,-0.91357666,-0.69832253,-1.0641838
0.102491684,-0.553319,1.0755157,-0.5581832,0.23824172
-0.3181763,0.028916584,0.03802857,0.5861555,-0.21240288
-0.5458682,-0.7839934,-0.059459135,0.2847326,-0.37496033
-0.7775103,-1.3852949,0.17439856,-0.6518619,-0.49797451
-1.3545277,0.19237816,-0.77207005,0.32557252,-0.7681998
1.4913368,-1.3906394,1.4198331,-0.31752607,1.8071088
-0.6421029,-1.3451864,-0.17129354,-0.13257444,-0.5591932
0.5035332,-1.4244523,-0.6265269,1.2158366,-0.034515038
-0.5504384,-0.4702483,0.90347546,-0.7373643,-0.20897871
0.18710986,1.5619073,-1.431025,1.6044637,0.91379654
1.6528797,0.695089,-0.3178522,-0.9633813,1.059671
0.8406674,-0.20192301,0.17223302,1.5930257,0.47353745
-1.445419,0.36918524,-0.5341469,0.63740504,-0.8087629
0.7307486,0.7079234,0.9341695,0.6822607,0.18532708
1.68206,0.017088925,-1.4682249,-0.41127223,0.9542269
0.5002674,-1.4132344,-0.49626395,-0.48721543,0.037890784
1.2018434,-1.0779048,-0.7230657,-1.2834845,0.4900741
1.7451743,-1.1892463,1.5889158,-1.6782191,2.1635883
-0.21675964,-0.037874836,0.6847485,1.2003717,-0.14310879
0.40462834,-1.6048373,-1.2826035,1.6686136,-0.5356598
-1.1499282,-0.3132855,0.66495466,0.48313552,-0.6284258
-0.3077815,-0.6369758,-0.03737216,-0.69304264,-0.2227641
1.3226805,1.7346445,1.5718942,0.36665937,-0.19905244
0.9300962,1.4379003,0.9472447,-0.07937076,0.0766474
-1.04272,1.02949,-1.0043763,-1.5141451,-0.34984374
-1.333959,0.10557033,1.5305965,-1.4039172,-0.8529864
-1.1298262,-0.5632075,-0.30823395,0.5879971,-0.7555457
-1.6525773,0.4559116,-0.39217192,-0.5209719,-0.94572806
-1.2818654,-1.2096288,0.5128358,-0.42705736,-0.65256596
-0.37877643,-0.7440775,1.7060546,-1.0604652,0.1887973
1.209512,-0.3468504,0.517477,0.7507701,0.7405553
0.33543852,-0.40683326,-1.6587054,-0.88992333,-0.060397554
-1.262862,-1.6610018,-0.54940856,-0.5684799,-1.5026109
-1.3345426,0.70672965,1.598973,0.91388476,-1.2032266
0.9039675,1.4566647,-0.60649854,1.653513,0.86612016
-1.2339885,-0.9642763,-0.82752335,1.5323517,-1.0523694
-0.16491488,0.4814332,-1.3704416,0.66859514,0.09292034
0.873363,-0.19735473,-0.9493711,0.047239162,0.41690555
-0.74996364,-0.057382688,-0.9403198,1.2896007,-0.48284447
-0.14065145,0.10945734,0.4094026,1.5195987,-0.12301655
-0.10276808,1.532548,0.6855051,0.7645225,-0.50113785
-0.36032328,0.24273668,1.638814,0.49562755,-0.36567274
-0.8261252,-1.1070685,1.1266253,0.40397614,-0.09974128
-1.4881994,-0.62648535,0.024451792,0.16215667,-0.91096556
-1.3451059,0.8669389,0.92565006,1.1307749,-1.1121789
-0.8750902,0.55623853,0.981131,0.47639996,-0.72708815
1.7106419,0.04104983,-1.4828734,-1.4772445,0.9827611
-0.7847592,-0.22552924,0.8660294,-1.0392756,-0.4189416
-1.1094412,-0.6781827,-1.1762584,-1.5899931,-1.0101758
0.46463388,-0.6180584,1.3258406,-0.53582835,0.5353147
0.52184296,-0.9218676,-0.7482286,0.074283615,0.049219664
0.99083227,0.29532835,0.35555756,-0.7499808,0.5181204
1.356329,0.5012855,-0.019217078,-1.6100307,0.7925431
1.006272,1.3550122,0.7961839,-1.1427717,0.26584107
-1.6605401,-0.390915,0.26630434,0.72400856,-0.96479136
0.19990218,0.1328713,-1.247265,-0.13660966,0.14078699
1.0904576,1.1446971,0.6950668,-0.30526695,0.38654715
-0.11203592,0.77268153,1.0125886,0.26650608,-0.36303705
-0.96778166,0.23304835,-0.8956811,-0.3808817,-0.52459925
1.6891164,0.54783005,-1.1155038,-0.95992184,1.1905797
-0.597048,0.0982184,-1.1708754,-0.81056535,-0.33896592
-0.9334476,-1.5034084,-0.83690524,-0.72157913,-1.3161311
-1.5056236,0.074704744,-0.21755153,-1.6384009,-0.89732105
0.12408473,-0.37800184,0.12753063,-1.6144559,0.062408514
0.8103724,1.5956296,-0.01305369,-0.6717551,0.61985224
0.4284109,1.5960096,-0.45536464,0.63668525,0.5445286
0.38774136,0.35612032,1.0652701,1.682366,0.07501088
-1.2590418,1.580473,0.089863755,-0.061352298,-1.0082531
-1.5613103,-0.899918,-0.9985774,1.1704371,-1.2841823
0.0774803,1.53711,-0.45564094,0.5592942,0.29031467
1.6176299,1.5226933,-1.0110893,-1.396226,2.2726176
1.0407999,-0.06046123,-0.607072,-0.88239145,0.5637011
-0.955648,-1.4060776,-1.6216642,-0.49044442,-1.6570055
-0.1764219,-0.5613123,0.29927558,-1.4444009,-0.07688394
-1.2225218,-0.46400496,-1.3322129,0.2285986,-0.9584016
-0.7837409,0.035912983,0.66358155,0.39772663,-0.48883748
0.35906217,-1.5894312,1.1760583,-1.3668866,1.3898952
0.9850259,0.33311772,-1.2791066,-0.37955716,0.6885122
1.473876,-0.72539324,-0.9076515,-1.5447714,0.6620871
-1.5341299,-0.44395834,-1.3585001,1.7133505,-1.129729
1.1987269,-0.90251195,0.45758548,1.0118043,0.8420327
-1.1675942,-0.3648941,0.331516,-0.6688743,-0.67322135
0.69210714,-1.6282947,-0.8877489,1.4771601,-0.11965961
1.5046643,-0.92658955,1.0369595,-1.1003458,1.3037711
0.07133678,0.16902758,0.71200097,1.4452456,-0.024212439
1.614142,1.1605188,-1.5533403,-0.68209314,1.7355342
-1.4203621,1.6067847,-0.09439354,0.4925392,-0.96260357
-0.61070836,-1.3249946,-0.74057597,1.1912564,-0.7756037
1.0517049,0.74614996,-0.29884386,0.7933775,0.67622006
-0.32808903,-0.9856191,0.95573276,0.40605104,0.10238954
-0.30541006,-1.3543993,-0.18573895,-0.2144619,-0.34099057
-0.6707014,-0.07069799,-1.1942066,-0.0016207063,-0.44756678
1.2343634,-1.0031388,1.2076632,1.4670482,1.1447318
0.89195925,-1.5094906,-1.5713933,-0.58139676,-0.38800266
0.5990718,-1.6385262,-0.59100115,-0.57731646,-0.00069964223
-0.92073536,-1.1716324,0.66108686,0.20732383,-0.33642617
-1.3509489,1.4535902,1.5177091,-0.8562227,-2.0320458
0.23343939,0.98873943,1.6665919,-0.6703536,-0.47858608
0.55744094,-0.6901025,-0.40456116,0.12118234,0.21036327
-0.74806875,-1.1715838,0.5724018,1.2904595,-0.25515324
-0.43475255,-1.3475062,-1.5098593,0.5513012,-1.0775781
1.2103568,-1.0328487,-0.3352515,-1.0864623,0.64537114
0.18435141,-0.7176583,-0.5353738,1.0332441,-0.04965156
0.12485981,1.0642368,0.48679933,-0.6533618,-0.14090638
-0.37671503,0.5830032,-1.1266645,0.43304875,-0.032340676
-1.5125725,-0.67166024,0.3702639,0.08777875,-0.8497479
-1.5722818,1.2188927,0.88671535,1.2247212,-1.3953416
-0.7761482,-1.0869203,1.3380919,-0.40191862,0.006867242
-0.8283457,-1.4275193,-0.29145136,-0.7193611,-0.83038425
0.5837491,0.39108533,1.5687674,-0.36001977,0.11354631
-0.4542374,-0.96397257,-1.6242436,0.0013758217,-0.87280583
-0.62666214,0.5076877,-0.48781174,-0.83316547,-0.31878635
1.6892715,1.4984859,0.65043676,1.1780943,0.71184546
0.6470779,-0.8257724,0.43964097,-0.9445938,0.5085506
1.2750038,-1.2217458,0.808201,0.26007703,1.1610442
-0.7866504,0.6695263,-1.14105,-1.3464801,-0.2489255
-0.6563632,-1.5832616,1.0569787,-0.22982675,0.18972261
0.680177,1.5776112,-1.6134514,-0.3882328,1.569457
-1.1003941,-0.82462937,-1.1790261,-0.7084977,-1.0626953
-1.0787425,0.858017,-0.11778295,0.8925955,-0.64562094
-0.03603676,-1.3931588,-1.6701196,-1.5635936,-1.2512362
-0.5828092,-1.184872,-1.6340764,0.16758591,-1.1213381
-1.2440068,0.2007709,-1.5261835,-0.17669752,-0.65375096
1.0687664,0.63256174,1.3804294,-0.91671544,0.32088065
1.4321846,1.3720024,0.375947,1.3348581,0.69537044
0.3265532,1.4792954,-0.5491443,1.0747814,0.4835394
-0.25272924,-0.094424464,-0.07154894,0.5099078,-0.17658408
-1.548196,-0.21952598,-1.4984976,0.019359127,-1.0421203
-0.5801879,0.29786372,-1.6236331,0.9472458,-0.20902556
0.4856315,-0.40214345,-1.1991298,-0.7765036,0.09415323
0.8592828,0.06676388,-1.6631294,-1.4262211,0.50470805
-0.17058143,-1.6605548,1.1294501,1.6505144,0.565562
-0.6337766,-1.4384694,-0.6021656,-0.66387653,-0.8747117
1.006878,1.2133135,-0.46473712,0.33363262,0.8213187
-1.3245114,-1.021995,-1.4805036,0.020256761,-1.4094366
1.1356944,1.3932887,0.2836246,1.4462491,0.54992795
-0.6210348,0.20004743,-0.25871506,1.7113823,-0.37205157
0.07351212,0.43568996,-1.1706234,-1.1816909,0.18523923
-0.29320845,1.6070133,1.1006678,-0.03289728,-0.9829656
0.25596458,-0.9724048,1.4473008,-1.420988,0.6850802
-0.473334,-0.27109554,-1.2255898,1.1062028,-0.41628
1.2995033,0.31875807,0.97252846,1.6421585,0.62927717
0.002375506,0.60833025,-0.27992153,-0.6775893,0.030536143
1.3916006,-1.7066228,-0.017156404,0.30006313,0.97526354
1.7031374,0.6325858,0.7303881,-0.39640623,0.8380604
-0.79195213,-1.0314482,-0.3141827,-0.43471497,-0.65791684
-1.2093039,0.2380878,1.4588702,1.3632523,-0.84313333
1.4289795,1.1979736,1.056177,-1.626423,0.5099539
1.3967925,-0.1685527,-1.1162344,-0.25197515,0.7206975
-1.2679287,-0.04886549,-1.0465305,-0.021507658,-0.7829737
-0.08599055,-0.12471371,-1.7032678,-1.5446092,-0.15170932
-1.6512831,1.4760324,0.54915434,0.69902617,-1.4370438
-1.3627461,1.0074396,-1.293297,1.142617,-0.4113723
0.37980625,0.30291224,-1.4410436,-1.3926053,0.33805197
0.5053504,-1.0527327,-1.1022062,0.6569106,-0.12806909
0.4122524,-0.9492469,-1.6996112,-0.12664632,-0.34972417
-0.4216061,1.4092562,-1.3999184,1.6111112,0.41163304
1.636134,1.2734529,1.5315845,-1.6494045,0.3929175
0.2934063,1.026244,0.95879215,1.4586025,-0.18921547
-0.9691692,-1.3659495,1.5213807,-0.6589491,0.12517454
-0.050356437,1.3779842,-0.8343723,1.4481792,0.35131323
0.46076035,-0.1614692,-0.70563275,-0.8994242,0.20153302
0.65029836,1.3039756,-0.60377526,0.27947465,0.68752027
-1.1706749,1.5360111,0.032620758,0.39034408,-0.85846317
0.69266236,0.19981384,-1.2341564,1.0619771,0.45429826
-0.8327553,-0.7257924,0.2509473,0.7988175,-0.46341375
-1.3840019,1.6629536,-1.1020888,0.9552426,-0.26868904
-0.8935979,-0.91065973,0.27056518,-0.37961882,-0.5000767
1.7081817,1.157242,1.5728759,-1.3870732,0.45383483
1.519498,-1.6814035,0.2892567,0.005753549,1.3187679
1.5894704,-0.5469044,1.2523513,1.5681484,1.1397333
1.058178,-1.5281677,-1.2246099,1.4863904,-0.038020894
1.3482841,-0.7829381,-0.24340573,-1.0352545,0.7456632
-0.18338217,0.75442123,-1.0618495,1.1791346,0.13188784
-0.9005225,-1.2546977,-0.19155763,0.7659347,-0.69228244
0.9077244,-1.5157543,-0.6844058,-0.32834318,0.19709745
-0.8453302,1.2657319,-0.9764749,0.93265074,-0.12260786
-1.11519,0.94668275,-1.6605558,-0.086750805,-0.17073345
-0.5028472,-0.012421459,-0.6380092,0.19686908,-0.32339665
0.40859795,-1.2343322,0.22915503,-1.1512649,0.38080224
0.9338006,-0.4596195,-0.30319133,-0.22805506,0.47633827
-0.62181705,-0.56322116,-1.6011161,1.684028,-0.6992836
-0.96655387,1.0941691,1.2896937,1.0604383,-1.1197028
0.27948147,-0.56904185,1.2730423,-1.4165694,0.39544708
-0.9680469,-0.50025296,-1.0368037,-0.1126606,-0.7781249
-1.074191,-1.2411958,0.17372245,1.0907788,-0.6287371
0.9449187,-0.82239604,1.1399245,-0.7568682,0.89626163
-0.24217366,0.96011305,-1.6325634,-0.2317097,0.37373102
1.6209899,1.141169,-1.5190835,0.85102594,1.5952007
1.7226033,0.2626259,0.95240057,1.4437913,0.8947325
0.56230944,-0.6537477,-0.03496514,1.5597391,0.2972068
0.63990414,1.697884,0.5461855,-1.2677994,0.07129261
0.44377565,0.35434094,-0.7154321,-1.6492329,0.31827694
0.07412438,-0.67275935,0.31058133,1.2117448,0.0875663
-0.078118056,-0.6033925,1.1386046,-0.14877778,0.16176102
0.07082308,-0.2395682,-0.42127392,1.552051,-0.020547425
0.6903117,0.8415338,-0.55590373,1.2171232,0.54465157
1.6485229,0.6508065,-1.6369289,-0.69173056,1.3314341
-0.39920613,1.2832065,-0.26605862,0.48266354,-0.16412783
-0.6809046,-0.072496675,1.0877903,0.56932545,-0.3943086
-0.36993647,1.4630219,-1.6246953,-0.6353839,0.69188243
-0.78494793,-0.7083076,-0.13365595,1.5444467,-0.5260491
0.34001383,-0.80402493,1.251476,0.12797375,0.52997345
1.3327812,-0.64335877,-0.4913176,-0.5814563,0.6670113
1.393974,-1.6449903,-0.6357335,-1.5991441,0.995302
0.8379166,-1.1489059,-0.51918066,1.374167,0.27825412
-1.2203653,-1.5863035,-0.6970517,-1.7348201,-2.542591
-0.87723124,-0.097216934,0.20470223,1.3061967,-0.52989334
-0.33126426,0.023429234,-1.6551667,-0.6220451,-0.21064
-0.2703157,-0.45012215,0.6556295,-0.3320202,-0.08662693
0.18880887,-1.1963431,-0.43486154,0.21998172,-0.1003868
-1.5338981,1.6042156,-0.21968634,1.6911347,-0.9014391
0.58321714,-0.5765308,-0.11685676,-1.1565299,0.30120176
-1.2667658,0.8458565,0.9588765,-1.2465962,-1.1317962
-1.0426435,1.2329403,-1.0681826,1.0284863,-0.21705188
-1.3847634,-1.1505201,-1.5644143,-0.8570583,-1.6771092
1.5478506,-0.2132862,-1.2437501,-0.65287906,0.78443223
-1.5837911,1.0244082,-1.261346,0.98860687,-0.55257833
1.3464192,1.7134978,-0.8374433,-0.733576,1.8535308
-0.010748194,-0.21528974,1.3560777,1.0190341,0.06619027
-0.15315366,1.2826126,-1.3301139,-0.69106746,0.53420293
1.1244313,-1.3750148,-1.0109056,1.3201741,0.18051119
-0.11203962,-1.1371087,-1.4015689,1.714,-0.65785015
1.1273172,1.4546454,-0.86406493,0.22558883,1.2214259
1.2924211,-0.15986298,-0.049169075,-0.59199214,0.7221795
-1.4481926,1.7461809,-1.0485977,0.96158516,-0.31944183
0.709876,0.13485804,0.017225398,0.470555,0.3843935
0.3722908,-0.7233112,0.5796907,-0.0068617347,0.34222537
0.41747218,1.678913,-0.29325703,1.5334935,0.43146175
0.29859653,1.5464587,0.7403728,-0.114747085,-0.28765556
0.5182616,0.17022663,0.39332193,0.5954677,0.25262272
-0.7814043,-1.060462,1.6588006,-0.5311139,0.11696668
-0.1732056,-0.069397986,-0.088652685,-0.32916966,-0.13021307
1.6835707,-0.8398775,1.4882778,-0.08907556,1.4455718
1.2042973,1.2897571,1.2850794,0.102347314,0.14369215
-0.017554063,0.08838902,0.8204186,0.7443584,-0.05973505
-1.5727528,0.37747806,0.9714173,1.2944008,-1.0663995
0.12263704,1.0745816,-1.1515764,1.0492228,0.4777016
-1.1257095,0.59001935,-1.1516517,-0.7441425,-0.47506198
1.447735,-1.0922605,0.7327845,1.540749,1.139887
-0.99845326,1.4694154,0.6229233,1.1575317,-1.018751
-0.07720377,1.0884546,1.5495747,0.61105925,-0.6732212
-0.3351072,-1.0800593,-0.22463845,0.17495438,-0.32940733
0.3536463,1.3380362,-0.31677917,-0.9963034,0.40447766
1.6679108,0.5063233,1.1769124,-1.0499182,0.7682598
0.21080558,-0.33974358,0.05455269,-0.005694396,0.10225795
1.0446625,-1.2522949,1.6120923,-1.3049234,1.6170549
1.3840605,-0.28529486,-0.87731236,0.5942565,0.6950055
1.4376069,-1.7193505,-0.5646603,-1.5893189,1.3924005
-0.5476578,1.0117207,0.07330195,-1.5615153,-0.4401059
-0.33805925,1.2819617,0.9154245,-0.79368365,-0.7409936
0.8772068,-0.500046,-1.5071727,0.9839069,0.23258267
-0.42281684,1.6390072,-0.48187017,1.3441116,-0.01534043
0.85365605,-0.64510876,1.2468446,-1.4727058,0.7847767
-0.3291222,0.30833346,0.356818,-1.1101023,-0.25682473
-1.1210227,-1.2201297,1.2137524,0.37050885,-0.20581916
0.7482139,-0.06760476,-0.5829291,-0.33061457,0.3928991
0.31121537,0.7185237,-1.0840194,-1.4362353,0.43945968
0.81504893,0.7651881,-1.1739231,0.46758825,0.7668737
1.7582614,-0.052206594,-0.9669257,-1.4585625,0.97509986
1.2230422,-0.8809798,-1.2921304,0.0941929,0.32172027
1.6798869,1.2374743,0.85052174,0.69286644,0.6596512
0.13933511,1.1724732,0.46087548,1.5859786,-0.13219097
-1.4344182,0.28937528,-1.1002429,-1.4951074,-0.7661461
-1.1611098,-0.80283254,1.5739055,1.2811266,-0.28884485
-1.0227146,0.38012615,0.48821726,0.22703208,-0.68784195
-1.4706488,0.011539029,0.6384825,1.4961973,-0.88224435
-0.81616217,1.6153328,-0.7248787,1.693449,-0.13087128
-1.5383697,0.26774132,1.1885974,-0.44711018,-1.0291593
-1.5418962,0.14262618,-1.2128916,-0.28461102,-0.86948884
-0.9820346,0.12718582,1.2514627,-0.43380988,-0.64818037
-1.6507795,0.9434936,-0.93459636,1.3501667,-0.72598505
-1.010036,-0.014922617,0.72882026,-0.7657196,-0.6085927
0.7038903,1.515931,-0.62249625,1.1314143,0.78251475
1.4836649,0.924093,1.1152867,0.699183,0.5204554
-0.46517777,-1.3235358,-1.4418894,1.616966,-1.0082963
-0.45383787,0.006811029,-0.335936,1.2145151,-0.290881
0.96679467,-1.4875895,-0.4646892,1.3936808,0.34048152
-0.802596,-1.3449829,-1.0283346,-1.4404852,-1.3431295
-0.7672222,0.34890628,-0.84487534,-0.9276008,-0.38214147
1.1083292,0.4024739,-0.483054,-1.2453883,0.69265175
-1.4535173,-0.14724407,0.17721686,0.8470999,-0.8633098
0.25774857,1.6802281,1.21861,0.338563,-0.68625313
1.5686259,-0.938991,-0.28327256,0.646929,0.83856744
0.34250742,-0.7310168,1.6831858,0.6368044,0.60110277
0.515528,-0.2751234,-0.8185466,0.05904244,0.1968291
-0.9559182,0.017505959,-0.885459,0.6477075,-0.5792735
0.023388948,-0.14229695,-0.09055811,-0.9552049,-0.018258292
0.14185251,1.5920678,-0.3119762,1.1128254,0.2506152
0.46986988,-0.73675746,0.5448018,-1.5080937,0.41316304
0.7163554,-0.9141016,1.5866014,-1.6086127,1.0085461
1.5437312,0.15815593,0.5873384,0.57483697,0.8406137
-1.267502,1.3291966,-1.4386219,1.6144593,-0.14583926
0.098778516,0.4247226,-0.5879527,-0.6491239,0.11291867
-0.8133871,0.9553309,-0.3422686,1.619937,-0.40815175
-1.3153214,0.34766,-1.565467,-0.6302678,-0.62147987
-0.0907689,1.5073818,0.53029305,-1.3328387,-0.52956903
-1.4689066,1.0642972,1.4988382,-0.2841473,-1.5494694
1.2491635,1.2666712,0.8523848,0.94514066,0.3742079
0.24662243,-0.23030593,-0.034956947,-0.91747695,0.11382149
-0.88111216,-1.4507728,-0.13173968,1.6126636,-0.66349405
0.94720453,-0.82834095,-0.8055292,-0.79028916,0.323616
-1.5829095,0.6066164,-0.19180956,-0.7823643,-0.94265246
-0.6190445,1.2419837,1.5059361,-0.73698205,-1.1934197
-0.28839087,-0.6810482,-0.88426924,-1.3358446,-0.4222544
-1.4163986,1.4635962,0.27394223,1.604065,-1.0826318
-1.048058,0.2598775,-1.2615712,-0.99462724,-0.53416836
-0.23396505,0.013824428,-0.4707807,-0.794992,-0.1621332
1.3539939,0.07546766,0.09855644,-0.5400969,0.7568235
1.710326,-0.30422094,-1.2983012,1.4461263,0.8357915
1.1430047,1.6550974,0.46588123,0.7950082,0.45379052
-0.981293,0.08330338,-1.4763424,0.62441456,-0.5600116
-1.0796331,1.0852226,-0.7028022,-0.47063276,-0.45178583
1.5502163,-1.4791508,1.1947144,0.862435,1.6659213
0.65636915,-0.90027374,1.6107721,0.30034235,0.884715
0.09290951,0.20478866,-0.13526663,1.3679593,0.03542064
0.28023764,1.4126805,-1.2289615,0.37076366,0.8129394
-1.3370794,0.8450369,-1.4116533,1.2590349,-0.42690778
-0.5279095,0.3421567,-0.42317176,1.1829729,-0.28862146
1.7050967,-1.73264,-0.87771565,0.2888001,0.5857176
-0.37763074,0.039929904,1.3648326,-1.67699,-0.26162055
-0.03924793,-1.1553526,-1.2257435,0.3386271,-0.57152045
-1.3829525,-1.4965072,1.0332701,-1.3234552,-0.48721603
-0.9163321,0.24758348,0.32573274,0.28369766,-0.58759433
0.011981909,-1.1071182,-0.52351093,-0.20869014,-0.23679926
-1.0226899,1.6048329,1.3996011,1.3660883,-1.5497409
-0.16643423,-0.9501357,0.9551906,-1.2597649,0.20297092
0.748069,0.5742208,-0.06102804,-1.464872,0.43811497
-1.6375923,1.0402458,-1.1654524,0.75890875,-0.6172754
0.55870384,-1.361583,-0.50662774,1.1311644,0.075387545
-1.091667,0.907878,0.55303955,-0.39200574,-0.88852787
-0.7934335,-0.22890812,1.4877809,0.45520338,-0.3732874
0.70837015,0.9191155,-0.58073527,1.3780446,0.58075154
1.4166101,1.7106379,-0.7149651,0.15819302,1.532902
-0.42357633,-0.74348146,-1.6796447,-0.4993248,-0.72625774
-0.659984,-0.75569737,1.0551084,0.98879343,-0.14878991
-1.5102408,1.4057252,1.6760131,1.5492944,-1.8392326
-0.8409812,0.20261219,1.1819669,-0.30889636,-0.5940537
-1.460984,-0.16875964,-0.9583024,1.1628133,-0.93258125
-0.34703922,1.3425528,1.2299019,0.1303655,-0.8872212
0.39860183,-0.8437987,-0.52182096,-0.3776796,0.06137845
-1.5664574,-0.0801011,0.89734054,-0.16581422,-0.911585
1.5509403,1.216154,1.003687,-1.6986914,0.6406088
1.1277249,0.6948982,-1.4017253,0.81793135,0.97082543
-1.638916,-1.1319596,0.42424968,-0.95874584,-0.9633898
-0.77549016,0.4644437,0.68498504,-1.4920253,-0.5992037
0.60889786,-1.3355252,-1.0338254,-0.25493735,-0.15623087
-0.30671793,-0.9493111,1.5875688,-0.7212904,0.32669038
-0.14054222,1.1389264,1.3403736,-1.1187093,-0.728192
-0.73050755,-0.4623939,1.4350253,-0.3796581,-0.23306865
1.4305599,-0.8899497,-0.016434828,-0.19750445,0.8532154
-0.9156279,0.13162754,-0.92020625,0.51292914,-0.5215538
1.4754391,0.43707287,-0.9398626,0.22340474,0.97472215
0.15827978,-1.0875957,0.60633653,-0.2462059,0.3154465
0.39337692,-1.180462,-0.34227577,0.367533,0.073835485
1.3907952,-1.6982685,1.3646725,-1.1369995,2.7298048
-0.23662946,0.46174464,1.4380141,1.4536875,-0.38465077
-0.9334456,-1.1291684,0.13165177,0.83517873,-0.5591906
-0.23140843,0.14100464,-1.40755,1.0832143,-0.09943116
1.4440523,-0.38694447,0.6810462,-1.5619146,0.9207989
-1.2307954,-1.1443634,1.536619,1.1698828,-0.16778687
0.4380863,-0.5549785,-0.4324795,0.29229137,0.1498884
-1.6455394,-1.3465346,-0.90012527,-1.6910396,-2.1159327
0.9501722,-0.92511934,-0.4028542,1.6330445,0.41568896
0.68349636,-0.04804926,0.24522282,-0.050700642,0.37401554
0.1201646,-1.4983438,-1.2757329,0.31835172,-0.7009912
0.7863632,-1.5372854,0.9166141,1.4209772,1.0098622
0.049088355,1.3256372,0.7334772,1.1044782,-0.34998837
1.0002071,0.17250155,-0.6578346,1.5291939,0.59002054
-1.31628,-0.77180684,-0.63741136,-1.6337812,-1.0571705
-0.2057772,-0.051706865,-0.81617785,1.7008911,-0.1626513
0.8112017,1.3124406,1.3421278,0.40822357,-0.15299484
1.7622758,-1.461988,1.018082,0.008139933,1.7901767
0.92449105,-0.926617,0.4874107,-1.377616,0.7519064
-1.2052827,-1.2663395,-0.077996,-0.94739884,-0.93858844
1.3717893,-0.12116713,0.42827904,1.6699831,0.7877869
-0.3369253,-0.05375657,1.6567255,1.2756071,-0.18982881
-0.32059103,-1.3652251,0.543058,1.3380631,0.036473356
-1.5182906,1.2288446,-0.85782355,-0.16019842,-0.63991386
-0.22396813,-1.3451786,0.6636928,-0.9808351,0.17956302
1.2654009,1.6506028,-0.682763,0.3907201,1.3202144
0.2873211,-1.2051206,-0.061945014,-0.8411284,0.13722232
-0.9560264,-0.23445298,-1.1075499,-1.1437802,-0.6753348
0.577305,0.33604285,-0.05120374,0.5459538,0.3152859
-0.50510406,-0.7757218,0.088698134,1.3464686,-0.3060192
1.6196277,1.6259652,-1.0429482,-1.345388,2.5940118
-1.4477526,-1.206996,1.1036568,-1.547998,-0.5599068
-0.49689052,-0.09075678,1.5859187,0.22002392,-0.26484814
-1.6158845,-1.2859186,-1.4380498,-0.62569606,-1.8985276
-0.6311541,0.49556094,0.4969204,-0.94216233,-0.48677018
0.5901115,1.5079075,-1.1878325,-0.36951277,1.1411226
1.7050908,1.6399517,-0.34242874,-0.11472723,1.4777762
0.3364101,0.21584018,0.8220813,-0.49557376,0.11150531
1.7356515,-0.8746116,-0.031095918,1.2704476,1.0083693
0.3841286,1.7178746,0.51971585,0.94703937,-0.118068315
1.0418584,0.13822643,-0.5576111,0.5313112,0.6023272
1.4278775,1.1980217,1.6387261,-0.57075876,0.1807308
1.4868865,-0.90766203,-0.80758226,-0.1690424,0.6337987
-0.91687745,-0.81025773,0.32064077,1.1104436,-0.48895034
1.6306436,-1.4547126,0.17542715,0.12946291,1.1922617
1.0904789,1.6268173,1.169422,-1.6882006,-0.049171064
-0.7581739,0.29888922,0.17451714,0.15046094,-0.48732668
-0.7747502,-1.2576226,1.0349638,0.8941087,-0.048396863
-1.397446,0.15804826,0.44174874,-0.45942846,-0.8625682
0.47969228,-0.74830496,1.0945812,-0.33828667,0.5508456
-1.3488816,0.094785154,0.020779813,-0.24977161,-0.8116746
0.77470565,0.59121925,0.57237744,1.051831,0.31706107
0.59105885,-0.86684644,1.6938714,1.4182508,0.8338403
-1.4492123,0.31405714,-0.5606979,-1.3759619,-0.8222191
0.5164875,-1.1047877,-0.7000951,1.128719,0.016593289
-0.09292679,0.34609386,1.2462782,0.69608057,-0.22263707
0.8339418,-1.693105,0.6560795,0.5929659,1.0108801
1.0354059,0.2873875,-1.6227018,-0.9999675,0.73050267
-1.665094,1.7560344,0.6101429,-1.0049082,-2.3426805
1.6266975,1.6285545,-1.6860079,1.7084064,2.051922
1.491569,0.6490697,-0.9337523,0.4296001,1.0637386
0.7324379,1.3023424,0.671448,-0.4005246,0.12961115
-1.5269908,1.7186015,0.90413743,-0.36580434,-1.9837229
-0.56810063,0.505735,-0.38888255,1.1472111,-0.2967986
-0.45199513,0.5940277,1.4534113,-0.4465952,-0.58972
-0.39548394,0.23577093,1.7065239,1.1578172,-0.38719413
1.0184126,1.5655546,1.3388261,-0.5063098,-0.1667185
0.6733395,1.5192696,-1.5789732,0.39571625,1.3600273
1.4115446,-0.82111555,-0.62588745,0.4426671,0.64864963
-0.59790105,-0.06554687,0.103597626,-0.90311813,-0.37222537
0.6267835,-0.8802419,1.3955202,0.02849349,0.79125065
0.65994763,0.63859266,-0.289149,0.3321484,0.42686322
-1.3868444,-1.6991886,0.3579826,-1.7112314,-2.2091205
-1.6235424,0.62985635,0.9033933,-0.35608548,-1.194993
-0.8465467,-0.47636634,-0.89986473,0.15079229,-0.6731497
1.2261678,0.64532125,-1.0414327,1.4146143,0.9208877
-1.5743525,0.5563296,1.698191,0.3698106,-1.2742628
-1.4520226,-0.86928314,-0.039273284,-1.4890751,-0.99449825
1.0120012,0.92025614,1.214799,-0.52291316,0.20906623
0.9763978,0.7544758,-1.6762792,1.703383,0.97596693
1.4635824,-1.489762,-0.65674716,-0.24016981,0.61805034
-1.253102,1.7634866,1.2046599,1.294515,-1.7177773
-1.2134212,1.5222847,-0.16727562,0.18466951,-0.77823484
0.9306832,1.1022537,0.5777771,1.1240678,0.32268423
1.544941,-0.17187093,-1.440255,-0.7599847,0.7870603
1.0776877,0.6305949,1.6713754,1.69006,0.25761166
0.31695768,-0.94568795,-0.8584769,0.35177475,-0.12041707
0.6147874,-0.5914238,-0.08781211,-0.36960047,0.32205623
1.6818601,0.83776784,-1.1263105,1.3196608,1.2996787
-1.0641031,0.79059994,-0.76322824,0.8411987,-0.4629865
-0.73480666,0.7040081,-1.4738742,-1.1806114,-0.12180483
1.2518637,-1.6723322,-1.5048019,-0.13914372,-0.17836815
-1.1313348,1.4658147,-0.351944,1.2291291,-0.5753093
-0.9025629,-0.72855383,-0.7587884,0.41786468,-0.7612403
1.3044363,1.5304946,1.2682514,-0.5631036,0.11869247
0.59058416,1.4574906,-0.009248169,-1.1440119,0.4483614
0.60358423,0.65940386,1.3350836,-1.2293451,0.036818556
-0.6828416,1.7609127,-0.28870577,0.9500603,-0.3102601
0.023382172,1.0178112,0.36357638,0.77069217,-0.14381386
1.6234835,1.0394058,1.64917,-1.5518309,0.4230811
-0.9866255,-0.59102416,-1.330432,-0.37063542,-0.88965034
0.0606925,1.6397746,-0.74524236,0.42472267,0.4986695
0.8662903,0.46827888,1.4679047,-1.5494639,0.25963292
-1.1418697,1.0470644,-0.39484808,1.4808276,-0.58285385
1.7198377,-0.39125732,-0.46365425,-0.19942878,0.921609
-0.81334275,1.2819042,0.13695186,-0.7191948,-0.6723296
-0.36644217,1.5686752,-0.9233049,0.17879477,0.2874052
-0.41885996,-1.3422412,0.12262954,0.6124119,-0.24208906
-1.0752201,1.4501895,-0.71504396,0.37115002,-0.3611797
-1.6429096,-1.15674,0.5441263,1.6309675,-0.8188518
1.0182894,-1.2053041,-0.36565432,0.9623206,0.4528931
0.50472957,-1.464488,-0.5774809,-0.18243702,-0.018041654
-1.5659839,0.51557755,-0.6481694,0.28095552,-0.84185416
-1.0613862,-1.3150854,0.44545165,0.40602872,-0.50610816
1.7494465,-0.6559233,0.8612954,-0.70253277,1.2298254
0.7054859,-0.87820417,-1.571727,-1.50109,-0.08757473
0.73822665,0.47738206,-1.1992168,-0.19894977,0.59793395
-0.98331517,-1.7216705,-1.649864,-0.67525667,-2.3278131
-0.7079113,-0.80030686,0.8010854,-1.6533302,-0.25072697
-0.21284156,0.019710975,1.287628,0.60435885,-0.15644208
-0.2678283,0.16493805,-1.6517261,-0.7423629,-0.09683272
-1.1330723,-0.7883048,0.44571298,1.6467179,-0.58323884
0.18904519,0.6375951,0.34751004,0.6061144,0.009956999
0.21833006,-1.1547406,-0.92294484,0.72448057,-0.27594692
-0.1709319,-1.4842142,0.3702719,0.4912974,0.065720856
0.28592083,-0.24346633,1.3238821,0.6622575,0.24912976
-0.6354951,-0.9450415,1.6843349,1.0965017,0.14028649
0.49539068,1.1166043,0.74203163,1.2601839,-0.013088437
0.6967112,-1.1965811,-0.34161624,-0.109200366,0.27276868
-0.8600669,-0.14097637,-0.9785235,-0.50624156,-0.57560676
-1.6606746,0.7381084,-0.65530366,0.45567825,-0.86163855
0.94867766,-1.5350065,0.013156685,-0.7972345,0.7303865
0.45799,1.369757,-0.12710914,-0.10255166,0.34705475
-0.8288048,-0.7931478,1.2527597,0.49219337,-0.1841959
1.7069634,-0.47226045,-1.553634,0.7608604,0.72690606
-0.7317688,-1.0701603,0.15241931,-1.6926123,-0.4979336
1.2110097,-0.64923984,-0.5473874,0.65742767,0.5712283
0.920938,-0.672043,0.14234288,-0.6861503,0.5646379
-1.3968637,-1.5598979,1.6512988,-1.2364566,0.027444294
1.1579527,0.6084461,0.049327776,-0.7532826,0.65857965
-1.5364841,0.0011910327,-0.298926,-0.051825374,-0.9200307
-0.9070446,1.7291173,-0.58327544,0.84004503,-0.26855022
-0.2399868,1.1946753,-1.715532,-1.5596349,0.6590564
-1.113779,1.5384488,-1.5575873,0.456882,0.13475871
1.7297118,0.52485055,0.74769014,1.5488178,0.8585339
-0.29831305,0.93196166,-1.0501463,-0.9946198,0.13336053
0.7312428,1.6554428,0.9745328,0.4001978,-0.16477609
-1.4907372,1.4523644,-0.48804912,-0.7118938,-0.8518777
1.0386385,-1.3460221,0.61892503,0.412162,0.9682933
-0.4881208,-0.38794917,1.2532983,0.7368911,-0.14836907
-1.2629753,-1.6912186,0.25040635,-1.0831729,-1.0543475
0.29899526,0.07343664,0.58900315,0.40078148,0.13326976
0.881554,-0.61499935,1.4510221,1.7004741,0.7955098
1.5376501,1.5348967,-0.5408351,0.10734098,1.3798403
-1.0048349,0.28519338,1.2626188,-1.2459455,-0.73409754
-0.8004145,0.026208274,-1.4459349,0.007309311,-0.48286098
0.3782912,-1.2667128,1.5723579,0.36822215,0.9565821
0.5143524,-1.3747765,-0.5645096,0.5198414,0.015743064
0.7093391,0.28399372,-0.06560245,-0.13946885,0.39267427
0.9924951,-0.8679861,0.96291983,-0.38622448,0.8859093
-0.34339342,-0.80173486,0.1252045,-0.87705654,-0.20751669
1.0040251,1.2417862,1.5014293,1.1067625,-0.062592655
1.3170102,-0.91100943,-0.7560875,-0.99449444,0.5623149
-0.40275836,-0.7768264,-0.9479228,-0.6049458,-0.53755623
1.2725149,1.3586435,1.532854,1.1367803,0.02867302
0.88864607,0.6947007,-1.0379897,-0.8297404,0.76163673
1.5663366,-0.9935625,1.1814618,-0.24084903,1.3864471
-0.93160367,0.54003,1.653834,-0.7061357,-0.8842569
-0.8033505,0.8944223,1.1621271,-1.5522615,-0.950155
-0.45084125,-1.5569468,-0.6505195,0.82197195,-0.7266121
0.13451856,0.33572656,-0.026333485,-0.78479785,0.05406849
1.0808916,0.40907845,-1.5493232,-0.8150345,0.8194813
-0.93606234,-0.06173962,-0.9364876,-0.39669994,-0.59230256
0.9094423,1.6949092,-0.35655344,0.4609718,0.8625376
-0.5700996,-1.1568918,-1.136106,1.5090125,-0.84574115
1.0876263,0.9612888,0.9902817,1.520242,0.3034137
-0.034620274,-0.9284357,0.89935595,0.009307272,0.24671587
-1.4617591,-1.500441,-0.49260324,-1.5024449,-1.865258
-0.90055346,1.2067219,-0.2711461,0.11363476,-0.49432275
-1.1993881,-0.8377743,1.6587197,0.025698826,-0.27455306
0.901362,0.08958198,-0.10676312,1.4508888,0.4990067
-1.1077536,0.932742,1.4583901,-0.3730028,-1.2059935
-0.09635026,-1.4626808,1.5905988,-1.6446455,1.1768925
0.41875377,-1.5002345,-0.6036188,0.6159346,-0.098175585
-0.8973651,0.6062514,-1.6419004,-0.39489764,-0.23023592
0.5439916,1.5419555,1.6016883,0.5910043,-0.6147549
-1.6345716,-0.17946969,-0.9246977,0.50765336,-1.0354459
-1.1851901,1.2466934,1.6420767,0.60406345,-1.5301741
-1.5134917,0.6255118,-1.0977898,0.9453268,-0.695532
-0.47381446,0.509139,0.31068844,-1.2307217,-0.36566594
-0.5802889,-1.1156864,0.50706524,-1.4276081,-0.21644972
0.29377732,1.6824394,-0.40679368,1.6100332,0.42043203
-0.27133244,0.8132636,1.3388941,1.5714386,-0.55758846
0.8567873,0.2790634,-1.5587273,-0.699286,0.6146205
1.6261748,1.2521204,-0.7148871,1.6468519,1.2963547
0.66510767,-1.5059359,-0.2713929,0.32812354,0.26507637
-0.63139063,0.38621503,1.3149593,-0.47029024,-0.5660633
-1.5656133,-0.82193995,0.79482,-0.9540413,-0.7776497
0.67098224,-0.17195489,1.1042643,-0.9377002,0.42897797
-0.8061905,0.58366627,0.7386206,1.37776,-0.6461511
0.9236039,0.7866013,1.5444084,-1.0808316,0.11903391
1.1985024,0.4107273,-0.42882434,-0.72604996,0.73727906
0.71148896,-1.3558007,-0.5313452,1.7127979,0.15922667
1.6632314,-1.0950179,-0.23686834,-0.86195683,0.983172
1.6830136,0.037572514,0.674959,1.6927218,0.9429639
0.41183704,-0.29809177,-0.5047809,0.76045376,0.16177046
-1.2078013,-1.4668274,0.63010466,0.8463446,-0.4797959
1.5859514,1.7413282,0.47012568,0.3807179,0.78698146
-0.7700868,0.22828676,0.40305284,-0.32498017,-0.5060877
-0.76639724,-1.2441729,1.3989034,0.75915116,0.11697152
1.4883597,0.77901155,0.2727205,0.5023838,0.79558164
1.3816298,0.7718162,1.139193,-0.9609626,0.52017844
0.5675553,-0.8568653,-0.47995552,-1.4436853,0.18527947
0.15511337,0.8896806,-1.5449076,-1.42449,0.5775896
-1.4016136,-1.0853537,1.0491225,-0.22437227,-0.512022
-0.1316337,0.6168506,0.7116325,0.48181844,-0.2531951
1.6990827,1.6792468,1.4424297,-1.1140921,0.27031326
0.4857576,1.1690667,0.6555535,0.30525866,0.0026675258
0.1946136,0.8760265,0.03340173,0.9850643,0.07881542
-0.31049228,-0.35136786,-1.2410948,1.0060652,-0.35680458
-0.5535668,0.33735943,-1.6298811,-0.6627237,-0.17256604
1.0736986,0.62122494,0.34388065,0.3833314,0.538721
0.15336467,0.43685544,1.4007295,-1.5527165,-0.14141877
1.1676543,-0.34985524,-0.13450226,1.2338266,0.63862556
-0.25769874,0.25248462,-0.5614539,-1.4010025,-0.1325497
0.79965276,-0.706272,0.858616,0.08190441,0.66327244
0.75807697,-0.98838556,-0.83276343,-0.55943406,0.15334505
0.32180092,-1.6179267,0.6053331,-1.4529504,0.9214454
1.1294166,-1.4286124,-1.3951712,-1.5182896,-0.051545832
1.126442,-1.0983326,-1.5580342,-1.1289899,0.068247266
1.6436185,1.6897843,-1.0032951,-1.2739463,2.741618
1.3712366,0.35915646,-0.29511452,1.3096362,0.8076203
-0.3932427,-1.5858558,0.5784194,-0.28090256,0.06391274
-1.4110076,-0.89313966,0.8683952,-1.1727345,-0.654175
0.36202306,0.4180742,-1.088431,-0.0081349695,0.33473492
0.032118235,-0.52013147,-0.35380414,-0.7976258,-0.07221973
-0.40207607,-0.4915286,0.56478894,-0.26563367,-0.17101876
-0.24126102,-0.65430534,-0.3798394,1.4777061,-0.25514364
0.12815721,-0.4231807,0.02488396,-1.5456152,0.052108694
1.3038142,0.20934959,1.111398,-1.5216206,0.65901107
0.5840723,0.11109148,-0.49659023,0.4108139,0.32904392
-0.56443816,1.1379935,0.884872,1.1949189,-0.7319685
-0.6611136,1.1335241,1.3951224,-1.6627686,-1.1921113
-0.37935153,1.455801,0.5718306,0.5306961,-0.6014016
-0.61853427,-0.049175903,-0.3062296,1.7045718,-0.3922053
1.5959091,-0.77931744,-1.0888289,-0.29313564,0.649455
0.9593749,0.012839035,-1.1365349,-1.0381571,0.53190285
1.6023728,-1.1590722,-0.3347704,0.83677673,0.83688897
0.052651644,0.7271362,0.5360114,0.9656014,-0.12808329
0.39449486,-0.20558755,0.9387453,-0.19451082,0.2685906
0.6443942,-0.5570519,-0.08381898,-1.4294448,0.34654897
-1.5831251,-1.4858376,1.3836194,0.05289426,-0.31734583
0.2009493,0.8552997,-0.6814429,-1.1379782,0.30713364
-0.068055436,0.9895624,0.34168336,-1.4955698,-0.20864047
-0.91847974,1.6129102,-0.8805725,1.0685158,-0.1083515
-1.2892857,-0.6169015,0.46074584,1.177207,-0.69368225
1.5718853,0.5373225,1.4654438,0.68217427,0.6382107
1.4475187,0.07319675,0.6010993,-1.4300901,0.8003348
0.84539694,-1.114627,0.11418468,1.456998,0.53639495
1.6906836,-1.0938141,-0.63326025,1.2566596,0.76857793
-0.6517836,0.90841484,-1.4105889,1.4767419,0.014867077
-0.2503342,-1.0043303,-1.1766748,-0.129714,-0.6148297
0.69925714,1.2888808,-1.4747407,-0.3357162,1.172367
-0.23742342,0.621918,1.2202237,-1.5704347,-0.43843517
-0.29082984,0.60809565,-0.7177015,1.265928,-0.054686446
-1.37646,1.1663281,-0.25801337,-0.105369076,-0.81379247
0.5098744,0.8685035,-1.5405711,-1.7492046,0.8109828
-0.9936993,0.766153,-0.48002085,1.6820264,-0.49586734
0.109785795,0.9203109,1.4604539,-0.23872036,-0.43430942
1.7263803,-0.7403148,0.31494477,1.0291204,1.0835131
-0.48300818,-0.92678934,-0.30773234,-0.27048793,-0.4335896
-0.49571282,-0.31571573,0.89457387,-0.28733906,-0.22155365
1.0862547,0.9842679,1.3236693,1.5118212,0.18295696
-0.5860688,1.2389566,1.3360637,1.4261409,-0.9800099
-0.10075802,1.303368,-1.2721807,-0.82415855,0.5641316
1.6553564,-0.54853094,0.122421645,0.03981527,0.9777971
-0.6589586,-0.21656372,-1.41182,1.1641023,-0.5153951
-1.1850209,-1.2023933,-1.1855471,0.068991296,-1.3318703
-0.9167397,1.0924188,1.3183964,-0.32705423,-1.1488041
-0.43035716,-1.160679,-1.36981,1.535697,-0.85681427
-0.77009195,-0.71764106,-0.84354013,1.5305681,-0.6919587
-0.8466202,1.460685,0.82303333,-0.4794693,-1.1485827
0.7428767,0.43468294,1.6707684,1.2992307,0.16891873
0.33983994,-0.73021716,-1.6699636,-0.18623313,-0.24724945
-0.50410026,-1.1787162,-1.1096168,0.037162077,-0.8423731
-1.2909461,-1.2038969,-0.67467535,1.377377,-1.1225884
-0.4951412,1.4276915,1.3300349,-0.14900322,-1.1276127
-0.67973924,-1.602377,1.0003467,-0.1869802,0.1424722
-0.5133274,1.5282289,1.0701935,-0.39140263,-1.1025629
-1.5066017,1.4152608,1.0999811,-1.4629737,-2.0997884
0.418191,0.11592274,-0.43092227,1.3290168,0.23106052
-1.2182848,-0.1342906,1.2659112,-1.3755722,-0.6773982
-1.2941976,1.376099,-0.04921577,-1.3460991,-1.0552406
-1.360049,0.7832207,0.16048998,0.22043426,-0.8945864
0.7660234,1.6715109,-0.45657265,-0.19710816,0.88245445
-0.9897371,1.4290764,0.727918,0.053616505,-1.1153618
-0.6637417,-1.1477078,0.766321,0.12211141,-0.13254148
1.3971831,1.0933399,-0.1830589,1.7051932,0.8930302
0.96164656,0.894761,1.51161,-1.6989536,0.10024644
1.0347197,-1.2432259,-0.44590983,-1.057548,0.4832901
-1.5882118,0.8524042,0.4339423,0.30565745,-1.1233913
-1.1879308,-0.90765256,1.5595814,-1.5589548,-0.28187695
-0.60304713,-1.0421282,0.96709174,-1.3850933,-0.049670953
1.4699634,0.039677206,-0.62658113,1.3150456,0.83293194
0.22334617,-0.20951548,-0.77922004,0.65741444,0.04676069
-1.2409741,-0.4665653,0.3306576,-0.55256736,-0.7103454
0.05793611,-1.1477922,-0.013956939,0.44346213,0.0014104565
-1.2905318,0.9699536,0.119985335,0.28905988,-0.8683586
-0.33020997,1.762286,1.1058284,-0.18532558,-1.185833
-0.42644647,-0.38328874,0.5996396,1.4263705,-0.1988566
1.5381057,-1.1794243,-0.9645432,-0.014856061,0.54596907
0.5806199,-0.08395348,-1.4037366,1.2164977,0.26773983
-0.25317335,-1.5228076,1.6234238,-1.3649011,1.0383899
0.33810213,-1.4228852,-0.1900854,-0.71933794,0.10200268
-0.45002595,-0.57966834,-0.6778199,0.27906057,-0.42950204
0.723855,1.1130332,-1.2628416,0.9123981,0.91409886
0.72844243,-1.3419995,1.6489575,-0.7203266,1.4022132
0.50967604,-0.27413338,0.8660474,1.2372806,0.3503637
-0.6241731,-0.9074028,-1.090125,-1.4537765,-0.8187829
1.5165578,-1.6143227,-1.484835,-0.6762126,0.08143889
-0.20150146,-0.38950187,1.4916493,1.2899598,0.051561233
-0.62338036,-0.095726356,0.7387953,-1.3107709,-0.3647252
1.1258703,-0.28919992,-0.25331277,-1.6415861,0.60977846
1.4509473,1.294078,-1.428857,-0.4523177,1.680442
1.7611442,0.7120665,1.0404394,-1.4598825,0.8097516
0.55740565,1.10298,-1.1672443,0.501724,0.7763705
-0.53998035,0.6964444,0.84336317,-0.31943634,-0.5551555
0.92190856,0.19155039,-1.6327889,-0.52510303,0.6093759
1.5248315,0.9624203,-1.5328448,0.945096,1.409267
-1.6421683,-1.1163514,-1.6491894,0.08655018,-1.7526587
-0.16622294,0.9039228,1.556631,-1.578599,-0.67012674
-1.127418,0.84543544,1.5604045,-1.6585054,-1.2586012
0.36812407,-0.74038506,-1.4669956,1.0752605,-0.18079735
0.75948054,-0.05359412,1.3272452,0.73382837,0.4402039
-0.30866125,-1.3250315,-1.0452658,0.939038,-0.73666483
-0.09693398,-1.5337901,-1.5976928,-1.4879354,-1.5430641
0.82239026,0.004886206,0.8259372,-0.34966967,0.4506426
-0.24232024,0.32207838,0.97301286,1.4679496,-0.2707405
-1.3992257,-0.37294325,0.9729537,1.3870214,-0.7221615
1.4252489,0.5507728,0.30059338,1.1651269,0.7566595
-0.8197222,-1.3523662,1.6479762,1.5962716,0.2583761
-0.14206137,-0.9609469,-1.4810373,-0.5580798,-0.6393649
0.20961227,1.2219988,0.7917981,-1.3575467,-0.2856997
-0.056355406,-1.7065486,-0.54538774,0.96094733,-0.43996212
-1.57302,0.28328514,0.083920546,1.0918419,-0.9519954
