1.3639385,-0.3663116,1.7057129,-0.14650185
1.4766983,-1.0617418,0.28868166,-0.48136312
-0.35634318,0.8048906,-0.94050956,-0.100624725
1.6293025,-0.7265621,0.19410162,-0.35423526
-0.33021733,-0.08424922,-1.7150449,0.010210371
0.39470124,-1.2310293,0.014220297,-0.1398039
-0.79137355,-0.17074382,1.3179998,0.04424443
1.0586454,0.25698936,0.19723853,0.07534052
1.5654585,-0.06481315,0.40842837,-0.032293107
-1.2163981,-0.65101796,-1.6193694,0.25850168
1.5441934,0.5298805,-0.32409835,0.23636958
0.36950117,-0.44933945,1.0129105,-0.04400777
1.3196235,-0.969251,-1.26068,-0.40396136
0.28040725,-1.2915025,-0.80469596,-0.103479
0.877638,-0.36611876,1.1601925,-0.09241737
-0.19602624,-1.6563823,0.49247754,0.13920315
1.3748705,1.4681755,0.8022491,0.63596684
0.30172685,-0.8342627,-1.6031295,-0.0687162
-0.7569009,-0.72279906,1.0925729,0.17782657
0.48617005,0.16958062,-0.3756834,0.021241205
-0.74638903,0.4632406,0.36015862,-0.10859273
-0.15483129,-0.15918134,1.3878388,0.009961948
-0.65238726,1.2146522,-1.584304,-0.29882488
1.1896945,-1.0195177,0.49064463,-0.3663937
-1.3124043,0.6378011,-1.554173,-0.2653876
-0.74686044,0.0028604513,1.2710692,0.00093574857
-0.43919113,-1.4253769,0.5035641,0.22962286
-0.98843807,-0.67504543,0.19024058,0.21474004
0.20971002,0.45488474,-0.6892418,0.021926075
-1.6539576,0.34318188,0.6468636,-0.1706744
1.6026025,1.2870355,-0.89274323,0.6811418
-1.4159129,1.1846693,0.3274997,-0.5500649
1.3768367,-0.95344746,1.441929,-0.39188927
0.33377978,-0.7450026,-1.2905748,-0.06743832
-0.51209694,-0.36649176,-0.4911626,0.06253172
1.1114646,-1.2545085,0.40036672,-0.432619
0.31557757,-0.46851656,0.2972963,-0.038299266
1.4387302,-1.4339014,0.022692032,-0.6754849
0.23543571,0.67646664,1.4772141,0.03801929
-0.4960253,1.2525697,-0.44741756,-0.22418009
0.50991297,0.14623025,0.44226205,0.019163609
-0.41990912,-1.2535579,0.9096152,0.18729429
0.7720065,-1.3264955,-0.33406845,-0.32419127
1.584885,-0.6785741,1.1217526,-0.3186214
1.0427601,0.5189114,1.121181,0.15286575
-0.70580393,0.049776074,0.7641511,-0.00959792
1.0413911,0.3269494,-0.42010665,0.09507919
0.3553211,1.6661763,1.4914567,0.16873892
0.9218104,0.82453406,-0.9937149,0.22438031
-1.0026172,0.3854028,0.53008217,-0.118733466
-1.6577972,-0.34937942,0.3440499,0.18137306
-0.6182889,0.8396875,1.2117743,-0.16893879
-1.2739148,0.65093505,-1.409234,-0.2629712
1.4603895,-1.577901,0.29859757,-0.766251
0.5432361,-1.0331789,-0.9903955,-0.16804196
0.7605634,0.065927505,0.90973264,0.012514838
0.59185714,0.67488253,0.5890625,0.11023769
0.017189596,0.8633747,-1.3374504,-0.008180949
1.3950604,-1.0412244,-0.10850265,-0.4479599
-1.1765872,-1.7398986,0.4796869,0.7496892
0.15559547,-0.08488201,0.7309751,-0.0029529636
-1.1284078,-0.19443735,1.5275857,0.07032143
0.5782349,0.5177258,0.7706666,0.0814396
-0.54598856,-0.47734883,0.32673094,0.08622934
0.574901,1.3528603,0.9155786,0.22838217
-0.31168145,0.12430662,-1.6267159,-0.012529157
1.4756372,1.2925136,1.1445959,0.58313155
-0.97367674,-1.2191092,-0.20294431,0.4089938
-0.98004264,0.7111398,0.9714689,-0.21912745
-0.9801046,0.21661913,0.49107566,-0.06409281
1.596288,-0.87373656,-0.09154234,-0.4237159
0.6211194,0.8796515,1.2084805,0.15312567
1.704464,-1.7256465,-1.0025376,-1.1739221
-1.3742464,1.4302292,0.48358205,-0.6664998
-1.6611862,0.14871572,0.7522548,-0.07200216
-1.300337,0.17682305,-0.6123908,-0.068118624
-1.111441,0.821019,0.62148935,-0.2886223
0.74476373,0.15298377,-1.700435,0.030330407
0.66387576,0.76152086,-0.868714,0.14441995
1.4782767,1.1269584,0.83443284,0.5028587
-0.8423034,-1.3672545,0.8846269,0.3947022
-1.126981,1.1715833,-1.5780115,-0.4764517
0.96098155,-0.25680095,0.59365773,-0.07172753
-0.6490221,-0.40259778,0.16061841,0.08533802
1.092474,0.36121023,1.6762173,0.11040507
-0.36155865,1.3838978,-1.6767826,-0.21590587
1.0324028,-0.9502651,-0.4104283,-0.2975039
-1.2910436,-1.179701,-0.9739832,0.53336495
-0.8220219,1.0994806,-1.0463865,-0.3134902
0.5722489,-0.8200725,-0.28155398,-0.13450125
0.41126463,0.57366085,-1.580036,0.06335025
-0.39197174,-0.25255316,1.3451446,0.033888273
1.0737791,0.49144518,-0.6088147,0.15006258
1.2180066,1.3503819,0.6010867,0.5099572
-1.2018362,-0.8854459,-1.0119401,0.35379595
-0.8723457,-0.84753036,0.008328817,0.24297322
1.6242226,0.8706245,-1.2181224,0.43313196
-0.5340187,0.10322916,1.3819641,-0.016633268
-0.5634428,-0.18693875,1.4481031,0.03516205
-1.6193655,-1.5396708,1.3517389,0.8408092
-0.93917555,1.4985255,-0.6024116,-0.5218871
0.4773954,-0.05984479,1.0684121,-0.008515731
-0.18018454,-0.3174517,-1.4364454,0.02210176
-1.2030636,-0.71588284,0.78741664,0.27430817
0.08755134,-0.3406051,-0.2130118,-0.004195746
-1.1293402,0.86254966,-1.4247124,-0.32185006
-1.4140673,-0.033633508,-1.3798304,0.017551707
-0.9012713,1.5125229,-1.6087507,-0.57938385
-1.4602523,-0.09481734,0.32102835,0.04550011
-1.0495214,-0.24574253,-0.6223655,0.08256892
1.7688069,1.0006123,-0.7922481,0.54858446
0.3724561,-0.038725697,1.6347412,-0.0043988274
0.57790375,-0.3445749,-0.52441096,-0.055808753
-1.5592384,0.5952749,0.5785881,-0.28504327
-1.0840297,1.3953054,-0.30340123,-0.53223217
-0.52613616,0.44619146,1.0352384,-0.075332545
0.31647378,1.2327783,0.51178414,0.10557583
-1.4683632,1.147776,1.0870924,-0.54126906
-0.6949541,0.5047288,0.44770247,-0.11096516
-0.9839533,0.6189764,-0.37749717,-0.19184722
0.051924214,0.57495326,1.5176075,0.0008139156
-0.59373313,0.18945383,-0.12342388,-0.034803223
-0.07219894,1.5046489,-1.0294884,-0.066190824
-1.1199504,1.6321247,0.5337361,-0.6465089
-1.1350474,0.6335895,-0.20942521,-0.22514208
-0.9576589,-0.08109132,-1.2751615,0.026238741
-0.54239774,1.5853866,0.22382256,-0.31927332
-1.3122505,-1.3634903,-0.40014368,0.6320635
1.4912726,1.3005015,-0.6851532,0.6330185
-0.29466924,0.93964916,-0.8209449,-0.10131736
1.5290378,1.1373845,-0.7321075,0.5494397
0.58379817,-0.12844665,-0.6967177,-0.021574134
-1.4113121,-1.3067588,0.16788672,0.62694055
1.2390637,1.2627451,1.6589042,0.4695332
-0.4267388,-0.763007,-1.0079976,0.113731615
-0.61306256,0.4700706,-0.80248165,-0.09222339
-1.3825036,1.004298,-1.1526848,-0.46368843
-1.665121,-1.6385071,-0.06613169,1.0001485
0.53992796,0.123672426,0.11953006,0.017100886
-0.3290811,-0.61858517,-1.1802552,0.07227638
0.71769387,1.2564359,0.78385824,0.26699355
-1.3663017,-1.114154,-1.5418785,0.5429614
1.3258587,1.0758224,1.5893098,0.42233583
-1.2171311,1.1046968,0.32239836,-0.4386197
-0.25024918,0.97818786,-0.17409909,-0.090828136
0.4068936,1.6970416,-0.6161422,0.23049729
0.9363069,0.27347812,0.77050865,0.070582174
1.4376055,-1.5889555,1.2537079,-0.7310785
1.6161231,1.2636714,-1.1247503,0.6811944
-1.318522,0.16800965,-0.43160012,-0.065438144
0.48060513,0.04177061,1.2638829,0.0044951136
-0.69366735,-1.6703103,-0.3229268,0.45465586
-0.14158995,-0.38887772,-1.2660707,0.022478715
-1.2419953,-0.8477138,-0.5530869,0.3440033
1.6159499,1.7311952,0.058414143,0.9715247
-1.2169533,1.2604388,-0.32168922,-0.522943
0.9676523,1.3202282,-1.1783694,0.4265677
0.652446,1.2125636,-1.0773363,0.24785846
0.6068324,-1.0845271,0.46363005,-0.19231407
-0.8840197,-0.7492987,1.1779484,0.21364212
1.6126652,-0.68218535,1.5620917,-0.3254479
0.4256338,-0.69896746,-0.19513573,-0.08168557
0.26871175,1.3773493,0.6601244,0.09864511
-1.4706599,0.6050293,-1.3655182,-0.2787996
0.77016526,1.4177058,0.9146041,0.3308062
-0.2112337,-0.07552841,1.6408347,0.0063174493
-0.7418897,-1.5626274,0.8937773,0.4114858
1.5265402,-0.50396365,-0.6802544,-0.22845525
0.43114245,1.2441809,1.3998961,0.14938529
-0.90577304,1.0787024,-1.6281469,-0.34721938
-0.82458675,0.551867,-0.20710666,-0.14352871
-0.035099886,-0.5096055,-0.42664897,0.012825091
1.0088333,-1.6364745,-1.7147218,-0.72546065
-0.39296222,-0.93919337,-0.9810927,0.13324009
-0.9355667,0.9247805,-1.2527475,-0.2899627
-0.54264826,-0.70332587,0.46085042,0.12735622
-1.2395577,0.8490004,-0.14385109,-0.33549497
0.66138977,0.48755094,0.7881603,0.08850804
1.3803035,-0.66939807,-0.3874386,-0.275527
-1.5743192,1.0791826,1.4163231,-0.5384533
0.4471634,-0.5589112,0.19367515,-0.06829016
0.93689245,-0.05166116,1.4233019,-0.015448185
0.35946012,-0.6638094,1.3942765,-0.063183896
-0.5662127,-1.6632366,-1.4580067,0.4453227
0.9461075,0.2907094,-1.154788,0.076258786
0.952258,0.51559436,1.0339458,0.13808692
0.69117707,-0.8796049,1.6223142,-0.17408195
-0.25549895,1.0868738,-1.4673929,-0.11014857
-0.4089238,-1.5725367,0.024210872,0.25005051
0.23140758,-1.690359,-0.66149306,-0.11952119
-0.25710535,-1.0806099,1.6166289,0.10234235
-0.46610478,-0.6016454,1.4263637,0.09392734
1.148076,-0.18869919,1.249531,-0.063980915
1.5273204,-0.3334035,0.9236699,-0.15017822
-0.12335487,0.81035495,-0.16209856,-0.042261507
-0.33847296,-1.5383278,1.5844569,0.1931337
0.072283916,0.26607725,-0.80493903,0.0019433467
-0.055686064,0.03732089,0.08398182,-0.0009306523
0.46121863,0.4718623,-0.45300725,0.05795445
0.52980584,1.7570219,-1.2543283,0.36817223
-1.5171661,1.090398,-0.815139,-0.5527754
-0.58845335,-0.9680286,0.41564432,0.19280697
1.4975755,-1.4359078,-0.1542299,-0.7117669
0.7180932,-0.41941503,-1.1391181,-0.08619607
-0.03851329,-0.87634,-0.2193648,0.023557913
-0.9912511,0.6218226,0.2957975,-0.1931755
-1.0065787,0.022970594,-1.203034,-0.005047649
-1.4956543,1.4229339,1.0367104,-0.70661724
-0.51426345,0.6984109,-1.4616766,-0.12091348
0.62878907,-0.3168934,0.015502459,-0.056203857
1.1453457,0.067343384,-1.4064131,0.019730285
0.84234613,0.4284735,-1.5502756,0.10132704
-1.4752916,-0.21163842,-0.21436542,0.098994456
-0.98859304,1.427531,1.5584049,-0.47026405
-0.22466105,-1.3697929,1.6232959,0.11885453
1.7132457,0.8649645,0.6165782,0.439003
0.29629907,-1.115461,1.3307924,-0.087058716
-0.3988817,-1.5356096,-0.9401541,0.25636467
0.7597051,-0.3546168,0.96636486,-0.07684531
-0.60885227,0.86478674,1.0474132,-0.17209041
-1.0676363,1.2508136,-1.6429611,-0.50001496
1.3042575,0.4486438,-1.3175993,0.16781689
-0.73599505,-0.14533687,0.7413389,0.03540469
-0.2981186,-0.091867685,0.15783106,0.01011932
-1.6662295,-0.7068886,-1.1639097,0.37960175
1.1998557,-0.15116177,-1.3567584,-0.054176666
1.3520477,-0.11481659,1.240814,-0.047139112
0.67485106,1.5050474,0.18675639,0.31795365
-1.1537846,1.0372198,-0.004738127,-0.39053962
-1.6526845,-1.4020538,-1.6618865,0.9310995
-1.3516885,0.014114296,1.5065478,-0.0030237685
1.3314927,-1.0760691,-1.1367285,-0.46017343
0.87405145,-0.27265015,0.7646458,-0.06882076
1.4964991,-1.3924482,-0.20753041,-0.68535066
0.94942766,0.46452227,0.055051483,0.12396091
0.4830593,-1.2627085,0.8426884,-0.17652921
0.030284962,1.7449458,-0.45862928,-0.011103701
-1.2626907,1.3364508,-0.4829526,-0.58826286
-1.4284928,-1.2051027,1.3687375,0.56117153
-1.5638273,-1.6507229,-1.3175116,1.1144853
0.75220734,0.0755262,0.7636513,0.014378007
-0.7984574,-0.484647,-0.44433707,0.12528726
-0.29947203,0.52368855,-0.5750202,-0.05414642
-0.9440584,-1.1849529,1.1492165,0.37129226
-0.2666978,0.7275229,0.28912953,-0.06892497
-1.1650844,-1.5138975,-1.6005489,0.7532605
-1.0782459,-0.9223678,1.534433,0.3199847
0.6184665,-0.9187264,-0.8534814,-0.1679882
-0.46471888,0.8587767,1.484371,-0.13282314
1.1104195,-0.03926381,-0.54016376,-0.014548546
-0.5053872,-1.6851686,1.6743175,0.30814335
-1.2162932,-0.9986905,0.50591815,0.39598522
-0.25673476,-0.80794,-0.083935395,0.07637781
-0.7877435,-1.626718,0.65493476,0.4628676
-0.47978097,0.2322721,-0.05436466,-0.035357013
-1.5924989,0.63420445,-0.85310453,-0.3146385
1.0107789,-0.31620207,0.93890196,-0.09278162
-1.1519424,-0.69379574,1.1134834,0.2541978
0.91282445,-0.003846078,-0.21618193,-0.0027433345
0.8287171,-1.3915918,1.6151801,-0.34802935
1.2776396,-1.0652089,0.108176306,-0.4174813
-1.2739651,-0.03332183,-0.90958107,0.015746156
1.285845,1.5709202,-0.9372343,0.72764826
-0.7670828,-0.53457206,1.1550789,0.1323221
0.68625456,0.879496,-0.6969325,0.17510745
1.6646161,-0.68605894,1.0842537,-0.3390108
-0.19575213,-0.4618402,-1.6699249,0.034599397
0.03383162,-1.669175,0.058249377,0.007916353
-0.3493817,1.4654729,-1.1880765,-0.21494265
-1.3909672,1.721189,0.60852844,-0.852224
0.87370205,-0.030147376,1.3944039,-0.009071996
-1.6626359,1.1254717,0.6751726,-0.6016011
1.1163732,1.4469103,-0.5916778,0.53796804
1.3358413,0.8813588,-1.6127405,0.3643331
1.6759691,0.91358095,-0.81499016,0.46734455
-0.35911107,-1.6692562,-1.0143229,0.27124724
-1.3679868,-1.6475656,1.6397456,0.7685169
0.43438298,-1.3445107,-0.92471576,-0.18289366
0.998613,0.55752563,0.6633887,0.15762776
-1.6670984,-1.5160583,1.378328,0.84839314
-0.34378946,-1.3371236,0.6184844,0.17024499
-0.9853086,-0.84654313,-1.5086123,0.28241533
-0.103490174,-1.6159004,-0.1961093,0.08710848
-0.80060256,0.009203419,-0.5108761,-0.0005968861
-0.6568812,0.2608316,1.1060827,-0.053207573
-0.49961755,-1.0234805,-0.16210403,0.17843951
-1.5895854,1.1596199,-0.091557816,-0.6070779
1.4603355,-0.6615766,1.5274715,-0.28475532
1.4910337,-0.4888291,0.4079163,-0.21493906
-0.22302899,1.3481989,0.7955156,-0.11680796
-0.14899124,1.5184088,-0.5540204,-0.105356246
-0.6557657,-0.19514722,1.122683,0.04220392
-1.5082204,-1.2570746,0.24610041,0.63664657
-1.628924,-0.8764141,-0.34606397,0.46203777
0.68726945,0.23102634,0.33017233,0.042698834
-0.89848715,1.0388895,-1.3533602,-0.322775
-1.0600947,0.88334334,0.062240142,-0.30060565
-0.08723045,-0.77062476,0.78702515,0.03183397
-0.5264037,-1.657594,-1.609777,0.43123648
-0.51005816,-1.5339644,-0.91357684,0.31875905
0.10249169,-0.5533189,1.0755156,-0.009314958
-0.31817627,0.028916538,0.03802836,-0.0023947516
-0.5458682,-0.78399336,-0.05945917,0.14428696
-0.7775103,-1.3852949,0.17439857,0.38067588
-1.3545277,0.19237818,-0.7720703,-0.077382445
1.4913368,-1.3906394,1.4198332,-0.6452184
-0.6421029,-1.3451865,-0.17129353,0.31133276
0.5035332,-1.4244524,-0.62652695,-0.22825989
-0.5504384,-0.4702483,0.9034752,0.08541597
0.18710987,1.5619072,-1.4310249,0.08769145
1.6528797,0.695089,-0.31785232,0.33786944
0.8406674,-0.201923,0.17223296,-0.04927504
-1.445419,0.36918524,-0.53414714,-0.16192298
0.7307486,0.7079235,0.9341693,0.14516847
1.68206,0.0170889,-1.4682249,0.0049774996
0.5002674,-1.4132344,-0.49626395,-0.22219148
1.2018434,-1.0779048,-0.7230659,-0.40707663
1.7451743,-1.1892464,1.5889156,-0.6342262
-0.2167596,-0.037874863,0.6847481,0.0035020597
0.40462837,-1.6048373,-1.2826036,-0.23276171
-1.1499282,-0.31328553,0.6649545,0.114250444
-0.30778146,-0.6369758,-0.03737249,0.0694238
1.3226805,1.7346445,1.5718938,0.7325362
0.9300962,1.4379003,0.9472444,0.41052267
-1.04272,1.0294899,-1.0043764,-0.36200133
-1.333959,0.10557038,1.5305961,-0.04048793
-1.1298262,-0.5632075,-0.30823404,0.20316337
-1.6525773,0.45591155,-0.39217216,-0.2294548
-1.2818654,-1.2096288,0.51283556,0.5162972
-0.3787764,-0.7440775,1.7060543,0.096729584
1.209512,-0.34685037,0.51747674,-0.12272352
0.33543855,-0.4068332,-1.6587054,-0.03604776
-1.262862,-1.6610018,-0.5494088,0.81539047
-1.3345426,0.7067297,1.5989727,-0.29187673
0.9039675,1.4566647,-0.6064984,0.4356393
-1.2339885,-0.9642763,-0.82752365,0.39784932
-0.16491486,0.48143312,-1.370442,-0.030511305
0.873363,-0.1973547,-0.94937134,-0.050231982
-0.74996364,-0.057382643,-0.9403197,0.0151967015
-0.14065145,0.10945739,0.40940237,-0.005723213
-0.10276808,1.5325481,0.68550503,-0.076057844
-0.36032325,0.24273679,1.6388139,-0.028583037
-0.8261252,-1.1070685,1.1266251,0.30352008
-1.4881994,-0.62648535,0.024451647,0.2950476
-1.3451059,0.866939,0.92564976,-0.3666114
-0.8750902,0.5562386,0.9811309,-0.15223342
1.7106419,0.041049786,-1.4828736,0.016896402
-0.7847592,-0.2255292,0.86602944,0.05750071
-1.1094412,-0.67818266,-1.1762584,0.24508831
0.46463388,-0.6180584,1.3258404,-0.07855012
0.52184296,-0.92186767,-0.74822897,-0.13970765
0.99083227,0.2953284,0.3555575,0.08113066
1.356329,0.50128555,-0.019217405,0.19474953
1.006272,1.355012,0.79618376,0.4171397
-1.6605401,-0.39091498,0.26630414,0.2032008
0.19990219,0.1328713,-1.2472652,0.0057221353
1.0904576,1.1446971,0.6950664,0.37405977
-0.11203591,0.7726815,1.0125883,-0.037055627
-0.96778166,0.23304842,-0.8956812,-0.06840839
1.6891164,0.54783005,-1.1155039,0.2702572
-0.597048,0.09821835,-1.1708753,-0.01748535
-0.9334476,-1.5034086,-0.83690524,0.5395694
-1.5056236,0.074704744,-0.21755148,-0.031288784
0.12408475,-0.37800178,0.12753071,-0.008855788
0.8103724,1.5956296,-0.013053744,0.4228803
0.42841092,1.5960096,-0.45536494,0.21843952
0.3877414,0.35612035,1.0652702,0.035477933
-1.2590418,1.5804728,0.08986374,-0.70979166
-1.5613103,-0.8999181,-0.9985778,0.46391946
0.0774803,1.5371099,-0.4556412,0.016450977
1.6176299,1.5226932,-1.0110894,0.88556254
1.0407999,-0.060461257,-0.60707194,-0.019851536
-0.955648,-1.4060776,-1.6216642,0.54831123
-0.17642188,-0.56131226,0.29927576,0.03831398
-1.2225218,-0.4640049,-1.3322129,0.18110062
-0.7837409,0.035912935,0.6635817,-0.007172057
0.3590622,-1.5894312,1.1760582,-0.16447946
0.9850259,0.3331178,-1.2791067,0.09169297
1.473876,-0.7253932,-0.9076517,-0.3234939
-1.5341299,-0.4439583,-1.3585001,0.21561632
1.1987269,-0.90251195,0.45758563,-0.3235879
-1.1675942,-0.3648941,0.33151594,0.13493206
0.69210714,-1.6282947,-0.8877493,-0.40487424
1.5046643,-0.9265896,1.0369593,-0.41839162
0.07133679,0.16902758,0.7120007,0.0011656169
1.614142,1.1605189,-1.5533406,0.62629354
-1.4203621,1.6067847,-0.094393864,-0.82554066
-0.61070836,-1.3249946,-0.7405761,0.30066586
1.0517049,0.7461501,-0.29884428,0.22807376
-0.328089,-0.9856191,0.9557325,0.115197286
-0.30541003,-1.3543994,-0.18573913,0.1607392
-0.6707014,-0.07069799,-1.1942068,0.016526675
1.2343634,-1.0031388,1.2076629,-0.37032422
0.89195925,-1.5094906,-1.5713931,-0.5190128
0.5990718,-1.6385263,-0.59100145,-0.33777392
-0.92073536,-1.1716325,0.66108656,0.3613281
-1.3509489,1.4535902,1.517709,-0.6489387
0.23343942,0.98873925,1.6665918,0.05611007
0.55744094,-0.6901025,-0.4045614,-0.108918644
-0.74806875,-1.1715838,0.5724017,0.29742476
-0.43475255,-1.3475063,-1.5098594,0.24202612
1.2103568,-1.0328488,-0.33525184,-0.38527948
0.18435143,-0.7176582,-0.53537375,-0.030575342
0.12485982,1.0642366,0.48679906,0.02576144
-0.376715,0.58300316,-1.1266646,-0.074566185
-1.5125725,-0.67166024,0.3702639,0.3212931
-1.5722818,1.2188927,0.8867152,-0.62131536
-0.7761482,-1.0869204,1.3380916,0.279635
-0.8283457,-1.4275193,-0.2914517,0.42964596
0.5837491,0.3910852,1.568767,0.061506234
-0.4542374,-0.9639726,-1.624244,0.16098084
-0.62666214,0.5076877,-0.48781177,-0.1018278
1.6892715,1.4984859,0.6504365,0.8109881
0.6470779,-0.82577235,0.43964082,-0.15334362
1.2750038,-1.221746,0.80820066,-0.4792005
-0.7866504,0.66952634,-1.1410502,-0.17035899
-0.6563632,-1.5832617,1.0569782,0.37072217
0.680177,1.5776112,-1.6134515,0.42032582
-1.1003941,-0.82462937,-1.1790262,0.3014022
-1.0787425,0.8580169,-0.11778319,-0.296869
-0.036036752,-1.3931588,-1.6701196,0.045137946
-0.5828092,-1.1848722,-1.6340766,0.26530227
-1.2440068,0.20077087,-1.5261835,-0.07459792
1.0687664,0.6325618,1.3804289,0.19244309
1.4321846,1.3720022,0.37594694,0.61941326
0.32655323,1.4792953,-0.5491443,0.14454998
-0.2527292,-0.09442451,-0.0715489,0.009017331
-1.548196,-0.219526,-1.498498,0.10771883
-0.5801879,0.29786378,-1.6236331,-0.054668523
0.4856315,-0.4021434,-1.1991298,-0.05400201
0.8592828,0.06676388,-1.6631294,0.014451624
-0.17058142,-1.6605548,1.1294502,0.121473886
-0.6337766,-1.4384695,-0.6021659,0.3445921
1.006878,1.2133133,-0.46473742,0.38099805
-1.3245114,-1.021995,-1.4805036,0.46965563
1.1356944,1.3932886,0.28362447,0.49780738
-0.6210348,0.20004748,-0.2587154,-0.038403377
0.07351213,0.43568993,-1.1706237,0.0034087258
-0.29320842,1.6070132,1.1006674,-0.18049672
0.2559646,-0.9724049,1.4473007,-0.06284072
-0.473334,-0.2710955,-1.22559,0.043223616
1.2995033,0.31875795,0.9725285,0.11639725
0.0023755159,0.60833025,-0.2799218,-0.0081726145
1.3916006,-1.7066228,-0.01715648,-0.8297975
1.7031374,0.6325858,0.7303879,0.3128781
-0.79195213,-1.0314482,-0.31418288,0.27734056
-1.2093039,0.2380879,1.4588697,-0.086400814
1.4289795,1.1979736,1.0561768,0.51814437
1.3967925,-0.16855267,-1.1162344,-0.07043298
-1.2679287,-0.048865538,-1.0465307,0.021744635
-0.08599054,-0.124713674,-1.7032678,0.0052078348
-1.6512831,1.4760323,0.5491539,-0.82624835
-1.3627461,1.0074397,-1.293297,-0.46189564
0.37980628,0.30291215,-1.4410437,0.029479066
0.5053504,-1.0527328,-1.1022062,-0.15954609
0.41225243,-0.94924694,-1.6996112,-0.11551268
-0.42160606,1.4092562,-1.3999186,-0.24521317
1.636134,1.2734529,1.5315843,0.63322264
0.29340634,1.0262439,0.9587921,0.077835105
-0.9691692,-1.3659496,1.5213802,0.4438681
-0.050356425,1.377984,-0.8343723,-0.046668388
0.46076035,-0.16146916,-0.70563316,-0.02070147
0.65029836,1.3039755,-0.60377526,0.2640882
-1.1706749,1.5360111,0.032620706,-0.6388572
0.69266236,0.19981381,-1.2341565,0.037093043
-0.8327553,-0.7257924,0.25094685,0.1966833
-1.3840019,1.6629536,-1.1020892,-0.94880694
-0.8935979,-0.9106598,0.2705648,0.26762062
1.7081817,1.157242,1.5728756,0.5944692
1.519498,-1.6814035,0.2892565,-0.8704639
1.5894704,-0.5469044,1.2523512,-0.25640568
1.058178,-1.5281678,-1.2246101,-0.598294
1.3482841,-0.7829381,-0.24340591,-0.31690043
-0.18338215,0.7544213,-1.0618497,-0.05362868
-0.9005225,-1.2546977,-0.19155778,0.39299673
0.9077244,-1.5157543,-0.6844058,-0.47240102
-0.8453302,1.2657319,-0.9764752,-0.38432196
-1.11519,0.94668275,-1.660556,-0.35927266
-0.5028472,-0.012421485,-0.6380095,0.003142863
0.40859798,-1.2343323,0.22915511,-0.14486736
0.9338006,-0.45961943,-0.30319142,-0.12439503
-0.62181705,-0.56322116,-1.601116,0.1171389
-0.96655387,1.094169,1.2896936,-0.3423139
0.2794815,-0.56904185,1.2730423,-0.04020352
-0.9680469,-0.50025296,-1.0368036,0.15602896
-1.074191,-1.2411959,0.17372222,0.45315078
0.9449187,-0.82239604,1.1399242,-0.22699992
-0.24217363,0.96011305,-1.6325637,-0.090865925
1.6209899,1.141169,-1.5190835,0.6131412
1.7226033,0.26262584,0.9524004,0.1275367
0.56230944,-0.6537477,-0.03496519,-0.10351706
0.63990414,1.697884,0.54618543,0.34598625
0.44377565,0.35434103,-0.7154321,0.041260064
0.07412439,-0.67275935,0.31058127,-0.0055682207
-0.07811805,-0.6033925,1.1386042,0.023018101
0.07082308,-0.23956816,-0.4212741,-0.0017378121
0.6903117,0.8415338,-0.5559038,0.16723852
1.6485229,0.65080655,-1.636929,0.32017514
-0.39920613,1.2832065,-0.2660588,-0.18836974
-0.6809046,-0.072496675,1.0877901,0.017145839
-0.36993644,1.4630218,-1.6246955,-0.24046497
-0.78494793,-0.7083077,-0.13365614,0.18199103
0.34001386,-0.80402493,1.2514758,-0.07226271
1.3327812,-0.64335877,-0.4913178,-0.2551676
1.393974,-1.6449903,-0.6357337,-0.83345854
0.8379166,-1.1489059,-0.51918083,-0.2985467
-1.2203653,-1.5863036,-0.69705176,0.7460046
-0.87723124,-0.097216986,0.20470211,0.028561912
-0.33126426,0.023429185,-1.655167,-0.0018642308
-0.2703157,-0.4501221,0.65562934,0.043457583
0.18880889,-1.1963431,-0.43486175,-0.055977616
-1.5338981,1.6042155,-0.2196866,-0.89543486
0.58321714,-0.57653075,-0.116856955,-0.09465549
-1.2667658,0.84585637,0.95887625,-0.33688188
-1.0426435,1.2329403,-1.0681827,-0.45592856
-1.3847634,-1.1505201,-1.5644144,0.5753226
1.5478506,-0.21328622,-1.2437501,-0.09845817
-1.5837911,1.0244082,-1.2613462,-0.54455924
1.3464192,1.7134978,-0.83744323,0.8714752
-0.010748184,-0.21528977,1.3560774,0.0038238263
-0.15315364,1.2826126,-1.3301142,-0.09029465
1.1244313,-1.3750148,-1.010906,-0.5288225
-0.1120396,-1.1371087,-1.4015689,0.062172923
1.1273172,1.4546454,-0.86406505,0.5597948
1.2924211,-0.159863,-0.049169105,-0.061704144
-1.4481926,1.7461808,-1.048598,-1.0765727
0.709876,0.13485806,0.017225208,0.025204713
0.37229082,-0.7233111,0.57969046,-0.07221722
0.4174722,1.678913,-0.2932573,0.22562315
0.29859656,1.5464587,0.7403726,0.12875408
0.5182616,0.17022659,0.39332187,0.022875985
-0.7814043,-1.0604621,1.6588005,0.27297947
-0.17320558,-0.06939801,-0.08865258,0.004987138
1.6835707,-0.8398775,1.4882776,-0.42186886
1.2042973,1.2897571,1.2850792,0.46990535
-0.017554054,0.08838902,0.8204187,-0.0015667103
-1.5727528,0.37747812,0.97141707,-0.17919208
0.12263705,1.0745815,-1.1515765,0.026597822
-1.1257095,0.5900193,-1.151652,-0.2090561
1.447735,-1.0922605,0.73278433,-0.48267177
-0.99845326,1.4694154,0.622923,-0.504449
-0.077203766,1.0884545,1.5495746,-0.04161818
-0.33510718,-1.0800594,-0.22463864,0.13287666
0.35364634,1.3380362,-0.31677905,0.13668512
1.6679108,0.5063232,1.1769125,0.2425757
0.2108056,-0.33974355,0.054552637,-0.01694296
1.0446625,-1.2522949,1.6120919,-0.39436427
1.3840605,-0.28529492,-0.87731266,-0.11666206
1.4376069,-1.7193506,-0.5646605,-0.9165604
-0.5476578,1.0117207,0.07330169,-0.18774284
-0.33805925,1.2819617,0.91542435,-0.15653315
0.8772068,-0.500046,-1.5071727,-0.12813717
-0.42281684,1.6390071,-0.48187023,-0.2809359
0.85365605,-0.64510876,1.2468446,-0.15857469
-0.32912216,0.30833337,0.3568178,-0.03382002
-1.1210227,-1.2201298,1.2137524,0.45161685
0.7482139,-0.0676048,-0.5829293,-0.015493983
0.31121537,0.7185236,-1.0840197,0.058233097
0.81504893,0.7651882,-1.173923,0.18191469
1.7582614,-0.052206617,-0.9669256,-0.029990798
1.2230422,-0.88097984,-1.2921305,-0.33416831
1.6798869,1.2374742,0.85052156,0.6378638
0.13933513,1.1724732,0.46087545,0.034136266
-1.4344182,0.28937525,-1.1002431,-0.12506424
-1.1611098,-0.80283254,1.5739056,0.2970351
-1.0227146,0.38012615,0.48821732,-0.11930808
-1.4706488,0.01153905,0.6384824,-0.002120812
-0.81616217,1.6153327,-0.7248788,-0.51733816
-1.5383697,0.26774138,1.1885971,-0.123095684
-1.5418962,0.14262612,-1.2128917,-0.064146444
-0.9820346,0.12718584,1.2514627,-0.036783427
-1.6507795,0.9434935,-0.93459666,-0.5073846
-1.010036,-0.014922573,0.7288204,0.0068258564
0.7038903,1.515931,-0.62249655,0.35392642
1.4836649,0.924093,1.1152868,0.40439615
-0.46517777,-1.3235359,-1.4418894,0.24832231
-0.45383787,0.0068110037,-0.3359364,2.9994267e-06
0.96679467,-1.4875895,-0.46468917,-0.482721
-0.802596,-1.3449829,-1.0283346,0.40490952
-0.7672222,0.34890628,-0.8448754,-0.08340647
1.1083292,0.40247384,-0.48305407,0.12588686
-1.4535173,-0.1472441,0.17721687,0.06870826
0.2577486,1.6802281,1.2186098,0.117633656
1.5686259,-0.93899107,-0.28327262,-0.45204547
0.34250745,-0.7310168,1.6831857,-0.06587352
0.515528,-0.27512336,-0.8185467,-0.039425697
-0.9559182,0.017505981,-0.88545895,-0.0031780223
0.023388958,-0.14229695,-0.090558305,0.0010530557
0.14185253,1.5920678,-0.31197628,0.0534271
0.46986988,-0.73675746,0.5448018,-0.09573684
0.7163554,-0.91410166,1.5866011,-0.18839689
1.5437312,0.15815595,0.5873384,0.0672853
-1.267502,1.3291965,-1.4386219,-0.63122535
0.09877852,0.42472267,-0.58795285,0.0064796093
-0.8133871,0.9553308,-0.34226844,-0.25681633
-1.3153214,0.34766003,-1.5654671,-0.13946217
-0.0907689,1.5073816,0.53029287,-0.068943
-1.4689066,1.0642971,1.498838,-0.49538338
1.2491635,1.2666711,0.8523849,0.48238394
0.24662244,-0.23030597,-0.034957,-0.0140828295
-0.88111216,-1.4507729,-0.13173996,0.46114558
0.94720453,-0.8283409,-0.80552936,-0.23538359
-1.5829095,0.60661644,-0.19180994,-0.29643473
-0.6190445,1.2419837,1.505936,-0.25821066
-0.28839085,-0.6810483,-0.8842692,0.07107866
-1.4163986,1.4635961,0.27394202,-0.71229744
-1.048058,0.25987756,-1.2615712,-0.08272088
-0.23396502,0.013824427,-0.47078094,-0.00058348366
1.3539939,0.07546767,0.09855623,0.026628597
1.710326,-0.30422097,-1.2983013,-0.15488687
1.1430047,1.6550974,0.46588123,0.6206306
-0.981293,0.083303355,-1.4763426,-0.023355637
-1.0796331,1.0852225,-0.7028021,-0.3941569
1.5502163,-1.4791509,1.1947144,-0.725986
0.65636915,-0.9002738,1.610772,-0.16874932
0.092909515,0.20478858,-0.13526693,0.0026944824
0.28023767,1.4126805,-1.2289618,0.11992145
-1.3370794,0.8450369,-1.4116532,-0.3695695
-0.5279095,0.3421567,-0.42317164,-0.057642672
1.7050967,-1.73264,-0.87771595,-1.157888
-0.3776307,0.039929952,1.3648326,-0.004173086
-0.03924792,-1.1553526,-1.2257439,0.034042068
-1.3829525,-1.4965072,1.0332699,0.7038536
-0.9163321,0.24758342,0.3257328,-0.06904144
0.0119819185,-1.1071182,-0.5235111,0.012704766
-1.0226899,1.6048328,1.3996009,-0.56089276
-0.16643421,-0.95013577,0.9551905,0.06303536
0.748069,0.5742208,-0.061028074,0.12020237
-1.6375923,1.0402458,-1.1654527,-0.57065576
0.55870384,-1.361583,-0.50662774,-0.23887353
-1.091667,0.907878,0.5530391,-0.31646088
-0.7934335,-0.22890817,1.4877809,0.058927145
0.70837015,0.9191153,-0.5807355,0.1899104
1.4166101,1.7106378,-0.71496516,0.9003113
-0.4235763,-0.74348146,-1.6796451,0.111703515
-0.659984,-0.75569737,1.0551085,0.16381054
-1.5102408,1.4057252,1.676013,-0.6929365
-0.8409812,0.20261212,1.1819665,-0.051682092
-1.460984,-0.16875963,-0.9583023,0.07878494
-0.34703922,1.3425528,1.2299017,-0.16783062
0.39860186,-0.8437987,-0.52182114,-0.09325084
-1.5664574,-0.08010115,0.89734024,0.041646294
1.5509403,1.216154,1.0036868,0.57415134
1.1277249,0.6948982,-1.4017254,0.23112181
-1.638916,-1.1319596,0.4242494,0.6084517
-0.77549016,0.46444368,0.68498474,-0.112766296
0.60889786,-1.3355252,-1.0338256,-0.2651654
-0.3067179,-0.9493112,1.5875684,0.10367657
-0.14054221,1.1389263,1.3403738,-0.06620724
-0.73050755,-0.46239385,1.4350252,0.109150685
1.4305599,-0.88994974,-0.016435064,-0.38555416
-0.9156279,0.13162751,-0.9202061,-0.035703186
1.4754391,0.4370728,-0.9398628,0.185036
0.15827979,-1.0875958,0.6063364,-0.038202107
0.39337695,-1.180462,-0.34227574,-0.13413422
1.3907952,-1.6982685,1.3646725,-0.7644386
-0.23662943,0.4617446,1.4380138,-0.038597554
-0.9334456,-1.1291684,0.13165165,0.355338
-0.2314084,0.14100467,-1.40755,-0.011111689
1.4440523,-0.38694447,0.6810459,-0.16437715
-1.2307954,-1.1443634,1.5366187,0.45792973
0.4380863,-0.5549785,-0.43247947,-0.06652848
-1.6455394,-1.3465347,-0.9001253,0.7996213
0.9501722,-0.92511934,-0.40285456,-0.2645754
0.68349636,-0.048049215,0.24522287,-0.010366635
0.12016462,-1.4983438,-1.2757331,-0.042119525
0.7863632,-1.5372854,0.9166141,-0.37743914
0.049088366,1.3256371,0.73347706,0.0008222948
1.0002071,0.17250158,-0.657835,0.04695127
-1.31628,-0.77180684,-0.6374114,0.32900125
-0.20577718,-0.051706865,-0.8161781,0.004395486
0.8112017,1.3124406,1.3421274,0.31618226
1.7622758,-1.461988,1.0180819,-0.8210909
0.92449105,-0.9266171,0.48741078,-0.2535319
-1.2052827,-1.2663395,-0.07799612,0.5229483
1.3717893,-0.12116714,0.4282789,-0.050361704
-0.33692527,-0.05375659,1.6567254,0.0069074514
-0.320591,-1.3652251,0.5430576,0.16454801
-1.5182906,1.2288446,-0.85782355,-0.6437345
-0.2239681,-1.3451786,0.6636928,0.11875255
1.2654009,1.6506026,-0.68276316,0.7520386
0.28732112,-1.2051206,-0.061945207,-0.09443447
-0.9560264,-0.23445301,-1.1075501,0.07218704
0.577305,0.33604285,-0.05120363,0.052114546
-0.50510406,-0.7757218,0.0886981,0.13262492
1.6196277,1.6259651,-1.0429482,0.9922643
-1.4477526,-1.2069961,1.1036568,0.5720946
-0.49689052,-0.09075683,1.5859184,0.01576271
-1.6158845,-1.2859186,-1.4380502,0.7721247
-0.6311541,0.49556094,0.4969203,-0.099497
0.5901115,1.5079075,-1.1878325,0.30807284
1.7050908,1.6399516,-0.34242865,0.9793689
0.33641014,0.21584025,0.82208097,0.017976737
1.7356515,-0.8746116,-0.03109595,-0.46188673
0.38412863,1.7178745,0.5197156,0.20015654
1.0418584,0.13822642,-0.5576111,0.03883601
1.4278775,1.1980217,1.638726,0.5130247
1.4868865,-0.90766203,-0.80758256,-0.41702524
-0.91687745,-0.81025773,0.32064056,0.24181932
1.6306436,-1.4547126,0.17542721,-0.7772987
1.0904789,1.6268172,1.1694216,0.5604907
-0.7581739,0.2988892,0.17451692,-0.070115045
-0.7747502,-1.2576226,1.0349635,0.32992595
-1.397446,0.15804821,0.44174862,-0.06490495
0.47969228,-0.7483049,1.094581,-0.09915671
-1.3488816,0.094785154,0.020779485,-0.03645817
0.77470565,0.5912193,0.57237756,0.12818548
0.59105885,-0.8668464,1.6938713,-0.14471583
-1.4492123,0.31405708,-0.5606979,-0.13730735
0.5164875,-1.1047877,-0.70009536,-0.17025648
-0.092926785,0.34609386,1.246278,-0.014165459
0.8339418,-1.693105,0.656079,-0.4598002
1.0354059,0.28738743,-1.622702,0.082967415
-1.665094,1.7560345,0.6101424,-1.0428576
1.6266975,1.6285546,-1.6860081,1.1450291
1.491569,0.64906967,-0.93375236,0.2844679
0.7324379,1.3023423,0.67144763,0.28533295
-1.5269908,1.7186015,0.9041375,-0.9172253
-0.56810063,0.5057351,-0.3888828,-0.09254887
-0.45199513,0.59402776,1.4534116,-0.08806142
-0.3954839,0.23577082,1.7065235,-0.030128397
1.0184126,1.5655544,1.3388258,0.49490896
0.6733395,1.5192695,-1.5789733,0.3834462
1.4115446,-0.82111555,-0.62588745,-0.35208666
-0.59790105,-0.065546915,0.103597485,0.013860658
0.6267835,-0.8802419,1.39552,-0.15707046
0.65994763,0.6385926,-0.28914908,0.11776228
-1.3868444,-1.6991887,0.35798255,0.8565439
-1.6235424,0.6298564,0.90339285,-0.31396052
-0.8465467,-0.47636634,-0.899865,0.1304917
1.2261678,0.6453212,-1.041433,0.23109719
-1.5743525,0.55632955,1.698191,-0.26711276
-1.4520226,-0.86928314,-0.0392732,0.40744078
1.0120012,0.92025614,1.2147988,0.27014598
0.9763978,0.7544759,-1.6762792,0.2195969
1.4635824,-1.4897621,-0.65674716,-0.75638974
-1.253102,1.7634866,1.2046595,-0.7733841
-1.2134212,1.5222849,-0.1672759,-0.66109896
0.9306832,1.1022537,0.577777,0.30419797
1.544941,-0.17187089,-1.4402554,-0.07968262
1.0776877,0.63059497,1.6713754,0.19328815
0.3169577,-0.94568795,-0.8584771,-0.08201074
0.6147874,-0.59142375,-0.08781237,-0.10287384
1.6818601,0.8377678,-1.1263106,0.42842814
-1.0641031,0.79059994,-0.7632285,-0.27069113
-0.73480666,0.704008,-1.4738742,-0.16996296
1.2518637,-1.6723322,-1.5048022,-0.89625
-1.1313348,1.4658146,-0.35194406,-0.5938855
-0.9025629,-0.7285539,-0.75878847,0.21580185
1.3044363,1.5304945,1.2682514,0.62454003
0.59058416,1.4574907,-0.009248223,0.2665611
0.60358423,0.659404,1.3350835,0.10947217
-0.6828416,1.7609125,-0.28870577,-0.47870612
0.023382181,1.0178112,0.3635759,-0.0075122025
1.6234835,1.0394058,1.6491699,0.50119054
-0.9866255,-0.59102416,-1.3304323,0.1896716
0.060692504,1.6397746,-0.7452423,0.008331339
0.8662903,0.4682789,1.4679044,0.11303023
-1.1418697,1.0470644,-0.39484847,-0.39472437
1.7198377,-0.39125732,-0.4636546,-0.1996671
-0.81334275,1.2819041,0.13695143,-0.3571998
-0.36644214,1.5686752,-0.9233048,-0.24199727
-0.41885996,-1.3422412,0.12262964,0.20731707
-1.0752201,1.4501894,-0.7150439,-0.5718434
-1.6429096,-1.15674,0.54412633,0.6234098
1.0182894,-1.2053041,-0.3656546,-0.38617283
0.50472957,-1.4644881,-0.57748115,-0.23697798
-1.5659839,0.51557755,-0.6481694,-0.24801666
-1.0613862,-1.3150854,0.4454513,0.4757748
1.7494465,-0.65592337,0.861295,-0.3411149
0.7054859,-0.87820417,-1.5717273,-0.18844473
0.73822665,0.47738218,-1.1992172,0.098395705
-0.98331517,-1.7216706,-1.6498641,0.8626724
-0.7079113,-0.80030686,0.80108523,0.18606578
-0.21284154,0.01971102,1.287628,-0.0009938863
-0.2678283,0.16493803,-1.6517265,-0.014819508
-1.1330723,-0.7883048,0.44571254,0.2871956
0.1890452,0.6375952,0.34750998,0.027091943
0.21833009,-1.1547406,-0.92294526,-0.066225536
-0.17093189,-1.4842142,0.37027165,0.10886638
0.28592086,-0.24346636,1.3238819,-0.017778214
-0.6354951,-0.94504154,1.6843345,0.19888616
0.49539068,1.1166042,0.74203163,0.15612577
0.6967112,-1.1965811,-0.3416162,-0.25579226
-0.8600669,-0.14097634,-0.9785238,0.039866872
-1.6606746,0.7381084,-0.6553039,-0.38509783
0.94867766,-1.5350066,0.013156609,-0.47872275
0.45799,1.3697569,-0.12710924,0.18709001
-0.8288048,-0.7931478,1.2527593,0.2130921
1.7069634,-0.4722604,-1.553634,-0.24162334
-0.7317688,-1.0701603,0.15241931,0.26539516
1.2110097,-0.6492398,-0.5473875,-0.23335513
0.920938,-0.672043,0.1423427,-0.18042205
-1.3968637,-1.5598979,1.6512986,0.73401797
1.1579527,0.6084462,0.049327496,0.20229697
-1.5364841,0.0011910774,-0.2989262,0.0026509708
-0.9070446,1.7291172,-0.58327574,-0.62807155
-0.23998679,1.1946752,-1.715532,-0.12135842
-1.113779,1.5384487,-1.5575875,-0.72475874
1.7297118,0.5248506,0.7476901,0.26171687
-0.29831302,0.93196166,-1.0501465,-0.10214029
0.7312428,1.6554427,0.97453254,0.37849182
-1.4907372,1.4523644,-0.48804936,-0.77217495
1.0386385,-1.3460221,0.618925,-0.43517634
-0.4881208,-0.3879491,1.2532978,0.06308309
-1.2629753,-1.6912186,0.25040615,0.782822
0.2989953,0.073436595,0.5890033,0.004979552
0.881554,-0.61499935,1.451022,-0.15612772
1.5376501,1.5348969,-0.5408351,0.812328
-1.0048349,0.28519347,1.2626184,-0.08716237
-0.8004145,0.02620825,-1.4459352,-0.0048746043
0.37829122,-1.2667128,1.5723577,-0.13268308
0.5143524,-1.3747766,-0.5645098,-0.22175403
0.7093391,0.28399366,-0.0656028,0.054706704
0.9924951,-0.8679861,0.96291935,-0.25337583
-0.3433934,-0.80173486,0.12520443,0.09709135
1.0040251,1.2417861,1.5014291,0.37083483
1.3170102,-0.91100943,-0.7560876,-0.3688421
-0.40275833,-0.7768264,-0.94792306,0.10997905
1.2725149,1.3586435,1.5328537,0.52568895
0.88864607,0.6947007,-1.0379897,0.1786912
1.5663366,-0.9935626,1.1814617,-0.46915692
-0.93160367,0.54002994,1.6538339,-0.15637429
-0.8033505,0.8944223,1.1621274,-0.23107457
-0.45084125,-1.5569468,-0.6505198,0.28356203
0.13451858,0.33572665,-0.026333699,0.008579497
1.0808916,0.40907836,-1.5493233,0.12545618
-0.93606234,-0.06173967,-0.9364878,0.02001734
0.9094423,1.6949091,-0.35655382,0.5362065
-0.5700996,-1.156892,-1.1361064,0.24225155
1.0876263,0.96128887,0.9902813,0.30608302
-0.034620263,-0.92843574,0.89935565,0.023558596
-1.4617591,-1.5004411,-0.49260315,0.80331755
-0.90055346,1.2067219,-0.27114648,-0.3708902
-1.1993881,-0.8377743,1.6587194,0.3201471
0.901362,0.08958196,-0.106763065,0.020987814
-1.1077536,0.93274194,1.45839,-0.32735187
-0.09635025,-1.4626808,1.5905987,0.06772197
0.4187538,-1.5002345,-0.60361916,-0.19955643
-0.8973651,0.6062515,-1.6419007,-0.17469889
0.5439916,1.5419554,1.601688,0.24680373
-1.6345716,-0.17946965,-0.9246976,0.09323642
-1.1851901,1.2466934,1.6420764,-0.47866625
-1.5134917,0.6255119,-1.0977899,-0.2960057
-0.47381446,0.5091391,0.31068823,-0.07864789
-0.5802889,-1.1156865,0.5070651,0.22236177
0.29377735,1.6824396,-0.40679392,0.15236586
-0.27133244,0.81326365,1.3388937,-0.07808679
0.8567873,0.2790633,-1.5587273,0.06590832
1.6261748,1.2521203,-0.7148873,0.6600118
0.66510767,-1.505936,-0.27139318,-0.32547688
-0.63139063,0.38621503,1.314959,-0.07680772
-1.5656133,-0.82193995,0.79482013,0.4087458
0.67098224,-0.17195484,1.1042639,-0.033143587
-0.8061905,0.58366615,0.73862076,-0.14823033
0.9236039,0.78660125,1.5444082,0.20719531
1.1985024,0.41072732,-0.4288246,0.13946445
0.71148896,-1.3558007,-0.5313452,-0.30894098
1.6632314,-1.095018,-0.23686856,-0.57097703
1.6830136,0.037572514,0.6749587,0.014926219
0.41183704,-0.29809174,-0.5047812,-0.033205573
-1.2078013,-1.4668275,0.6301044,0.6109657
1.5859514,1.7413281,0.4701255,0.934066
-0.7700868,0.22828668,0.40305302,-0.053841196
-0.76639724,-1.2441729,1.398903,0.32043
1.4883597,0.7790115,0.2727204,0.34054148
1.3816298,0.77181625,1.1391932,0.31000438
0.5675553,-0.8568653,-0.4799554,-0.14031164
0.15511338,0.88968056,-1.5449079,0.03077797
-1.4016136,-1.0853537,1.0491223,0.49327964
-0.13163368,0.6168505,0.7116321,-0.032904357
1.6990827,1.6792468,1.4424297,0.91482204
0.4857576,1.1690667,0.6555533,0.16119601
0.19461362,0.87602663,0.033401746,0.03968781
-0.31049225,-0.35136783,-1.2410952,0.03845405
-0.5535668,0.33735952,-1.629881,-0.059608806
1.0736986,0.62122494,0.3438806,0.19072096
0.15336469,0.43685547,1.4007295,0.013646111
1.1676543,-0.34985527,-0.13450226,-0.11948962
-0.2576987,0.25248462,-0.56145394,-0.02231605
0.79965276,-0.70627195,0.85861593,-0.1627338
0.75807697,-0.9883856,-0.8327634,-0.22721463
0.32180095,-1.6179267,0.60533327,-0.15154876
1.1294166,-1.4286124,-1.3951713,-0.5872605
1.126442,-1.0983326,-1.5580345,-0.407336
1.6436185,1.6897842,-1.003295,1.0718583
1.3712366,0.3591564,-0.29511476,0.13950607
-0.39324266,-1.5858558,0.57841927,0.23706998
-1.4110076,-0.8931397,0.8683953,0.40322608
0.3620231,0.4180741,-1.088431,0.038973927
0.032118242,-0.5201314,-0.35380426,0.0023923928
-0.40207604,-0.49152854,0.5647888,0.067206934
-0.24126099,-0.6543053,-0.3798394,0.05819465
0.12815723,-0.42318076,0.024884041,-0.010443193
1.3038142,0.20934954,1.111398,0.075654194
0.5840723,0.111091435,-0.4965903,0.016626375
-0.56443816,1.1379935,0.88487184,-0.21707319
-0.6611136,1.133524,1.3951222,-0.24833433
-0.3793515,1.4558011,0.57183045,-0.20377743
-0.61853427,-0.04917593,-0.30622956,0.011067687
1.5959091,-0.77931744,-1.0888288,-0.3811089
0.9593749,0.012839033,-1.136535,0.0016266141
1.6023728,-1.159072,-0.3347703,-0.5893161
0.05265165,0.72713625,0.536011,0.0012048426
0.3944949,-0.20558754,0.9387454,-0.021938633
0.6443942,-0.5570519,-0.083818875,-0.10178125
-1.5831251,-1.4858377,1.3836195,0.7876425
0.20094931,0.85529965,-0.6814432,0.040824458
-0.06805543,0.9895623,0.34168312,-0.035300158
-0.91847974,1.61291,-0.88057244,-0.58794594
-1.2892857,-0.61690146,0.46074575,0.25203654
1.5718853,0.53732246,1.465444,0.24246341
1.4475187,0.07319675,0.60109943,0.027588803
0.84539694,-1.114627,0.11418476,-0.2851198
1.6906836,-1.0938141,-0.6332604,-0.58761036
-0.6517836,0.90841484,-1.4105891,-0.20313962
-0.25033417,-1.0043303,-1.1766748,0.09818485
0.69925714,1.2888807,-1.4747409,0.30024537
-0.23742339,0.62191796,1.2202238,-0.052701555
-0.2908298,0.60809565,-0.7177015,-0.061910644
-1.37646,1.1663282,-0.25801355,-0.53448427
0.5098744,0.8685036,-1.5405712,0.12817049
-0.9936993,0.766153,-0.48002094,-0.24379714
0.10978581,0.9203109,1.4604536,0.017499913
1.7263803,-0.7403147,0.3149448,-0.3829986
-0.48300818,-0.9267894,-0.30773246,0.1553239
-0.49571282,-0.31571573,0.8945738,0.052192476
1.0862547,0.9842679,1.3236692,0.3124809
-0.5860688,1.2389565,1.3360635,-0.24543984
-0.100758016,1.303368,-1.2721807,-0.067862324
1.6553564,-0.54853094,0.12242164,-0.26945427
-0.6589586,-0.21656375,-1.4118203,0.047038075
-1.1850209,-1.2023934,-1.1855471,0.51016045
-0.9167397,1.0924187,1.3183963,-0.3247972
-0.43035713,-1.1606791,-1.3698102,0.1911768
-0.77009195,-0.7176411,-0.84354043,0.18296972
-0.8466202,1.460685,0.8230331,-0.42515376
0.7428767,0.43468297,1.6707683,0.088887
0.33983997,-0.73021716,-1.6699635,-0.06804556
-0.50410026,-1.1787163,-1.109617,0.22126022
-1.2909461,-1.2038969,-0.6746756,0.53861266
-0.4951412,1.4276915,1.3300345,-0.24751836
-0.67973924,-1.602377,1.0003465,0.38962206
-0.5133274,1.5282289,1.0701932,-0.27956983
-1.5066017,1.4152607,1.099981,-0.70588773
0.41819102,0.11592279,-0.4309224,0.012022679
-1.2182848,-0.13429056,1.265911,0.053041495
-1.2941976,1.3760989,-0.049215984,-0.6122603
-1.360049,0.78322077,0.16049005,-0.3348311
0.7660234,1.671511,-0.45657292,0.4418321
-0.9897371,1.4290764,0.72791785,-0.48170975
-0.6637417,-1.1477079,0.76632077,0.25873983
1.3971831,1.09334,-0.1830592,0.46854794
0.96164656,0.8947609,1.5116099,0.2478378
1.0347197,-1.2432259,-0.4459101,-0.40932474
-1.5882118,0.85240424,0.43394232,-0.42501047
-1.1879308,-0.9076526,1.559581,0.3451985
-0.60304713,-1.0421282,0.9670913,0.2120134
1.4699634,0.03967716,-0.62658155,0.013871519
0.2233462,-0.20951547,-0.7792202,-0.011352111
-1.2409741,-0.46656525,0.33065754,0.18299708
0.057936117,-1.1477923,-0.01395722,-0.003998527
-1.2905318,0.9699535,0.119985215,-0.40237138
-0.33020994,1.762286,1.1058283,-0.22521523
-0.42644644,-0.3832887,0.5996393,0.055214483
1.5381057,-1.1794243,-0.96454334,-0.5937557
0.5806199,-0.08395352,-1.4037368,-0.014385287
-0.25317332,-1.5228076,1.6234233,0.14847223
0.33810213,-1.4228852,-0.19008583,-0.14136475
-0.45002595,-0.5796683,-0.6778198,0.08868587
0.723855,1.1130332,-1.2628419,0.25076362
0.72844243,-1.3419997,1.6489574,-0.29091075
0.50967604,-0.2741334,0.8660472,-0.03869653
-0.6241731,-0.9074029,-1.0901251,0.19603439
1.5165578,-1.6143228,-1.4848351,-1.0091866
-0.20150144,-0.3895019,1.4916488,0.029409973
-0.62338036,-0.095726356,0.73879504,0.020419518
1.1258703,-0.2891999,-0.25331274,-0.0952748
1.4509473,1.2940779,-1.4288571,0.6471062
1.7611442,0.71206653,1.040439,0.36599085
0.55740565,1.1029799,-1.1672447,0.18591379
-0.53998035,0.69644433,0.8433629,-0.12262546
0.92190856,0.19155043,-1.632789,0.04812867
1.5248315,0.96242017,-1.532845,0.463044
-1.6421683,-1.1163514,-1.6491895,0.65624535
-0.16622293,0.9039227,1.5566308,-0.058437545
-1.127418,0.84543544,1.5604041,-0.29960847
0.3681241,-0.740385,-1.4669956,-0.075340115
0.75948054,-0.05359417,1.3272454,-0.012776731
-0.30866122,-1.3250315,-1.0452658,0.16627672
-0.096933976,-1.5337901,-1.5976932,0.09173451
0.82239026,0.0048861573,0.825937,-0.00044752954
-0.24232022,0.3220783,0.9730128,-0.027192974
-1.3992257,-0.37294328,0.9729537,0.1639819
1.4252489,0.55077285,0.30059296,0.2257956
-0.8197222,-1.3523663,1.647976,0.37340263
-0.14206135,-0.960947,-1.4810374,0.06006008
0.20961228,1.2219987,0.7917979,0.062635414
-0.056355402,-1.7065486,-0.545388,0.067244045
-1.57302,0.2832852,0.083920375,-0.13347735
