1.3639383,-0.3663116,1.7057133,0.15272763
1.4766983,-1.061742,0.2886819,0.085049085
-0.35634318,0.80489063,-0.94050956,0.22348881
1.6293024,-0.7265621,0.1941018,0.097002134
-0.33021733,-0.084249265,-1.7150449,0.70153797
0.39470118,-1.2310292,0.0142206615,0.17715944
-0.79137355,-0.17074394,1.318,0.20779383
1.0586455,0.25698933,0.19723879,0.26346716
1.5654584,-0.06481312,0.4084287,0.17473806
-1.2163981,-0.65101796,-1.6193694,0.44809908
1.5441935,0.5298806,-0.32409796,0.26666194
0.36950117,-0.44933948,1.0129107,0.21797235
1.3196236,-0.969251,-1.2606798,0.012265167
0.28040728,-1.2915026,-0.80469584,0.15368907
0.8776379,-0.36611867,1.1601927,0.19051546
-0.19602622,-1.6563823,0.4924776,0.19411927
1.3748705,1.4681754,0.80224895,0.24886225
0.3017268,-0.8342627,-1.6031295,0.16961685
-0.7569009,-0.7227991,1.0925733,0.23071879
0.48617008,0.16958053,-0.3756832,0.35808718
-0.7463891,0.46324068,0.3601588,0.21115689
-0.15483129,-0.1591813,1.3878388,0.21488413
-0.65238726,1.2146523,-1.5843036,0.009713897
1.1896945,-1.0195178,0.4906449,0.120611206
-1.3124044,0.6378012,-1.5541728,0.0075204936
-0.7468605,0.0028604998,1.2710695,0.20550391
-0.43919107,-1.4253769,0.50356454,0.23429948
-0.98843807,-0.67504543,0.19024111,0.2906374
0.20970997,0.45488477,-0.68924177,0.40691698
-1.6539577,0.3431819,0.6468638,0.13381214
1.6026026,1.2870355,-0.8927431,0.44221207
-1.415913,1.1846693,0.32750013,0.075265825
1.3768367,-0.9534475,1.4419293,0.12212807
0.33377987,-0.7450027,-1.2905742,0.25083998
-0.5120969,-0.3664917,-0.4911624,0.3799877
1.1114646,-1.2545083,0.40036678,0.10440877
0.3155775,-0.4685165,0.29729655,0.25969404
1.4387304,-1.4339014,0.022692213,0.048630826
0.23543572,0.67646664,1.4772141,0.20570962
-0.49602532,1.2525696,-0.44741708,0.1313329
0.509913,0.14623025,0.4422622,0.27107087
-0.41990915,-1.2535578,0.90961546,0.22309661
0.77200663,-1.3264954,-0.3340685,0.10043076
1.584885,-0.67857414,1.121753,0.12447719
1.0427601,0.5189115,1.1211809,0.22237729
-0.70580393,0.049776006,0.7641514,0.22891565
1.0413911,0.32694942,-0.42010608,0.32035443
0.3553211,1.6661766,1.4914569,0.17500012
0.9218105,0.8245338,-0.99371463,0.48697144
-1.0026174,0.3854028,0.5300825,0.19004008
-1.6577973,-0.34937936,0.34405026,0.19957441
-0.61828893,0.8396873,1.2117743,0.17245273
-1.2739148,0.650935,-1.4092338,0.01754462
1.4603894,-1.5779009,0.2985981,0.050357766
0.5432361,-1.0331789,-0.9903952,0.13316569
0.7605633,0.065927505,0.9097329,0.22803295
0.5918571,0.6748825,0.58906245,0.264108
0.017189598,0.86337477,-1.33745,0.31467086
1.3950607,-1.0412244,-0.10850201,0.075807735
-1.1765873,-1.7398986,0.47968712,0.262081
0.15559548,-0.08488199,0.7309753,0.2526534
-1.1284078,-0.19443733,1.5275857,0.18850353
0.5782349,0.51772594,0.77066684,0.251373
-0.54598856,-0.47734886,0.32673112,0.28558606
0.574901,1.3528605,0.91557896,0.22169085
-0.3116814,0.1243066,-1.6267159,0.5516185
1.4756372,1.2925136,1.1445962,0.2271394
-0.97367674,-1.2191092,-0.2029442,0.34031853
-0.98004264,0.7111399,0.9714689,0.15996294
-0.9801046,0.21661903,0.4910761,0.20822495
1.5962881,-0.8737366,-0.091541976,0.07324249
0.6211195,0.8796515,1.2084806,0.2222867
1.704464,-1.7256466,-1.0025371,0.00077519036
-1.3742464,1.4302292,0.4835825,0.06692403
-1.6611863,0.14871566,0.752255,0.15036051
-1.300337,0.17682299,-0.61239046,0.16511796
-1.1114411,0.82101905,0.6214896,0.14018558
0.74476373,0.15298381,-1.7004349,0.4996903
0.6638757,0.7615207,-0.86871356,0.45455512
1.4782767,1.1269583,0.8344327,0.24306686
-0.84230345,-1.3672544,0.88462734,0.23673356
-1.1269811,1.1715832,-1.5780112,0.0011378492
0.96098155,-0.25680095,0.5936578,0.2102943
-0.6490221,-0.40259776,0.16061868,0.29642087
1.0924739,0.36121017,1.6762173,0.19200815
-0.36155868,1.383898,-1.6767824,0.009934999
1.0324029,-0.9502651,-0.4104283,0.10992256
-1.2910436,-1.179701,-0.973983,0.47501785
-0.82202196,1.0994805,-1.0463859,0.052372593
0.57224894,-0.8200725,-0.2815537,0.20807844
0.41126457,0.57366085,-1.5800356,0.6810734
-0.39197183,-0.25255322,1.3451449,0.21626458
1.0737792,0.49144527,-0.6088143,0.35955217
1.2180067,1.3503819,0.6010869,0.2628141
-1.2018362,-0.88544595,-1.0119396,0.45447165
-0.87234575,-0.8475304,0.008328998,0.31758744
1.6242228,0.87062466,-1.2181221,0.37452495
-0.53401875,0.10322918,1.3819643,0.20464876
-0.5634428,-0.18693869,1.4481034,0.20793557
-1.6193656,-1.5396707,1.3517389,0.21618922
-0.9391756,1.4985255,-0.60241145,0.039455816
0.47739547,-0.059844807,1.0684123,0.22515124
-0.18018447,-0.31745163,-1.4364451,0.63494605
-1.2030637,-0.7158829,0.7874166,0.23947556
0.087551415,-0.3406052,-0.21301143,0.33085474
-1.1293402,0.86254954,-1.4247124,0.012941303
-1.4140673,-0.03363355,-1.3798299,0.09925465
-0.9012713,1.5125232,-1.6087502,0.00044486552
-1.4602523,-0.094817355,0.3210287,0.1944771
-1.0495216,-0.24574243,-0.6223651,0.30629414
1.7688069,1.0006121,-0.79224753,0.33993572
0.3724561,-0.038725693,1.6347411,0.20041323
0.5779037,-0.34457475,-0.52441096,0.29577205
-1.5592384,0.595275,0.57858837,0.11934422
-1.0840297,1.3953055,-0.30340123,0.05442408
-0.5261363,0.44619146,1.0352386,0.20543896
0.31647378,1.2327783,0.5117843,0.23275043
-1.4683632,1.1477759,1.0870925,0.09566914
-0.6949541,0.5047288,0.44770274,0.20977326
-0.98395336,0.61897624,-0.37749708,0.15630113
0.051924147,0.5749532,1.5176075,0.20209633
-0.59373313,0.1894538,-0.123423696,0.27907392
-0.072198875,1.5046489,-1.0294882,0.11290544
-1.1199504,1.6321248,0.53373617,0.07255937
-1.1350474,0.63358957,-0.20942493,0.13855304
-0.9576589,-0.08109125,-1.2751611,0.2956771
-0.54239774,1.5853868,0.22382255,0.11443602
-1.3122505,-1.3634903,-0.4001434,0.37081113
1.4912724,1.3005015,-0.68515277,0.4137869
-0.29466933,0.93964905,-0.8209449,0.21128044
1.5290378,1.1373845,-0.73210704,0.4028814
0.5837982,-0.12844667,-0.6967174,0.34879702
-1.4113122,-1.3067586,0.16788699,0.29942968
1.2390639,1.2627451,1.6589042,0.20201555
-0.42673883,-0.7630069,-1.0079972,0.47060937
-0.61306256,0.47007066,-0.80248135,0.2480931
-1.3825036,1.0042982,-1.1526847,0.010488112
-1.665121,-1.6385071,-0.06613114,0.3257149
0.539928,0.12367247,0.11952996,0.296619
-0.32908112,-0.6185852,-1.1802548,0.52190346
0.7176938,1.2564359,0.7838585,0.23934834
-1.3663017,-1.114154,-1.5418785,0.61640686
1.3258587,1.0758224,1.5893099,0.20408475
-1.2171313,1.1046968,0.32239825,0.0982239
-0.25024927,0.9781878,-0.17409872,0.221415
0.40689364,1.6970417,-0.61614215,0.21030907
0.936307,0.27347803,0.77050894,0.23690657
1.4376057,-1.5889555,1.253708,0.079836644
1.6161232,1.2636714,-1.1247501,0.4869809
-1.318522,0.16800964,-0.43160018,0.17214786
0.48060516,0.041770566,1.2638829,0.21729118
-0.6936674,-1.6703103,-0.3229264,0.2801898
-0.14158995,-0.38887766,-1.2660705,0.5545003
-1.2419953,-0.8477138,-0.5530866,0.36627087
1.6159499,1.7311953,0.05841441,0.31165963
-1.2169533,1.2604387,-0.32168904,0.053266603
0.9676522,1.3202281,-1.178369,0.49392217
0.65244603,1.2125639,-1.0773361,0.41639894
0.6068324,-1.0845271,0.4636302,0.17063017
-0.8840197,-0.74929875,1.1779488,0.22507288
1.612665,-0.68218535,1.5620921,0.12404782
0.4256338,-0.6989675,-0.19513544,0.24882409
0.2687117,1.3773494,0.6601243,0.2121519
-1.47066,0.60502917,-1.3655177,0.012128215
0.7701653,1.417706,0.91460454,0.22770837
-0.21123369,-0.07552841,1.6408352,0.20222439
-0.7418898,-1.5626274,0.89377725,0.22482021
1.52654,-0.50396365,-0.68025434,0.08165714
0.43114248,1.244181,1.3998963,0.19887684
-0.9057731,1.0787022,-1.6281465,0.0040132953
-0.82458675,0.55186695,-0.20710638,0.19717617
-0.035099886,-0.5096054,-0.4266485,0.35308704
1.0088334,-1.6364744,-1.7147214,3.839434e-05
-0.39296228,-0.9391934,-0.9810922,0.42517132
-0.9355667,0.9247805,-1.2527473,0.037730943
-0.54264826,-0.70332587,0.46085042,0.27428955
-1.2395579,0.84900045,-0.1438509,0.101404615
0.66138995,0.48755097,0.78816074,0.24943355
1.3803035,-0.6693981,-0.3874384,0.1015027
-1.5743192,1.0791825,1.4163233,0.098401055
0.4471634,-0.5589113,0.19367523,0.24627863
0.93689233,-0.051661108,1.4233022,0.19342518
0.35946018,-0.6638094,1.3942766,0.19361208
-0.5662128,-1.6632365,-1.4580064,0.22794464
0.9461075,0.2907093,-1.1547877,0.4110148
0.95225805,0.51559436,1.0339458,0.22939056
0.6911772,-0.87960494,1.6223143,0.16252363
-0.25549895,1.0868739,-1.4673927,0.099442005
-0.4089238,-1.5725366,0.024211144,0.23843639
0.23140766,-1.6903589,-0.661493,0.10278547
-0.25710535,-1.0806099,1.6166289,0.19261363
-0.46610478,-0.60164547,1.4263637,0.21283683
1.148076,-0.18869917,1.2495308,0.18254244
1.5273203,-0.33340347,0.92367035,0.15292911
-0.12335487,0.8103548,-0.16209856,0.2635476
-0.3384729,-1.5383277,1.5844569,0.18083696
0.072284,0.2660772,-0.8049388,0.43300712
-0.05568613,0.0373208,0.083982274,0.30871564
0.46121863,0.4718625,-0.45300725,0.37876776
0.52980584,1.7570219,-1.2543278,0.17785873
-1.5171663,1.090398,-0.8151386,0.017056048
-0.5884534,-0.9680286,0.4156446,0.27345583
1.4975755,-1.4359078,-0.15422972,0.0366588
0.7180932,-0.419415,-1.1391177,0.24008656
-0.038513362,-0.87634003,-0.21936461,0.29082054
-0.9912511,0.6218225,0.29579756,0.16920042
-1.0065787,0.022970643,-1.2030338,0.24112563
-1.4956545,1.4229339,1.0367106,0.0763426
-0.5142634,0.69841105,-1.4616766,0.13828276
0.62878907,-0.31689334,0.015502823,0.2614675
1.1453456,0.06734336,-1.4064127,0.22815421
0.842346,0.4284734,-1.5502752,0.5874
-1.4752916,-0.21163838,-0.21436514,0.21224867
-0.9885931,1.4275312,1.558405,0.11356403
-0.22466107,-1.3697928,1.6232961,0.1816724
1.7132459,0.86496454,0.6165788,0.23466776
0.296299,-1.1154611,1.3307925,0.17743267
-0.39888173,-1.5356095,-0.94015396,0.25878295
0.75970507,-0.35461688,0.9663648,0.20448555
-0.6088523,0.86478686,1.0474136,0.17467272
-1.0676363,1.2508135,-1.6429609,0.0005303223
1.3042576,0.44864386,-1.3175993,0.33546516
-0.73599505,-0.1453368,0.7413388,0.2383169
-0.29811865,-0.091867685,0.15783095,0.29833993
-1.6662295,-0.7068886,-1.1639094,0.26441297
1.1998558,-0.15116173,-1.3567581,0.13576734
1.3520477,-0.11481654,1.2408141,0.1752174
0.6748511,1.5050474,0.18675648,0.25777498
-1.1537848,1.0372199,-0.0047378535,0.0974711
-1.6526845,-1.4020538,-1.6618863,0.6591333
-1.3516885,0.0141143445,1.5065482,0.17017391
1.3314927,-1.0760691,-1.1367282,0.013581371
0.87405145,-0.27265006,0.764646,0.2097243
1.4964991,-1.3924482,-0.20753022,0.036649417
0.94942766,0.46452224,0.05505157,0.2982908
0.48305923,-1.2627085,0.8426888,0.16398576
0.030285032,1.7449459,-0.4586291,0.13781436
-1.2626907,1.336451,-0.4829522,0.035112277
-1.4284928,-1.2051028,1.3687375,0.21388297
-1.5638274,-1.6507229,-1.3175113,0.5907174
0.75220746,0.07552622,0.7636514,0.23686759
-0.79845744,-0.484647,-0.4443366,0.36092877
-0.29947212,0.5236887,-0.5750199,0.30296993
-0.9440585,-1.1849527,1.1492164,0.22684208
-0.2666978,0.72752273,0.2891295,0.23543665
-1.1650844,-1.5138974,-1.6005487,0.65785927
-1.0782459,-0.9223679,1.5344335,0.20676062
0.6184665,-0.9187264,-0.85348105,0.15537886
-0.4647189,0.8587767,1.484371,0.17370681
1.1104198,-0.03926383,-0.5401634,0.2500706
-0.5053871,-1.6851685,1.6743175,0.17903943
-1.2162932,-0.9986904,0.5059186,0.26746488
-0.25673482,-0.80794007,-0.08393503,0.30873308
-0.78774357,-1.6267179,0.6549353,0.23647983
-0.479781,0.23227213,-0.054364473,0.28250405
-1.5924989,0.6342044,-0.8531045,0.037372496
1.0107788,-0.316202,0.93890256,0.19181934
-1.1519424,-0.6937958,1.1134838,0.22224383
0.91282445,-0.0038461927,-0.21618174,0.27754825
0.8287173,-1.3915918,1.6151804,0.12901287
1.2776397,-1.065209,0.108176485,0.09541786
-1.2739651,-0.033321947,-0.90958107,0.19867924
1.285845,1.5709202,-0.9372341,0.45311362
-0.76708287,-0.53457206,1.1550788,0.22510919
0.68625474,0.8794959,-0.696932,0.41348803
1.6646162,-0.68605894,1.084254,0.118140824
-0.1957522,-0.4618403,-1.6699247,0.71704024
0.03383155,-1.669175,0.058249466,0.1688557
-0.3493817,1.465473,-1.1880761,0.051747106
-1.3909672,1.721189,0.6085287,0.05306027
0.8737021,-0.030147418,1.3944042,0.19776084
-1.662636,1.1254717,0.6751729,0.07404461
1.1163731,1.4469103,-0.5916773,0.38463637
1.3358413,0.8813588,-1.61274,0.575273
1.6759691,0.91358095,-0.81499,0.34358072
-0.35911116,-1.6692562,-1.0143228,0.20397438
-1.3679869,-1.6475656,1.6397457,0.2020805
0.43438306,-1.3445106,-0.92471546,0.10047959
0.998613,0.55752575,0.6633891,0.25209314
-1.6670983,-1.5160582,1.3783282,0.21420625
-0.34378952,-1.3371235,0.6184845,0.22811306
-0.98530865,-0.84654313,-1.5086122,0.64612633
-0.10349011,-1.6159004,-0.19610874,0.19233117
-0.8006026,0.009203398,-0.51087576,0.2995121
-0.6568813,0.26083168,1.1060828,0.20526278
-0.49961755,-1.0234805,-0.16210374,0.31914577
-1.5895854,1.1596199,-0.091557816,0.045591075
1.4603355,-0.6615767,1.5274718,0.13390125
1.4910338,-0.4888291,0.40791667,0.1398824
-0.22302906,1.3481988,0.7955159,0.17212999
-0.14899123,1.5184088,-0.5540203,0.13899705
-0.6557658,-0.19514729,1.1226828,0.22200195
-1.5082206,-1.2570746,0.24610049,0.2877234
-1.628924,-0.8764141,-0.34606376,0.29506102
0.68726957,0.23102628,0.33017287,0.27636564
-0.89848715,1.0388894,-1.3533597,0.021602934
-1.0600947,0.8833432,0.062240686,0.12735325
-0.08723045,-0.7706248,0.7870258,0.23605609
-0.5264037,-1.657594,-1.6097766,0.1785005
-0.5100582,-1.5339644,-0.91357666,0.29219535
0.1024917,-0.553319,1.0755157,0.22138204
-0.31817627,0.028916586,0.038028724,0.30392724
-0.5458682,-0.7839934,-0.059458982,0.3231353
-0.7775103,-1.3852949,0.17439856,0.28260556
-1.3545276,0.19237815,-0.77206993,0.13977131
1.4913368,-1.3906394,1.4198331,0.09054363
-0.6421029,-1.3451864,-0.17129353,0.30397174
0.50353324,-1.4244524,-0.6265267,0.10380409
-0.5504384,-0.47024828,0.9034755,0.24196693
0.18710996,1.5619074,-1.4310249,0.10044385
1.6528797,0.69508904,-0.3178521,0.2748278
0.8406673,-0.2019231,0.17223322,0.24276933
-1.4454191,0.36918524,-0.5341469,0.11232406
0.7307485,0.7079234,0.9341696,0.24058872
1.6820602,0.017088924,-1.4682248,0.044194765
0.5002673,-1.4132344,-0.49626374,0.11571758
1.2018436,-1.0779049,-0.72306556,0.050666932
1.7451744,-1.1892463,1.588916,0.08988896
-0.21675962,-0.037874833,0.6847486,0.2555314
0.40462843,-1.6048373,-1.2826034,0.02948609
-1.1499283,-0.3132855,0.6649547,0.22855215
-0.30778146,-0.6369758,-0.037372213,0.3172419
1.3226804,1.7346447,1.5718942,0.20245276
0.9300963,1.4379002,0.94724464,0.23114346
-1.04272,1.0294901,-1.004376,0.03979722
-1.3339589,0.10557034,1.5305965,0.16604641
-1.1298262,-0.56320745,-0.30823386,0.31809926
-1.6525773,0.45591164,-0.3921719,0.08332386
-1.2818655,-1.2096288,0.512836,0.26969224
-0.3787765,-0.7440775,1.7060547,0.19815102
1.209512,-0.34685043,0.5174769,0.18188722
0.33543858,-0.40683317,-1.6587052,0.39279103
-1.2628621,-1.6610017,-0.5494083,0.37989515
-1.3345428,0.7067296,1.598973,0.1336531
0.90396756,1.4566647,-0.60649854,0.35787743
-1.2339886,-0.9642764,-0.82752323,0.4256738
-0.16491485,0.4814332,-1.3704416,0.40682232
0.8733632,-0.19735467,-0.9493709,0.26955438
-0.74996364,-0.05738276,-0.9403196,0.35545367
-0.14065151,0.109457344,0.40940282,0.27488005
-0.10276807,1.5325481,0.6855051,0.16813311
-0.36032334,0.24273668,1.638814,0.19498995
-0.8261252,-1.1070685,1.1266252,0.22765154
-1.4881994,-0.62648535,0.024451738,0.25900367
-1.3451059,0.8669388,0.92565,0.12079359
-0.8750902,0.5562385,0.98113114,0.17840393
1.7106421,0.041049834,-1.4828733,0.04143996
-0.7847593,-0.22552916,0.8660293,0.23250529
-1.1094413,-0.6781827,-1.1762583,0.45888248
0.46463388,-0.6180584,1.3258406,0.19344454
0.5218429,-0.9218677,-0.74822855,0.18453693
0.99083227,0.29532838,0.3555575,0.26095772
1.356329,0.5012855,-0.019217132,0.27166134
1.006272,1.3550122,0.7961839,0.24490476
-1.6605402,-0.39091492,0.26630428,0.20508203
0.1999022,0.1328713,-1.2472649,0.56473815
1.0904577,1.1446971,0.6950668,0.25655317
-0.112035975,0.77268136,1.0125887,0.21132573
-0.96778166,0.23304841,-0.89568096,0.21179315
1.6891166,0.54783005,-1.1155037,0.23348194
-0.597048,0.09821833,-1.1708752,0.3714631
-0.93344766,-1.5034084,-0.8369051,0.3999758
-1.5056237,0.074704744,-0.21755156,0.16395386
0.12408482,-0.37800187,0.12753071,0.29180488
0.8103723,1.5956295,-0.01305347,0.27499303
0.42841092,1.5960095,-0.45536456,0.23659472
0.38774148,0.3561204,1.0652702,0.23256257
-1.2590418,1.580473,0.08986383,0.048813257
-1.5613103,-0.8999181,-0.99857724,0.3637497
0.07748031,1.5371101,-0.45564094,0.18140884
1.6176299,1.5226932,-1.0110892,0.4909139
1.0407997,-0.060461298,-0.607072,0.2611552
-0.955648,-1.4060777,-1.6216642,0.6108702
-0.17642196,-0.5613124,0.29927564,0.28259897
-1.2225218,-0.46400487,-1.3322128,0.3424355
-0.7837409,0.035912916,0.6635816,0.23019075
0.35906214,-1.5894312,1.1760585,0.14744835
0.9850259,0.3331177,-1.2791066,0.4257338
1.4738761,-0.72539324,-0.90765136,0.042922303
-1.53413,-0.4439584,-1.3585,0.19388247
1.1987269,-0.902512,0.4575856,0.12977485
-1.1675941,-0.3648941,0.3315162,0.24831347
0.69210714,-1.6282946,-0.8877488,0.035526164
1.5046644,-0.9265896,1.0369596,0.11234276
0.0713368,0.16902757,0.71200114,0.2548159
1.614142,1.1605188,-1.5533402,0.55798477
-1.4203622,1.6067848,-0.09439359,0.03036796
-0.61070836,-1.3249946,-0.7405759,0.35813892
1.0517049,0.74615014,-0.29884362,0.34779003
-0.32808903,-0.9856192,0.9557329,0.22793184
-0.30541003,-1.3543993,-0.18573894,0.2615207
-0.6707014,-0.07069792,-1.1942065,0.40776777
1.2343634,-1.0031389,1.2076633,0.1271882
0.89195925,-1.5094906,-1.571393,0.0011152285
0.5990718,-1.6385262,-0.59100115,0.06651345
-0.9207354,-1.1716326,0.6610869,0.2578083
-1.350949,1.4535902,1.5177091,0.091822125
0.23343949,0.9887395,1.666592,0.19031148
0.5574409,-0.6901025,-0.40456092,0.23281083
-0.7480688,-1.1715839,0.572402,0.26024595
-0.43475264,-1.3475062,-1.5098591,0.31214586
1.2103568,-1.0328488,-0.33525154,0.082340546
0.18435146,-0.7176583,-0.5353736,0.3017813
0.124859825,1.0642366,0.4867995,0.23187429
-0.3767151,0.5830033,-1.1266645,0.27656415
-1.5125726,-0.67166024,0.370264,0.24252072
-1.5722818,1.2188928,0.8867154,0.0800541
-0.77614826,-1.0869204,1.3380917,0.21597928
-0.8283457,-1.4275193,-0.29145133,0.326669
0.58374923,0.39108527,1.5687675,0.20561151
-0.45423743,-0.9639726,-1.6242435,0.56814843
-0.6266622,0.5076877,-0.48781157,0.23860781
1.6892716,1.498486,0.65043664,0.25861228
0.6470779,-0.8257724,0.4396411,0.19206731
1.275004,-1.2217458,0.80820096,0.10414064
-0.7866504,0.6695263,-1.1410499,0.121700324
-0.65636325,-1.5832616,1.0569788,0.21215598
0.6801771,1.5776113,-1.6134512,0.25864965
-1.1003941,-0.8246294,-1.179026,0.5014282
-1.0787425,0.8580169,-0.11778273,0.12094925
-0.03603668,-1.3931588,-1.6701195,0.07605739
-0.5828092,-1.184872,-1.6340762,0.5092468
-1.2440068,0.20077088,-1.5261834,0.059706237
1.0687665,0.6325617,1.3804293,0.21134555
1.4321846,1.3720021,0.375947,0.2819032
0.32655326,1.4792953,-0.54914427,0.23929802
-0.2527292,-0.09442446,-0.07154899,0.32387295
-1.5481961,-0.219526,-1.4984974,0.08934074
-0.5801879,0.29786375,-1.623633,0.25131762
0.48563147,-0.40214342,-1.1991297,0.33131683
0.8592828,0.06676381,-1.6631293,0.3476988
-0.17058134,-1.6605548,1.1294501,0.17834301
-0.63377666,-1.4384694,-0.6021655,0.32781214
1.006878,1.2133133,-0.46473703,0.37448958
-1.3245115,-1.0219951,-1.4805034,0.57488906
1.1356943,1.3932886,0.2836248,0.28615534
-0.62103486,0.2000475,-0.2587151,0.28276837
0.07351207,0.43569,-1.1706234,0.48468074
-0.29320842,1.6070135,1.100668,0.14553884
0.2559646,-0.97240484,1.4473008,0.1832135
-0.473334,-0.27109554,-1.2255895,0.5326764
1.2995033,0.31875816,0.9725285,0.21097827
0.0023755168,0.6083302,-0.2799214,0.3137892
1.3916006,-1.706623,-0.017156389,0.034172732
1.7031373,0.63258576,0.7303881,0.21495327
-0.79195213,-1.0314482,-0.31418258,0.3549508
-1.2093039,0.2380878,1.4588703,0.16727254
1.4289796,1.1979735,1.056177,0.23169048
1.3967924,-0.16855279,-1.1162344,0.11584319
-1.2679287,-0.048865486,-1.0465304,0.19307242
-0.08599047,-0.12471371,-1.7032678,0.78700054
-1.6512831,1.4760323,0.54915434,0.04992935
-1.3627461,1.0074396,-1.2932969,0.0058448403
0.37980634,0.30291224,-1.4410435,0.6408753
0.5053505,-1.0527328,-1.1022061,0.12388275
0.41225243,-0.94924694,-1.6996111,0.06568596
-0.421606,1.4092565,-1.3999183,0.026908193
1.6361339,1.273453,1.5315846,0.20528871
0.29340634,1.0262439,0.95879227,0.22137052
-0.9691692,-1.3659495,1.5213808,0.20608997
-0.05035636,1.377984,-0.8343721,0.1656509
0.46076038,-0.16146915,-0.7056327,0.36700234
0.6502984,1.3039753,-0.60377526,0.34016597
-1.1706749,1.5360111,0.032620978,0.05502077
0.6926623,0.19981383,-1.2341564,0.47950548
-0.8327553,-0.72579247,0.2509473,0.29175234
-1.384002,1.6629536,-1.1020888,0.0013302834
-0.89359796,-0.91065985,0.27056533,0.2914045
1.7081819,1.1572418,1.5728759,0.20007198
1.5194979,-1.6814035,0.28925675,0.041116446
1.5894705,-0.54690444,1.2523513,0.1333043
1.0581778,-1.5281677,-1.2246096,0.00521027
1.3482844,-0.7829381,-0.24340563,0.10031705
-0.18338221,0.7544211,-1.0618495,0.28767288
-0.9005225,-1.2546978,-0.19155768,0.33418912
0.9077244,-1.5157543,-0.68440574,0.041499436
-0.84533024,1.2657319,-0.97647476,0.03899023
-1.1151901,0.94668263,-1.6605558,0.0019769147
-0.5028472,-0.01242139,-0.63800913,0.36651507
0.40859792,-1.2343322,0.2291552,0.17628828
0.9338005,-0.45961946,-0.3031912,0.20645075
-0.6218171,-0.56322116,-1.601116,0.71229804
-0.96655387,1.0941691,1.2896938,0.1337413
0.27948156,-0.56904185,1.2730423,0.20520993
-0.96804696,-0.50025296,-1.0368036,0.42585963
-1.0741911,-1.2411958,0.17372267,0.30016464
0.9449189,-0.82239604,1.1399244,0.15883212
-0.2421737,0.96011305,-1.6325632,0.10471507
1.62099,1.1411688,-1.5190833,0.53600603
1.7226033,0.2626259,0.9524006,0.18141845
0.5623094,-0.6537477,-0.03496519,0.2309804
0.63990414,1.697884,0.54618555,0.22097132
0.44377568,0.35434088,-0.715432,0.42467412
0.07412446,-0.6727594,0.31058133,0.26189023
-0.07811804,-0.6033925,1.1386046,0.22207995
0.07082309,-0.23956828,-0.4212738,0.36542368
0.69031185,0.84153366,-0.5559035,0.39145607
1.6485229,0.65080655,-1.6369288,0.21409543
-0.39920613,1.2832067,-0.2660585,0.1508007
-0.6809046,-0.07249674,1.0877904,0.21910213
-0.36993647,1.4630219,-1.6246952,0.009128241
-0.78494793,-0.7083076,-0.13365586,0.33310023
0.34001386,-0.80402493,1.251476,0.19330814
1.3327812,-0.64335877,-0.4913175,0.10442782
1.3939738,-1.6449902,-0.6357334,0.012174334
0.8379166,-1.148906,-0.5191804,0.10246753
-1.2203654,-1.5863035,-0.69705164,0.40679926
-0.87723124,-0.09721686,0.20470236,0.25810212
-0.33126432,0.023429165,-1.6551666,0.61137587
-0.27031565,-0.4501222,0.65562946,0.2589272
0.1888089,-1.1963432,-0.43486145,0.20929007
-1.5338981,1.6042156,-0.21968631,0.0207636
0.58321714,-0.57653075,-0.11685668,0.24082798
-1.2667658,0.8458564,0.95887643,0.12853181
-1.0426435,1.2329403,-1.0681826,0.020076608
-1.3847634,-1.1505201,-1.5644141,0.632401
1.5478506,-0.21328622,-1.2437501,0.06056309
-1.5837911,1.0244082,-1.2613459,0.0027292569
1.3464192,1.7134978,-0.8374433,0.4218886
-0.010748115,-0.21528976,1.3560778,0.21592474
-0.1531537,1.2826126,-1.3301138,0.101117626
1.1244311,-1.3750147,-1.0109055,0.016161794
-0.112039536,-1.1371087,-1.4015688,0.26519555
1.1273171,1.4546454,-0.8640649,0.43188995
1.2924212,-0.159863,-0.04916892,0.19727805
-1.4481926,1.7461808,-1.0485977,0.0010540719
0.7098761,0.13485804,0.01722548,0.2959275
0.3722909,-0.72331125,0.5796908,0.22135955
0.41747227,1.678913,-0.293257,0.21949056
0.29859665,1.5464587,0.74037284,0.19920675
0.5182616,0.1702267,0.39332214,0.27547935
-0.7814044,-1.0604621,1.6588007,0.20113571
-0.17320558,-0.06939805,-0.08865267,0.3274367
1.6835709,-0.8398775,1.4882778,0.11091759
1.2042975,1.2897571,1.2850794,0.21999969
-0.017553985,0.08838902,0.8204188,0.24725787
-1.572753,0.3774781,0.9714173,0.14001025
0.122637056,1.0745816,-1.1515763,0.2821832
-1.1257095,0.5900193,-1.1516516,0.06788038
1.4477351,-1.0922606,0.73278445,0.098971434
-0.99845326,1.4694154,0.6229233,0.096064754
-0.0772037,1.0884545,1.5495747,0.17948945
-0.33510718,-1.0800594,-0.22463827,0.3032527
0.35364643,1.3380361,-0.31677914,0.26467615
1.6679108,0.50632334,1.1769124,0.19343881
0.21080554,-0.33974355,0.054552905,0.29514188
1.0446625,-1.252295,1.6120923,0.12462617
1.3840605,-0.28529486,-0.87731236,0.12198767
1.437607,-1.7193505,-0.5646602,0.011216386
-0.5476578,1.0117207,0.07330196,0.1752062
-0.33805925,1.2819617,0.91542464,0.16679162
0.87720674,-0.500046,-1.5071726,0.10078724
-0.42281684,1.6390072,-0.4818702,0.08581056
0.853656,-0.64510876,1.2468448,0.17388296
-0.3291222,0.3083335,0.35681808,0.2602226
-1.1210228,-1.2201297,1.2137524,0.22406776
0.7482139,-0.067604825,-0.582929,0.31858787
0.31121546,0.71852356,-1.0840192,0.45650816
0.8150489,0.76518804,-1.1739229,0.54033995
1.7582616,-0.05220652,-0.9669255,0.085432336
1.2230422,-0.88097984,-1.2921304,0.02009649
1.6798872,1.2374743,0.85052186,0.23956718
0.13933514,1.1724731,0.46087554,0.22552684
-1.4344182,0.28937528,-1.1002427,0.07180058
-1.1611099,-0.8028326,1.5739055,0.20233889
-1.0227146,0.3801261,0.48821738,0.18930152
-1.4706488,0.011538959,0.63848263,0.17914632
-0.81616217,1.6153328,-0.7248786,0.032313444
-1.5383698,0.26774126,1.1885974,0.14956635
-1.5418963,0.14262617,-1.2128915,0.06360696
-0.9820346,0.1271859,1.2514627,0.19024792
-1.6507796,0.94349355,-0.9345962,0.012283874
-1.0100361,-0.014922617,0.72882026,0.215563
0.70389044,1.515931,-0.6224962,0.3124448
1.4836648,0.92409295,1.1152867,0.22140172
-0.4651777,-1.3235358,-1.4418893,0.34823337
-0.45383787,0.006811029,-0.33593592,0.33427504
0.9667948,-1.4875895,-0.464689,0.053635694
-0.80259603,-1.3449829,-1.0283346,0.4362308
-0.7672222,0.34890637,-0.84487516,0.23760964
1.1083293,0.402474,-0.4830538,0.32719082
-1.4535173,-0.14724408,0.17721686,0.20301883
0.25774854,1.6802282,1.2186102,0.17556065
1.568626,-0.93899107,-0.28327253,0.05921666
0.3425075,-0.7310168,1.6831858,0.18191797
0.515528,-0.27512333,-0.8185465,0.3432796
-0.95591825,0.01750603,-0.88545895,0.27400267
0.02338896,-0.14229688,-0.09055803,0.3281968
0.14185247,1.592068,-0.31197602,0.18735671
0.4698699,-0.7367575,0.54480183,0.21373247
0.71635544,-0.91410166,1.5866015,0.16028251
1.5437312,0.158156,0.58733845,0.19540295
-1.267502,1.3291965,-1.4386216,0.00082143187
0.098778464,0.42472255,-0.5879526,0.38225505
-0.8133871,0.95533085,-0.34226835,0.13321333
-1.3153216,0.34765995,-1.565467,0.023665493
-0.090768896,1.5073819,0.53029305,0.17245844
-1.4689066,1.0642971,1.4988382,0.10610817
1.2491635,1.2666713,0.85238487,0.2458499
0.24662252,-0.23030593,-0.034957,0.30838537
-0.88111216,-1.4507726,-0.13173959,0.31307012
0.9472045,-0.82834095,-0.80552906,0.11120465
-1.5829096,0.60661644,-0.19180948,0.086959384
-0.6190445,1.2419837,1.5059361,0.14500259
-0.28839085,-0.6810482,-0.88426906,0.43561313
-1.4163988,1.4635961,0.27394238,0.05394463
-1.048058,0.2598774,-1.261571,0.14107475
-0.2339651,0.0138244275,-0.47078055,0.3709584
1.3539938,0.075467736,0.098556586,0.2177023
1.710326,-0.30422097,-1.2983011,0.025237724
1.1430048,1.6550972,0.4658813,0.2615878
-0.981293,0.08330331,-1.4763423,0.18728162
-1.0796332,1.0852226,-0.7028021,0.055674125
1.5502164,-1.4791509,1.1947144,0.07831764
0.65636927,-0.90027386,1.6107721,0.16346413
0.09290952,0.20478858,-0.13526656,0.33291104
0.28023767,1.4126805,-1.2289613,0.21168484
-1.3370795,0.84503675,-1.4116532,0.0064430847
-0.5279095,0.3421567,-0.42317152,0.28510213
1.7050968,-1.73264,-0.8777156,0.0015531117
-0.3776308,0.039929908,1.3648325,0.21112318
-0.03924785,-1.1553527,-1.2257434,0.24614604
-1.3829525,-1.4965072,1.0332702,0.23442142
-0.9163322,0.2475834,0.32573268,0.2162675
0.01198192,-1.1071184,-0.5235108,0.26067734
-1.02269,1.6048329,1.3996011,0.10034315
-0.1664342,-0.9501358,0.9551908,0.22281635
0.74806905,0.57422084,-0.061027892,0.32424313
-1.6375924,1.0402458,-1.1654524,0.0035881158
0.5587039,-1.361583,-0.50662756,0.11380349
-1.091667,0.90787804,0.5530396,0.1333936
-0.7934335,-0.22890812,1.4877808,0.2019353
0.7083702,0.91911536,-0.58073515,0.39209813
1.4166102,1.7106378,-0.71496505,0.4092869
-0.42357624,-0.74348146,-1.6796446,0.6991445
-0.659984,-0.7556974,1.0551084,0.23312004
-1.5102408,1.4057254,1.676013,0.088080935
-0.8409812,0.20261225,1.181967,0.19601835
-1.460984,-0.16875958,-0.9583024,0.1802657
-0.34703928,1.3425528,1.2299019,0.15832685
0.39860195,-0.8437987,-0.52182096,0.23472589
-1.5664574,-0.08010117,0.8973406,0.17490119
1.5509403,1.216154,1.003687,0.23305368
1.127725,0.6948982,-1.4017252,0.53537613
-1.6389161,-1.1319597,0.42424968,0.2616527
-0.77549016,0.46444374,0.6849851,0.1995413
0.60889786,-1.335525,-1.0338254,0.061893947
-0.3067179,-0.9493112,1.5875688,0.1984267
-0.14054228,1.1389263,1.3403738,0.17994834
-0.73050755,-0.46239382,1.4350253,0.21025155
1.4305598,-0.8899498,-0.016434882,0.09157012
-0.9156279,0.13162754,-0.9202062,0.25295264
1.475439,0.4370728,-0.93986243,0.27526122
0.1582798,-1.0875958,0.6063366,0.2090588
0.39337704,-1.180462,-0.3422757,0.17793575
1.3907952,-1.6982685,1.3646725,0.07876285
-0.23662944,0.46174467,1.4380144,0.20062429
-0.9334456,-1.1291685,0.13165192,0.30387738
-0.23140849,0.14100462,-1.4075499,0.5358871
1.4440525,-0.3869445,0.6810463,0.15590094
-1.2307955,-1.1443635,1.536619,0.20716476
0.43808633,-0.55497843,-0.43247953,0.27904025
-1.6455394,-1.3465346,-0.90012515,0.43373373
0.95017225,-0.9251194,-0.4028541,0.12587479
0.68349636,-0.04804919,0.24522278,0.2664564
0.120164625,-1.4983438,-1.2757329,0.08749052
0.78636324,-1.5372856,0.91661423,0.11947649
0.0490883,1.3256371,0.7334773,0.19681035
1.0002071,0.17250153,-0.6578344,0.3207071
-1.3162801,-0.77180684,-0.6374113,0.35487145
-0.20577717,-0.05170686,-0.81617767,0.4381487
0.81120175,1.3124406,1.3421278,0.2109161
1.7622759,-1.4619879,1.0180819,0.06340252
0.92449117,-0.9266171,0.4874107,0.15451759
-1.2052828,-1.2663395,-0.077995844,0.3279759
1.3717893,-0.12116714,0.42827913,0.18869692
-0.33692536,-0.053756565,1.6567258,0.20007363
-0.3205911,-1.365225,0.54305786,0.22791557
-1.5182906,1.2288445,-0.8578235,0.010524899
-0.22396804,-1.3451786,0.6636928,0.21706125
1.2654009,1.6506028,-0.682763,0.3931117
0.28732115,-1.2051206,-0.06194493,0.19482364
-0.95602643,-0.23445305,-1.1075498,0.3559249
0.57730496,0.33604288,-0.05120372,0.321338
-0.50510406,-0.7757218,0.088698275,0.30627114
1.6196278,1.6259652,-1.0429481,0.5016852
-1.4477526,-1.206996,1.1036566,0.22757718
-0.49689054,-0.09075671,1.5859187,0.20124483
-1.6158845,-1.2859186,-1.4380497,0.5485625
-0.6311541,0.4955609,0.49692053,0.21482483
0.5901116,1.5079074,-1.1878324,0.2972416
1.7050909,1.6399517,-0.34242865,0.36195537
0.33641014,0.2158401,0.8220814,0.24764293
1.7356515,-0.8746116,-0.031095766,0.06427909
0.3841287,1.7178745,0.51971596,0.19795525
1.0418584,0.1382265,-0.55761087,0.2992426
1.4278775,1.1980217,1.6387264,0.20202495
1.4868866,-0.9076621,-0.80758214,0.034232385
-0.9168775,-0.8102578,0.32064092,0.28540862
1.6306437,-1.4547125,0.1754273,0.042538043
1.090479,1.6268173,1.1694221,0.21857877
-0.7581739,0.29888922,0.17451736,0.2326849
-0.77475023,-1.2576226,1.0349638,0.22914447
-1.3974462,0.15804826,0.4417488,0.17419341
0.4796923,-0.74830496,1.0945812,0.1939375
-1.3488817,0.09478523,0.020779757,0.1873493
0.7747056,0.59121925,0.57237744,0.2648287
0.5910588,-0.86684644,1.6938715,0.16623731
-1.4492124,0.31405708,-0.5606979,0.11819904
0.5164874,-1.1047878,-0.70009494,0.15079723
-0.092926785,0.34609395,1.2462783,0.21656549
0.83394194,-1.693105,0.65607953,0.099031016
1.035406,0.28738758,-1.6227016,0.38129646
-1.6650941,1.7560344,0.6101429,0.038100455
1.6266975,1.6285546,-1.6860076,0.77544385
1.4915689,0.64906955,-0.9337522,0.3316911
0.7324381,1.3023425,0.671448,0.24489492
-1.5269909,1.7186016,0.90413755,0.055259913
-0.56810063,0.505735,-0.3888825,0.24862325
-0.45199522,0.59402776,1.4534115,0.18715422
-0.39548385,0.235771,1.7065239,0.19165112
1.0184127,1.5655546,1.3388261,0.21004975
0.6733394,1.5192696,-1.5789729,0.29575545
1.4115447,-0.82111555,-0.6258874,0.062443085
-0.5979011,-0.06554687,0.10359784,0.28580767
0.62678355,-0.88024193,1.3955203,0.17049482
0.6599478,0.6385926,-0.2891489,0.35486814
-1.3868445,-1.6991886,0.35798255,0.28062254
-1.6235425,0.62985617,0.9033933,0.11702077
-0.8465467,-0.47636634,-0.8998646,0.42455313
1.2261679,0.64532137,-1.0414326,0.41702864
-1.5743525,0.5563297,1.698191,0.12827455
-1.4520226,-0.86928314,-0.0392732,0.2918803
1.012001,0.920256,1.2147992,0.2239018
0.97639793,0.7544757,-1.6762791,0.727851
1.4635825,-1.489762,-0.6567471,0.01398194
-1.2531021,1.7634865,1.2046598,0.075111024
-1.2134213,1.5222849,-0.16727553,0.043250095
0.93068326,1.1022534,0.57777697,0.2639253
1.544941,-0.17187087,-1.440255,0.041229982
1.0776877,0.63059497,1.6713754,0.19807202
0.3169578,-0.945688,-0.85847676,0.2230655
0.6147875,-0.5914238,-0.087812096,0.2335449
1.6818601,0.83776784,-1.1263103,0.33695957
-1.0641032,0.79059994,-0.7632281,0.08871577
-0.7348067,0.70400816,-1.4738741,0.072400644
1.2518638,-1.6723322,-1.5048018,0.00010887906
-1.1313349,1.4658147,-0.35194394,0.042767882
-0.9025629,-0.72855383,-0.75878835,0.42380598
1.3044364,1.5304946,1.2682515,0.21974272
0.5905841,1.4574906,-0.009248222,0.26543632
0.6035843,0.65940386,1.3350837,0.21745616
-0.6828416,1.7609125,-0.28870568,0.058964152
0.023382252,1.0178112,0.36357653,0.23274642
1.6234837,1.0394057,1.6491702,0.19623457
-0.98662555,-0.5910242,-1.3304318,0.5023914
0.06069258,1.6397746,-0.74524236,0.14187494
0.86629045,0.46827883,1.4679047,0.20794615
-1.1418697,1.0470644,-0.3948479,0.07554574
1.7198375,-0.3912573,-0.46365422,0.08767408
-0.81334275,1.2819042,0.13695207,0.11409843
-0.36644208,1.5686752,-0.9233048,0.06430149
-0.41885996,-1.3422412,0.122629546,0.26004547
-1.0752201,1.4501895,-0.71504396,0.026726628
-1.6429098,-1.15674,0.5441262,0.25449345
1.0182896,-1.2053043,-0.3656542,0.083017066
0.50472957,-1.464488,-0.57748085,0.10162569
-1.565984,0.51557755,-0.64816934,0.06780241
-1.0613862,-1.3150854,0.44545165,0.27440742
1.7494466,-0.6559233,0.8612956,0.111078426
0.7054859,-0.87820417,-1.571727,0.044459518
0.73822665,0.4773821,-1.1992168,0.5282286
-0.9833152,-1.7216706,-1.6498637,0.4177392
-0.7079113,-0.80030686,0.8010856,0.24927975
-0.21284147,0.019710904,1.2876282,0.21822818
-0.2678283,0.16493796,-1.651726,0.55911803
-1.1330723,-0.7883048,0.44571298,0.26808918
0.18904515,0.63759494,0.34751004,0.27240485
0.21833003,-1.1547407,-0.9229447,0.1908821
-0.17093189,-1.4842142,0.3702719,0.21083269
0.2859209,-0.24346633,1.323882,0.21248892
-0.6354951,-0.94504154,1.684335,0.19972238
0.49539062,1.1166043,0.7420316,0.23813237
0.6967112,-1.196581,-0.3416162,0.1275886
-0.8600669,-0.14097631,-0.9785234,0.34997454
-1.6606746,0.7381083,-0.65530354,0.037733898
0.94867754,-1.5350065,0.013156699,0.07864952
0.45798996,1.369757,-0.12710905,0.2663272
-0.82880485,-0.7931478,1.2527596,0.22174521
1.7069634,-0.4722605,-1.5536339,0.0036682605
-0.73176885,-1.0701603,0.15241939,0.29797485
1.2110097,-0.64923984,-0.5473874,0.11777647
0.9209381,-0.6720431,0.14234288,0.18058416
-1.3968638,-1.5598979,1.6512989,0.20222713
1.1579527,0.60844606,0.049327858,0.2942214
-1.5364841,0.0011909626,-0.29892582,0.16775563
-0.9070446,1.7291175,-0.58327544,0.0279227
-0.23998679,1.1946753,-1.7155317,0.033540905
-1.113779,1.5384488,-1.5575871,0.00018449967
1.729712,0.52485055,0.7476903,0.2049041
-0.29831302,0.93196154,-1.0501462,0.19570273
0.73124284,1.655443,0.9745327,0.21188745
-1.4907373,1.4523644,-0.48804918,0.017833702
1.0386385,-1.3460222,0.6189252,0.10893528
-0.48812073,-0.38794914,1.2532984,0.22136508
-1.2629753,-1.6912186,0.2504066,0.2860794
0.29899523,0.07343664,0.5890032,0.2631003
0.881554,-0.61499935,1.4510223,0.1695394
1.5376502,1.5348967,-0.5408349,0.39330593
-1.004835,0.28519332,1.2626188,0.18041115
-0.8004145,0.026208276,-1.4459348,0.30657485
0.37829125,-1.2667128,1.5723579,0.16019014
0.5143524,-1.3747765,-0.56450945,0.11446576
0.709339,0.28399363,-0.06560244,0.31408486
0.9924951,-0.8679861,0.9629198,0.1536682
-0.3433934,-0.8017349,0.12520452,0.29496616
1.0040252,1.2417861,1.5014293,0.2079545
1.3170104,-0.9110095,-0.7560873,0.052875523
-0.4027584,-0.7768264,-0.9479227,0.45162493
1.272515,1.3586437,1.5328538,0.20763215
0.88864595,0.6947006,-1.0379897,0.4919505
1.5663366,-0.9935626,1.1814618,0.10578964
-0.93160367,0.54003,1.653834,0.16241273
-0.80335057,0.8944221,1.1621273,0.15793277
-0.45084134,-1.5569466,-0.6505194,0.26792082
0.13451852,0.33572665,-0.026333334,0.31766883
1.0808917,0.40907854,-1.5493232,0.43359324
-0.93606234,-0.061739616,-0.9364876,0.3024368
0.9094422,1.694909,-0.35655317,0.29924172
-0.57009965,-1.156892,-1.136106,0.4412393
1.0876265,0.9612887,0.9902819,0.23672499
-0.034620263,-0.92843574,0.89935595,0.22025245
-1.4617592,-1.500441,-0.49260324,0.38514945
-0.9005535,1.2067219,-0.2711459,0.09302501
-1.1993883,-0.8377743,1.6587198,0.19860777
0.90136194,0.08958199,-0.10676297,0.28339738
-1.1077538,0.932742,1.4583902,0.134499
-0.09635025,-1.4626808,1.590599,0.17342928
0.41875374,-1.5002345,-0.60361874,0.107262895
-0.8973651,0.60625154,-1.6419003,0.03298804
0.5439916,1.5419555,1.6016884,0.18501651
-1.6345717,-0.1794697,-0.9246976,0.14343698
-1.1851901,1.2466934,1.6420768,0.112871185
-1.5134919,0.62551194,-1.0977895,0.025981944
-0.47381446,0.5091391,0.31068867,0.23511015
-0.58028895,-1.1156865,0.5070653,0.26075384
0.29377744,1.6824396,-0.4067937,0.19628197
-0.27133238,0.8132635,1.3388941,0.18937175
0.8567872,0.2790634,-1.558727,0.49589333
1.6261749,1.2521204,-0.7148869,0.4019706
0.66510755,-1.5059359,-0.2713928,0.09580138
-0.63139063,0.38621503,1.3149593,0.1928703
-1.5656134,-0.82194,0.7948201,0.22697927
0.6709824,-0.17195483,1.1042643,0.21244287
-0.8061905,0.5836663,0.7386207,0.18639073
0.9236039,0.78660125,1.5444083,0.207015
1.1985027,0.41072738,-0.42882422,0.3097151
0.71148914,-1.3558007,-0.531345,0.09109814
1.6632315,-1.095018,-0.23686838,0.042931866
1.6830134,0.037572518,0.6749591,0.17141925
0.411837,-0.29809174,-0.5047809,0.33099127
-1.2078013,-1.4668275,0.6301048,0.26004162
1.5859516,1.7413281,0.47012568,0.27284747
-0.7700868,0.22828676,0.4030529,0.22916561
-0.7663973,-1.2441729,1.3989034,0.21044905
1.4883597,0.77901137,0.27272058,0.26488334
1.3816298,0.7718161,1.1391932,0.21873645
0.5675554,-0.8568653,-0.4799553,0.199586
0.1551134,0.8896805,-1.5449075,0.36057702
-1.4016136,-1.0853539,1.0491226,0.2291738
-0.13163368,0.61685055,0.7116325,0.2327243
1.6990827,1.6792468,1.4424297,0.21219127
0.48575765,1.1690665,0.6555536,0.24006908
0.19461364,0.87602645,0.033401746,0.28053042
-0.3104922,-0.35136792,-1.2410948,0.56294096
-0.5535668,0.33735952,-1.6298809,0.24275395
1.0736988,0.621225,0.34388068,0.2750536
0.15336478,0.43685538,1.4007295,0.21196605
1.1676544,-0.34985524,-0.13450217,0.18807112
-0.2576987,0.25248456,-0.5614538,0.3549532
0.7996528,-0.706272,0.858616,0.1815002
0.7580771,-0.9883857,-0.8327633,0.11451844
0.32180095,-1.6179267,0.6053332,0.14829743
1.1294165,-1.4286124,-1.395171,0.002081828
1.1264418,-1.0983326,-1.558034,0.00302816
1.6436185,1.6897843,-1.003295,0.49033362
1.3712367,0.35915643,-0.29511428,0.26636726
-0.3932426,-1.5858557,0.5784193,0.21522439
-1.4110078,-0.8931398,0.8683954,0.23342921
0.36202312,0.4180742,-1.0884309,0.5120974
0.032118246,-0.52013135,-0.35380396,0.33633152
-0.40207607,-0.4915286,0.56478906,0.26643738
-0.24126099,-0.65430534,-0.37983936,0.35290724
0.12815723,-0.4231807,0.024884041,0.29788256
1.3038142,0.20934957,1.1113982,0.19961889
0.58407223,0.11109148,-0.49659008,0.36089498
-0.5644382,1.1379935,0.8848721,0.16048567
-0.6611137,1.1335242,1.3951224,0.14975768
-0.3793515,1.4558011,0.5718307,0.1499403
-0.61853427,-0.049175832,-0.30622962,0.31891334
1.5959092,-0.77931744,-1.0888289,0.017329764
0.9593749,0.012839104,-1.1365348,0.30589288
1.6023729,-1.1590722,-0.33477035,0.03769409
0.052651655,0.72713625,0.5360116,0.24707292
0.39449492,-0.20558763,0.93874526,0.23032258
0.6443943,-0.5570519,-0.083818965,0.23399562
-1.583125,-1.4858377,1.3836195,0.21444951
0.20094934,0.85529965,-0.68144286,0.34586415
-0.06805543,0.9895623,0.3416834,0.2277527
-0.9184798,1.6129103,-0.8805724,0.017788779
-1.2892858,-0.6169015,0.4607458,0.24994844
1.5718855,0.5373226,1.4654438,0.18957758
1.4475187,0.07319682,0.6010995,0.1962363
0.845397,-1.114627,0.11418476,0.13706493
1.6906836,-1.0938141,-0.6332602,0.021261884
-0.65178365,0.9084148,-1.4105886,0.059758257
-0.2503341,-1.0043304,-1.1766747,0.38762656
0.69925714,1.2888807,-1.4747407,0.45263317
-0.23742346,0.6219179,1.2202238,0.20372824
-0.2908299,0.60809565,-0.7177014,0.29392537
-1.37646,1.1663281,-0.25801325,0.051571745
0.5098744,0.86850345,-1.540571,0.5858056
-0.9936994,0.7661529,-0.48002085,0.12585145
0.10978582,0.92031085,1.460454,0.19634336
1.7263803,-0.7403148,0.31494477,0.091595955
-0.48300818,-0.9267894,-0.30773216,0.34182474
-0.49571282,-0.3157158,0.89457387,0.24135983
1.0862546,0.9842679,1.3236693,0.21804394
-0.5860688,1.2389567,1.3360637,0.14859661
-0.100758016,1.3033679,-1.2721806,0.11887535
1.6553564,-0.5485309,0.12242173,0.108947426
-0.6589587,-0.21656373,-1.4118199,0.5027642
-1.1850209,-1.2023933,-1.185547,0.5434066
-0.9167397,1.0924187,1.3183964,0.13698606
-0.43035722,-1.160679,-1.3698099,0.41253263
-0.77009195,-0.71764106,-0.84354,0.44963154
-0.84662026,1.4606849,0.82303333,0.113033615
0.7428767,0.43468297,1.6707684,0.20002097
0.33984002,-0.73021716,-1.6699635,0.18248422
-0.5041002,-1.1787162,-1.1096165,0.40994665
-1.2909462,-1.2038969,-0.6746752,0.41327548
-0.49514124,1.4276913,1.3300347,0.14282279
-0.67973924,-1.602377,1.0003467,0.21489596
-0.5133274,1.528229,1.0701938,0.13540718
-1.5066018,1.4152607,1.0999811,0.077640735
0.41819105,0.11592281,-0.43092212,0.36683002
-1.2182848,-0.1342906,1.2659113,0.19077365
-1.2941977,1.3760991,-0.04921562,0.053407323
-1.360049,0.78322077,0.16049005,0.10882447
0.7660234,1.6715108,-0.4565727,0.28570554
-0.98973715,1.4290766,0.72791797,0.10247361
-0.6637417,-1.1477079,0.7663211,0.24514122
1.3971831,1.0933399,-0.18305883,0.33313972
0.9616465,0.894761,1.5116102,0.2087968
1.03472,-1.2432259,-0.44590962,0.07167247
-1.5882119,0.8524041,0.43394223,0.09137264
-1.187931,-0.9076526,1.5595813,0.20415701
-0.60304713,-1.0421283,0.9670918,0.23399486
1.4699636,0.03967721,-0.6265811,0.18935621
0.2233462,-0.2095155,-0.77922004,0.40911254
-1.2409741,-0.46656528,0.3306576,0.250487
0.05793612,-1.1477923,-0.013956855,0.23316331
-1.2905318,0.9699534,0.119985476,0.09585962
-0.33020994,1.762286,1.1058285,0.13228087
-0.42644644,-0.38328865,0.59963953,0.26345262
1.5381057,-1.1794243,-0.96454304,0.009973436
0.5806199,-0.08395347,-1.4037365,0.43598163
-0.25317326,-1.5228076,1.6234239,0.17679505
0.33810222,-1.4228852,-0.19008517,0.15441707
-0.45002595,-0.5796683,-0.6778197,0.41692883
0.72385496,1.1130329,-1.2628416,0.502283
0.7284423,-1.3419995,1.6489574,0.13694327
0.5096761,-0.27413338,0.8660474,0.22665441
-0.6241731,-0.9074029,-1.090125,0.4991203
1.5165578,-1.6143227,-1.4848349,3.820819e-05
-0.20150137,-0.38950184,1.4916494,0.20937434
-0.62338036,-0.09572642,0.7387952,0.24130268
1.1258702,-0.28919992,-0.25331283,0.20263612
1.4509473,1.294078,-1.4288567,0.62387687
1.7611443,0.7120665,1.0404394,0.2041001
0.5574056,1.1029799,-1.1672442,0.43288106
-0.53998035,0.6964443,0.84336334,0.19574553
0.9219085,0.19155037,-1.6327888,0.39440748
1.5248315,0.96242034,-1.5328447,0.49302042
-1.6421684,-1.1163515,-1.6491892,0.47001907
-0.16622286,0.9039228,1.5566308,0.18312259
-1.127418,0.8454355,1.5604044,0.13781996
0.36812404,-0.74038506,-1.4669955,0.21174036
0.7594806,-0.053594116,1.3272454,0.20381495
-0.3086613,-1.3250315,-1.0452657,0.29292458
-0.0969339,-1.53379,-1.5976927,0.0720319
0.8223902,0.0048862756,0.8259374,0.2267247
-0.24232017,0.32207847,0.973013,0.22692238
-1.3992258,-0.3729432,0.9729537,0.20372783
1.4252489,0.5507729,0.30059358,0.25047752
-0.8197222,-1.3523662,1.6479762,0.19833598
-0.14206135,-0.960947,-1.4810371,0.36373764
0.20961224,1.2219988,0.7917983,0.2136806
-0.056355465,-1.7065485,-0.5453876,0.15780437
-1.57302,0.28328508,0.08392055,0.13674498
