1.3639385,-0.36631158,1.7057134,-1.0138693,0.19119531
1.4766983,-1.0617418,0.28868198,-0.40317863,0.092631556
-0.35634318,0.80489063,-0.9405096,1.5486275,0.14710186
1.6293025,-0.726562,0.19410187,-1.2349892,0.056790646
-0.33021733,-0.084249154,-1.7150449,-1.3337507,5.9331735e-05
0.39470124,-1.2310292,0.0142205255,-1.4267921,0.008895712
-0.79137355,-0.17074382,1.318,1.6087672,0.21376015
1.0586454,0.25698936,0.19723867,-0.23627359,0.3158448
1.5654585,-0.06481308,0.40842873,-0.47600657,0.2932726
-1.2163981,-0.6510179,-1.6193694,0.936895,0.0019274242
1.5441934,0.52988064,-0.3240981,-1.0395166,0.1689429
0.36950117,-0.44933945,1.0129108,-0.47292483,0.15071462
1.3196235,-0.9692509,-1.26068,1.5758655,0.056867573
0.28040725,-1.2915025,-0.80469596,0.9096932,0.03198495
0.877638,-0.3661187,1.1601927,-1.3602886,0.0681504
-0.19602622,-1.6563823,0.49247748,-0.49124548,0.005587592
1.3748705,1.4681754,0.802249,0.15598388,1.4196103
0.30172685,-0.83426267,-1.6031296,0.6124737,0.007647881
-0.7569009,-0.72279906,1.0925732,-0.81261194,0.036375098
0.48617005,0.16958067,-0.37568322,1.2004404,0.29526535
-0.74638903,0.46324074,0.3601588,0.012739794,0.117642395
-0.15483129,-0.15918124,1.3878386,-1.5145143,0.028225824
-0.65238726,1.2146523,-1.5843037,0.45051685,0.014940859
1.1896945,-1.0195177,0.49064478,-1.6986591,0.0036875193
-1.3124043,0.63780123,-1.5541729,0.10639701,0.003855382
-0.74686044,0.0028604746,1.2710694,-1.7303584,0.0014099155
-0.43919113,-1.4253769,0.5035645,-0.50929266,0.015824156
-0.98843807,-0.6750454,0.19024105,-0.41761628,0.027154537
0.20971003,0.4548847,-0.68924177,-1.5728885,0.013569193
-1.6539576,0.34318203,0.6468637,-0.5051406,0.0018159178
1.6026025,1.2870356,-0.8927432,0.04386993,0.45167935
-1.4159129,1.1846693,0.32749996,-0.9919186,0.017045412
1.3768367,-0.95344746,1.4419295,0.23182718,0.24434161
0.33377978,-0.7450026,-1.2905744,0.9017992,0.03582768
-0.51209694,-0.36649168,-0.49116236,0.19037321,0.058317266
1.1114646,-1.2545084,0.40036687,-1.7173994,0.0014126668
0.31557757,-0.46851653,0.29729643,-0.019875163,0.14358145
1.4387302,-1.4339014,0.022692215,-0.82749116,0.023398763
0.23543571,0.67646664,1.4772141,0.4801539,0.6143593
-0.4960253,1.2525697,-0.4474173,-1.4064959,0.026548173
0.50991297,0.1462303,0.44226223,-1.2145534,0.08598715
-0.41990912,-1.2535578,0.90961546,-0.071990095,0.039655507
0.7720065,-1.3264954,-0.33406845,0.9860833,0.058123045
1.584885,-0.6785741,1.121753,-0.47790486,0.21686536
1.0427601,0.5189116,1.121181,-0.10588325,0.60369015
-0.70580393,0.04977612,0.7641514,-0.18621804,0.10382299
1.0413911,0.32694936,-0.42010623,-1.3719399,0.05559642
0.3553211,1.6661764,1.4914567,-0.1516618,0.7966334
0.9218104,0.82453406,-0.99371463,-0.06322388,0.17919731
-1.0026172,0.38540283,0.5300825,0.27279013,0.09825817
-1.6577972,-0.3493794,0.34405026,0.7621527,0.0017514064
-0.6182889,0.83968747,1.2117743,0.5023085,0.29451123
-1.2739148,0.650935,-1.4092339,0.953167,0.011799002
1.4603895,-1.5779009,0.29859805,-0.34515253,0.022282692
0.5432361,-1.0331789,-0.99039537,-0.7638962,0.017403742
0.7605634,0.06592755,0.9097328,1.4590623,0.68346494
0.59185714,0.6748825,0.58906233,1.368965,0.7858041
0.017189605,0.8633747,-1.3374501,0.93155164,0.08282806
1.3950604,-1.0412242,-0.10850222,1.249493,0.16608933
-1.1765872,-1.7398986,0.4796872,0.8353616,0.00054423057
0.15559548,-0.08488195,0.73097515,1.5193027,0.4066562
-1.1284078,-0.19443734,1.5275856,1.4948823,0.13029191
0.5782349,0.51772594,0.77066684,-1.4250572,0.07953364
-0.54598856,-0.47734874,0.32673106,-1.6494019,0.0044280346
0.574901,1.3528603,0.9155788,-0.9145514,0.3452624
-0.31168145,0.12430671,-1.626716,1.3121599,0.011653068
1.4756372,1.2925137,1.1445962,1.552179,2.6561632
-0.97367674,-1.2191092,-0.20294428,0.09878759,0.014839399
-0.98004264,0.7111399,0.9714689,-1.297212,0.03182394
-0.9801046,0.21661909,0.4910761,-0.8298407,0.041623976
1.596288,-0.87373656,-0.09154204,0.81039554,0.19704476
0.6211194,0.8796514,1.2084806,1.601753,1.2288066
1.704464,-1.7256465,-1.0025371,0.32165706,0.0019615751
-1.3742464,1.4302291,0.48358244,-1.1554544,0.018297823
-1.6611862,0.14871572,0.7522549,1.6317732,0.0030804095
-1.300337,0.17682303,-0.6123905,1.509109,0.03758212
-1.111441,0.8210192,0.6214896,-0.77552885,0.049718652
0.74476373,0.15298386,-1.700435,-0.9518781,0.0012708304
0.66387576,0.7615209,-0.86871374,0.9830746,0.2793889
1.4782767,1.1269584,0.83443266,-1.2681607,0.3083013
-0.8423034,-1.3672544,0.88462746,1.4338453,0.03756176
-1.126981,1.1715833,-1.5780113,-0.36463058,0.0047506327
0.96098155,-0.2568009,0.59365785,-0.038006555,0.27581346
-0.6490221,-0.40259778,0.1606186,-0.9412893,0.031526797
1.092474,0.3612102,1.6762173,-1.7296304,0.008008165
-0.36155865,1.383898,-1.6767824,0.3781431,0.006630571
1.0324028,-0.950265,-0.41042835,-0.6325485,0.049942687
-1.2910436,-1.179701,-0.97398305,-1.0317016,0.0016507165
-0.8220219,1.0994806,-1.0463861,1.3685975,0.08150986
0.5722489,-0.8200724,-0.2815537,0.30733627,0.096980065
0.41126463,0.57366085,-1.5800357,-0.47960228,0.016172048
-0.39197174,-0.2525531,1.3451447,-1.6143858,0.012325345
1.0737791,0.49144524,-0.6088144,-0.9910905,0.108747415
1.2180066,1.3503819,0.60108703,-0.5807415,0.66499174
-1.2018362,-0.88544583,-1.0119398,0.7149586,0.010133591
-0.8723457,-0.84753036,0.0083289305,-1.5957024,0.00278236
1.6242226,0.87062466,-1.2181222,0.9876379,0.313269
-0.5340187,0.10322915,1.3819642,1.5637909,0.3407738
-0.5634428,-0.1869387,1.4481033,0.5224991,0.19167522
-1.6193655,-1.5396707,1.3517388,-1.7370303,6.278195e-06
-0.93917555,1.4985256,-0.60241157,0.21196195,0.083480254
0.4773954,-0.059844762,1.0684122,-0.7145575,0.1819053
-0.18018453,-0.3174516,-1.4364452,0.5344318,0.021731408
-1.2030636,-0.71588284,0.78741646,-0.07924708,0.029150907
0.087551355,-0.3406051,-0.2130115,0.83451295,0.1553175
-1.1293402,0.86254966,-1.4247124,-0.15555203,0.010054406
-1.4140673,-0.033633504,-1.37983,0.29855558,0.004424361
-0.9012713,1.512523,-1.6087505,0.6768486,0.010866431
-1.4602523,-0.09481731,0.3210287,-1.2998501,0.004612298
-1.0495214,-0.24574246,-0.6223652,0.27494943,0.03055083
1.7688069,1.0006123,-0.7922477,1.5316943,0.8334634
0.3724561,-0.03872565,1.6347411,1.1970899,0.5946785
0.57790375,-0.3445748,-0.5244111,0.09360344,0.117106795
-1.5592384,0.59527504,0.57858837,-0.31949466,0.012561449
-1.0840297,1.3953055,-0.30340123,0.70300806,0.09956003
-0.52613616,0.44619143,1.0352385,-1.5400983,0.023402616
0.31647378,1.2327783,0.51178426,-0.5369576,0.3305419
-1.4683632,1.1477761,1.0870926,1.4904926,0.07801786
-0.6949541,0.50472885,0.4477026,0.20888352,0.14789537
-0.9839533,0.61897635,-0.37749708,-0.036838803,0.05727073
0.05192422,0.5749533,1.5176076,-1.3800364,0.085359536
-0.59373313,0.18945391,-0.12342363,-1.1388949,0.03200582
-0.07219893,1.504649,-1.0294882,0.22555223,0.13797873
-1.1199504,1.6321248,0.53373605,-1.3185784,0.028138442
-1.1350474,0.63358957,-0.20942493,-0.51610625,0.03573195
-0.9576589,-0.08109128,-1.2751613,-0.8691027,0.00694357
-0.54239774,1.5853868,0.22382241,0.52029365,0.2911999
-1.3122505,-1.3634903,-0.40014362,0.2506589,0.0052076187
1.4912726,1.3005016,-0.6851528,-1.689593,0.017652033
-0.29466924,0.9396492,-0.82094496,0.5582537,0.13394094
1.5290378,1.1373847,-0.73210716,-0.17082174,0.4066338
0.58379817,-0.12844662,-0.69671744,-0.85493207,0.058167413
-1.4113121,-1.3067588,0.16788699,1.2637267,0.009334471
1.2390637,1.2627451,1.6589042,-1.1566099,0.4709899
-0.4267388,-0.76300687,-1.0079973,-1.596943,0.0019894752
-0.61306256,0.4700707,-0.8024815,0.17476512,0.066200115
-1.3825036,1.0042982,-1.1526847,-0.95608395,0.0052484493
-1.665121,-1.6385071,-0.06613128,-0.7189669,2.7308044e-05
0.53992796,0.12367245,0.11953004,-1.5317228,0.02983544
-0.3290811,-0.6185851,-1.1802548,-0.44558668,0.016205968
0.71769387,1.2564359,0.78385836,1.3640498,1.2849042
-1.3663017,-1.1141539,-1.5418785,-1.5885712,7.8709665e-05
1.3258587,1.0758224,1.5893099,-1.1876056,0.40927035
-1.2171311,1.1046969,0.32239833,-0.39406887,0.053980753
-0.25024918,0.97818786,-0.17409872,-1.3874992,0.03829144
0.4068936,1.6970417,-0.6161422,0.31037602,0.37301874
0.9363069,0.2734781,0.77050894,-0.3591699,0.35737383
1.4376055,-1.5889555,1.2537081,1.2980952,0.06614185
1.6161231,1.2636714,-1.1247504,-1.7386996,0.0019220621
-1.318522,0.1680097,-0.4316002,0.043691438,0.0227376
0.48060513,0.04177061,1.2638829,0.7506857,0.50706524
-0.69366735,-1.6703103,-0.32292655,0.21083556,0.0031146256
-0.14158994,-0.38887763,-1.2660706,-0.4868878,0.018706767
-1.2419953,-0.84771377,-0.55308664,1.6127174,0.021746106
1.6159499,1.7311953,0.058414344,-1.3611474,0.296138
-1.2169533,1.2604388,-0.32168904,1.6015731,0.09678309
0.9676523,1.3202281,-1.1783693,0.45795855,0.24225827
0.652446,1.2125638,-1.0773362,0.8117662,0.2529031
0.6068324,-1.084527,0.46363008,1.2087231,0.14885665
-0.8840197,-0.7492987,1.1779488,0.15828279,0.0635084
1.6126652,-0.6821853,1.5620922,0.16957954,0.38044018
0.4256338,-0.6989674,-0.1951356,-0.36619565,0.0735515
0.26871175,1.3773493,0.66012424,-1.5883164,0.048471387
-1.4706599,0.6050293,-1.3655177,0.7164796,0.0059744525
0.77016526,1.4177059,0.9146044,1.2832301,1.4929273
-0.21123369,-0.07552837,1.6408349,0.71104646,0.3247106
-0.7418897,-1.5626273,0.8937773,-0.28511173,0.009532171
1.5265402,-0.5039636,-0.6802544,-1.567497,0.013404112
0.43114245,1.2441809,1.3998963,-0.04307054,0.71175355
-0.90577304,1.0787024,-1.6281466,0.43680993,0.0068060057
-0.82458675,0.55186695,-0.2071064,-1.3723991,0.017325971
-0.035099875,-0.5096054,-0.42664874,1.4609472,0.13186744
1.0088333,-1.6364744,-1.7147217,-0.060081337,3.258089e-05
-0.39296222,-0.93919337,-0.98109233,0.4594789,0.024978364
-0.9355667,0.9247806,-1.2527473,1.5161994,0.046816297
-0.54264826,-0.7033258,0.4608505,0.73880213,0.095475964
-1.2395577,0.8490006,-0.14385097,-0.9545243,0.020936329
0.66138977,0.4875511,0.78816056,0.62543255,0.6054897
1.3803035,-0.66939807,-0.38743854,1.005767,0.20552827
-1.5743192,1.0791826,1.4163232,0.85122985,0.032731976
0.4471634,-0.5589112,0.19367503,-0.82954705,0.071692035
0.93689245,-0.051661067,1.423302,0.16183527,0.48866087
0.35946012,-0.66380936,1.3942765,-1.2610278,0.053100646
-0.5662127,-1.6632366,-1.4580065,-0.2093191,0.0005613791
0.9461075,0.29070935,-1.1547878,-1.2183444,0.03148067
0.952258,0.5155944,1.0339458,0.97744477,0.9207277
0.69117707,-0.8796049,1.6223143,1.6831701,0.37018132
-0.25549895,1.0868739,-1.4673927,-1.6947423,0.0009855168
-0.4089238,-1.5725367,0.024211146,-0.8250055,0.0051795966
0.23140758,-1.6903589,-0.661493,-0.7482726,0.0017822684
-0.25710535,-1.0806098,1.6166289,-1.229279,0.024170704
-0.46610478,-0.6016454,1.4263637,1.5643599,0.2174318
1.148076,-0.18869919,1.2495309,-1.3545773,0.094586864
1.5273204,-0.33340344,0.9236703,-0.9214644,0.18350984
-0.12335485,0.8103549,-0.16209863,-1.4557145,0.03220282
-0.33847296,-1.5383277,1.5844569,-0.020149004,0.023116777
0.07228393,0.26607725,-0.80493885,-1.298624,0.024953429
-0.055686053,0.037320912,0.08398221,-1.1831094,0.048723783
0.46121863,0.47186247,-0.4530072,1.7108771,0.38997066
0.52980584,1.7570219,-1.2543279,0.760909,0.21738127
-1.5171661,1.0903981,-0.8151386,0.7216714,0.014233221
-0.58845335,-0.96802855,0.41564447,1.216064,0.07843078
1.4975755,-1.4359078,-0.15422972,0.28539777,0.04701338
0.7180932,-0.41941497,-1.139118,0.26714933,0.06264176
-0.038513284,-0.8763399,-0.21936476,-1.3175238,0.013964271
-0.9912511,0.62182254,0.2957976,0.47302535,0.11047243
-1.0065787,0.022970688,-1.2030339,-1.3698834,0.003441889
-1.4956543,1.422934,1.0367105,-0.021941584,0.038757388
-0.51426345,0.69841105,-1.4616766,-0.95067,0.009594596
0.62878907,-0.3168933,0.015502687,-0.9978225,0.07295564
1.1453457,0.06734341,-1.4064128,-1.0302348,0.022254054
0.84234613,0.42847344,-1.5502752,-0.85428226,0.01644441
-1.4752916,-0.21163839,-0.21436535,-1.0462292,0.0045878687
-0.98859304,1.4275311,1.558405,-0.9632427,0.08844262
-0.22466105,-1.3697929,1.623296,-0.6464018,0.029291634
1.7132457,0.86496454,0.61657864,-1.5996797,0.08375618
0.29629907,-1.115461,1.3307925,1.3743794,0.17811124
-0.3988817,-1.5356095,-0.9401541,0.5686369,0.0070604756
0.7597051,-0.3546168,0.96636486,-1.7401248,0.0014428422
-0.60885227,0.8647868,1.0474135,-1.7485381,0.000107997155
-1.0676363,1.2508136,-1.642961,-0.8881694,0.0018392046
1.3042575,0.4486439,-1.3175993,0.6550905,0.1370122
-0.73599505,-0.14533684,0.74133873,1.5736597,0.18625915
-0.2981186,-0.09186764,0.15783103,-0.2846559,0.09952162
-1.6662295,-0.70688856,-1.1639096,1.0179259,0.0001991328
1.1998557,-0.15116167,-1.3567581,-0.9502005,0.024706304
1.3520477,-0.1148165,1.2408141,-0.37451077,0.3838956
0.67485106,1.5050474,0.18675648,-0.28336093,0.51097435
-1.1537846,1.03722,-0.0047378535,-1.7035708,0.0017182367
-1.6526845,-1.4020538,-1.6618863,-0.005341133,1.09168495e-05
-1.3516885,0.014114319,1.5065479,0.44480363,0.05778945
1.3314927,-1.076069,-1.1367283,1.0431082,0.0516016
0.87405145,-0.2726501,0.764646,-1.3568441,0.064237215
1.4964991,-1.3924482,-0.20753036,-0.536794,0.031000119
0.94942766,0.46452227,0.055051435,0.051060524,0.37819552
0.4830593,-1.2627084,0.8426887,0.1696544,0.07650822
0.030284971,1.7449458,-0.45862925,0.2782109,0.31378812
-1.2626907,1.3364509,-0.48295242,-1.3032075,0.01045434
-1.4284928,-1.2051027,1.3687375,1.33218,0.017943218
-1.5638273,-1.6507229,-1.3175114,-1.5822146,1.0660166e-05
0.75220734,0.07552627,0.76365143,-0.61671555,0.22842556
-0.7984574,-0.48464695,-0.44433683,0.8502044,0.054309335
-0.29947203,0.5236887,-0.57502,-0.44710088,0.07797998
-0.9440584,-1.1849529,1.1492165,-0.8503825,0.015176549
-0.2666978,0.72752285,0.28912953,-1.726036,0.0028059806
-1.1650844,-1.5138975,-1.6005489,1.1805803,0.0005916048
-1.0782459,-0.9223678,1.5344336,-0.05335011,0.0389327
0.6184665,-0.9187263,-0.8534812,0.82365245,0.065930076
-0.46471888,0.85877687,1.4843711,0.26240674,0.34112418
1.1104195,-0.039263785,-0.54016346,-1.3046708,0.04695058
-0.5053872,-1.6851685,1.6743174,-0.6274663,0.0042443313
-1.2162932,-0.99869037,0.5059185,1.2227182,0.03230129
-0.25673476,-0.80794,-0.0839351,-0.8640346,0.028996367
-0.7877435,-1.626718,0.6549352,-0.81379914,0.0034849888
-0.47978097,0.23227225,-0.054364476,0.93704724,0.16885567
-1.5924989,0.6342045,-0.85310453,-0.76634157,0.0023497352
1.0107789,-0.31620196,0.93890244,0.268836,0.3635995
-1.1519424,-0.69379574,1.1134837,-0.85785705,0.019977102
0.91282445,-0.003846078,-0.21618168,0.5196695,0.28434503
0.8287171,-1.3915918,1.6151803,0.1620998,0.08412052
1.2776396,-1.0652089,0.10817656,-1.3915635,0.020696638
-1.2739651,-0.03332183,-0.90958107,-1.3303372,0.0033656985
1.285845,1.5709202,-0.93723416,0.6235818,0.5503546
-0.7670828,-0.5345721,1.1550788,-0.5825974,0.054670494
0.68625456,0.8794959,-0.6969321,0.93601,0.35858402
1.6646161,-0.6860589,1.0842539,0.075896464,0.3138324
-0.19575211,-0.46184018,-1.6699249,-0.60771275,0.0016572073
0.03383163,-1.6691749,0.058249466,-0.31630433,0.0051336805
-0.3493817,1.465473,-1.1880763,-0.8048712,0.03867344
-1.3909672,1.721189,0.6085287,0.8417509,0.08709696
0.87370205,-0.030147374,1.394404,1.3618213,0.77583534
-1.6626359,1.1254717,0.6751728,-0.068431824,0.0020138011
1.1163732,1.4469103,-0.5916775,-1.1329068,0.16874011
1.3358413,0.8813588,-1.6127403,1.2328491,0.06170265
1.6759691,0.9135811,-0.8149901,1.3973854,0.69128716
-0.35911107,-1.6692562,-1.0143229,1.1683791,0.0031826666
-1.3679868,-1.6475656,1.6397457,-0.045794882,0.0025864663
0.43438298,-1.3445106,-0.9247155,0.4121051,0.021520948
0.998613,0.55752575,0.663389,0.07385548,0.56216854
-1.6670984,-1.5160582,1.3783281,-0.67338794,8.8533365e-05
-0.34378946,-1.3371236,0.6184845,-1.7323495,0.00031524745
-0.9853086,-0.8465431,-1.5086124,-0.22645958,0.002872888
-0.10349017,-1.6159003,-0.19610888,0.73600173,0.011479809
-0.80060256,0.009203512,-0.5108759,0.9976552,0.07731799
-0.6568812,0.26083165,1.1060826,0.3982588,0.19399966
-0.49961755,-1.0234805,-0.16210374,0.77677876,0.0490066
-1.5895854,1.1596199,-0.091557816,1.0716426,0.016052296
1.4603355,-0.6615766,1.5274718,-0.34981072,0.265076
1.4910337,-0.48882905,0.40791646,1.1185596,0.4332142
-0.22302899,1.3481988,0.7955158,-0.050835285,0.35359868
-0.14899123,1.5184087,-0.5540202,-0.62884915,0.12426409
-0.6557657,-0.19514716,1.1226829,-0.6881367,0.07260389
-1.5082204,-1.2570746,0.24610049,-1.0255569,0.0016387216
-1.628924,-0.876414,-0.34606385,-1.3506879,0.00030789388
0.68726945,0.2310264,0.3301728,0.38306332,0.38173315
-0.89848715,1.0388895,-1.3533598,1.5888376,0.041574772
-1.0600947,0.8833433,0.062240552,0.23225057,0.08692753
-0.087230444,-0.77062476,0.7870257,0.22009961,0.1165592
-0.5264037,-1.657594,-1.6097767,-0.6652656,0.00018216578
-0.51005816,-1.5339643,-0.91357666,-0.69832236,0.0030412986
0.10249171,-0.5533189,1.0755157,-0.5581832,0.11129134
-0.31817627,0.028916629,0.038028587,0.58615565,0.15833548
-0.5458682,-0.78399336,-0.059459124,0.2847326,0.054401338
-0.7775103,-1.3852949,0.17439857,-0.6518619,0.009681766
-1.3545277,0.1923782,-0.77207005,0.3255723,0.017559117
1.4913368,-1.3906394,1.4198331,-0.31752586,0.07628972
-0.6421029,-1.3451864,-0.17129353,-0.13257423,0.014954199
0.5035332,-1.4244523,-0.6265269,1.2158365,0.0334638
-0.5504384,-0.47024825,0.90347546,-0.7373645,0.057550866
0.18710989,1.5619073,-1.431025,1.6044639,0.12486887
1.6528797,0.69508904,-0.3178522,-0.96338147,0.22484502
0.8406674,-0.20192298,0.17223303,1.5930257,0.43454364
-1.445419,0.3691853,-0.5341469,0.63740504,0.019601885
0.7307486,0.7079235,0.9341695,0.6822607,0.7834382
1.68206,0.017088968,-1.4682249,-0.41127244,0.04099062
0.5002674,-1.4132344,-0.49626395,-0.48721522,0.016482843
1.2018434,-1.0779048,-0.7230657,-1.2834842,0.013971271
1.7451743,-1.1892463,1.5889158,-1.6782191,0.0070331586
-0.2167596,-0.03787479,0.6847485,1.2003719,0.28451243
0.40462837,-1.6048373,-1.2826035,1.6686133,0.0065014
-1.1499282,-0.31328547,0.66495466,0.48313552,0.058103953
-0.30778146,-0.63697577,-0.037372146,-0.69304246,0.040952012
1.3226805,1.7346445,1.5718942,0.36665937,2.368424
0.9300962,1.4379003,0.9472447,-0.07937076,0.942977
-1.04272,1.02949,-1.0043763,-1.5141453,0.004531082
-1.333959,0.10557038,1.5305965,-1.403917,0.010205638
-1.1298262,-0.5632075,-0.30823392,0.58799684,0.03070409
-1.6525773,0.45591167,-0.3921719,-0.5209719,0.0011287845
-1.2818654,-1.2096288,0.5128358,-0.42705736,0.008838711
-0.3787764,-0.74407744,1.7060546,-1.0604652,0.046023898
1.209512,-0.34685034,0.517477,0.7507703,0.40393302
0.33543855,-0.4068332,-1.6587054,-0.8899235,0.002282934
-1.262862,-1.6610018,-0.54940856,-0.56848013,0.0007322387
-1.3345426,0.7067297,1.598973,0.9138846,0.107366346
0.9039675,1.4566647,-0.60649854,1.653513,0.79557025
-1.2339885,-0.9642763,-0.82752335,1.5323517,0.014368079
-0.16491485,0.48143324,-1.3704416,0.66859514,0.04831674
0.873363,-0.19735469,-0.9493711,0.047239162,0.097001284
-0.74996364,-0.057382643,-0.9403198,1.289601,0.056215122
-0.14065143,0.10945739,0.40940264,1.519599,0.32639766
-0.10276806,1.532548,0.6855051,0.76452273,0.60330445
-0.36032325,0.24273674,1.638814,0.49562755,0.3198014
-0.8261252,-1.1070685,1.1266253,0.40397614,0.047977213
-1.4881994,-0.6264853,0.024451807,0.16215688,0.009828283
-1.3451059,0.86693895,0.92565006,1.130775,0.095665485
-0.8750902,0.5562386,0.981131,0.47639996,0.17097367
1.7106419,0.04104988,-1.4828734,-1.4772446,0.008111095
-0.7847592,-0.22552918,0.8660294,-1.0392756,0.03733627
-1.1094412,-0.67818266,-1.1762584,-1.5899931,0.0007532757
0.46463388,-0.6180583,1.3258406,-0.53582835,0.14332642
0.52184296,-0.9218676,-0.7482286,0.07428382,0.049746364
0.99083227,0.2953284,0.35555756,-0.74998105,0.2238451
1.356329,0.50128555,-0.019217065,-1.6100307,0.03587443
1.006272,1.3550122,0.7961839,-1.1427715,0.3246194
-1.6605401,-0.39091495,0.26630437,0.72400856,0.0013562047
0.1999022,0.13287134,-1.247265,-0.13660966,0.046209123
1.0904576,1.1446971,0.6950668,-0.30526695,0.6908345
-0.11203589,0.7726816,1.0125886,0.26650608,0.38410595
-0.96778166,0.2330484,-0.8956811,-0.3808819,0.023733785
1.6891164,0.5478301,-1.1155038,-0.95992184,0.088826664
-0.597048,0.09821844,-1.1708754,-0.81056535,0.015962241
-0.9334476,-1.5034084,-0.83690524,-0.7215794,0.0023524968
-1.5056236,0.07470479,-0.2175515,-1.6384009,0.00072688464
0.124084756,-0.37800178,0.12753065,-1.6144559,0.0098727355
0.8103724,1.5956296,-0.013053676,-0.67175525,0.3901921
0.42841092,1.5960096,-0.45536464,0.6366851,0.47955078
0.3877414,0.35612038,1.0652701,1.6823658,0.7559657
-1.2590418,1.580473,0.08986376,-0.061352298,0.0634255
-1.5613103,-0.899918,-0.9985774,1.1704369,0.0028436685
0.077480316,1.53711,-0.45564094,0.55929446,0.34063485
1.6176299,1.5226933,-1.0110893,-1.396226,0.09165104
1.0407999,-0.060461186,-0.607072,-0.88239145,0.08205631
-0.955648,-1.4060776,-1.6216642,-0.49044442,0.00043018817
-0.17642188,-0.56131226,0.29927558,-1.4444009,0.016871015
-1.2225218,-0.4640049,-1.3322129,0.2285986,0.0063826353
-0.7837409,0.035913028,0.66358155,0.39772683,0.12371316
0.3590622,-1.5894312,1.1760583,-1.3668869,0.005215659
0.9850259,0.33311778,-1.2791066,-0.37955737,0.06658473
1.473876,-0.7253932,-0.9076515,-1.5447714,0.00904556
-1.5341299,-0.44395828,-1.3585001,1.7133505,0.003222556
1.1987269,-0.90251195,0.45758548,1.0118043,0.23491725
-1.1675942,-0.36489406,0.33151603,-0.66887414,0.022470934
0.69210714,-1.6282947,-0.8877489,1.4771599,0.011201659
1.5046643,-0.92658955,1.0369595,-1.1003458,0.07606088
0.0713368,0.16902763,0.71200097,1.4452454,0.44230062
1.614142,1.1605188,-1.5533403,-0.68209314,0.04956069
-1.4203621,1.6067847,-0.09439352,0.492539,0.04526254
-0.61070836,-1.3249946,-0.74057597,1.1912566,0.018628804
1.0517049,0.74615,-0.29884383,0.79337776,0.5444175
-0.328089,-0.9856191,0.95573276,0.40605104,0.08747449
-0.30541003,-1.3543993,-0.18573894,-0.21446168,0.018356645
-0.6707014,-0.07069794,-1.1942066,-0.0016204995,0.023643278
1.2343634,-1.0031388,1.2076632,1.4670482,0.32309234
0.89195925,-1.5094906,-1.5713933,-0.58139694,0.0015492827
0.5990718,-1.6385262,-0.59100115,-0.57731646,0.0048626103
-0.92073536,-1.1716324,0.66108686,0.20732383,0.02898542
-1.3509489,1.4535902,1.5177091,-0.8562227,0.04409429
0.23343942,0.98873943,1.6665919,-0.6703536,0.3712433
0.55744094,-0.69010246,-0.40456113,0.12118234,0.09287111
-0.74806875,-1.1715838,0.5724018,1.2904598,0.053582236
-0.43475255,-1.3475062,-1.5098593,0.5513012,0.0034499709
1.2103568,-1.0328487,-0.33525148,-1.0864623,0.029797133
0.18435144,-0.7176582,-0.5353738,1.0332441,0.09815165
0.12485983,1.0642368,0.48679933,-0.6533618,0.23515058
-0.376715,0.5830033,-1.1266645,0.43304896,0.06510591
-1.5125725,-0.6716602,0.37026393,0.08777875,0.009431112
-1.5722818,1.2188927,0.88671535,1.2247214,0.033341087
-0.7761482,-1.0869203,1.3380919,-0.40191862,0.035316158
-0.8283457,-1.4275193,-0.29145133,-0.71936095,0.0057048895
0.5837491,0.39108536,1.5687674,-0.36001977,0.4171441
-0.4542374,-0.96397257,-1.6242436,0.0013758217,0.0023378609
-0.62666214,0.50768775,-0.48781174,-0.8331657,0.042533983
1.6892715,1.4984859,0.65043676,1.1780943,2.6332793
0.6470779,-0.82577235,0.43964097,-0.944594,0.058731392
1.2750038,-1.2217458,0.808201,0.26007703,0.12063633
-0.7866504,0.6695263,-1.14105,-1.34648,0.007865228
-0.6563632,-1.5832616,1.0569787,-0.22982675,0.010231945
0.680177,1.5776112,-1.6134514,-0.3882328,0.027429525
-1.1003941,-0.82462937,-1.1790261,-0.70849746,0.004277036
-1.0787425,0.8580171,-0.117782936,0.8925955,0.099666595
-0.03603674,-1.3931588,-1.6701196,-1.5635936,7.684757e-05
-0.5828092,-1.184872,-1.6340764,0.16758591,0.0014497935
-1.2440068,0.20077093,-1.5261835,-0.17669752,0.0037070084
1.0687664,0.63256174,1.3804294,-0.91671544,0.36508924
1.4321846,1.3720024,0.37594703,1.3348581,1.8618115
0.32655323,1.4792954,-0.5491443,1.0747813,0.4589451
-0.2527292,-0.09442441,-0.071548924,0.509908,0.1396052
-1.548196,-0.21952595,-1.4984976,0.01935892,0.001062467
-0.5801879,0.29786378,-1.6236331,0.9472458,0.009121806
0.4856315,-0.4021434,-1.1991298,-0.77650386,0.024336757
0.8592828,0.06676392,-1.6631294,-1.4262211,0.0015455666
-0.1705814,-1.6605548,1.1294501,1.6505144,0.018931458
-0.6337766,-1.4384694,-0.6021656,-0.66387653,0.00560655
1.006878,1.2133135,-0.46473712,0.33363262,0.51106036
-1.3245114,-1.021995,-1.4805036,0.020256555,0.0015195868
1.1356944,1.3932887,0.28362462,1.4462491,1.5237033
-0.6210348,0.20004748,-0.25871503,1.7113825,0.16231805
0.073512144,0.43569002,-1.1706234,-1.1816909,0.020878348
-0.29320842,1.6070133,1.1006678,-0.03289707,0.41741607
0.2559646,-0.9724048,1.4473008,-1.4209882,0.023660319
-0.473334,-0.2710955,-1.2255898,1.106203,0.038495082
1.2995033,0.3187581,0.97252846,1.6421587,1.177137
0.0023755254,0.6083303,-0.2799215,-0.67758906,0.10805633
1.3916006,-1.7066228,-0.017156389,0.30006334,0.0070317797
1.7031374,0.6325859,0.7303881,-0.39640623,0.66343796
-0.79195213,-1.0314482,-0.31418267,-0.43471476,0.016886765
-1.2093039,0.23808786,1.4588702,1.3632523,0.13375589
1.4289795,1.1979736,1.056177,-1.6264229,0.0871118
1.3967925,-0.16855267,-1.1162344,-0.25197515,0.0830064
-1.2679287,-0.048865445,-1.0465305,-0.021507865,0.011600305
-0.085990526,-0.12471367,-1.7032678,-1.5446091,0.00013511091
-1.6512831,1.4760324,0.54915434,0.69902617,0.0059521873
-1.3627461,1.0074396,-1.293297,1.1426172,0.015420845
0.37980628,0.30291227,-1.4410436,-1.3926052,0.0075520054
0.5053504,-1.0527327,-1.1022062,0.6569108,0.034256183
0.41225243,-0.9492469,-1.6996112,-0.12664632,0.0008080904
-0.42160606,1.4092562,-1.3999184,1.6111109,0.07519504
1.636134,1.2734529,1.5315845,-1.6494045,0.10033493
0.29340634,1.026244,0.95879215,1.4586024,0.9298079
-0.9691692,-1.3659495,1.5213807,-0.6589489,0.013583812
-0.050356418,1.3779842,-0.8343723,1.4481792,0.27635023
0.46076035,-0.16146916,-0.70563275,-0.89942396,0.049827024
0.65029836,1.3039756,-0.60377526,0.27947444,0.36525044
-1.1706749,1.5360111,0.032620773,0.39034408,0.09465986
0.69266236,0.19981387,-1.2341564,1.0619774,0.11693662
-0.8327553,-0.72579235,0.2509473,0.7988175,0.06312142
-1.3840019,1.6629536,-1.1020888,0.9552426,0.02428538
-0.8935979,-0.91065973,0.2705652,-0.37961882,0.025768027
1.7081817,1.157242,1.5728759,-1.3870729,0.35417086
1.519498,-1.6814035,0.2892567,0.005753549,0.011415971
1.5894704,-0.5469043,1.2523513,1.5681484,0.68555814
1.058178,-1.5281677,-1.2246099,1.4863906,0.014122942
1.3482841,-0.78293806,-0.2434057,-1.0352545,0.05100445
-0.18338214,0.75442123,-1.0618495,1.1791348,0.12537149
-0.9005225,-1.2546977,-0.19155762,0.7659345,0.020987626
0.9077244,-1.5157543,-0.6844058,-0.3283434,0.012937411
-0.8453302,1.2657319,-0.9764749,0.9326505,0.08003517
-1.11519,0.94668275,-1.6605558,-0.086750805,0.0022190607
-0.5028472,-0.012421415,-0.6380092,0.19686908,0.066903815
0.40859798,-1.2343322,0.22915506,-1.1512649,0.018545534
0.9338006,-0.45961943,-0.3031913,-0.22805506,0.12349102
-0.62181705,-0.5632211,-1.6011161,1.684028,0.0075435285
-0.96655387,1.0941691,1.2896937,1.0604385,0.2653686
0.2794815,-0.5690418,1.2730423,-1.4165694,0.036541443
-0.9680469,-0.5002529,-1.0368037,-0.1126606,0.01438906
-1.074191,-1.2411958,0.17372246,1.0907788,0.02329534
0.9449187,-0.822396,1.1399245,-0.756868,0.11059117
-0.24217363,0.96011305,-1.6325634,-0.23170991,0.008980628
1.6209899,1.141169,-1.5190835,0.85102594,0.1443102
1.7226033,0.26262593,0.95240057,1.4437914,1.2963763
0.56230944,-0.6537476,-0.034965124,1.5597391,0.21935524
0.63990414,1.697884,0.5461855,-1.2677994,0.21496104
0.44377565,0.354341,-0.7154321,-1.6492327,0.008230389
0.0741244,-0.6727593,0.31058136,1.211745,0.17539367
-0.07811803,-0.6033924,1.1386046,-0.14877778,0.12926151
0.070823096,-0.23956816,-0.4212739,1.552051,0.1832769
0.6903117,0.84153384,-0.55590373,1.2171234,0.4421195
1.6485229,0.65080655,-1.6369289,-0.69173056,0.017124321
-0.39920613,1.2832065,-0.2660586,0.48266375,0.22082584
-0.6809046,-0.07249663,1.0877903,0.56932545,0.16567044
-0.36993644,1.4630219,-1.6246953,-0.6353841,0.007935944
-0.78494793,-0.70830756,-0.13365594,1.5444467,0.07083348
0.34001386,-0.8040249,1.251476,0.12797375,0.16495252
1.3327812,-0.6433587,-0.4913176,-0.58145654,0.081124395
1.393974,-1.6449903,-0.6357335,-1.5991441,0.00076561474
0.8379166,-1.1489059,-0.51918066,1.374167,0.08596683
-1.2203653,-1.5863035,-0.6970517,-1.7348202,1.5754975e-05
-0.87723124,-0.09721689,0.20470224,1.3061967,0.1158675
-0.33126426,0.023429278,-1.6551667,-0.6220451,0.0027391315
-0.2703157,-0.4501221,0.6556295,-0.3320202,0.094785295
0.18880889,-1.1963431,-0.43486154,0.2199815,0.03854042
-1.5338981,1.6042156,-0.21968633,1.6911345,0.034749374
0.58321714,-0.57653075,-0.11685675,-1.1565297,0.040900223
-1.2667658,0.84585655,0.9588765,-1.2465962,0.020993872
-1.0426435,1.2329403,-1.0681826,1.0284863,0.05270912
-1.3847634,-1.1505201,-1.5644143,-0.8570583,0.00033760295
1.5478506,-0.21328616,-1.2437501,-0.65287906,0.049215652
-1.5837911,1.0244082,-1.261346,0.98860705,0.0044623464
1.3464192,1.7134978,-0.8374433,-0.733576,0.30588612
-0.010748174,-0.2152897,1.3560777,1.0190341,0.3508406
-0.15315363,1.2826126,-1.3301139,-0.69106746,0.035264943
1.1244313,-1.3750148,-1.0109056,1.3201743,0.03384818
-0.11203959,-1.1371087,-1.4015689,1.714,0.015478163
1.1273172,1.4546454,-0.86406493,0.22558883,0.41511384
1.2924211,-0.15986294,-0.049169056,-0.59199214,0.17083463
-1.4481926,1.7461809,-1.0485977,0.96158516,0.020880137
0.709876,0.13485809,0.017225413,0.470555,0.31909996
0.37229082,-0.7233112,0.5796907,-0.006861528,0.1321996
0.4174722,1.678913,-0.293257,1.5334935,0.7683159
0.29859656,1.5464587,0.7403728,-0.114747085,0.5641016
0.5182616,0.17022668,0.39332193,0.5954677,0.3763654
-0.7814043,-1.060462,1.6588006,-0.5311139,0.036506753
-0.17320557,-0.06939794,-0.08865268,-0.32916966,0.09409229
1.6835707,-0.8398774,1.4882778,-0.08907556,0.27191734
1.2042973,1.2897571,1.2850794,0.102347314,1.3006802
-0.017554045,0.08838906,0.8204186,0.7443584,0.32135054
-1.5727528,0.37747812,0.9714173,1.2944008,0.025021022
0.12263706,1.0745816,-1.1515764,1.0492228,0.15499339
-1.1257095,0.5900194,-1.1516517,-0.74414265,0.0109320115
1.447735,-1.0922605,0.7327845,1.5407492,0.2599739
-0.99845326,1.4694154,0.6229233,1.1575316,0.23332012
-0.07720375,1.0884546,1.5495747,0.611059,0.6457889
-0.33510718,-1.0800593,-0.22463842,0.17495438,0.037778582
0.35364634,1.3380362,-0.31677914,-0.99630314,0.13980477
1.6679108,0.50632334,1.1769124,-1.0499184,0.36196998
0.2108056,-0.33974352,0.054552704,-0.005694396,0.13364136
1.0446625,-1.2522949,1.6120923,-1.3049237,0.030189585
1.3840605,-0.28529483,-0.87731236,0.5942563,0.16274028
1.4376069,-1.7193505,-0.5646603,-1.5893189,0.00027550574
-0.5476578,1.0117207,0.07330196,-1.5615153,0.017523581
-0.33805925,1.2819617,0.9154245,-0.79368365,0.1819145
0.8772068,-0.50004596,-1.5071727,0.9839071,0.031099755
-0.42281684,1.6390072,-0.48187017,1.3441113,0.2933994
0.85365605,-0.6451087,1.2468446,-1.4727058,0.03761186
-0.32912216,0.30833352,0.35681802,-1.1101023,0.06010956
-1.1210227,-1.2201297,1.2137524,0.37050864,0.02584527
0.7482139,-0.06760471,-0.5829291,-0.33061457,0.117467456
0.31121537,0.71852374,-1.0840194,-1.4362352,0.018498875
0.81504893,0.76518816,-1.1739231,0.46758825,0.16000001
1.7582614,-0.052206546,-0.9669257,-1.4585625,0.026031317
1.2230422,-0.8809798,-1.2921304,0.09419311,0.03197916
1.6798869,1.2374743,0.85052174,0.69286644,1.9422995
0.13933514,1.1724732,0.46087548,1.5859786,0.75387955
-1.4344182,0.28937533,-1.1002429,-1.4951074,0.0011001646
-1.1611098,-0.80283254,1.5739055,1.2811267,0.069324225
-1.0227146,0.3801262,0.48821726,0.22703208,0.09095335
-1.4706488,0.011539074,0.6384825,1.4961973,0.038977366
-0.81616217,1.6153328,-0.7248787,1.693449,0.1628987
-1.5383697,0.26774138,1.1885974,-0.44711018,0.014705061
-1.5418962,0.14262621,-1.2128916,-0.28461102,0.0026280368
-0.9820346,0.12718587,1.2514627,-0.43380988,0.07589665
-1.6507795,0.9434936,-0.93459636,1.3501669,0.0022208483
-1.010036,-0.014922572,0.72882026,-0.7657194,0.041126262
0.7038903,1.515931,-0.62249625,1.1314143,0.5936131
1.4836649,0.924093,1.1152867,0.69918275,1.5172175
-0.46517777,-1.3235358,-1.4418894,1.6169662,0.0069153327
-0.45383787,0.0068110735,-0.33593598,1.2145151,0.13823587
0.96679467,-1.4875895,-0.4646892,1.3936807,0.039884306
-0.802596,-1.3449829,-1.0283346,-1.4404855,0.0010735742
-0.7672222,0.34890634,-0.84487534,-0.92760056,0.021189881
1.1083292,0.40247396,-0.483054,-1.2453885,0.07715702
-1.4535173,-0.14724402,0.17721687,0.8470997,0.024730267
0.2577486,1.6802281,1.21861,0.3385632,0.88638544
1.5686259,-0.938991,-0.28327253,0.64692926,0.14712366
0.34250745,-0.73101676,1.6831858,0.63680416,0.26131144
0.515528,-0.27512333,-0.8185466,0.05904244,0.088751204
-0.9559182,0.017506003,-0.885459,0.6477075,0.037855335
0.023388967,-0.14229691,-0.0905581,-0.95520514,0.057624236
0.14185254,1.5920678,-0.31197616,1.1128253,0.508498
0.46986988,-0.7367574,0.5448018,-1.5080937,0.018724976
0.7163554,-0.9141016,1.5866014,-1.6086129,0.014526423
1.5437312,0.15815598,0.5873384,0.5748368,0.68941927
-1.267502,1.3291966,-1.4386219,1.6144593,0.017613363
0.09877853,0.42472264,-0.5879527,-0.6491239,0.08444627
-0.8133871,0.9553309,-0.34226856,1.619937,0.17181483
-1.3153214,0.34766006,-1.565467,-0.63026756,0.0018756322
-0.09076889,1.5073818,0.53029305,-1.3328384,0.09350358
-1.4689066,1.0642972,1.4988382,-0.2841473,0.03915175
1.2491635,1.2666712,0.8523848,0.94514066,1.6448668
0.24662244,-0.23030588,-0.034956932,-0.9174768,0.06760291
-0.88111216,-1.4507728,-0.13173966,1.6126636,0.017994504
0.94720453,-0.8283409,-0.8055292,-0.79028934,0.033930287
-1.5829095,0.60661644,-0.19180955,-0.78236455,0.004501899
-0.6190445,1.2419837,1.5059361,-0.73698205,0.17292324
-0.28839085,-0.68104815,-0.88426924,-1.3358446,0.0077345073
-1.4163986,1.4635962,0.27394223,1.6040652,0.08064005
-1.048058,0.25987753,-1.2615712,-0.99462724,0.006479719
-0.23396502,0.013824473,-0.4707807,-0.794992,0.04880273
1.3539939,0.07546771,0.09855645,-0.5400969,0.24218348
1.710326,-0.30422089,-1.2983012,1.4461263,0.124950446
1.1430047,1.6550974,0.46588123,0.79500836,1.5647905
-0.981293,0.08330342,-1.4763424,0.62441474,0.010922151
-1.0796331,1.0852226,-0.7028022,-0.47063297,0.03349735
1.5502163,-1.4791508,1.1947144,0.8624348,0.09799038
0.65636915,-0.90027374,1.6107721,0.30034235,0.21088777
0.09290953,0.2047887,-0.13526663,1.3679593,0.29200903
0.28023767,1.4126805,-1.2289615,0.37076387,0.13486946
-1.3370794,0.845037,-1.4116533,1.2590346,0.011807614
-0.5279095,0.34215674,-0.42317173,1.1829729,0.14560236
1.7050967,-1.73264,-0.87771565,0.2887999,0.0017014138
-0.3776307,0.03992995,1.3648326,-1.6769903,0.008240519
-0.039247908,-1.1553526,-1.2257435,0.3386271,0.014738172
-1.3829525,-1.4965072,1.0332701,-1.323455,0.001223873
-0.9163321,0.24758352,0.32573277,0.28369766,0.09526122
0.011981929,-1.1071182,-0.52351093,-0.20869014,0.02956343
-1.0226899,1.6048329,1.3996011,1.3660882,0.33476406
-0.1664342,-0.9501357,0.9551906,-1.2597649,0.023522083
0.748069,0.5742208,-0.06102803,-1.4648718,0.053340413
-1.6375923,1.0402458,-1.1654524,0.75890875,0.0020283104
0.55870384,-1.361583,-0.50662774,1.1311647,0.044454068
-1.091667,0.907878,0.55303955,-0.39200556,0.07242008
-0.7934335,-0.22890806,1.4877809,0.45520318,0.14193821
0.70837015,0.9191155,-0.58073527,1.3780446,0.48265466
1.4166101,1.7106379,-0.7149651,0.15819302,0.6898264
-0.4235763,-0.7434814,-1.6796447,-0.499325,0.0009262591
-0.659984,-0.7556973,1.0551084,0.98879343,0.11271258
-1.5102408,1.4057252,1.6760131,1.5492941,0.08308512
-0.8409812,0.20261222,1.1819669,-0.30889615,0.103604555
-1.460984,-0.1687596,-0.9583024,1.1628133,0.010599178
-0.34703922,1.3425528,1.2299019,0.13036531,0.40729657
0.39860186,-0.84379864,-0.52182096,-0.3776796,0.047816116
-1.5664574,-0.08010105,0.89734054,-0.16581443,0.010530987
1.5509403,1.216154,1.003687,-1.6986914,0.03863922
1.1277249,0.69489825,-1.4017253,0.8179311,0.12416643
-1.638916,-1.1319596,0.42424968,-0.958746,0.000529056
-0.77549016,0.46444377,0.68498504,-1.4920253,0.019179145
0.60889786,-1.3355252,-1.0338254,-0.25493714,0.0142784715
-0.3067179,-0.9493111,1.5875688,-0.72129023,0.055086527
-0.1405422,1.1389264,1.3403736,-1.1187093,0.15667935
-0.73050755,-0.46239385,1.4350253,-0.3796583,0.078120194
1.4305599,-0.8899497,-0.016434815,-0.19750445,0.1149828
-0.9156279,0.13162759,-0.92020625,0.5129294,0.03884791
1.4754391,0.4370729,-0.9398626,0.22340474,0.23642625
0.1582798,-1.0875957,0.60633653,-0.2462061,0.0632895
0.39337695,-1.180462,-0.34227574,0.3675332,0.051131174
1.3907952,-1.6982685,1.3646725,-1.1369997,0.004486747
-0.23662943,0.4617447,1.4380141,1.4536875,0.54033834
-0.9334456,-1.1291684,0.13165179,0.83517873,0.03144588
-0.2314084,0.14100467,-1.40755,1.0832143,0.039289188
1.4440523,-0.3869444,0.6810462,-1.5619146,0.034648374
-1.2307954,-1.1443634,1.536619,1.1698825,0.036130704
0.4380863,-0.55497843,-0.4324795,0.29229116,0.10691121
-1.6455394,-1.3465346,-0.90012527,-1.6910396,7.981988e-06
0.9501722,-0.92511934,-0.40285417,1.6330445,0.15212551
0.68349636,-0.048049215,0.24522285,-0.050700642,0.23834604
0.120164625,-1.4983438,-1.2757329,0.3183515,0.005963868
0.7863632,-1.5372854,0.9166141,1.4209772,0.06343736
0.049088374,1.3256372,0.7334772,1.1044782,0.7257131
1.0002071,0.17250158,-0.6578346,1.5291938,0.34594977
-1.31628,-0.7718068,-0.63741136,-1.633781,0.00062149484
-0.20577717,-0.05170682,-0.81617785,1.7008911,0.12491265
0.8112017,1.3124406,1.3421278,0.40822378,1.198538
1.7622758,-1.461988,1.018082,0.008139933,0.07061813
0.92449105,-0.926617,0.4874107,-1.3776163,0.027662477
-1.2052827,-1.2663395,-0.077995986,-0.94739884,0.00422182
1.3717893,-0.12116709,0.42827907,1.6699831,0.695163
-0.33692527,-0.05375652,1.6567255,1.2756071,0.3671819
-0.320591,-1.3652251,0.543058,1.3380631,0.05234816
-1.5182906,1.2288446,-0.85782355,-0.16019863,0.009090378
-0.2239681,-1.3451786,0.6636928,-0.9808349,0.015522189
1.2654009,1.6506028,-0.682763,0.3907199,0.68261343
0.28732112,-1.2051206,-0.061945,-0.8411282,0.023820408
-0.9560264,-0.23445292,-1.1075499,-1.1437802,0.0059532076
0.577305,0.3360429,-0.05120372,0.5459538,0.3361827
-0.50510406,-0.7757217,0.08869814,1.3464688,0.0945127
1.6196277,1.6259652,-1.0429482,-1.3453879,0.108422406
-1.4477526,-1.206996,1.1036568,-1.5479977,0.0009843017
-0.49689052,-0.09075674,1.5859187,0.2200237,0.19766045
-1.6158845,-1.2859186,-1.4380498,-0.6256958,0.00012132673
-0.6311541,0.495561,0.4969204,-0.94216233,0.06669957
0.5901115,1.5079075,-1.1878325,-0.36951277,0.12611313
1.7050908,1.6399517,-0.3424287,-0.11472723,0.9661822
0.33641014,0.21584022,0.8220813,-0.49557355,0.22316386
1.7356515,-0.87461156,-0.031095903,1.2704474,0.25308958
0.38412863,1.7178746,0.51971585,0.9470391,0.9831077
1.0418584,0.13822646,-0.5576111,0.53131104,0.26246426
1.4278775,1.1980217,1.6387261,-0.57075876,1.0095068
1.4868865,-0.90766203,-0.80758226,-0.1690424,0.062482543
-0.91687745,-0.81025773,0.32064077,1.1104434,0.060075928
1.6306436,-1.4547126,0.17542717,0.12946291,0.05146086
1.0904789,1.6268173,1.169422,-1.6882006,0.047010604
-0.7581739,0.29888928,0.17451715,0.15046115,0.104447514
-0.7747502,-1.2576226,1.0349638,0.8941089,0.046109356
-1.397446,0.1580483,0.44174874,-0.45942825,0.021081802
0.47969228,-0.7483049,1.0945812,-0.33828688,0.13504007
-1.3488816,0.0947852,0.020779828,-0.2497714,0.022509009
0.77470565,0.5912193,0.57237744,1.0518308,0.74526465
0.59105885,-0.8668464,1.6938714,1.4182508,0.33781365
-1.4492123,0.3140572,-0.5606979,-1.3759619,0.0028687457
0.5164875,-1.1047877,-0.7000951,1.1287187,0.062576756
-0.09292678,0.34609392,1.2462782,0.69608057,0.40761852
0.8339418,-1.693105,0.6560795,0.5929661,0.01181172
1.0354059,0.28738755,-1.6227018,-0.99996734,0.0079405075
-1.665094,1.7560344,0.6101429,-1.0049081,0.0008503717
1.6266975,1.6285545,-1.6860079,1.7084062,0.04572571
1.491569,0.6490698,-0.9337523,0.4296001,0.3094997
0.7324379,1.3023424,0.671448,-0.40052438,0.5508696
-1.5269908,1.7186015,0.90413743,-0.36580434,0.026577309
-0.56810063,0.50573504,-0.38888252,1.1472113,0.15452668
-0.45199513,0.59402776,1.4534113,-0.44659498,0.19489904
-0.3954839,0.23577099,1.7065239,1.157817,0.40767664
1.0184126,1.5655546,1.3388261,-0.5063098,0.9240978
0.6733395,1.5192696,-1.5789732,0.39571604,0.05531597
1.4115446,-0.8211155,-0.62588745,0.4426673,0.1133314
-0.59790105,-0.065546826,0.10359764,-0.9031179,0.04310139
0.6267835,-0.8802419,1.3955202,0.02849349,0.17311051
0.65994763,0.6385927,-0.28914896,0.3321484,0.33182383
-1.3868444,-1.6991886,0.3579826,-1.7112314,1.7269187e-05
-1.6235424,0.6298564,0.9033933,-0.35608527,0.00626135
-0.8465467,-0.4763663,-0.89986473,0.15079229,0.024192916
1.2261678,0.6453213,-1.0414327,1.4146146,0.33425206
-1.5743525,0.55632967,1.698191,0.3698106,0.023627806
-1.4520226,-0.8692831,-0.03927327,-1.4890751,0.0012066407
1.0120012,0.92025614,1.214799,-0.522913,0.5909366
0.9763978,0.75447583,-1.6762792,1.703383,0.021419844
1.4635824,-1.489762,-0.65674716,-0.24017002,0.019249734
-1.253102,1.7634866,1.2046599,1.2945148,0.19893153
-1.2134212,1.5222847,-0.16727561,0.18466951,0.06847678
0.9306832,1.1022537,0.5777771,1.124068,1.1494213
1.544941,-0.17187089,-1.440255,-0.7599845,0.0269885
1.0776877,0.63059497,1.6713754,1.69006,1.6558474
0.3169577,-0.94568795,-0.8584769,0.35177475,0.044161927
0.6147874,-0.59142375,-0.0878121,-0.36960068,0.09704477
1.6818601,0.8377679,-1.1263105,1.3196608,0.41941798
-1.0641031,0.7906,-0.76322824,0.8411989,0.058214545
-0.73480666,0.70400816,-1.4738742,-1.1806111,0.005106055
1.2518637,-1.6723322,-1.5048019,-0.13914372,0.0011526042
-1.1313348,1.4658147,-0.35194397,1.2291291,0.1090947
-0.9025629,-0.7285538,-0.7587884,0.41786468,0.023834093
1.3044363,1.5304946,1.2682514,-0.5631036,1.0376968
0.59058416,1.4574906,-0.009248154,-1.1440121,0.1735509
0.60358423,0.6594039,1.3350836,-1.2293452,0.17309876
-0.6828416,1.7609127,-0.28870574,0.9500603,0.23039238
0.023382192,1.0178112,0.3635764,0.77069217,0.4609448
1.6234835,1.0394058,1.64917,-1.5518306,0.17177412
-0.9866255,-0.5910241,-1.330432,-0.37063563,0.006205559
0.06069252,1.6397746,-0.74524236,0.42472246,0.25504616
0.8662903,0.46827894,1.4679047,-1.5494637,0.07215516
-1.1418697,1.0470644,-0.39484805,1.4808276,0.09625829
1.7198377,-0.39125726,-0.46365425,-0.19942899,0.16690665
-0.81334275,1.2819042,0.13695186,-0.71919507,0.08079444
-0.36644214,1.5686752,-0.9233049,0.17879477,0.12123549
-0.41885996,-1.3422412,0.12262955,0.6124117,0.03200875
-1.0752201,1.4501895,-0.71504396,0.3711498,0.063280374
-1.6429096,-1.15674,0.5441263,1.6309675,0.0020403396
1.0182894,-1.2053041,-0.3656543,0.9623206,0.08160126
0.50472957,-1.464488,-0.5774809,-0.18243702,0.016159888
-1.5659839,0.5155776,-0.6481694,0.28095573,0.007553575
-1.0613862,-1.3150854,0.44545165,0.40602893,0.01763308
1.7494465,-0.65592325,0.8612954,-0.70253277,0.17702538
0.7054859,-0.8782041,-1.571727,-1.50109,0.0011910662
0.73822665,0.47738212,-1.1992168,-0.19894998,0.0852463
-0.98331517,-1.7216705,-1.649864,-0.67525667,2.286748e-05
-0.7079113,-0.8003068,0.8010854,-1.6533302,0.003252428
-0.21284153,0.019711018,1.287628,0.60435885,0.29599708
-0.2678283,0.16493808,-1.6517261,-0.7423631,0.0029739183
-1.1330723,-0.78830475,0.44571298,1.6467177,0.05478628
0.18904522,0.6375951,0.34751007,0.60611457,0.39748836
0.21833009,-1.1547406,-0.92294484,0.72448075,0.03294684
-0.17093189,-1.4842142,0.37027192,0.4912972,0.026849743
0.28592086,-0.24346629,1.3238821,0.66225773,0.35901824
-0.6354951,-0.9450415,1.6843349,1.0965017,0.11807675
0.49539068,1.1166043,0.74203163,1.2601838,0.97047675
0.6967112,-1.1965811,-0.3416162,-0.10920016,0.044524934
-0.8600669,-0.14097634,-0.9785235,-0.50624156,0.018039376
-1.6606746,0.73810846,-0.65530366,0.45567805,0.0011746599
0.94867766,-1.5350065,0.0131567,-0.79723465,0.013519143
0.45799,1.369757,-0.12710913,-0.10255166,0.38114485
-0.8288048,-0.79314774,1.2527597,0.49219337,0.07840192
1.7069634,-0.4722604,-1.553634,0.7608604,0.03267551
-0.7317688,-1.0701603,0.15241933,-1.6926124,0.0009825575
1.2110097,-0.6492398,-0.5473874,0.65742767,0.15072818
0.920938,-0.67204297,0.1423429,-0.6861501,0.09088788
-1.3968637,-1.5598979,1.6512988,-1.2364564,0.0012938459
1.1579527,0.6084462,0.04932779,-0.7532824,0.2578821
-1.5364841,0.0011910774,-0.29892597,-0.05182558,0.008224522
-0.9070446,1.7291173,-0.58327544,0.84004503,0.12756449
-0.23998679,1.1946753,-1.715532,-1.5596349,5.126081e-05
-1.113779,1.5384488,-1.5575873,0.4568822,0.010135743
1.7297118,0.5248506,0.74769014,1.5488178,1.521835
-0.29831302,0.93196166,-1.0501463,-0.99461997,0.032404147
0.7312428,1.6554428,0.9745328,0.400198,1.196329
-1.4907372,1.4523644,-0.48804912,-0.71189404,0.0107948715
1.0386385,-1.3460221,0.61892503,0.412162,0.08234161
-0.4881208,-0.3879491,1.2532983,0.73689085,0.18189904
-1.2629753,-1.6912186,0.25040638,-1.083173,0.00046858712
0.2989953,0.073436685,0.58900315,0.40078148,0.30877393
0.881554,-0.6149993,1.4510221,1.7004741,0.52421296
1.5376501,1.5348967,-0.5408351,0.10734098,0.762386
-1.0048349,0.28519344,1.2626188,-1.2459455,0.030677179
-0.8004145,0.026208319,-1.4459349,0.0073091043,0.011298431
0.37829122,-1.2667128,1.5723579,0.36822215,0.102009036
0.5143524,-1.3747765,-0.5645096,0.51984155,0.031502187
0.7093391,0.28399378,-0.06560244,-0.13946885,0.24404432
0.9924951,-0.867986,0.96291983,-0.38622448,0.13729843
-0.3433934,-0.80173486,0.12520452,-0.87705654,0.030321248
1.0040251,1.2417862,1.5014293,1.1067625,1.826591
1.3170102,-0.91100943,-0.7560875,-0.99449444,0.029429076
-0.40275833,-0.7768263,-0.9479228,-0.6049458,0.016283518
1.2725149,1.3586435,1.532854,1.1367801,2.4019153
0.88864607,0.6947007,-1.0379897,-0.8297404,0.08301555
1.5663366,-0.9935625,1.1814618,-0.24084903,0.17246523
-0.93160367,0.54003006,1.653834,-0.7061357,0.09157994
-0.8033505,0.8944223,1.1621271,-1.5522615,0.020769225
-0.45084125,-1.5569468,-0.6505195,0.8219717,0.009279567
0.1345186,0.33572662,-0.026333472,-0.78479785,0.10778096
1.0808916,0.4090785,-1.5493232,-0.8150345,0.019445151
-0.93606234,-0.06173957,-0.9364876,-0.39669994,0.019658731
0.9094423,1.6949092,-0.3565534,0.4609718,0.7277572
-0.5700996,-1.1568918,-1.136106,1.5090127,0.017978242
1.0876263,0.9612888,0.9902817,1.520242,1.5635198
-0.034620255,-0.9284357,0.89935595,0.009307479,0.09315782
-1.4617591,-1.500441,-0.49260324,-1.5024449,0.0002271268
-0.90055346,1.2067219,-0.27114606,0.11363456,0.09788277
-1.1993881,-0.8377742,1.6587197,0.025698619,0.03702289
0.901362,0.089582026,-0.10676311,1.4508888,0.45860568
-1.1077536,0.932742,1.4583901,-0.3730028,0.10062268
-0.096350245,-1.4626808,1.5905988,-1.6446452,0.0022604582
0.4187538,-1.5002345,-0.6036188,0.6159348,0.019952592
-0.8973651,0.6062514,-1.6419004,-0.39489764,0.002951237
0.5439916,1.5419555,1.6016883,0.59100455,1.3144126
-1.6345716,-0.17946965,-0.9246977,0.5076532,0.0015905827
-1.1851901,1.2466934,1.6420767,0.6040637,0.17495835
-1.5134917,0.6255118,-1.0977898,0.9453268,0.009098697
-0.47381446,0.50913906,0.31068847,-1.230722,0.046530675
-0.5802889,-1.1156864,0.50706524,-1.4276084,0.0071970103
0.29377735,1.6824394,-0.40679365,1.6100329,0.65664095
-0.27133244,0.81326365,1.3388941,1.5714386,0.6310575
0.8567873,0.27906343,-1.5587273,-0.699286,0.016712802
1.6261748,1.2521204,-0.7148871,1.6468517,1.0295498
0.66510767,-1.5059359,-0.27139288,0.32812354,0.024917914
-0.63139063,0.38621506,1.3149593,-0.47029004,0.13665012
-1.5656133,-0.82193995,0.79482,-0.9540413,0.0028388093
0.67098224,-0.17195484,1.1042643,-0.9377002,0.14774716
-0.8061905,0.5836663,0.7386206,1.3777598,0.24300553
0.9236039,0.7866013,1.5444084,-1.0808316,0.31262842
1.1985024,0.41072732,-0.4288243,-0.72604996,0.1725665
0.71148896,-1.3558007,-0.5313452,1.7127979,0.056987707
1.6632314,-1.0950179,-0.2368683,-0.8619566,0.045502707
1.6830136,0.037572563,0.674959,1.6927218,1.0241294
0.41183704,-0.2980917,-0.5047809,0.76045376,0.1537028
-1.2078013,-1.4668274,0.63010466,0.8463444,0.01139312
1.5859514,1.7413282,0.47012568,0.3807179,1.9676976
-0.7700868,0.22828682,0.40305287,-0.32498017,0.083190404
-0.76639724,-1.2441729,1.3989034,0.75915116,0.05139975
1.4883597,0.7790116,0.27272052,0.5023838,0.88803977
1.3816298,0.77181625,1.139193,-0.9609626,0.41792202
0.5675553,-0.8568652,-0.47995552,-1.443685,0.011846939
0.15511338,0.8896806,-1.5449076,-1.4244897,0.0051575955
-1.4016136,-1.0853537,1.0491225,-0.22437227,0.010783171
-0.13163367,0.6168507,0.7116325,0.48181844,0.34351546
1.6990827,1.6792468,1.4424297,-1.1140921,0.8855611
0.4857576,1.1690667,0.6555535,0.30525845,0.6527399
0.19461364,0.8760266,0.033401746,0.9850641,0.44652513
-0.31049225,-0.35136783,-1.2410948,1.0060652,0.038954157
-0.5535668,0.3373595,-1.6298811,-0.6627237,0.0036088356
1.0736986,0.621225,0.34388068,0.38333118,0.6195029
0.1533647,0.4368555,1.4007295,-1.5527165,0.043583848
1.1676543,-0.3498552,-0.13450225,1.2338268,0.3342074
-0.2576987,0.25248468,-0.5614539,-1.4010024,0.01879862
0.79965276,-0.70627195,0.858616,0.08190441,0.19734412
0.75807697,-0.98838556,-0.83276343,-0.5594343,0.030259628
0.32180095,-1.6179267,0.6053331,-1.4529504,0.002624227
1.1294166,-1.4286124,-1.3951712,-1.5182896,0.0009938236
1.126442,-1.0983326,-1.5580342,-1.1289899,0.0028218646
1.6436185,1.6897843,-1.0032951,-1.2739463,0.14463232
1.3712366,0.35915652,-0.29511452,1.3096362,0.6000051
-0.39324266,-1.5858558,0.5784194,-0.28090256,0.010163697
-1.4110076,-0.89313966,0.8683952,-1.1727347,0.0047504483
0.3620231,0.41807425,-1.088431,-0.008134763,0.08877557
0.032118253,-0.5201314,-0.3538041,-0.79762596,0.042801004
-0.40207604,-0.49152854,0.56478894,-0.26563346,0.08259904
-0.24126099,-0.6543053,-0.3798394,1.4777061,0.103160836
0.12815723,-0.42318064,0.024883972,-1.5456151,0.013583577
1.3038142,0.20934963,1.111398,-1.5216209,0.07683476
0.5840723,0.111091524,-0.49659023,0.4108141,0.20022582
-0.56443816,1.1379935,0.884872,1.1949189,0.41354495
-0.6611136,1.1335241,1.3951224,-1.6627684,0.013017354
-0.3793515,1.455801,0.5718306,0.5306961,0.38944235
-0.61853427,-0.04917586,-0.30622956,1.7045717,0.13489959
1.5959091,-0.7793174,-1.0888289,-0.29313564,0.049048766
0.9593749,0.012839079,-1.1365349,-1.0381571,0.035832617
1.6023728,-1.1590722,-0.33477038,0.8367769,0.10807579
0.052651662,0.72713625,0.5360114,0.9656014,0.47478688
0.3944949,-0.2055875,0.9387453,-0.19451082,0.22225706
0.6443942,-0.5570519,-0.083818965,-1.4294446,0.023699531
-1.5831251,-1.4858376,1.3836194,0.05289447,0.001909887
0.20094933,0.8552997,-0.6814429,-1.1379784,0.05875008
-0.06805541,0.9895624,0.3416834,-1.4955698,0.042089913
-0.91847974,1.6129102,-0.8805725,1.0685158,0.096792474
-1.2892857,-0.61690146,0.46074584,1.177207,0.039658617
1.5718853,0.5373226,1.4654438,0.682174,1.3476207
1.4475187,0.07319679,0.6010993,-1.4300901,0.085145645
0.84539694,-1.114627,0.11418469,1.456998,0.1436759
1.6906836,-1.0938141,-0.63326025,1.2566596,0.114207394
-0.6517836,0.90841484,-1.4105889,1.4767419,0.044098478
-0.25033417,-1.0043303,-1.1766748,-0.129714,0.013781606
0.69925714,1.2888808,-1.4747407,-0.3357162,0.05723524
-0.23742339,0.621918,1.2202237,-1.5704347,0.030587818
-0.2908298,0.60809565,-0.7177015,1.2659281,0.16643189
-1.37646,1.1663281,-0.25801334,-0.10536887,0.030433152
0.5098744,0.8685036,-1.5405711,-1.7492044,3.9156425e-06
-0.9936993,0.766153,-0.48002085,1.6820264,0.111489676
0.10978582,0.9203109,1.4604539,-0.23872036,0.429792
1.7263803,-0.7403147,0.3149448,1.0291202,0.33240056
-0.48300818,-0.92678934,-0.3077323,-0.27048793,0.03008708
-0.49571282,-0.31571567,0.89457387,-0.28733927,0.09884328
1.0862547,0.9842679,1.3236693,1.5118212,1.7752522
-0.5860688,1.2389566,1.3360637,1.4261409,0.53271407
-0.100758,1.303368,-1.2721807,-0.8241587,0.037420705
1.6553564,-0.5485309,0.12242166,0.03981506,0.23466602
-0.6589586,-0.21656367,-1.41182,1.1641026,0.02115413
-1.1850209,-1.2023933,-1.1855471,0.0689915,0.0036805065
-0.9167397,1.0924188,1.3183964,-0.32705402,0.14632648
-0.43035713,-1.160679,-1.36981,1.535697,0.012209616
-0.77009195,-0.717641,-0.84354013,1.5305681,0.03926498
-0.8466202,1.460685,0.82303333,-0.4794693,0.13928814
0.7428767,0.434683,1.6707684,1.2992308,1.066412
0.33983997,-0.7302171,-1.6699636,-0.18623292,0.0024694628
-0.50410026,-1.1787162,-1.1096168,0.03716228,0.010529696
-1.2909461,-1.2038969,-0.67467535,1.3773768,0.009653235
-0.4951412,1.4276915,1.3300349,-0.14900301,0.31919977
-0.67973924,-1.602377,1.0003467,-0.18698041,0.008929187
-0.5133274,1.5282289,1.0701935,-0.39140263,0.25269333
-1.5066017,1.4152608,1.0999811,-1.4629737,0.0061453586
0.41819102,0.11592279,-0.43092227,1.3290168,0.27345315
-1.2182848,-0.13429056,1.2659112,-1.3755722,0.011901553
-1.2941976,1.376099,-0.049215756,-1.3460991,0.011883482
-1.360049,0.78322077,0.16048998,0.22043405,0.042813677
0.7660234,1.6715109,-0.45657265,-0.19710837,0.41932705
-0.9897371,1.4290764,0.727918,0.053616714,0.15123877
-0.6637417,-1.1477078,0.766321,0.1221112,0.040804435
1.3971831,1.0933399,-0.1830589,1.7051934,1.2362063
0.96164656,0.894761,1.51161,-1.6989534,0.025541468
1.0347197,-1.2432259,-0.44590983,-1.057548,0.018239412
-1.5882118,0.85240424,0.4339423,0.30565724,0.01404245
-1.1879308,-0.90765256,1.5595814,-1.5589551,0.0036422012
-0.60304713,-1.0421282,0.96709174,-1.3850931,0.010776728
1.4699634,0.03967725,-0.62658113,1.3150458,0.37847888
0.2233462,-0.20951544,-0.77922004,0.65741444,0.109326035
-1.2409741,-0.46656525,0.33065763,-0.55256736,0.019561235
0.05793613,-1.1477922,-0.013956924,0.44346234,0.057630315
-1.2905318,0.9699536,0.11998535,0.28905988,0.05763046
-0.33020994,1.762286,1.1058284,-0.18532558,0.39041004
-0.42644644,-0.38328868,0.5996396,1.4263707,0.19236006
1.5381057,-1.1794243,-0.9645432,-0.014855854,0.03717204
0.5806199,-0.083953425,-1.4037366,1.2164975,0.06143567
-0.25317332,-1.5228076,1.6234238,-1.364901,0.0059444043
0.33810213,-1.4228852,-0.19008538,-0.71933776,0.015060332
-0.45002595,-0.5796683,-0.6778199,0.27906057,0.045620903
0.723855,1.1130332,-1.2628416,0.91239786,0.18568885
0.72844243,-1.3419995,1.6489575,-0.72032684,0.05016702
0.50967604,-0.27413332,0.8660474,1.2372804,0.4197428
-0.6241731,-0.9074028,-1.090125,-1.4537765,0.0024046833
1.5165578,-1.6143227,-1.484835,-0.67621243,0.0015861257
-0.20150143,-0.3895018,1.4916493,1.2899595,0.30501223
-0.62338036,-0.09572631,0.7387953,-1.3107711,0.028755022
1.1258703,-0.2891999,-0.25331277,-1.6415861,0.011574076
1.4509473,1.294078,-1.428857,-0.45231792,0.104128115
1.7611442,0.71206653,1.0404394,-1.4598823,0.17521259
0.55740565,1.10298,-1.1672443,0.50172424,0.16869871
-0.53998035,0.69644445,0.84336317,-0.31943634,0.166372
0.92190856,0.19155042,-1.6327889,-0.5251033,0.010217575
1.5248315,0.9624203,-1.5328448,0.9450958,0.11548231
-1.6421683,-1.1163514,-1.6491894,0.086549975,3.7376438e-05
-0.16622293,0.9039228,1.556631,-1.578599,0.03979921
-1.127418,0.8454355,1.5604045,-1.6585057,0.006366584
0.3681241,-0.740385,-1.4669956,1.0752606,0.02300697
0.75948054,-0.053594075,1.3272452,0.73382854,0.5605391
-0.30866122,-1.3250315,-1.0452658,0.939038,0.015165013
-0.09693396,-1.5337901,-1.5976928,-1.4879354,0.00015533785
0.82239026,0.0048862505,0.8259372,-0.34966987,0.28523502
-0.24232022,0.32207844,0.97301286,1.4679496,0.42587706
-1.3992257,-0.37294322,0.9729537,1.3870214,0.045441676
1.4252489,0.55077285,0.30059338,1.1651269,0.95771146
-0.8197222,-1.3523662,1.6479762,1.5962714,0.05452194
-0.14206135,-0.9609469,-1.4810373,-0.55807996,0.0051077567
0.2096123,1.2219988,0.7917981,-1.3575467,0.1103167
-0.056355387,-1.7065486,-0.54538774,0.96094733,0.0033777494
-1.57302,0.2832852,0.08392055,1.0918419,0.014912432
