1.3639385,-0.36631158,1.7057133,0.013866971
1.4766984,-1.0617418,0.2886819,0.01039677
-0.3563431,0.80489063,-0.94050956,0.026360229
1.6293025,-0.726562,0.1941018,0.016679794
-0.3302172,-0.084249154,-1.7150449,0.029360225
0.39470133,-1.2310292,0.0142206615,0.0056492263
-0.79137343,-0.17074382,1.318,0.005027577
1.0586455,0.25698936,0.19723879,0.026984349
1.5654587,-0.06481308,0.4084287,0.025134047
-1.216398,-0.6510179,-1.6193694,0.006106876
1.5441935,0.52988064,-0.32409796,0.04349582
0.36950126,-0.44933945,1.0129107,0.010338448
1.3196236,-0.9692509,-1.2606798,0.022017572
0.28040737,-1.2915025,-0.80469584,0.0065963324
0.87763804,-0.3661187,1.1601927,0.013228721
-0.19602612,-1.6563823,0.4924776,0.000645015
1.3748707,1.4681754,0.80224895,0.040280268
0.30172694,-0.83426267,-1.6031295,0.02165962
-0.7569008,-0.72279906,1.0925733,0.0035958225
0.48617017,0.16958067,-0.3756832,0.025103826
-0.746389,0.46324074,0.3601588,0.00959733
-0.15483119,-0.15918124,1.3878388,0.008568676
-0.65238714,1.2146523,-1.5843036,0.035643842
1.1896946,-1.0195177,0.4906449,0.009423093
-1.3124042,0.63780123,-1.5541728,0.009951501
-0.7468604,0.0028604746,1.2710695,0.0059264097
-0.439191,-1.4253769,0.50356454,0.0018113009
-0.98843795,-0.6750454,0.19024111,0.0036448564
0.20971014,0.4548847,-0.68924177,0.028764172
-1.6539575,0.34318203,0.6468638,0.00019046706
1.6026026,1.2870356,-0.8927431,0.07597378
-1.4159129,1.1846693,0.32750013,0.0035871281
1.3768368,-0.95344746,1.4419293,0.008524872
0.3337799,-0.7450026,-1.2905742,0.019352172
-0.5120969,-0.36649168,-0.4911624,0.010217975
1.1114647,-1.2545084,0.40036678,0.0064047407
0.31557766,-0.46851653,0.29729655,0.012162528
1.4387304,-1.4339014,0.022692213,0.005185196
0.23543581,0.67646664,1.4772141,0.016073462
-0.4960252,1.2525697,-0.44741708,0.022042723
0.5099131,0.1462303,0.4422622,0.018869916
-0.41990903,-1.2535578,0.90961546,0.0025005376
0.77200663,-1.3264954,-0.3340685,0.006210671
1.5848851,-0.6785741,1.121753,0.013216017
1.0427603,0.5189116,1.1211809,0.023292974
-0.7058038,0.04977612,0.7641514,0.007241414
1.0413913,0.32694936,-0.42010608,0.03475462
0.3553212,1.6661764,1.4914569,0.023960013
0.9218105,0.82453406,-0.99371463,0.05379341
-1.0026172,0.38540283,0.5300825,0.006370016
-1.6577971,-0.3493794,0.34405026,0.00011434141
-0.6182888,0.83968747,1.2117743,0.010106347
-1.2739147,0.650935,-1.4092338,0.009965473
1.4603895,-1.5779009,0.2985981,0.002620415
0.54323614,-1.0331789,-0.9903952,0.012820112
0.7605635,0.06592755,0.9097329,0.017650278
0.5918572,0.6748825,0.58906245,0.023961028
0.017189708,0.8633747,-1.33745,0.04359313
1.3950605,-1.0412242,-0.10850201,0.011930545
-1.1765871,-1.7398986,0.47968712,3.1110336e-05
0.15559559,-0.08488195,0.7309753,0.012771904
-1.1284077,-0.19443734,1.5275857,0.0029175833
0.57823503,0.51772594,0.77066684,0.021163022
-0.54598844,-0.47734874,0.32673112,0.006788186
0.57490104,1.3528603,0.91557896,0.02779298
-0.31168136,0.12430671,-1.6267159,0.031093678
1.4756373,1.2925137,1.1445962,0.035982843
-0.9736766,-1.2191092,-0.2029442,0.002118011
-0.9800425,0.7111399,0.9714689,0.006713432
-0.9801045,0.21661909,0.4910761,0.0061343038
1.5962881,-0.87373656,-0.091541976,0.015604548
0.6211195,0.8796514,1.2084806,0.022314394
1.704464,-1.7256465,-1.0025371,0.0007675447
-1.3742462,1.4302291,0.4835825,0.0043012383
-1.6611861,0.14871572,0.752255,0.00011061944
-1.3003368,0.17682303,-0.61239046,0.004829456
-1.1114409,0.8210192,0.6214896,0.0062580826
0.74476385,0.15298386,-1.7004349,0.059576064
0.6638759,0.7615209,-0.86871356,0.044306085
1.4782768,1.1269584,0.8344327,0.03691146
-0.8423033,-1.3672544,0.88462734,0.001290557
-1.126981,1.1715833,-1.5780112,0.018735169
0.9609816,-0.2568009,0.5936578,0.01715103
-0.649022,-0.40259778,0.16061868,0.0068886247
1.0924741,0.3612102,1.6762173,0.019375049
-0.36155856,1.383898,-1.6767824,0.052156907
1.0324029,-0.950265,-0.4104283,0.013324049
-1.2910435,-1.179701,-0.973983,0.0017531659
-0.82202184,1.0994806,-1.0463859,0.020123154
0.572249,-0.8200724,-0.2815537,0.012210376
0.41126475,0.57366085,-1.5800356,0.056821175
-0.39197165,-0.2525531,1.3451449,0.0068777273
1.0737792,0.49144524,-0.6088143,0.04112412
1.2180067,1.3503819,0.6010869,0.03894852
-1.2018361,-0.88544583,-1.0119396,0.0033345518
-0.87234557,-0.84753036,0.008328998,0.0038063698
1.6242228,0.87062466,-1.2181221,0.07904667
-0.53401864,0.10322915,1.3819643,0.0075003295
-0.5634427,-0.1869387,1.4481034,0.00607064
-1.6193653,-1.5396707,1.3517389,4.259855e-05
-0.9391755,1.4985256,-0.60241145,0.01590407
0.4773955,-0.059844762,1.0684123,0.013934392
-0.18018442,-0.3174516,-1.4364451,0.022599336
-1.2030635,-0.71588284,0.7874166,0.0020166417
0.08755146,-0.3406051,-0.21301143,0.014120153
-1.12934,0.86254966,-1.4247124,0.014907504
-1.4140673,-0.033633504,-1.3798299,0.00454682
-0.90127116,1.512523,-1.6087502,0.030254442
-1.4602522,-0.09481731,0.3210287,0.0016822532
-1.0495214,-0.24574246,-0.6223651,0.0063246135
1.7688072,1.0006123,-0.79224753,0.0688005
0.3724562,-0.03872565,1.6347411,0.011731095
0.5779038,-0.3445748,-0.52441096,0.020392308
-1.5592383,0.59527504,0.57858837,0.0011888441
-1.0840296,1.3953055,-0.30340123,0.01092451
-0.52613604,0.44619143,1.0352386,0.009742374
0.31647387,1.2327783,0.5117843,0.026478456
-1.468363,1.1477761,1.0870925,0.002282381
-0.694954,0.50472885,0.44770274,0.010045639
-0.9839532,0.61897635,-0.37749708,0.009911595
0.051924326,0.5749533,1.5176075,0.013794378
-0.593733,0.18945391,-0.123423696,0.011522741
-0.07219883,1.504649,-1.0294882,0.04278036
-1.1199503,1.6321248,0.53373617,0.008314567
-1.1350473,0.63358957,-0.20942493,0.007299432
-0.95765877,-0.08109128,-1.2751611,0.011349576
-0.5423976,1.5853868,0.22382255,0.018408077
-1.3122504,-1.3634903,-0.4001434,0.00086387893
1.4912726,1.3005016,-0.68515277,0.06669643
-0.29466915,0.9396492,-0.8209449,0.027346745
1.529038,1.1373847,-0.73210704,0.06529419
0.5837983,-0.12844662,-0.6967174,0.025455749
-1.4113121,-1.3067588,0.16788699,0.0005846232
1.2390639,1.2627451,1.6589042,0.029208848
-0.4267387,-0.76300687,-1.0079972,0.010013683
-0.61306244,0.4700707,-0.80248135,0.017215995
-1.3825035,1.0042982,-1.1526847,0.0070873164
-1.6651208,-1.6385071,-0.06613114,6.2267e-06
0.5399281,0.12367245,0.11952996,0.02094632
-0.329081,-0.6185851,-1.1802548,0.013636067
0.717694,1.2564359,0.7838585,0.029673366
-1.3663015,-1.1141539,-1.5418785,0.0022450387
1.3258588,1.0758224,1.5893099,0.02865579
-1.217131,1.1046969,0.32239825,0.0061748135
-0.2502491,0.97818786,-0.17409872,0.021746982
0.40689373,1.6970417,-0.61614215,0.048028603
0.93630695,0.2734781,0.77050894,0.021889633
1.4376056,-1.5889555,1.253708,0.0018724705
1.6161232,1.2636714,-1.1247501,0.08579624
-1.3185219,0.1680097,-0.43160018,0.0042342735
0.48060524,0.04177061,1.2638829,0.014091924
-0.6936673,-1.6703103,-0.3229264,0.00048448454
-0.14158984,-0.38887763,-1.2660705,0.019681782
-1.2419952,-0.84771377,-0.5530866,0.0025521226
1.6159499,1.7311953,0.05841441,0.058976036
-1.2169533,1.2604388,-0.32168904,0.008163691
0.9676524,1.3202281,-1.178369,0.07241527
0.65244603,1.2125638,-1.0773361,0.05806536
0.6068325,-1.084527,0.4636302,0.0068969326
-0.88401955,-0.7492987,1.1779488,0.0029546684
1.6126653,-0.6821853,1.5620921,0.011962446
0.42563388,-0.6989674,-0.19513544,0.012476776
0.26871186,1.3773493,0.6601243,0.025954166
-1.4706597,0.6050293,-1.3655177,0.0048369975
0.7701653,1.4177059,0.91460454,0.03084331
-0.21123359,-0.07552837,1.6408352,0.008196002
-0.7418896,-1.5626273,0.89377725,0.00071344286
1.5265403,-0.5039636,-0.68025434,0.027534392
0.43114257,1.2441809,1.3998963,0.022255642
-0.9057729,1.0787024,-1.6281465,0.02649273
-0.82458663,0.55186695,-0.20710638,0.011091881
-0.035099775,-0.5096054,-0.4266485,0.012580164
1.0088334,-1.6364744,-1.7147214,0.0041157007
-0.3929621,-0.93919337,-0.9810922,0.008334933
-0.9355666,0.9247806,-1.2527473,0.018473702
-0.54264814,-0.7033258,0.46085042,0.005376965
-1.2395576,0.8490006,-0.1438509,0.00626355
0.6613899,0.4875511,0.78816074,0.021548767
1.3803035,-0.66939807,-0.3874384,0.020103557
-1.5743191,1.0791826,1.4163233,0.0010031722
0.4471635,-0.5589112,0.19367523,0.012462949
0.9368925,-0.051661067,1.4233022,0.01558431
0.3594602,-0.66380936,1.3942766,0.007826453
-0.56621265,-1.6632366,-1.4580064,0.0010729867
0.9461076,0.29070935,-1.1547877,0.047111124
0.9522581,0.5155944,1.0339458,0.022987628
0.6911772,-0.8796049,1.6223143,0.0069292835
-0.25549886,1.0868739,-1.4673927,0.04338363
-0.40892372,-1.5725367,0.024211144,0.001194073
0.23140769,-1.6903589,-0.661493,0.0008249655
-0.25710526,-1.0806098,1.6166289,0.003201727
-0.46610466,-0.6016454,1.4263637,0.004879316
1.1480762,-0.18869919,1.2495308,0.01614235
1.5273204,-0.33340344,0.92367035,0.01804723
-0.12335475,0.8103549,-0.16209856,0.022129955
-0.33847284,-1.5383277,1.5844569,0.00097292615
0.072284035,0.26607725,-0.8049388,0.02575734
-0.05568595,0.037320912,0.083982274,0.014785902
0.4612187,0.47186247,-0.45300725,0.029634573
0.5298059,1.7570219,-1.2543278,0.0722581
-1.517166,1.0903981,-0.8151386,0.0032959124
-0.58845323,-0.96802855,0.4156446,0.00391255
1.4975756,-1.4359078,-0.15422972,0.005592759
0.7180933,-0.41941497,-1.1391177,0.027818186
-0.03851318,-0.8763399,-0.21936461,0.0081597585
-0.991251,0.62182254,0.29579756,0.007726857
-1.0065786,0.022970688,-1.2030338,0.010746039
-1.4956543,1.422934,1.0367106,0.002197091
-0.5142634,0.69841105,-1.4616766,0.030499926
0.6287891,-0.3168933,0.015502823,0.017276408
1.1453458,0.06734341,-1.4064127,0.052945975
0.8423462,0.42847344,-1.5502752,0.06282846
-1.4752915,-0.21163839,-0.21436514,0.0017481853
-0.988593,1.4275311,1.558405,0.007422328
-0.22466095,-1.3697929,1.6232961,0.0018653305
1.7132459,0.86496454,0.6165788,0.038311075
0.29629916,-1.115461,1.3307925,0.0045083296
-0.3988816,-1.5356095,-0.94015396,0.002174781
0.75970525,-0.3546168,0.9663648,0.013365871
-0.6088522,0.8647868,1.0474136,0.010727825
-1.0676361,1.2508136,-1.6429609,0.022459583
1.3042576,0.4486439,-1.3175993,0.0637558
-0.73599494,-0.14533684,0.7413388,0.006296471
-0.29811847,-0.09186764,0.15783095,0.011380631
-1.6662294,-0.70688856,-1.1639094,8.279669e-05
1.1998558,-0.15116167,-1.3567581,0.045929685
1.3520477,-0.1148165,1.2408141,0.018164156
0.6748511,1.5050474,0.18675648,0.03772273
-1.1537846,1.03722,-0.0047378535,0.0076479106
-1.6526843,-1.4020538,-1.6618863,9.887592e-05
-1.3516884,0.014114319,1.5065482,0.0019664306
1.3314928,-1.076069,-1.1367282,0.017725246
0.8740516,-0.2726501,0.764646,0.015636705
1.4964992,-1.3924482,-0.20753022,0.006482733
0.9494278,0.46452227,0.05505157,0.029972019
0.4830594,-1.2627084,0.8426888,0.00429683
0.030285073,1.7449458,-0.4586291,0.03727581
-1.2626907,1.3364509,-0.4829522,0.008044325
-1.4284927,-1.2051027,1.3687375,0.0004805478
-1.5638272,-1.6507229,-1.3175113,0.000111491325
0.75220746,0.07552627,0.7636514,0.018394468
-0.7984573,-0.48464695,-0.4443366,0.006909894
-0.29947194,0.5236887,-0.5750199,0.020567833
-0.9440583,-1.1849529,1.1492164,0.0015572946
-0.2666977,0.72752285,0.2891295,0.016655866
-1.1650842,-1.5138975,-1.6005487,0.0014550202
-1.0782458,-0.9223678,1.5344335,0.0016956733
0.6184666,-0.9187263,-0.85348105,0.014314374
-0.4647188,0.85877687,1.484371,0.010929159
1.1104196,-0.039263785,-0.5401634,0.030882213
-0.50538707,-1.6851685,1.6743175,0.0002657803
-1.2162931,-0.99869037,0.5059186,0.0015451359
-0.25673464,-0.80794,-0.08393503,0.007251779
-0.7877434,-1.626718,0.6549353,0.00048154104
-0.47978088,0.23227225,-0.054364473,0.01269764
-1.5924988,0.6342045,-0.8531045,0.0014752934
1.010779,-0.31620196,0.93890256,0.015258287
-1.1519423,-0.69379574,1.1134838,0.0020954714
0.9128246,-0.003846078,-0.21618174,0.025701804
0.82871723,-1.3915918,1.6151804,0.0030426567
1.2776397,-1.0652089,0.108176485,0.010279833
-1.273965,-0.03332183,-0.90958107,0.0053068628
1.2858452,1.5709202,-0.9372341,0.07677145
-0.7670827,-0.5345721,1.1550788,0.0041397717
0.6862547,0.8794959,-0.696932,0.04311679
1.6646161,-0.6860589,1.084254,0.01357267
-0.19575202,-0.46184018,-1.6699247,0.024047477
0.03383173,-1.6691749,0.058249466,0.00074354495
-0.34938157,1.465473,-1.1880761,0.03826443
-1.3909671,1.721189,0.6085287,0.0042739618
0.8737021,-0.030147374,1.3944042,0.015504
-1.6626359,1.1254717,0.6751729,0.00015333414
1.1163732,1.4469103,-0.5916773,0.059084132
1.3358414,0.8813588,-1.61274,0.09526715
1.6759692,0.9135811,-0.81499,0.06554997
-0.35911095,-1.6692562,-1.0143228,0.00090365316
-1.3679868,-1.6475656,1.6397457,0.00010887453
0.4343831,-1.3445106,-0.92471546,0.006689553
0.99861306,0.55752575,0.6633891,0.026327964
-1.6670983,-1.5160582,1.3783282,6.8040667e-06
-0.34378934,-1.3371236,0.6184845,0.00239376
-0.98530847,-0.8465431,-1.5086122,0.0069376403
-0.10349006,-1.6159003,-0.19610874,0.0012205929
-0.80060244,0.009203512,-0.51087576,0.0098459115
-0.65688115,0.26083165,1.1060828,0.0077653127
-0.49961743,-1.0234805,-0.16210374,0.0047746906
-1.5895853,1.1596199,-0.091557816,0.0013515865
1.4603356,-0.6615766,1.5274718,0.011719268
1.4910338,-0.48882905,0.40791667,0.018394701
-0.22302888,1.3481988,0.7955159,0.018497556
-0.14899112,1.5184087,-0.5540203,0.032485615
-0.65576565,-0.19514716,1.1226828,0.005989287
-1.5082203,-1.2570746,0.24610049,0.00040069144
-1.6289239,-0.876414,-0.34606376,0.0002421858
0.68726957,0.2310264,0.33017287,0.022059787
-0.89848703,1.0388895,-1.3533597,0.021572985
-1.0600946,0.8833433,0.062240686,0.008329663
-0.08723034,-0.77062476,0.7870258,0.0064258687
-0.5264036,-1.657594,-1.6097766,0.0013235965
-0.51005805,-1.5339643,-0.91357666,0.0019730602
0.1024918,-0.5533189,1.0755157,0.008140461
-0.31817618,0.028916629,0.038028724,0.012526473
-0.5458681,-0.78399336,-0.059458982,0.0058681066
-0.77751017,-1.3852949,0.17439856,0.0016359455
-1.3545276,0.1923782,-0.77206993,0.004482358
1.4913368,-1.3906394,1.4198331,0.004033877
-0.6421028,-1.3451864,-0.17129353,0.0023556086
0.50353324,-1.4244523,-0.6265267,0.004818621
-0.5504383,-0.47024825,0.9034755,0.0057583526
0.18710999,1.5619073,-1.4310249,0.06474069
1.6528798,0.69508904,-0.3178521,0.048098862
0.84066755,-0.20192298,0.17223322,0.019323088
-1.4454188,0.3691853,-0.5341469,0.0031458759
0.73074865,0.7079235,0.9341696,0.023433326
1.6820601,0.017088968,-1.4682248,0.063994825
0.5002675,-1.4132344,-0.49626374,0.004701627
1.2018435,-1.0779048,-0.72306556,0.013647499
1.7451743,-1.1892463,1.588916,0.0065165246
-0.2167595,-0.03787479,0.6847486,0.010597087
0.40462846,-1.6048373,-1.2826034,0.0029431833
-1.1499281,-0.31328547,0.6649547,0.0032219416
-0.30778134,-0.63697577,-0.037372213,0.008118464
1.3226805,1.7346445,1.5718942,0.035428893
0.9300963,1.4379003,0.94724464,0.03278659
-1.0427198,1.02949,-1.004376,0.014223043
-1.3339589,0.10557038,1.5305965,0.0021695707
-1.1298261,-0.5632075,-0.30823386,0.003817459
-1.6525772,0.45591167,-0.3921719,0.00030359856
-1.2818652,-1.2096288,0.512836,0.00095242803
-0.37877628,-0.74407744,1.7060547,0.004304394
1.2095121,-0.34685034,0.5174769,0.018036343
0.33543867,-0.4068332,-1.6587052,0.03375622
-1.2628618,-1.6610018,-0.5494083,0.00024835073
-1.3345425,0.7067297,1.598973,0.0028222108
0.9039676,1.4566647,-0.60649854,0.05511426
-1.2339884,-0.9642763,-0.82752323,0.0025700494
-0.16491474,0.48143324,-1.3704416,0.03395872
0.87336314,-0.19735469,-0.9493709,0.0311293
-0.7499635,-0.057382643,-0.9403196,0.012259468
-0.14065133,0.10945739,0.40940282,0.013125754
-0.10276796,1.532548,0.6855051,0.021877363
-0.36032316,0.24273674,1.638814,0.008761248
-0.8261251,-1.1070685,1.1266252,0.0020677517
-1.4881992,-0.6264853,0.024451738,0.0010965728
-1.3451058,0.86693895,0.92565,0.0034302084
-0.87509006,0.5562386,0.98113114,0.007223255
1.710642,0.04104988,-1.4828733,0.06610644
-0.7847591,-0.22552918,0.8660293,0.0054823416
-1.109441,-0.67818266,-1.1762583,0.0054172315
0.46463397,-0.6180583,1.3258406,0.008716578
0.5218431,-0.9218676,-0.74822855,0.012980412
0.9908324,0.2953284,0.3555575,0.025498258
1.356329,0.50128555,-0.019217132,0.03611101
1.0062721,1.3550122,0.7961839,0.034225233
-1.66054,-0.39091495,0.26630428,9.57701e-05
0.19990231,0.13287134,-1.2472649,0.03287651
1.0904577,1.1446971,0.6950668,0.03384659
-0.112035796,0.7726816,1.0125887,0.01530921
-0.96778154,0.2330484,-0.89568096,0.010729138
1.6891165,0.5478301,-1.1155037,0.0665402
-0.59704787,0.09821844,-1.1708752,0.017719112
-0.93344754,-1.5034084,-0.8369051,0.0013765772
-1.5056235,0.07470479,-0.21755156,0.0017603657
0.12408486,-0.37800178,0.12753071,0.012434394
0.81037253,1.5956296,-0.01305347,0.043880627
0.428411,1.5960096,-0.45536456,0.043960676
0.38774148,0.35612038,1.0652702,0.016646558
-1.2590417,1.580473,0.08986383,0.007058582
-1.5613102,-0.899918,-0.99857724,0.0007831473
0.07748042,1.53711,-0.45564094,0.035987068
1.61763,1.5226933,-1.0110892,0.087488
1.0407999,-0.060461186,-0.607072,0.03061953
-0.9556479,-1.4060776,-1.6216642,0.0030254666
-0.17642178,-0.56131226,0.29927564,0.008490235
-1.2225217,-0.4640049,-1.3322128,0.0057265107
-0.78374076,0.035913028,0.6635816,0.006796389
0.3590623,-1.5894312,1.1760585,0.0012435988
0.985026,0.33311778,-1.2791066,0.05262915
1.473876,-0.7253932,-0.90765136,0.024872942
-1.5341299,-0.44395828,-1.3585,0.0018437525
1.198727,-0.90251195,0.4575856,0.011068174
-1.1675941,-0.36489406,0.3315162,0.0033152264
0.69210726,-1.6282947,-0.8877488,0.0022586344
1.5046644,-0.92658955,1.0369596,0.01013286
0.0713369,0.16902763,0.71200114,0.014112281
1.6141421,1.1605188,-1.5533402,0.1098833
-1.420362,1.6067847,-0.09439359,0.004646113
-0.61070824,-1.3249946,-0.7405759,0.0032298584
1.0517049,0.74615,-0.29884362,0.039934028
-0.3280889,-0.9856191,0.9557329,0.004071054
-0.30540994,-1.3543993,-0.18573894,0.0030693708
-0.67070127,-0.07069794,-1.1942065,0.0152124725
1.2343636,-1.0031388,1.2076633,0.008060834
0.89195937,-1.5094906,-1.571393,0.0072890325
0.59907186,-1.6385262,-0.59100115,0.0017328216
-0.92073524,-1.1716324,0.6610869,0.0018723046
-1.3509489,1.4535902,1.5177091,0.0035666083
0.23343952,0.98873943,1.666592,0.017362531
0.55744106,-0.69010246,-0.40456092,0.014509353
-0.74806863,-1.1715838,0.572402,0.002360379
-0.43475246,-1.3475062,-1.5098591,0.0055913217
1.210357,-1.0328487,-0.33525154,0.012361662
0.18435155,-0.7176582,-0.5353736,0.012432792
0.12485994,1.0642368,0.4867995,0.022748841
-0.37671492,0.5830033,-1.1266645,0.026241377
-1.5125725,-0.6716602,0.370264,0.00081755343
-1.5722817,1.2188927,0.8867154,0.0012255257
-0.7761481,-1.0869203,1.3380917,0.002144074
-0.8283456,-1.4275193,-0.29145133,0.0016138532
0.58374923,0.39108536,1.5687675,0.01642577
-0.4542373,-0.96397257,-1.6242435,0.011685633
-0.6266621,0.50768775,-0.48781157,0.0149947945
1.6892716,1.4984859,0.65043664,0.046787493
0.64707804,-0.82577235,0.4396411,0.009802819
1.2750039,-1.2217458,0.80820096,0.0064232
-0.7866503,0.6695263,-1.1410499,0.01877707
-0.6563631,-1.5832616,1.0569788,0.00066583866
0.6801771,1.5776112,-1.6134512,0.094265945
-1.100394,-0.82462937,-1.179026,0.0047622994
-1.0787424,0.8580171,-0.11778273,0.008523862
-0.036036637,-1.3931588,-1.6701195,0.007438312
-0.5828091,-1.184872,-1.6340762,0.0075911074
-1.2440068,0.20077093,-1.5261834,0.00946423
1.0687665,0.63256174,1.3804293,0.023183811
1.4321847,1.3720024,0.375947,0.045049813
0.32655334,1.4792954,-0.54914427,0.042009845
-0.25272912,-0.09442441,-0.07154899,0.012701655
-1.548196,-0.21952595,-1.4984974,0.0021435618
-0.5801878,0.29786378,-1.623633,0.027210355
0.48563161,-0.4021434,-1.1991297,0.026358044
0.85928285,0.06676392,-1.6631293,0.057724077
-0.17058131,-1.6605548,1.1294501,0.00052784727
-0.63377655,-1.4384694,-0.6021655,0.0021814725
1.0068781,1.2133135,-0.46473703,0.049839992
-1.3245113,-1.021995,-1.4805034,0.0027867062
1.1356945,1.3932887,0.2836248,0.042232096
-0.62103474,0.20004748,-0.2587151,0.011879405
0.07351225,0.43569002,-1.1706234,0.03397171
-0.2932083,1.6070133,1.100668,0.017604593
0.2559647,-0.9724048,1.4473008,0.00525973
-0.4733339,-0.2710955,-1.2255895,0.016341396
1.2995034,0.3187581,0.9725285,0.02414879
0.002375628,0.6083303,-0.2799214,0.023042742
1.3916007,-1.7066228,-0.017156389,0.0007634085
1.7031374,0.6325859,0.7303881,0.033705376
-0.791952,-1.0314482,-0.31418258,0.0037597814
-1.2093037,0.23808786,1.4588703,0.0032259256
1.4289796,1.1979736,1.056177,0.035124492
1.3967927,-0.16855267,-1.1162344,0.04186476
-1.2679287,-0.048865445,-1.0465304,0.0057401583
-0.08599043,-0.12471367,-1.7032678,0.03350751
-1.651283,1.4760324,0.54915434,0.00033979217
-1.362746,1.0074396,-1.2932969,0.008252231
0.37980637,0.30291227,-1.4410435,0.044625275
0.50535053,-1.0527327,-1.1022061,0.013037039
0.41225252,-0.9492469,-1.6996111,0.021668028
-0.42160597,1.4092562,-1.3999183,0.040689934
1.636134,1.2734529,1.5315846,0.03427103
0.29340643,1.026244,0.95879227,0.021513565
-0.9691691,-1.3659495,1.5213808,0.0009383064
-0.050356314,1.3779842,-0.8343721,0.037671987
0.46076044,-0.16146916,-0.7056327,0.023677625
0.6502984,1.3039756,-0.60377526,0.047273114
-1.1706748,1.5360111,0.032620978,0.008610193
0.6926625,0.19981387,-1.2341564,0.0426437
-0.8327552,-0.72579235,0.2509473,0.004177779
-1.3840017,1.6629536,-1.1020888,0.008484126
-0.89359784,-0.91065973,0.27056533,0.0031591083
1.7081819,1.157242,1.5728759,0.033359133
1.519498,-1.6814035,0.28925675,0.0011019356
1.5894705,-0.5469043,1.2523513,0.014384061
1.058178,-1.5281677,-1.2246096,0.005651907
1.3482842,-0.78293806,-0.24340563,0.016831325
-0.18338203,0.75442123,-1.0618495,0.031196615
-0.90052235,-1.2546977,-0.19155768,0.0021739027
0.9077245,-1.5157543,-0.68440574,0.0042384528
-0.8453301,1.2657319,-0.97647476,0.019946866
-1.11519,0.94668275,-1.6605558,0.018878076
-0.5028471,-0.012421415,-0.63800913,0.013780499
0.40859807,-1.2343322,0.2291552,0.0052585956
0.93380064,-0.45961943,-0.3031912,0.019812731
-0.621817,-0.5632211,-1.601116,0.014919021
-0.96655375,1.0941691,1.2896938,0.0073014456
0.2794816,-0.5690418,1.2730423,0.008411991
-0.96804684,-0.5002529,-1.0368036,0.0072891572
-1.074191,-1.2411958,0.17372267,0.0015239109
0.9449188,-0.822396,1.1399244,0.009159124
-0.24217352,0.96011305,-1.6325632,0.04744593
1.62099,1.141169,-1.5190833,0.10659592
1.7226033,0.26262593,0.9524006,0.026978012
0.56230956,-0.6537476,-0.03496519,0.01307371
0.6399042,1.697884,0.54618555,0.035212792
0.44377577,0.354341,-0.715432,0.031240229
0.0741245,-0.6727593,0.31058133,0.008951419
-0.07811793,-0.6033924,1.1386046,0.0068978905
0.0708232,-0.23956816,-0.4212738,0.016263539
0.6903118,0.84153384,-0.5559035,0.039967794
1.648523,0.65080655,-1.6369288,0.09785045
-0.399206,1.2832065,-0.2660585,0.022413943
-0.6809045,-0.07249663,1.0877904,0.006356902
-0.36993635,1.4630219,-1.6246952,0.05089897
-0.7849478,-0.70830756,-0.13365586,0.0051223096
0.34001395,-0.8040249,1.251476,0.006988809
1.3327813,-0.6433587,-0.4913175,0.021153212
1.3939741,-1.6449903,-0.6357334,0.0022516302
0.8379167,-1.1489059,-0.5191804,0.009741375
-1.2203652,-1.5863035,-0.69705164,0.00052819034
-0.8772311,-0.09721689,0.20470236,0.006472976
-0.33126414,0.023429278,-1.6551666,0.02968324
-0.2703156,-0.4501221,0.65562946,0.007819635
0.18880899,-1.1963431,-0.43486145,0.006427551
-1.533898,1.6042156,-0.21968631,0.0026959586
0.58321726,-0.57653075,-0.11685668,0.014543057
-1.2667657,0.84585655,0.95887643,0.004173609
-1.0426434,1.2329403,-1.0681826,0.015806764
-1.3847632,-1.1505201,-1.5644141,0.0020253477
1.5478507,-0.21328616,-1.2437501,0.046042148
-1.583791,1.0244082,-1.2613459,0.002380227
1.3464193,1.7134978,-0.8374433,0.0776795
-0.010748072,-0.2152897,1.3560778,0.009118764
-0.15315352,1.2826126,-1.3301138,0.04526807
1.1244314,-1.3750148,-1.0109055,0.008598094
-0.11203949,-1.1371087,-1.4015688,0.009903203
1.1273173,1.4546454,-0.8640649,0.067555316
1.2924212,-0.15986294,-0.04916892,0.025251606
-1.4481925,1.7461809,-1.0485977,0.0065753097
0.70987606,0.13485809,0.01722548,0.02349318
0.3722909,-0.7233112,0.5796908,0.009206887
0.4174723,1.678913,-0.293257,0.041989017
0.29859665,1.5464587,0.74037284,0.02715815
0.51826173,0.17022668,0.39332214,0.01946939
-0.78140426,-1.060462,1.6588007,0.0020589838
-0.17320547,-0.06939794,-0.08865267,0.013697917
1.6835709,-0.8398774,1.4882778,0.010598854
1.2042974,1.2897571,1.2850794,0.031742062
-0.017553942,0.08838906,0.8204188,0.012454751
-1.5727527,0.37747812,0.9714173,0.00085530657
0.12263717,1.0745816,-1.1515763,0.044615846
-1.1257094,0.5900194,-1.1516516,0.011300344
1.447735,-1.0922605,0.73278445,0.008631298
-0.99845314,1.4694154,0.6229233,0.009400293
-0.077203654,1.0884546,1.5495747,0.015464552
-0.33510706,-1.0800593,-0.22463827,0.0051401383
0.35364643,1.3380362,-0.31677914,0.03700441
1.6679109,0.50632334,1.1769124,0.02809897
0.2108057,-0.33974352,0.054552905,0.013731063
1.0446626,-1.2522949,1.6120923,0.0045793382
1.3840606,-0.28529483,-0.87731236,0.033977512
1.437607,-1.7193505,-0.5646602,0.00070041703
-0.54765767,1.0117207,0.07330196,0.015952285
-0.33805913,1.2819617,0.91542464,0.01613983
0.8772069,-0.50004596,-1.5071726,0.035433535
-0.42281672,1.6390072,-0.4818702,0.026802596
0.8536561,-0.6451087,1.2468448,0.010249131
-0.32912207,0.30833352,0.35681808,0.012950588
-1.1210227,-1.2201297,1.2137524,0.0010898404
0.748214,-0.06760471,-0.582929,0.026917817
0.3112155,0.71852374,-1.0840192,0.04145501
0.81504905,0.76518816,-1.1739229,0.055766564
1.7582617,-0.052206546,-0.9669255,0.04627311
1.2230424,-0.8809798,-1.2921304,0.024179064
1.679887,1.2374743,0.85052186,0.04060132
0.13933524,1.1724732,0.46087554,0.023998197
-1.4344181,0.28937533,-1.1002427,0.0041905507
-1.1611097,-0.80283254,1.5739055,0.0016553827
-1.0227145,0.3801262,0.48821738,0.0062414003
-1.4706486,0.011539074,0.63848263,0.0015491323
-0.81616205,1.6153328,-0.7248786,0.020329516
-1.5383697,0.26774138,1.1885974,0.001025538
-1.5418961,0.14262621,-1.2128915,0.00230008
-0.9820345,0.12718587,1.2514627,0.0047608023
-1.6507794,0.9434936,-0.9345962,0.0005125114
-1.0100359,-0.014922572,0.72882026,0.0048376005
0.70389044,1.515931,-0.6224962,0.052146733
1.483665,0.924093,1.1152867,0.03194519
-0.46517766,-1.3235358,-1.4418893,0.005500009
-0.45383775,0.0068110735,-0.33593592,0.012781112
0.9667948,-1.4875895,-0.464689,0.0044044764
-0.8025959,-1.3449829,-1.0283346,0.00291979
-0.7672221,0.34890634,-0.84487516,0.014207442
1.1083293,0.40247396,-0.4830538,0.037879027
-1.4535172,-0.14724402,0.17721686,0.0017595773
0.25774872,1.6802281,1.2186102,0.024432778
1.568626,-0.938991,-0.28327253,0.015389395
0.34250754,-0.73101676,1.6831858,0.0068200263
0.51552814,-0.27512333,-0.8185465,0.02379596
-0.9559181,0.017506003,-0.88545895,0.009675361
0.02338907,-0.14229691,-0.09055803,0.014830596
0.14185265,1.5920678,-0.31197602,0.035796933
0.46987,-0.7367574,0.54480183,0.00961723
0.7163555,-0.9141016,1.5866015,0.00678063
1.5437313,0.15815598,0.58733845,0.02679656
-1.2675018,1.3291966,-1.4386216,0.013247999
0.098778635,0.42472264,-0.5879526,0.025513599
-0.813387,0.9553309,-0.34226835,0.013912048
-1.3153213,0.34766006,-1.565467,0.008749308
-0.090768784,1.5073818,0.53029305,0.02287566
-1.4689065,1.0642972,1.4988382,0.0020022609
1.2491636,1.2666712,0.85238487,0.035716433
0.24662255,-0.23030588,-0.034957,0.015551585
-0.88111204,-1.4507728,-0.13173959,0.0013232995
0.9472046,-0.8283409,-0.80552906,0.017715016
-1.5829093,0.60661644,-0.19180948,0.0012247236
-0.61904436,1.2419837,1.5059361,0.010880502
-0.28839073,-0.68104815,-0.88426906,0.011291014
-1.4163986,1.4635962,0.27394238,0.0039871703
-1.0480579,0.25987753,-1.261571,0.011840484
-0.23396492,0.013824473,-0.47078055,0.015995119
1.3539939,0.07546771,0.098556586,0.028106315
1.7103261,-0.30422089,-1.2983011,0.047093377
1.1430048,1.6550974,0.4658813,0.04335446
-0.9812929,0.08330342,-1.4763423,0.01380146
-1.0796331,1.0852226,-0.7028021,0.011755269
1.5502164,-1.4791508,1.1947144,0.0032797288
0.65636927,-0.90027374,1.6107721,0.006683124
0.092909634,0.2047887,-0.13526656,0.019069938
0.28023776,1.4126805,-1.2289613,0.056898333
-1.3370793,0.845037,-1.4116532,0.00908964
-0.5279094,0.34215674,-0.42317152,0.0148035
1.7050968,-1.73264,-0.8777156,0.0005406277
-0.37763062,0.03992995,1.3648325,0.008270868
-0.039247807,-1.1553526,-1.2257434,0.008978633
-1.3829523,-1.4965072,1.0332702,0.00028989904
-0.916332,0.24758352,0.32573268,0.0071549187
0.011982031,-1.1071182,-0.5235108,0.0070045847
-1.0226898,1.6048329,1.3996011,0.00772418
-0.1664341,-0.9501357,0.9551908,0.0047708894
0.74806905,0.5742208,-0.061027892,0.03024349
-1.6375922,1.0402458,-1.1654524,0.000928959
0.55870396,-1.361583,-0.50662756,0.005584618
-1.0916669,0.907878,0.5530396,0.0068302266
-0.79343337,-0.22890806,1.4877808,0.0046430877
0.70837027,0.9191155,-0.58073515,0.04192777
1.4166102,1.7106379,-0.71496505,0.07489324
-0.4235762,-0.7434814,-1.6796446,0.016039776
-0.6599839,-0.7556973,1.0551084,0.0038852666
-1.5102407,1.4057252,1.676013,0.0017249662
-0.84098107,0.20261222,1.181967,0.0060617216
-1.460984,-0.1687596,-0.9583024,0.0026768374
-0.3470391,1.3425528,1.2299019,0.015095515
0.39860198,-0.84379864,-0.52182096,0.0121068265
-1.5664573,-0.08010105,0.8973406,0.000726996
1.5509404,1.216154,1.003687,0.037227757
1.127725,0.69489825,-1.4017252,0.07051955
-1.6389159,-1.1319596,0.42424968,0.00010304726
-0.77549005,0.46444377,0.6849851,0.008450439
0.608898,-1.3355252,-1.0338254,0.007843131
-0.3067178,-0.9493111,1.5875688,0.003716445
-0.1405421,1.1389264,1.3403738,0.015867338
-0.73050743,-0.46239385,1.4350253,0.0042644567
1.43056,-0.8899497,-0.016434882,0.014157655
-0.9156278,0.13162759,-0.9202062,0.011069991
1.4754391,0.4370729,-0.93986243,0.053902287
0.1582799,-1.0875957,0.6063366,0.0052890726
0.39337704,-1.180462,-0.3422757,0.0070668766
1.3907952,-1.6982685,1.3646725,0.0006048667
-0.23662932,0.4617447,1.4380144,0.011133359
-0.93344545,-1.1291684,0.13165192,0.0023240317
-0.23140831,0.14100467,-1.4075499,0.02822022
1.4440525,-0.3869444,0.6810463,0.018072914
-1.2307954,-1.1443634,1.536619,0.00092481927
0.43808642,-0.55497843,-0.43247953,0.015656028
-1.6455393,-1.3465346,-0.90012515,9.2351096e-05
0.9501723,-0.92511934,-0.4028541,0.013282701
0.6834965,-0.048049215,0.24522278,0.019444834
0.12016473,-1.4983438,-1.2757329,0.0043383045
0.78636324,-1.5372854,0.91661423,0.0021182909
0.049088478,1.3256372,0.7334773,0.02218001
1.0002072,0.17250158,-0.6578344,0.03510079
-1.31628,-0.7718068,-0.6374113,0.0023783797
-0.20577706,-0.05170682,-0.81617767,0.018351337
0.8112018,1.3124406,1.3421278,0.027238553
1.762276,-1.461988,1.0180819,0.0038827541
0.92449117,-0.926617,0.4874107,0.009641948
-1.2052826,-1.2663395,-0.077995844,0.0012354126
1.3717895,-0.12116709,0.42827913,0.022705756
-0.33692515,-0.05375652,1.6567258,0.0075628315
-0.3205909,-1.3652251,0.54305786,0.002321483
-1.5182905,1.2288446,-0.8578235,0.0035047487
-0.223968,-1.3451786,0.6636928,0.0025259634
1.265401,1.6506028,-0.682763,0.06896298
0.28732124,-1.2051206,-0.06194493,0.0057743997
-0.9560263,-0.23445292,-1.1075498,0.009346733
0.57730514,0.3360429,-0.05120372,0.02514797
-0.50510395,-0.7757217,0.088698275,0.0058241617
1.6196277,1.6259652,-1.0429481,0.09187966
-1.4477525,-1.206996,1.1036566,0.0004709937
-0.49689043,-0.09075674,1.5859187,0.0066175354
-1.6158844,-1.2859186,-1.4380497,0.00029229262
-0.631154,0.495561,0.49692053,0.010500024
0.5901116,1.5079075,-1.1878324,0.06623175
1.7050909,1.6399517,-0.34242865,0.0683626
0.33641022,0.21584022,0.8220814,0.016152702
1.7356516,-0.87461156,-0.031095766,0.015906388
0.38412872,1.7178746,0.51971596,0.031750217
1.0418586,0.13822646,-0.55761087,0.03349182
1.4278777,1.1980217,1.6387264,0.030570338
1.4868866,-0.90766203,-0.80758214,0.019549368
-0.9168773,-0.81025773,0.32064092,0.0033760814
1.6306437,-1.4547126,0.1754273,0.0048880465
1.090479,1.6268173,1.1694221,0.034834653
-0.75817376,0.29888928,0.17451736,0.009309032
-0.7747501,-1.2576226,1.0349638,0.0017219178
-1.3974459,0.1580483,0.4417488,0.0024137204
0.4796924,-0.7483049,1.0945812,0.0082251895
-1.3488815,0.0947852,0.020779757,0.0031420041
0.77470577,0.5912193,0.57237744,0.025122998
0.59105897,-0.8668464,1.6938715,0.0066272714
-1.4492123,0.3140572,-0.5606979,0.0030483252
0.5164876,-1.1047877,-0.70009494,0.0098769665
-0.09292667,0.34609392,1.2462783,0.012147644
0.83394194,-1.693105,0.65607953,0.0006499492
1.035406,0.28738755,-1.6227016,0.06696343
-1.6650939,1.7560344,0.6101429,0.00015309521
1.6266977,1.6285545,-1.6860076,0.1424287
1.491569,0.6490698,-0.9337522,0.05923272
0.732438,1.3023424,0.671448,0.031275146
-1.5269907,1.7186015,0.90413755,0.0020521146
-0.5681005,0.50573504,-0.3888825,0.015186477
-0.45199504,0.59402776,1.4534115,0.0099960305
-0.39548382,0.23577099,1.7065239,0.008371345
1.0184127,1.5655546,1.3388261,0.031969566
0.6733396,1.5192696,-1.5789729,0.089869484
1.4115447,-0.8211155,-0.6258874,0.019328225
-0.5979009,-0.065546826,0.10359784,0.009209353
0.6267836,-0.8802419,1.3955203,0.0070944107
0.65994775,0.6385927,-0.2891489,0.03260243
-1.3868444,-1.6991886,0.35798255,7.341639e-05
-1.6235423,0.6298564,0.9033933,0.0004909522
-0.8465466,-0.4763663,-0.8998646,0.008097643
1.2261679,0.6453213,-1.0414326,0.057384234
-1.5743524,0.55632967,1.698191,0.00076723844
-1.4520224,-0.8692831,-0.0392732,0.0010500231
1.0120013,0.92025614,1.2147992,0.02647437
0.97639793,0.75447583,-1.6762791,0.08412514
1.4635824,-1.489762,-0.6567471,0.0056414627
-1.2531018,1.7634866,1.2046598,0.005483258
-1.2134211,1.5222847,-0.16727553,0.008429388
0.9306833,1.1022537,0.57777697,0.032494966
1.5449411,-0.17187089,-1.440255,0.053754665
1.0776879,0.63059497,1.6713754,0.021749327
0.3169578,-0.94568795,-0.85847676,0.012061237
0.6147875,-0.59142375,-0.087812096,0.014407507
1.6818602,0.8377679,-1.1263103,0.07522558
-1.064103,0.7906,-0.7632281,0.011120941
-0.7348066,0.70400816,-1.4738741,0.024979327
1.2518638,-1.6723322,-1.5048018,0.0026352634
-1.1313348,1.4658147,-0.35194394,0.010473853
-0.9025628,-0.7285538,-0.75878835,0.0056536887
1.3044364,1.5304946,1.2682515,0.035588317
0.5905843,1.4574906,-0.009248222,0.038299583
0.60358435,0.6594039,1.3350837,0.019680249
-0.6828415,1.7609127,-0.28870568,0.020350842
0.023382295,1.0178112,0.36357653,0.02191864
1.6234837,1.0394058,1.6491702,0.03067998
-0.9866254,-0.5910241,-1.3304318,0.007843839
0.06069262,1.6397746,-0.74524236,0.04177684
0.86629033,0.46827894,1.4679047,0.019591091
-1.1418695,1.0470644,-0.3948479,0.009090316
1.7198378,-0.39125726,-0.46365422,0.02895802
-0.81334263,1.2819042,0.13695207,0.013100768
-0.36644202,1.5686752,-0.9233048,0.033665814
-0.41885984,-1.3422412,0.122629546,0.0026013914
-1.07522,1.4501895,-0.71504396,0.0134408865
-1.6429095,-1.15674,0.5441262,8.4947766e-05
1.0182894,-1.2053041,-0.3656542,0.008885428
0.5047296,-1.464488,-0.57748085,0.0041443342
-1.5659838,0.5155776,-0.64816934,0.0016804114
-1.0613861,-1.3150854,0.44545165,0.0012226746
1.7494465,-0.65592325,0.8612956,0.015166571
0.705486,-0.8782041,-1.571727,0.024233574
0.7382268,0.47738212,-1.1992168,0.048598234
-0.98331505,-1.7216705,-1.6498637,0.00027490544
-0.7079112,-0.8003068,0.8010856,0.0037814588
-0.21284144,0.019711018,1.2876282,0.009387568
-0.26782817,0.16493808,-1.651726,0.033464216
-1.1330721,-0.78830475,0.44571298,0.0023763878
0.18904531,0.6375951,0.34751004,0.020860083
0.21833019,-1.1547406,-0.9229447,0.008780541
-0.17093179,-1.4842142,0.3702719,0.0018840417
0.28592098,-0.24346629,1.323882,0.010628402
-0.635495,-0.9450415,1.684335,0.0027781585
0.49539077,1.1166043,0.7420316,0.025963973
0.6967113,-1.1965811,-0.3416162,0.0078732865
-0.8600668,-0.14097634,-0.9785234,0.01047634
-1.6606745,0.73810846,-0.65530354,0.00024587737
0.9486778,-1.5350065,0.013156699,0.0029981048
0.4579901,1.369757,-0.12710905,0.036583237
-0.8288047,-0.79314774,1.2527596,0.0029679656
1.7069635,-0.4722604,-1.5536339,0.049694262
-0.73176867,-1.0701603,0.15241939,0.0032129162
1.2110099,-0.6492398,-0.5473874,0.020677915
0.92093813,-0.67204297,0.14234288,0.014037277
-1.3968637,-1.5598979,1.6512989,0.00017959357
1.1579528,0.6084462,0.049327858,0.034520056
-1.536484,0.0011910774,-0.29892582,0.0014259061
-0.9070445,1.7291173,-0.58327544,0.017626114
-0.23998669,1.1946753,-1.7155317,0.055353284
-1.1137788,1.5384488,-1.5575871,0.02125506
1.7297118,0.5248506,0.7476903,0.0322815
-0.2983129,0.93196166,-1.0501462,0.030632392
0.7312429,1.6554428,0.9745327,0.032118287
-1.4907372,1.4523644,-0.48804918,0.0037398897
1.0386385,-1.3460221,0.6189252,0.004774474
-0.48812068,-0.3879491,1.2532984,0.0059176763
-1.2629752,-1.6912186,0.2504066,0.00012443268
0.2989954,0.073436685,0.5890032,0.015698673
0.88155407,-0.6149993,1.4510223,0.010140042
1.5376502,1.5348967,-0.5408349,0.06834116
-1.0048348,0.28519344,1.2626188,0.004977477
-0.8004144,0.026208319,-1.4459348,0.016497036
0.37829134,-1.2667128,1.5723579,0.0033880556
0.5143525,-1.3747765,-0.56450945,0.005422724
0.7093392,0.28399378,-0.06560244,0.026092565
0.99249524,-0.867986,0.9629198,0.00927913
-0.3433933,-0.80173486,0.12520452,0.006373988
1.0040252,1.2417862,1.5014293,0.027628364
1.3170103,-0.91100943,-0.7560873,0.0179759
-0.4027582,-0.7768263,-0.9479227,0.009748233
1.272515,1.3586435,1.5328538,0.031357165
0.8886462,0.6947007,-1.0379897,0.051654723
1.5663368,-0.9935625,1.1814618,0.009154028
-0.93160355,0.54003006,1.653834,0.0056734993
-0.80335045,0.8944223,1.1621273,0.0086176265
-0.45084116,-1.5569468,-0.6505194,0.0016359775
0.1345187,0.33572662,-0.026333334,0.020024378
1.0808917,0.4090785,-1.5493232,0.06812105
-0.9360622,-0.06173957,-0.9364876,0.009749018
0.90944237,1.6949092,-0.35655317,0.05341702
-0.57009953,-1.1568918,-1.136106,0.005735771
1.0876265,0.9612888,0.9902819,0.029246807
-0.03462015,-0.9284357,0.89935595,0.005406819
-1.461759,-1.500441,-0.49260324,0.00034260226
-0.90055335,1.2067219,-0.2711459,0.013290523
-1.1993881,-0.8377742,1.6587198,0.001448151
0.9013621,0.089582026,-0.10676297,0.02588464
-1.1077536,0.932742,1.4583902,0.005299948
-0.09635014,-1.4626808,1.590599,0.001550489
0.4187539,-1.5002345,-0.60361874,0.003529323
-0.897365,0.6062514,-1.6419003,0.022566069
0.54399174,1.5419555,1.6016884,0.02461235
-1.6345714,-0.17946965,-0.9246976,0.00049531105
-1.18519,1.2466934,1.6420768,0.0049031572
-1.5134916,0.6255118,-1.0977895,0.0032726768
-0.47381434,0.50913906,0.31068867,0.012868305
-0.5802888,-1.1156864,0.5070653,0.0031143783
0.29377744,1.6824394,-0.4067937,0.041374616
-0.27133232,0.81326365,1.3388941,0.012885457
0.85678744,0.27906343,-1.558727,0.059243582
1.6261749,1.2521204,-0.7148869,0.069383055
0.6651078,-1.5059359,-0.2713928,0.0033618456
-0.6313905,0.38621506,1.3149593,0.008032527
-1.5656133,-0.82193995,0.7948201,0.00041933425
0.67098236,-0.17195484,1.1042643,0.014054273
-0.8061904,0.5836663,0.7386207,0.008472738
0.92360395,0.7866013,1.5444083,0.022505311
1.1985025,0.41072732,-0.42882422,0.038381804
0.7114891,-1.3558007,-0.531345,0.006118683
1.6632315,-1.0950179,-0.23686838,0.012579171
1.6830137,0.037572563,0.6749591,0.025544481
0.41183716,-0.2980917,-0.5047809,0.01935001
-1.2078012,-1.4668274,0.6301048,0.0005768058
1.5859516,1.7413282,0.47012568,0.051372275
-0.7700867,0.22828682,0.4030529,0.008251548
-0.7663972,-1.2441729,1.3989034,0.001632627
1.4883598,0.7790116,0.27272058,0.038386166
1.38163,0.77181625,1.1391932,0.028981347
0.5675554,-0.8568652,-0.4799553,0.0126786
0.15511349,0.8896806,-1.5449075,0.05510619
-1.4016135,-1.0853537,1.0491226,0.0007022356
-0.13163356,0.6168507,0.7116325,0.015378599
1.6990829,1.6792468,1.4424297,0.040423624
0.48575768,1.1690667,0.6555536,0.02696782
0.19461374,0.8760266,0.033401746,0.025502376
-0.31049216,-0.35136783,-1.2410948,0.017718581
-0.5535667,0.3373595,-1.6298809,0.028552204
1.0736988,0.621225,0.34388068,0.03058308
0.1533648,0.4368555,1.4007295,0.014114978
1.1676544,-0.3498552,-0.13450217,0.021972546
-0.25769863,0.25248468,-0.5614538,0.018558793
0.7996529,-0.70627195,0.858616,0.01046512
0.7580771,-0.98838556,-0.8327633,0.013776967
0.32180104,-1.6179267,0.6053332,0.001175138
1.1294167,-1.4286124,-1.395171,0.009328419
1.126442,-1.0983326,-1.558034,0.02112502
1.6436186,1.6897843,-1.003295,0.09228726
1.3712367,0.35915652,-0.29511428,0.037652478
-0.39324257,-1.5858558,0.5784193,0.0009397346
-1.4110075,-0.89313966,0.8683954,0.0009153945
0.3620232,0.41807425,-1.0884309,0.0374414
0.032118354,-0.5201314,-0.35380396,0.012608224
-0.40207595,-0.49152854,0.56478906,0.007042919
-0.24126089,-0.6543053,-0.37983936,0.009536521
0.12815733,-0.42318064,0.024884041,0.012481482
1.3038143,0.20934963,1.1113982,0.022107035
0.5840724,0.111091524,-0.49659008,0.0267421
-0.5644381,1.1379935,0.8848721,0.012875538
-0.66111356,1.1335241,1.3951224,0.010330807
-0.37935138,1.455801,0.5718307,0.01819062
-0.61853415,-0.04917586,-0.30622962,0.010581645
1.5959092,-0.7793174,-1.0888289,0.02698004
0.959375,0.012839079,-1.1365348,0.04048203
1.6023729,-1.1590722,-0.33477035,0.011580505
0.052651767,0.72713625,0.5360116,0.018945938
0.394495,-0.2055875,0.93874526,0.012662513
0.64439434,-0.5570519,-0.083818965,0.015003755
-1.583125,-1.4858376,1.3836195,8.726373e-05
0.20094943,0.8552997,-0.68144286,0.03370015
-0.06805531,0.9895624,0.3416834,0.0206675
-0.9184796,1.6129102,-0.8805724,0.019299556
-1.2892857,-0.61690146,0.4607458,0.0019829164
1.5718855,0.5373226,1.4654438,0.025822626
1.4475188,0.07319679,0.6010995,0.024741838
0.84539706,-1.114627,0.11418476,0.008128835
1.6906837,-1.0938141,-0.6332602,0.014963039
-0.6517835,0.90841484,-1.4105886,0.028163861
-0.25033408,-1.0043303,-1.1766747,0.009508903
0.69925725,1.2888808,-1.4747407,0.07813064
-0.23742329,0.621918,1.2202238,0.012567841
-0.2908297,0.60809565,-0.7177014,0.022890663
-1.3764598,1.1663281,-0.25801325,0.00502982
0.5098745,0.8685036,-1.540571,0.06504651
-0.9936992,0.766153,-0.48002085,0.010824184
0.10978592,0.9203109,1.460454,0.016587136
1.7263803,-0.7403147,0.31494477,0.016296089
-0.48300806,-0.92678934,-0.30773216,0.005795562
-0.4957127,-0.31571567,0.89457387,0.00678157
1.0862547,0.9842679,1.3236693,0.027133048
-0.5860687,1.2389566,1.3360637,0.011662177
-0.1007579,1.303368,-1.2721806,0.04543118
1.6553565,-0.5485309,0.12242173,0.02019829
-0.65895855,-0.21656367,-1.4118199,0.016162181
-1.1850208,-1.2023933,-1.185547,0.0024193672
-0.9167396,1.0924188,1.3183964,0.0077563208
-0.430357,-1.160679,-1.3698099,0.0074239126
-0.77009183,-0.717641,-0.84354,0.006974258
-0.8466201,1.460685,0.82303333,0.010855326
0.74287677,0.434683,1.6707684,0.017536776
0.33984005,-0.7302171,-1.6699635,0.025950262
-0.50410014,-1.1787162,-1.1096165,0.005767692
-1.290946,-1.2038969,-0.6746752,0.0014501177
-0.49514112,1.4276915,1.3300347,0.013452007
-0.6797391,-1.602377,1.0003467,0.00058609754
-0.5133273,1.5282289,1.0701938,0.014565533
-1.5066016,1.4152608,1.0999811,0.0020252827
0.41819113,0.11592279,-0.43092212,0.024172442
-1.2182847,-0.13429056,1.2659113,0.0026924473
-1.2941974,1.376099,-0.04921562,0.0063658357
-1.360049,0.78322077,0.16049005,0.003972213
0.76602346,1.6715109,-0.4565727,0.052192114
-0.989737,1.4290764,0.72791797,0.00912741
-0.6637416,-1.1477078,0.7663211,0.0025375031
1.3971832,1.0933399,-0.18305883,0.049029447
0.9616467,0.894761,1.5116102,0.0239854
1.0347198,-1.2432259,-0.44590962,0.008597676
-1.5882117,0.85240424,0.43394223,0.0010327495
-1.1879307,-0.90765256,1.5595813,0.0014005874
-0.603047,-1.0421282,0.9670918,0.0029928463
1.4699636,0.03967725,-0.6265811,0.03788212
0.22334631,-0.20951544,-0.77922004,0.021131046
-1.240974,-0.46656525,0.3306576,0.002629059
0.057936233,-1.1477922,-0.013956855,0.0055374764
-1.2905316,0.9699536,0.119985476,0.005275992
-0.33020982,1.762286,1.1058285,0.017901516
-0.42644632,-0.38328868,0.59963953,0.0074250204
1.5381057,-1.1794243,-0.96454304,0.014599391
0.58062,-0.083953425,-1.4037365,0.03875601
-0.2531732,-1.5228076,1.6234239,0.0010999341
0.33810225,-1.4228852,-0.19008517,0.0037438225
-0.45002583,-0.5796683,-0.6778197,0.00988694
0.72385514,1.1130332,-1.2628416,0.064537615
0.72844255,-1.3419995,1.6489574,0.0032958812
0.50967616,-0.27413332,0.8660474,0.013024332
-0.624173,-0.9074028,-1.090125,0.0075347926
1.5165579,-1.6143227,-1.4848349,0.004848956
-0.20150132,-0.3895018,1.4916494,0.006936654
-0.62338024,-0.09572631,0.7387952,0.007274087
1.1258703,-0.2891999,-0.25331283,0.023612572
1.4509474,1.294078,-1.4288567,0.09974743
1.7611443,0.71206653,1.0404394,0.032613162
0.55740577,1.10298,-1.1672442,0.056478266
-0.53998023,0.69644445,0.84336334,0.011274598
0.9219087,0.19155042,-1.6327888,0.061647885
1.5248315,0.9624203,-1.5328447,0.09809985
-1.6421682,-1.1163514,-1.6491892,0.000260218
-0.16622283,0.9039228,1.5566308,0.0136331655
-1.1274179,0.8454355,1.5604044,0.004835888
0.36812422,-0.740385,-1.4669955,0.022269264
0.7594806,-0.053594075,1.3272454,0.014841818
-0.30866113,-1.3250315,-1.0452657,0.0048403647
-0.09693386,-1.5337901,-1.5976927,0.004119244
0.8223904,0.0048862505,0.8259374,0.017888358
-0.24232012,0.32207844,0.973013,0.011649262
-1.3992256,-0.37294322,0.9729537,0.0014923858
1.425249,0.55077285,0.30059358,0.033928838
-0.81972206,-1.3523662,1.6479762,0.0011437321
-0.14206125,-0.9609469,-1.4810371,0.013204971
0.2096124,1.2219988,0.7917983,0.023055224
-0.056355286,-1.7065486,-0.5453876,0.0004955364
-1.5730199,0.2832852,0.08392055,0.001060807
