1.3639385,-0.36631158,1.7057133,0.348515
1.4766984,-1.0617418,0.2886819,0.26129934
-0.3563431,0.80489063,-0.94050956,0.66250485
1.6293025,-0.726562,0.1941018,0.41920897
-0.3302172,-0.084249154,-1.7150449,0.73790294
0.39470133,-1.2310292,0.0142206615,0.14198056
-0.79137343,-0.17074382,1.318,0.1263568
1.0586455,0.25698936,0.19723879,0.6781907
1.5654587,-0.06481308,0.4084287,0.6316875
-1.216398,-0.6510179,-1.6193694,0.15348253
1.5441935,0.52988064,-0.32409796,1.0931692
0.36950126,-0.44933945,1.0129107,0.25983354
1.3196236,-0.9692509,-1.2606798,0.55336195
0.28040737,-1.2915025,-0.80469584,0.16578393
0.87763804,-0.3661187,1.1601927,0.33247405
-0.19602612,-1.6563823,0.4924776,0.016210996
1.3748707,1.4681754,0.80224895,1.0123535
0.30172694,-0.83426267,-1.6031295,0.5443656
-0.7569008,-0.72279906,1.0925733,0.090372875
0.48617017,0.16958067,-0.3756832,0.630928
-0.746389,0.46324074,0.3601588,0.24120724
-0.15483119,-0.15918124,1.3878388,0.21535434
-0.65238714,1.2146523,-1.5843036,0.8958275
1.1896946,-1.0195177,0.4906449,0.23682816
-1.3124042,0.63780123,-1.5541728,0.2501085
-0.7468604,0.0028604746,1.2710695,0.14894693
-0.439191,-1.4253769,0.50356454,0.045522958
-0.98843795,-0.6750454,0.19024111,0.091605246
0.20971014,0.4548847,-0.68924177,0.72292244
-1.6539575,0.34318203,0.6468638,0.00478696
1.6026026,1.2870356,-0.8927431,1.9094294
-1.4159129,1.1846693,0.32750013,0.09015437
1.3768368,-0.95344746,1.4419293,0.21425343
0.3337799,-0.7450026,-1.2905742,0.4863731
-0.5120969,-0.36649168,-0.4911624,0.25680572
1.1114647,-1.2545084,0.40036678,0.16096869
0.31557766,-0.46851653,0.29729655,0.30567768
1.4387304,-1.4339014,0.022692213,0.1303182
0.23543581,0.67646664,1.4772141,0.40397015
-0.4960252,1.2525697,-0.44741708,0.55399406
0.5099131,0.1462303,0.4422622,0.4742527
-0.41990903,-1.2535578,0.90961546,0.06284537
0.77200663,-1.3264954,-0.3340685,0.15609118
1.5848851,-0.6785741,1.121753,0.33215475
1.0427603,0.5189116,1.1211809,0.5854163
-0.7058038,0.04977612,0.7641514,0.18199658
1.0413913,0.32694936,-0.42010608,0.87347883
0.3553212,1.6661764,1.4914569,0.60218084
0.9218105,0.82453406,-0.99371463,1.351976
-1.0026172,0.38540283,0.5300825,0.16009596
-1.6577971,-0.3493794,0.34405026,0.002873713
-0.6182888,0.83968747,1.2117743,0.2540002
-1.2739147,0.650935,-1.4092338,0.25045967
1.4603895,-1.5779009,0.2985981,0.065858215
0.54323614,-1.0331789,-0.9903952,0.32220456
0.7605635,0.06592755,0.9097329,0.44359988
0.5918572,0.6748825,0.58906245,0.6022063
0.017189708,0.8633747,-1.33745,1.0956149
1.3950605,-1.0412242,-0.10850201,0.2998473
-1.1765871,-1.7398986,0.47968712,0.00078188797
0.15559559,-0.08488195,0.7309753,0.32099295
-1.1284077,-0.19443734,1.5275857,0.07332687
0.57823503,0.51772594,0.77066684,0.5318848
-0.54598844,-0.47734874,0.32673112,0.17060572
0.57490104,1.3528603,0.91557896,0.6985138
-0.31168136,0.12430671,-1.6267159,0.7814694
1.4756373,1.2925137,1.1445962,0.90434754
-0.9736766,-1.2191092,-0.2029442,0.05323142
-0.9800425,0.7111399,0.9714689,0.16872695
-0.9801045,0.21661909,0.4910761,0.15417187
1.5962881,-0.87373656,-0.091541976,0.3921851
0.6211195,0.8796514,1.2084806,0.56082195
1.704464,-1.7256465,-1.0025371,0.019290501
-1.3742462,1.4302291,0.4835825,0.10810191
-1.6611861,0.14871572,0.752255,0.00278017
-1.3003368,0.17682303,-0.61239046,0.121377476
-1.1114409,0.8210192,0.6214896,0.15728277
0.74476385,0.15298386,-1.7004349,1.4973099
0.6638759,0.7615209,-0.86871356,1.1135334
1.4782768,1.1269584,0.8344327,0.9276862
-0.8423033,-1.3672544,0.88462734,0.032435235
-1.126981,1.1715833,-1.5780112,0.47086617
0.9609816,-0.2568009,0.5936578,0.43105242
-0.649022,-0.40259778,0.16061868,0.17313004
1.0924741,0.3612102,1.6762173,0.48694807
-0.36155856,1.383898,-1.6767824,1.3108461
1.0324029,-0.950265,-0.4104283,0.3348699
-1.2910435,-1.179701,-0.973983,0.044061862
-0.82202184,1.0994806,-1.0463859,0.50575006
0.572249,-0.8200724,-0.2815537,0.3068802
0.41126475,0.57366085,-1.5800356,1.428072
-0.39197165,-0.2525531,1.3451449,0.17285615
1.0737792,0.49144524,-0.6088143,1.033562
1.2180067,1.3503819,0.6010869,0.978883
-1.2018361,-0.88544583,-1.0119396,0.08380643
-0.87234557,-0.84753036,0.008328998,0.09566451
1.6242228,0.87062466,-1.2181221,1.9866594
-0.53401864,0.10322915,1.3819643,0.18850385
-0.5634427,-0.1869387,1.4481034,0.15257183
-1.6193653,-1.5396707,1.3517389,0.0010706184
-0.9391755,1.4985256,-0.60241145,0.39971286
0.4773955,-0.059844762,1.0684123,0.35020947
-0.18018442,-0.3174516,-1.4364451,0.56798327
-1.2030635,-0.71588284,0.7874166,0.050683737
0.08755146,-0.3406051,-0.21301143,0.35487816
-1.12934,0.86254966,-1.4247124,0.37466648
-1.4140673,-0.033633504,-1.3798299,0.11427406
-0.90127116,1.512523,-1.6087502,0.76037705
-1.4602522,-0.09481731,0.3210287,0.042279635
-1.0495214,-0.24574246,-0.6223651,0.15895489
1.7688072,1.0006123,-0.79224753,1.7291453
0.3724562,-0.03872565,1.6347411,0.29483455
0.5779038,-0.3445748,-0.52441096,0.5125146
-1.5592383,0.59527504,0.57858837,0.029878912
-1.0840296,1.3953055,-0.30340123,0.2745629
-0.52613604,0.44619143,1.0352386,0.24485257
0.31647387,1.2327783,0.5117843,0.6654762
-1.468363,1.1477761,1.0870925,0.057362497
-0.694954,0.50472885,0.44770274,0.25247446
-0.9839532,0.61897635,-0.37749708,0.24910554
0.051924326,0.5749533,1.5176075,0.34669057
-0.593733,0.18945391,-0.123423696,0.28959808
-0.07219883,1.504649,-1.0294882,1.0751877
-1.1199503,1.6321248,0.53373617,0.20896785
-1.1350473,0.63358957,-0.20942493,0.18345475
-0.95765877,-0.08109128,-1.2751611,0.28524593
-0.5423976,1.5853868,0.22382255,0.4626454
-1.3122504,-1.3634903,-0.4001434,0.021711648
1.4912726,1.3005016,-0.68515277,1.676264
-0.29466915,0.9396492,-0.8209449,0.6872987
1.529038,1.1373847,-0.73210704,1.6410221
0.5837983,-0.12844662,-0.6967174,0.6397728
-1.4113121,-1.3067588,0.16788699,0.014693184
1.2390639,1.2627451,1.6589042,0.73409843
-0.4267387,-0.76300687,-1.0079972,0.2516713
-0.61306244,0.4700707,-0.80248135,0.43268517
-1.3825035,1.0042982,-1.1526847,0.1781237
-1.6651208,-1.6385071,-0.06613114,0.00015649405
0.5399281,0.12367245,0.11952996,0.5264384
-0.329081,-0.6185851,-1.1802548,0.34271175
0.717694,1.2564359,0.7838585,0.7457731
-1.3663015,-1.1141539,-1.5418785,0.05642398
1.3258588,1.0758224,1.5893099,0.7201985
-1.217131,1.1046969,0.32239825,0.15518999
-0.2502491,0.97818786,-0.17409872,0.5465613
0.40689373,1.6970417,-0.61614215,1.2070905
0.93630695,0.2734781,0.77050894,0.55014646
1.4376056,-1.5889555,1.253708,0.04706032
1.6161232,1.2636714,-1.1247501,2.1562948
-1.3185219,0.1680097,-0.43160018,0.1064189
0.48060524,0.04177061,1.2638829,0.35416865
-0.6936673,-1.6703103,-0.3229264,0.012176424
-0.14158984,-0.38887763,-1.2660705,0.4946571
-1.2419952,-0.84771377,-0.5530866,0.06414184
1.6159499,1.7311953,0.05841441,1.4822295
-1.2169533,1.2604388,-0.32168904,0.20517594
0.9676524,1.3202281,-1.178369,1.8199943
0.65244603,1.2125638,-1.0773361,1.4593416
0.6068325,-1.084527,0.4636302,0.17333883
-0.88401955,-0.7492987,1.1779488,0.074258916
1.6126653,-0.6821853,1.5620921,0.30064908
0.42563388,-0.6989674,-0.19513544,0.3135756
0.26871186,1.3773493,0.6601243,0.65229934
-1.4706597,0.6050293,-1.3655177,0.121567
0.7701653,1.4177059,0.91460454,0.77517694
-0.21123359,-0.07552837,1.6408352,0.20598802
-0.7418896,-1.5626273,0.89377725,0.017930776
1.5265403,-0.5039636,-0.68025434,0.69201475
0.43114257,1.2441809,1.3998963,0.5593453
-0.9057729,1.0787024,-1.6281465,0.66583496
-0.82458663,0.55186695,-0.20710638,0.2787694
-0.035099775,-0.5096054,-0.4266485,0.316174
1.0088334,-1.6364744,-1.7147214,0.10343884
-0.3929621,-0.93919337,-0.9810922,0.20947972
-0.9355666,0.9247806,-1.2527473,0.46429476
-0.54264814,-0.7033258,0.46085042,0.13513787
-1.2395576,0.8490006,-0.1438509,0.15742017
0.6613899,0.4875511,0.78816074,0.5415796
1.3803035,-0.66939807,-0.3874384,0.5052575
-1.5743191,1.0791826,1.4163233,0.02521247
0.4471635,-0.5589112,0.19367523,0.31322807
0.9368925,-0.051661067,1.4233022,0.39167643
0.3594602,-0.66380936,1.3942766,0.19670022
-0.56621265,-1.6632366,-1.4580064,0.026967099
0.9461076,0.29070935,-1.1547877,1.1840317
0.9522581,0.5155944,1.0339458,0.5777421
0.6911772,-0.8796049,1.6223143,0.1741519
-0.25549886,1.0868739,-1.4673927,1.0903497
-0.40892372,-1.5725367,0.024211144,0.030010328
0.23140769,-1.6903589,-0.661493,0.020733643
-0.25710526,-1.0806098,1.6166289,0.08046818
-0.46610466,-0.6016454,1.4263637,0.12263059
1.1480762,-0.18869919,1.2495308,0.4057015
1.5273204,-0.33340344,0.92367035,0.45357636
-0.12335475,0.8103549,-0.16209856,0.55618644
-0.33847284,-1.5383277,1.5844569,0.0244523
0.072284035,0.26607725,-0.8049388,0.64735264
-0.05568595,0.037320912,0.083982274,0.37161025
0.4612187,0.47186247,-0.45300725,0.74479806
0.5298059,1.7570219,-1.2543278,1.8160442
-1.517166,1.0903981,-0.8151386,0.08283531
-0.58845323,-0.96802855,0.4156446,0.098333105
1.4975756,-1.4359078,-0.15422972,0.14056136
0.7180933,-0.41941497,-1.1391177,0.69914734
-0.03851318,-0.8763399,-0.21936461,0.2050771
-0.991251,0.62182254,0.29579756,0.19419712
-1.0065786,0.022970688,-1.2030338,0.27007744
-1.4956543,1.422934,1.0367106,0.05521892
-0.5142634,0.69841105,-1.4616766,0.7665467
0.6287891,-0.3168933,0.015502823,0.43420354
1.1453458,0.06734341,-1.4064127,1.3306775
0.8423462,0.42847344,-1.5502752,1.5790515
-1.4752915,-0.21163839,-0.21436514,0.04393669
-0.988593,1.4275311,1.558405,0.18654345
-0.22466095,-1.3697929,1.6232961,0.04688087
1.7132459,0.86496454,0.6165788,0.9628623
0.29629916,-1.115461,1.3307925,0.11330669
-0.3988816,-1.5356095,-0.94015396,0.054658208
0.75970525,-0.3546168,0.9663648,0.33592102
-0.6088522,0.8647868,1.0474136,0.26961964
-1.0676361,1.2508136,-1.6429609,0.56447095
1.3042576,0.4486439,-1.3175993,1.6023581
-0.73599494,-0.14533684,0.7413388,0.15824759
-0.29811847,-0.09186764,0.15783095,0.28602645
-1.6662294,-0.70688856,-1.1639094,0.0020809078
1.1998558,-0.15116167,-1.3567581,1.1543388
1.3520477,-0.1148165,1.2408141,0.456515
0.6748511,1.5050474,0.18675648,0.94807565
-1.1537846,1.03722,-0.0047378535,0.19221297
-1.6526843,-1.4020538,-1.6618863,0.0024850229
-1.3516884,0.014114319,1.5065482,0.049421795
1.3314928,-1.076069,-1.1367282,0.445484
0.8740516,-0.2726501,0.764646,0.39299327
1.4964992,-1.3924482,-0.20753022,0.16292886
0.9494278,0.46452227,0.05505157,0.753279
0.4830594,-1.2627084,0.8426888,0.10799112
0.030285073,1.7449458,-0.4586291,0.9368433
-1.2626907,1.3364509,-0.4829522,0.20217595
-1.4284927,-1.2051027,1.3687375,0.012077484
-1.5638272,-1.6507229,-1.3175113,0.0028020826
0.75220746,0.07552627,0.7636514,0.4623034
-0.7984573,-0.48464695,-0.4443366,0.17366458
-0.29947194,0.5236887,-0.5750199,0.516926
-0.9440583,-1.1849529,1.1492164,0.03913908
-0.2666977,0.72752285,0.2891295,0.41860756
-1.1650842,-1.5138975,-1.6005487,0.03656865
-1.0782458,-0.9223678,1.5344335,0.042616922
0.6184666,-0.9187263,-0.85348105,0.35975945
-0.4647188,0.85877687,1.484371,0.27467972
1.1104196,-0.039263785,-0.5401634,0.7761547
-0.50538707,-1.6851685,1.6743175,0.0066797878
-1.2162931,-0.99869037,0.5059186,0.038833503
-0.25673464,-0.80794,-0.08393503,0.18225709
-0.7877434,-1.626718,0.6549353,0.012102447
-0.47978088,0.23227225,-0.054364473,0.31912652
-1.5924988,0.6342045,-0.8531045,0.03707817
1.010779,-0.31620196,0.93890256,0.38348258
-1.1519423,-0.69379574,1.1134838,0.05266494
0.9128246,-0.003846078,-0.21618174,0.6459568
0.82871723,-1.3915918,1.6151804,0.07647031
1.2776397,-1.0652089,0.108176485,0.2583604
-1.273965,-0.03332183,-0.90958107,0.13337602
1.2858452,1.5709202,-0.9372341,1.9294772
-0.7670827,-0.5345721,1.1550788,0.10404382
0.6862547,0.8794959,-0.696932,1.0836432
1.6646161,-0.6860589,1.084254,0.3411184
-0.19575202,-0.46184018,-1.6699247,0.604379
0.03383173,-1.6691749,0.058249466,0.018687325
-0.34938157,1.465473,-1.1880761,0.96169007
-1.3909671,1.721189,0.6085287,0.10741638
0.8737021,-0.030147374,1.3944042,0.389658
-1.6626359,1.1254717,0.6751729,0.0038537076
1.1163732,1.4469103,-0.5916773,1.4849463
1.3358414,0.8813588,-1.61274,2.3943245
1.6759692,0.9135811,-0.81499,1.6474506
-0.35911095,-1.6692562,-1.0143228,0.02271128
-1.3679868,-1.6475656,1.6397457,0.0027363154
0.4343831,-1.3445106,-0.92471546,0.1681268
0.99861306,0.55752575,0.6633891,0.66169393
-1.6670983,-1.5160582,1.3783282,0.00017100485
-0.34378934,-1.3371236,0.6184845,0.06016175
-0.98530847,-0.8465431,-1.5086122,0.17436193
-0.10349006,-1.6159003,-0.19610874,0.030676845
-0.80060244,0.009203512,-0.51087576,0.24745473
-0.65688115,0.26083165,1.1060828,0.19516361
-0.49961743,-1.0234805,-0.16210374,0.12000106
-1.5895853,1.1596199,-0.091557816,0.033969074
1.4603356,-0.6615766,1.5274718,0.2945373
1.4910338,-0.48882905,0.40791667,0.46230924
-0.22302888,1.3481988,0.7955159,0.4648943
-0.14899112,1.5184087,-0.5540203,0.81645256
-0.65576565,-0.19514716,1.1226828,0.15052721
-1.5082203,-1.2570746,0.24610049,0.010070475
-1.6289239,-0.876414,-0.34606376,0.006086793
0.68726957,0.2310264,0.33017287,0.554423
-0.89848703,1.0388895,-1.3533597,0.5421882
-1.0600946,0.8833433,0.062240686,0.2093473
-0.08723034,-0.77062476,0.7870258,0.1614997
-0.5264036,-1.657594,-1.6097766,0.03326561
-0.51005805,-1.5339643,-0.91357666,0.049588412
0.1024918,-0.5533189,1.0755157,0.2045921
-0.31817618,0.028916629,0.038028724,0.3148246
-0.5458681,-0.78399336,-0.059458982,0.14748162
-0.77751017,-1.3852949,0.17439856,0.041115798
-1.3545276,0.1923782,-0.77206993,0.11265394
1.4913368,-1.3906394,1.4198331,0.1013824
-0.6421028,-1.3451864,-0.17129353,0.059202902
0.50353324,-1.4244523,-0.6265267,0.12110516
-0.5504383,-0.47024825,0.9034755,0.14472319
0.18710999,1.5619073,-1.4310249,1.6271111
1.6528798,0.69508904,-0.3178521,1.2088562
0.84066755,-0.20192298,0.17223322,0.48564222
-1.4454188,0.3691853,-0.5341469,0.07906448
0.73074865,0.7079235,0.9341696,0.5889437
1.6820601,0.017088968,-1.4682248,1.6083654
0.5002675,-1.4132344,-0.49626374,0.11816477
1.2018435,-1.0779048,-0.72306556,0.34299907
1.7451743,-1.1892463,1.588916,0.16377814
-0.2167595,-0.03787479,0.6847486,0.26633388
0.40462846,-1.6048373,-1.2826034,0.073970266
-1.1499281,-0.31328547,0.6649547,0.080976225
-0.30778134,-0.63697577,-0.037372213,0.20403926
1.3226805,1.7346445,1.5718942,0.8904252
0.9300963,1.4379003,0.94724464,0.8240169
-1.0427198,1.02949,-1.004376,0.35746408
-1.3339589,0.10557038,1.5305965,0.054527264
-1.1298261,-0.5632075,-0.30823386,0.09594321
-1.6525772,0.45591167,-0.3921719,0.0076302644
-1.2818652,-1.2096288,0.512836,0.023937128
-0.37877628,-0.74407744,1.7060547,0.10818123
1.2095121,-0.34685034,0.5174769,0.45330277
0.33543867,-0.4068332,-1.6587052,0.84838635
-1.2628618,-1.6610018,-0.5494083,0.006241735
-1.3345425,0.7067297,1.598973,0.0709299
0.9039676,1.4566647,-0.60649854,1.3851725
-1.2339884,-0.9642763,-0.82752323,0.06459239
-0.16491474,0.48143324,-1.3704416,0.85347575
0.87336314,-0.19735469,-0.9493709,0.78236467
-0.7499635,-0.057382643,-0.9403196,0.30811405
-0.14065133,0.10945739,0.40940282,0.3298862
-0.10276796,1.532548,0.6855051,0.5498381
-0.36032316,0.24273674,1.638814,0.22019418
-0.8261251,-1.1070685,1.1266252,0.051968273
-1.4881992,-0.6264853,0.024451738,0.027559884
-1.3451058,0.86693895,0.92565,0.08621054
-0.87509006,0.5562386,0.98113114,0.1815402
1.710642,0.04104988,-1.4828733,1.6614361
-0.7847591,-0.22552918,0.8660293,0.13778628
-1.109441,-0.67818266,-1.1762583,0.13614988
0.46463397,-0.6180583,1.3258406,0.2190715
0.5218431,-0.9218676,-0.74822855,0.32623333
0.9908324,0.2953284,0.3555575,0.6408411
1.356329,0.50128555,-0.019217132,0.9075687
1.0062721,1.3550122,0.7961839,0.86017394
-1.66054,-0.39091495,0.26630428,0.002406965
0.19990231,0.13287134,-1.2472649,0.8262768
1.0904577,1.1446971,0.6950668,0.8506577
-0.112035796,0.7726816,1.0125887,0.38476244
-0.96778154,0.2330484,-0.89568096,0.26965266
1.6891165,0.5478301,-1.1155037,1.6723377
-0.59704787,0.09821844,-1.1708752,0.44532987
-0.93344754,-1.5034084,-0.8369051,0.03459716
-1.5056235,0.07470479,-0.21755156,0.044242818
0.12408486,-0.37800178,0.12753071,0.3125104
0.81037253,1.5956296,-0.01305347,1.1028404
0.428411,1.5960096,-0.45536456,1.1048523
0.38774148,0.35612038,1.0652702,0.41837367
-1.2590417,1.580473,0.08986383,0.17740153
-1.5613102,-0.899918,-0.99857724,0.019682638
0.07748042,1.53711,-0.45564094,0.9044537
1.61763,1.5226933,-1.0110892,2.1988132
1.0407999,-0.060461186,-0.607072,0.7695527
-0.9556479,-1.4060776,-1.6216642,0.07603827
-0.17642178,-0.56131226,0.29927564,0.21338287
-1.2225217,-0.4640049,-1.3322128,0.14392291
-0.78374076,0.035913028,0.6635816,0.17081188
0.3590623,-1.5894312,1.1760585,0.031255044
0.985026,0.33311778,-1.2791066,1.3227148
1.473876,-0.7253932,-0.90765136,0.6251252
-1.5341299,-0.44395828,-1.3585,0.046338554
1.198727,-0.90251195,0.4575856,0.27817354
-1.1675941,-0.36489406,0.3315162,0.08332073
0.69210726,-1.6282947,-0.8877488,0.056765676
1.5046644,-0.92658955,1.0369596,0.25466657
0.0713369,0.16902763,0.71200114,0.3546803
1.6141421,1.1605188,-1.5533402,2.7616687
-1.420362,1.6067847,-0.09439359,0.11676956
-0.61070824,-1.3249946,-0.7405759,0.0811752
1.0517049,0.74615,-0.29884362,1.0036516
-0.3280889,-0.9856191,0.9557329,0.10231675
-0.30540994,-1.3543993,-0.18573894,0.0771417
-0.67070127,-0.07069794,-1.1942065,0.38233116
1.2343636,-1.0031388,1.2076633,0.20259087
0.89195937,-1.5094906,-1.571393,0.18319337
0.59907186,-1.6385262,-0.59100115,0.043550555
-0.92073524,-1.1716324,0.6610869,0.04705615
-1.3509489,1.4535902,1.5177091,0.08963864
0.23343952,0.98873943,1.666592,0.43636802
0.55744106,-0.69010246,-0.40456092,0.36465982
-0.74806863,-1.1715838,0.572402,0.0593228
-0.43475246,-1.3475062,-1.5098591,0.14052524
1.210357,-1.0328487,-0.33525154,0.31068248
0.18435155,-0.7176582,-0.5353736,0.31247014
0.12485994,1.0642368,0.4867995,0.57174075
-0.37671492,0.5830033,-1.1266645,0.65951777
-1.5125725,-0.6716602,0.370264,0.02054736
-1.5722817,1.2188927,0.8867154,0.030800823
-0.7761481,-1.0869203,1.3380917,0.05388646
-0.8283456,-1.4275193,-0.29145133,0.040560555
0.58374923,0.39108536,1.5687675,0.41282463
-0.4542373,-0.96397257,-1.6242435,0.293692
-0.6266621,0.50768775,-0.48781157,0.3768603
1.6892716,1.4984859,0.65043664,1.175898
0.64707804,-0.82577235,0.4396411,0.24637175
1.2750039,-1.2217458,0.80820096,0.16143262
-0.7866503,0.6695263,-1.1410499,0.47191924
-0.6563631,-1.5832616,1.0569788,0.016734352
0.6801771,1.5776112,-1.6134512,2.3691616
-1.100394,-0.82462937,-1.179026,0.11968964
-1.0787424,0.8580171,-0.11778273,0.214228
-0.036036637,-1.3931588,-1.6701195,0.18694516
-0.5828091,-1.184872,-1.6340762,0.19078535
-1.2440068,0.20077093,-1.5261834,0.23786207
1.0687665,0.63256174,1.3804293,0.5826728
1.4321847,1.3720024,0.375947,1.1322253
0.32655334,1.4792954,-0.54914427,1.0558226
-0.25272912,-0.09442441,-0.07154899,0.3192274
-1.548196,-0.21952595,-1.4984974,0.053873587
-0.5801878,0.29786378,-1.623633,0.68387085
0.48563161,-0.4021434,-1.1991297,0.6624499
0.85928285,0.06676392,-1.6631293,1.4507643
-0.17058131,-1.6605548,1.1294501,0.01326625
-0.63377655,-1.4384694,-0.6021655,0.054826386
1.0068781,1.2133135,-0.46473703,1.2526156
-1.3245113,-1.021995,-1.4805034,0.07003757
1.1356945,1.3932887,0.2836248,1.0614084
-0.62103474,0.20004748,-0.2587151,0.29856205
0.07351225,0.43569002,-1.1706234,0.8538022
-0.2932083,1.6070133,1.100668,0.4424517
0.2559647,-0.9724048,1.4473008,0.13219143
-0.4733339,-0.2710955,-1.2255895,0.41070408
1.2995034,0.3187581,0.9725285,0.6069253
0.002375628,0.6083303,-0.2799214,0.5791273
1.3916007,-1.7066228,-0.017156389,0.019186549
1.7031374,0.6325859,0.7303881,0.84710854
-0.791952,-1.0314482,-0.31418258,0.09449361
-1.2093037,0.23808786,1.4588703,0.081076354
1.4289796,1.1979736,1.056177,0.88277483
1.3967927,-0.16855267,-1.1162344,1.0521762
-1.2679287,-0.048865445,-1.0465304,0.14426592
-0.08599043,-0.12471367,-1.7032678,0.84213567
-1.651283,1.4760324,0.54915434,0.008539909
-1.362746,1.0074396,-1.2932969,0.20740122
0.37980637,0.30291227,-1.4410435,1.1215554
0.50535053,-1.0527327,-1.1022061,0.3276565
0.41225252,-0.9492469,-1.6996111,0.54457694
-0.42160597,1.4092562,-1.3999183,1.0226496
1.636134,1.2734529,1.5315846,0.86132497
0.29340643,1.026244,0.95879227,0.54069483
-0.9691691,-1.3659495,1.5213808,0.023582213
-0.050356314,1.3779842,-0.8343721,0.94680035
0.46076044,-0.16146916,-0.7056327,0.5950836
0.6502984,1.3039756,-0.60377526,1.188103
-1.1706748,1.5360111,0.032620978,0.21639775
0.6926625,0.19981387,-1.2341564,1.0717531
-0.8327552,-0.72579235,0.2509473,0.104999036
-1.3840017,1.6629536,-1.1020888,0.21322936
-0.89359784,-0.91065973,0.27056533,0.07939706
1.7081819,1.157242,1.5728759,0.83840644
1.519498,-1.6814035,0.28925675,0.027694661
1.5894705,-0.5469043,1.2523513,0.36151087
1.058178,-1.5281677,-1.2246096,0.14204793
1.3482842,-0.78293806,-0.24340563,0.42301735
-0.18338203,0.75442123,-1.0618495,0.7840565
-0.90052235,-1.2546977,-0.19155768,0.05463614
0.9077245,-1.5157543,-0.68440574,0.106523946
-0.8453301,1.2657319,-0.97647476,0.50131947
-1.11519,0.94668275,-1.6605558,0.47445783
-0.5028471,-0.012421415,-0.63800913,0.34634173
0.40859807,-1.2343322,0.2291552,0.13216293
0.93380064,-0.45961943,-0.3031912,0.4979483
-0.621817,-0.5632211,-1.601116,0.3749559
-0.96655375,1.0941691,1.2896938,0.18350534
0.2794816,-0.5690418,1.2730423,0.21141642
-0.96804684,-0.5002529,-1.0368036,0.1831965
-1.074191,-1.2411958,0.17372267,0.03830006
0.9449188,-0.822396,1.1399244,0.23019391
-0.24217352,0.96011305,-1.6325632,1.1924464
1.62099,1.141169,-1.5190833,2.6790476
1.7226033,0.26262593,0.9524006,0.6780314
0.56230956,-0.6537476,-0.03496519,0.32857817
0.6399042,1.697884,0.54618555,0.884994
0.44377577,0.354341,-0.715432,0.7851526
0.0741245,-0.6727593,0.31058133,0.2249737
-0.07811793,-0.6033924,1.1386046,0.1733629
0.0708232,-0.23956816,-0.4212738,0.40874732
0.6903118,0.84153384,-0.5559035,1.0045003
1.648523,0.65080655,-1.6369288,2.4592502
-0.399206,1.2832065,-0.2660585,0.56332386
-0.6809045,-0.07249663,1.0877904,0.15976636
-0.36993635,1.4630219,-1.6246952,1.2792306
-0.7849478,-0.70830756,-0.13365586,0.12873769
0.34001395,-0.8040249,1.251476,0.17564793
1.3327813,-0.6433587,-0.4913175,0.53163826
1.3939741,-1.6449903,-0.6357334,0.056589637
0.8379167,-1.1489059,-0.5191804,0.24482746
-1.2203652,-1.5863035,-0.69705164,0.013274872
-0.8772311,-0.09721689,0.20470236,0.16268362
-0.33126414,0.023429278,-1.6551666,0.74602115
-0.2703156,-0.4501221,0.65562946,0.19652887
0.18880899,-1.1963431,-0.43486145,0.16154198
-1.533898,1.6042156,-0.21968631,0.06775683
0.58321726,-0.57653075,-0.11685668,0.36550692
-1.2667657,0.84585655,0.95887643,0.10489423
-1.0426434,1.2329403,-1.0681826,0.3972673
-1.3847632,-1.1505201,-1.5644141,0.05090254
1.5478507,-0.21328616,-1.2437501,1.1571654
-1.583791,1.0244082,-1.2613459,0.059821635
1.3464193,1.7134978,-0.8374433,1.952299
-0.010748072,-0.2152897,1.3560778,0.22917953
-0.15315352,1.2826126,-1.3301138,1.1377108
1.1244314,-1.3750148,-1.0109055,0.21609367
-0.11203949,-1.1371087,-1.4015688,0.24889463
1.1273173,1.4546454,-0.8640649,1.6978502
1.2924212,-0.15986294,-0.04916892,0.63464206
-1.4481925,1.7461809,-1.0485977,0.16525558
0.70987606,0.13485809,0.01722548,0.590448
0.3722909,-0.7233112,0.5796908,0.23139432
0.4174723,1.678913,-0.293257,1.0552992
0.29859665,1.5464587,0.74037284,0.6825588
0.51826173,0.17022668,0.39332214,0.48931912
-0.78140426,-1.060462,1.6588007,0.05174791
-0.17320547,-0.06939794,-0.08865267,0.3442662
1.6835709,-0.8398774,1.4882778,0.26637825
1.2042974,1.2897571,1.2850794,0.7977651
-0.017553942,0.08838906,0.8204188,0.31302205
-1.5727527,0.37747812,0.9714173,0.0214962
0.12263717,1.0745816,-1.1515763,1.1213186
-1.1257094,0.5900194,-1.1516516,0.28400865
1.447735,-1.0922605,0.73278445,0.21692818
-0.99845314,1.4694154,0.6229233,0.23625514
-0.077203654,1.0884546,1.5495747,0.38866657
-0.33510706,-1.0800593,-0.22463827,0.12918578
0.35364643,1.3380362,-0.31677914,0.93002236
1.6679109,0.50632334,1.1769124,0.7062042
0.2108057,-0.33974352,0.054552905,0.34509927
1.0446626,-1.2522949,1.6120923,0.11509133
1.3840606,-0.28529483,-0.87731236,0.853948
1.437607,-1.7193505,-0.5646602,0.017603401
-0.54765767,1.0117207,0.07330196,0.40092465
-0.33805913,1.2819617,0.91542464,0.4056382
0.8772069,-0.50004596,-1.5071726,0.8905419
-0.42281672,1.6390072,-0.4818702,0.6736228
0.8536561,-0.6451087,1.2468448,0.25758877
-0.32912207,0.30833352,0.35681808,0.32548377
-1.1210227,-1.2201297,1.2137524,0.027390677
0.748214,-0.06760471,-0.582929,0.67651856
0.3112155,0.71852374,-1.0840192,1.0418781
0.81504905,0.76518816,-1.1739229,1.4015666
1.7582617,-0.052206546,-0.9669255,1.1629701
1.2230424,-0.8809798,-1.2921304,0.60768616
1.679887,1.2374743,0.85052186,1.0204225
0.13933524,1.1724732,0.46087554,0.6031405
-1.4344181,0.28937533,-1.1002427,0.10532004
-1.1611097,-0.80283254,1.5739055,0.041604307
-1.0227145,0.3801262,0.48821738,0.1568635
-1.4706486,0.011539074,0.63848263,0.038933944
-0.81616205,1.6153328,-0.7248786,0.5109365
-1.5383697,0.26774138,1.1885974,0.025774581
-1.5418961,0.14262621,-1.2128915,0.057807315
-0.9820345,0.12718587,1.2514627,0.11965201
-1.6507794,0.9434936,-0.9345962,0.012880817
-1.0100359,-0.014922572,0.72882026,0.121582165
0.70389044,1.515931,-0.6224962,1.3105904
1.483665,0.924093,1.1152867,0.8028703
-0.46517766,-1.3235358,-1.4418893,0.1382303
-0.45383775,0.0068110735,-0.33593592,0.3212244
0.9667948,-1.4875895,-0.464689,0.11069657
-0.8025959,-1.3449829,-1.0283346,0.073382325
-0.7672221,0.34890634,-0.84487516,0.35707197
1.1083293,0.40247396,-0.4830538,0.95200384
-1.4535172,-0.14724402,0.17721686,0.044223003
0.25774872,1.6802281,1.2186102,0.6140627
1.568626,-0.938991,-0.28327253,0.38677767
0.34250754,-0.73101676,1.6831858,0.17140596
0.51552814,-0.27512333,-0.8185465,0.5980577
-0.9559181,0.017506003,-0.88545895,0.24316835
0.02338907,-0.14229691,-0.09055803,0.37273353
0.14185265,1.5920678,-0.31197602,0.899675
0.46987,-0.7367574,0.54480183,0.24170737
0.7163555,-0.9141016,1.5866015,0.17041582
1.5437313,0.15815598,0.58733845,0.67347103
-1.2675018,1.3291966,-1.4386216,0.33295855
0.098778635,0.42472264,-0.5879526,0.6412267
-0.813387,0.9553309,-0.34226835,0.3496479
-1.3153213,0.34766006,-1.565467,0.2198941
-0.090768784,1.5073818,0.53029305,0.57492805
-1.4689065,1.0642972,1.4988382,0.050322305
1.2491636,1.2666712,0.85238487,0.8976519
0.24662255,-0.23030588,-0.034957,0.39085397
-0.88111204,-1.4507728,-0.13173959,0.033258144
0.9472046,-0.8283409,-0.80552906,0.44522694
-1.5829093,0.60661644,-0.19180948,0.030780664
-0.61904436,1.2419837,1.5059361,0.27345687
-0.28839073,-0.68104815,-0.88426906,0.28377414
-1.4163986,1.4635962,0.27394238,0.10020853
-1.0480579,0.25987753,-1.261571,0.29758382
-0.23396492,0.013824473,-0.47078055,0.4020012
1.3539939,0.07546771,0.098556586,0.7063888
1.7103261,-0.30422089,-1.2983011,1.1835856
1.1430048,1.6550974,0.4658813,1.0896164
-0.9812929,0.08330342,-1.4763423,0.34686852
-1.0796331,1.0852226,-0.7028021,0.29544213
1.5502164,-1.4791508,1.1947144,0.08242858
0.65636927,-0.90027374,1.6107721,0.16796523
0.092909634,0.2047887,-0.13526656,0.47927985
0.28023776,1.4126805,-1.2289613,1.430011
-1.3370793,0.845037,-1.4116532,0.22844759
-0.5279094,0.34215674,-0.42317152,0.37205255
1.7050968,-1.73264,-0.8777156,0.013587457
-0.37763062,0.03992995,1.3648325,0.20786959
-0.039247807,-1.1553526,-1.2257434,0.22565767
-1.3829523,-1.4965072,1.0332702,0.007285958
-0.916332,0.24758352,0.32573268,0.17982273
0.011982031,-1.1071182,-0.5235108,0.17604442
-1.0226898,1.6048329,1.3996011,0.19412981
-0.1664341,-0.9501357,0.9551908,0.119905524
0.74806905,0.5742208,-0.061027892,0.76010185
-1.6375922,1.0402458,-1.1654524,0.023347287
0.55870396,-1.361583,-0.50662756,0.14035678
-1.0916669,0.907878,0.5530396,0.17166232
-0.79343337,-0.22890806,1.4877808,0.11669353
0.70837027,0.9191155,-0.58073515,1.0537598
1.4166102,1.7106379,-0.71496505,1.8822725
-0.4235762,-0.7434814,-1.6796446,0.40312353
-0.6599839,-0.7556973,1.0551084,0.097647406
-1.5102407,1.4057252,1.676013,0.043353133
-0.84098107,0.20261222,1.181967,0.15234768
-1.460984,-0.1687596,-0.9583024,0.06727626
-0.3470391,1.3425528,1.2299019,0.37939167
0.39860198,-0.84379864,-0.52182096,0.30427772
-1.5664573,-0.08010105,0.8973406,0.018271403
1.5509404,1.216154,1.003687,0.9356356
1.127725,0.69489825,-1.4017252,1.7723497
-1.6389159,-1.1319596,0.42424968,0.0025898602
-0.77549005,0.46444377,0.6849851,0.2123827
0.608898,-1.3355252,-1.0338254,0.1971194
-0.3067178,-0.9493111,1.5875688,0.09340446
-0.1405421,1.1389264,1.3403738,0.3987897
-0.73050743,-0.46239385,1.4350253,0.10717749
1.43056,-0.8899497,-0.016434882,0.3558207
-0.9156278,0.13162759,-0.9202062,0.27821922
1.4754391,0.4370729,-0.93986243,1.3547122
0.1582799,-1.0875957,0.6063366,0.1329289
0.39337704,-1.180462,-0.3422757,0.17761
1.3907952,-1.6982685,1.3646725,0.01520196
-0.23662932,0.4617447,1.4380144,0.27981183
-0.93344545,-1.1291684,0.13165192,0.058409285
-0.23140831,0.14100467,-1.4075499,0.7092515
1.4440525,-0.3869444,0.6810463,0.4542219
-1.2307954,-1.1443634,1.536619,0.023243245
0.43808642,-0.55497843,-0.43247953,0.39347893
-1.6455393,-1.3465346,-0.90012515,0.0023210363
0.9501723,-0.92511934,-0.4028541,0.3338307
0.6834965,-0.048049215,0.24522278,0.48870203
0.12016473,-1.4983438,-1.2757329,0.10903349
0.78636324,-1.5372854,0.91661423,0.05323846
0.049088478,1.3256372,0.7334773,0.55744445
1.0002072,0.17250158,-0.6578344,0.8821792
-1.31628,-0.7718068,-0.6374113,0.059775203
-0.20577706,-0.05170682,-0.81617767,0.46121937
0.8112018,1.3124406,1.3421278,0.6845795
1.762276,-1.461988,1.0180819,0.097584255
0.92449117,-0.926617,0.4874107,0.24232858
-1.2052826,-1.2663395,-0.077995844,0.031049304
1.3717895,-0.12116709,0.42827913,0.5706579
-0.33692515,-0.05375652,1.6567258,0.19007468
-0.3205909,-1.3652251,0.54305786,0.05834524
-1.5182905,1.2288446,-0.8578235,0.08808394
-0.223968,-1.3451786,0.6636928,0.063484386
1.265401,1.6506028,-0.682763,1.7332286
0.28732124,-1.2051206,-0.06194493,0.1451265
-0.9560263,-0.23445292,-1.1075498,0.23490903
0.57730514,0.3360429,-0.05120372,0.63203746
-0.50510395,-0.7757217,0.088698275,0.14637715
1.6196277,1.6259652,-1.0429481,2.3091877
-1.4477525,-1.206996,1.1036566,0.011837363
-0.49689043,-0.09075674,1.5859187,0.1663168
-1.6158844,-1.2859186,-1.4380497,0.007346115
-0.631154,0.495561,0.49692053,0.2638944
0.5901116,1.5079075,-1.1878324,1.6645856
1.7050909,1.6399517,-0.34242865,1.7181395
0.33641022,0.21584022,0.8220814,0.4059617
1.7356516,-0.87461156,-0.031095766,0.39977112
0.38412872,1.7178746,0.51971596,0.79797
1.0418586,0.13822646,-0.55761087,0.8417413
1.4278777,1.1980217,1.6387264,0.76831645
1.4868866,-0.90766203,-0.80758214,0.4913292
-0.9168773,-0.81025773,0.32064092,0.084850185
1.6306437,-1.4547126,0.1754273,0.12285002
1.090479,1.6268173,1.1694221,0.8754903
-0.75817376,0.29888928,0.17451736,0.23396151
-0.7747501,-1.2576226,1.0349638,0.043276515
-1.3974459,0.1580483,0.4417488,0.06066341
0.4796924,-0.7483049,1.0945812,0.20672157
-1.3488815,0.0947852,0.020779757,0.078967184
0.77470577,0.5912193,0.57237744,0.6314098
0.59105897,-0.8668464,1.6938715,0.1665615
-1.4492123,0.3140572,-0.5606979,0.07661277
0.5164876,-1.1047877,-0.70009494,0.24823526
-0.09292667,0.34609392,1.2462783,0.30530357
0.83394194,-1.693105,0.65607953,0.016335005
1.035406,0.28738755,-1.6227016,1.6829746
-1.6650939,1.7560344,0.6101429,0.0038477026
1.6266977,1.6285545,-1.6860076,3.579624
1.491569,0.6490698,-0.9337522,1.4886807
0.732438,1.3023424,0.671448,0.7860302
-1.5269907,1.7186015,0.90413755,0.051575262
-0.5681005,0.50573504,-0.3888825,0.3816778
-0.45199504,0.59402776,1.4534115,0.25122768
-0.39548382,0.23577099,1.7065239,0.21039484
1.0184127,1.5655546,1.3388261,0.8034829
0.6733396,1.5192696,-1.5789729,2.2586665
1.4115447,-0.8211155,-0.6258874,0.48577133
-0.5979009,-0.065546826,0.10359784,0.2314563
0.6267836,-0.8802419,1.3955203,0.17830199
0.65994775,0.6385927,-0.2891489,0.81938845
-1.3868444,-1.6991886,0.35798255,0.0018451551
-1.6235423,0.6298564,0.9033933,0.012338975
-0.8465466,-0.4763663,-0.8998646,0.20351598
1.2261679,0.6453213,-1.0414326,1.4422232
-1.5743524,0.55632967,1.698191,0.019282807
-1.4520224,-0.8692831,-0.0392732,0.02638996
1.0120013,0.92025614,1.2147992,0.6653735
0.97639793,0.75447583,-1.6762791,2.1142955
1.4635824,-1.489762,-0.6567471,0.14178543
-1.2531018,1.7634866,1.2046598,0.1378093
-1.2134211,1.5222847,-0.16727553,0.21185362
0.9306833,1.1022537,0.57777697,0.8166876
1.5449411,-0.17187089,-1.440255,1.3510021
1.0776879,0.63059497,1.6713754,0.54662025
0.3169578,-0.94568795,-0.85847676,0.30313197
0.6147875,-0.59142375,-0.087812096,0.36210018
1.6818602,0.8377679,-1.1263103,1.8906251
-1.064103,0.7906,-0.7632281,0.27949974
-0.7348066,0.70400816,-1.4738741,0.62779903
1.2518638,-1.6723322,-1.5048018,0.0662314
-1.1313348,1.4658147,-0.35194394,0.26323664
-0.9025628,-0.7285538,-0.75878835,0.14209269
1.3044364,1.5304946,1.2682515,0.894432
0.5905843,1.4574906,-0.009248222,0.9625735
0.60358435,0.6594039,1.3350837,0.4946186
-0.6828415,1.7609127,-0.28870568,0.5114724
0.023382295,1.0178112,0.36357653,0.5508755
1.6234837,1.0394058,1.6491702,0.77107203
-0.9866254,-0.5910241,-1.3304318,0.19713719
0.06069262,1.6397746,-0.74524236,1.0499665
0.86629033,0.46827894,1.4679047,0.49237785
-1.1418695,1.0470644,-0.3948479,0.22846456
1.7198378,-0.39125726,-0.46365422,0.72779447
-0.81334263,1.2819042,0.13695207,0.32925823
-0.36644202,1.5686752,-0.9233048,0.8461142
-0.41885984,-1.3422412,0.122629546,0.0653801
-1.07522,1.4501895,-0.71504396,0.3378063
-1.6429095,-1.15674,0.5441262,0.0021349704
1.0182894,-1.2053041,-0.3656542,0.2233152
0.5047296,-1.464488,-0.57748085,0.10415848
-1.5659838,0.5155776,-0.64816934,0.042233348
-1.0613861,-1.3150854,0.44545165,0.030729167
1.7494465,-0.65592325,0.8612956,0.38117754
0.705486,-0.8782041,-1.571727,0.6090562
0.7382268,0.47738212,-1.1992168,1.2214068
-0.98331505,-1.7216705,-1.6498637,0.0069091273
-0.7079112,-0.8003068,0.8010856,0.09503842
-0.21284144,0.019711018,1.2876282,0.23593532
-0.26782817,0.16493808,-1.651726,0.84104747
-1.1330721,-0.78830475,0.44571298,0.05972514
0.18904531,0.6375951,0.34751004,0.52427113
0.21833019,-1.1547406,-0.9229447,0.22067907
-0.17093179,-1.4842142,0.3702719,0.047351133
0.28592098,-0.24346629,1.323882,0.2671209
-0.635495,-0.9450415,1.684335,0.069822736
0.49539077,1.1166043,0.7420316,0.6525458
0.6967113,-1.1965811,-0.3416162,0.19787726
-0.8600668,-0.14097634,-0.9785234,0.26329914
-1.6606745,0.73810846,-0.65530354,0.006179572
0.9486778,-1.5350065,0.013156699,0.0753506
0.4579901,1.369757,-0.12710905,0.91943705
-0.8288047,-0.79314774,1.2527596,0.07459311
1.7069635,-0.4722604,-1.5536339,1.2489531
-0.73176867,-1.0701603,0.15241939,0.08074939
1.2110099,-0.6492398,-0.5473874,0.5196927
0.92093813,-0.67204297,0.14234288,0.35279524
-1.3968637,-1.5598979,1.6512989,0.004513679
1.1579528,0.6084462,0.049327858,0.8675837
-1.536484,0.0011910774,-0.29892582,0.035836928
-0.9070445,1.7291173,-0.58327544,0.44299254
-0.23998669,1.1946753,-1.7155317,1.3911798
-1.1137788,1.5384488,-1.5575871,0.5341979
1.7297118,0.5248506,0.7476903,0.8113226
-0.2983129,0.93196166,-1.0501462,0.76987594
0.7312429,1.6554428,0.9745327,0.80722064
-1.4907372,1.4523644,-0.48804918,0.093993686
1.0386385,-1.3460221,0.6189252,0.11999563
-0.48812068,-0.3879491,1.2532984,0.14872743
-1.2629752,-1.6912186,0.2504066,0.0031273346
0.2989954,0.073436685,0.5890032,0.3945507
0.88155407,-0.6149993,1.4510223,0.25484705
1.5376502,1.5348967,-0.5408349,1.7176007
-1.0048348,0.28519344,1.2626188,0.12509765
-0.8004144,0.026208319,-1.4459348,0.41461575
0.37829134,-1.2667128,1.5723579,0.08515113
0.5143525,-1.3747765,-0.56450945,0.13628793
0.7093392,0.28399378,-0.06560244,0.6557777
0.99249524,-0.867986,0.9629198,0.23320998
-0.3433933,-0.80173486,0.12520452,0.1601958
1.0040252,1.2417862,1.5014293,0.6943765
1.3170103,-0.91100943,-0.7560873,0.45178366
-0.4027582,-0.7768263,-0.9479227,0.24499983
1.272515,1.3586435,1.5328538,0.78809154
0.8886462,0.6947007,-1.0379897,1.2982248
1.5663368,-0.9935625,1.1814618,0.23006584
-0.93160355,0.54003006,1.653834,0.1425906
-0.80335045,0.8944223,1.1621273,0.21658458
-0.45084116,-1.5569468,-0.6505194,0.041116603
0.1345187,0.33572662,-0.026333334,0.5032675
1.0808917,0.4090785,-1.5493232,1.7120689
-0.9360622,-0.06173957,-0.9364876,0.24501954
0.90944237,1.6949092,-0.35655317,1.3425162
-0.57009953,-1.1568918,-1.136106,0.14415564
1.0876265,0.9612888,0.9902819,0.73505247
-0.03462015,-0.9284357,0.89935595,0.13588817
-1.461759,-1.500441,-0.49260324,0.008610534
-0.90055335,1.2067219,-0.2711459,0.3340273
-1.1993881,-0.8377742,1.6587198,0.036396004
0.9013621,0.089582026,-0.10676297,0.650552
-1.1077536,0.932742,1.4583902,0.13320222
-0.09635014,-1.4626808,1.590599,0.038968038
0.4187539,-1.5002345,-0.60361874,0.08870157
-0.897365,0.6062514,-1.6419003,0.5671472
0.54399174,1.5419555,1.6016884,0.6185758
-1.6345714,-0.17946965,-0.9246976,0.012448525
-1.18519,1.2466934,1.6420768,0.12322979
-1.5134916,0.6255118,-1.0977895,0.08225135
-0.47381434,0.50913906,0.31068867,0.3234158
-0.5802888,-1.1156864,0.5070653,0.078272864
0.29377744,1.6824394,-0.4067937,1.0398576
-0.27133232,0.81326365,1.3388941,0.32384688
0.85678744,0.27906343,-1.558727,1.4889536
1.6261749,1.2521204,-0.7148869,1.7437865
0.6651078,-1.5059359,-0.2713928,0.0844924
-0.6313905,0.38621506,1.3149593,0.20187941
-1.5656133,-0.82193995,0.7948201,0.0105390195
0.67098236,-0.17195484,1.1042643,0.35322243
-0.8061904,0.5836663,0.7386207,0.21294315
0.92360395,0.7866013,1.5444083,0.5656201
1.1985025,0.41072732,-0.42882422,0.96464
0.7114891,-1.3558007,-0.531345,0.15377928
1.6632315,-1.0950179,-0.23686838,0.31614906
1.6830137,0.037572563,0.6749591,0.6420029
0.41183716,-0.2980917,-0.5047809,0.48631883
-1.2078012,-1.4668274,0.6301048,0.01449671
1.5859516,1.7413282,0.47012568,1.2911261
-0.7700867,0.22828682,0.4030529,0.20738405
-0.7663972,-1.2441729,1.3989034,0.041032396
1.4883598,0.7790116,0.27272058,0.9647496
1.38163,0.77181625,1.1391932,0.72838074
0.5675554,-0.8568652,-0.4799553,0.31864798
0.15511349,0.8896806,-1.5449075,1.3849697
-1.4016135,-1.0853537,1.0491226,0.017649107
-0.13163356,0.6168507,0.7116325,0.38650638
1.6990829,1.6792468,1.4424297,1.0159565
0.48575768,1.1690667,0.6555536,0.67777526
0.19461374,0.8760266,0.033401746,0.64094466
-0.31049216,-0.35136783,-1.2410948,0.44531655
-0.5535667,0.3373595,-1.6298809,0.71759516
1.0736988,0.621225,0.34388068,0.7686367
0.1533648,0.4368555,1.4007295,0.35474813
1.1676544,-0.3498552,-0.13450217,0.5522303
-0.25769863,0.25248468,-0.5614538,0.46643335
0.7996529,-0.70627195,0.858616,0.26301715
0.7580771,-0.98838556,-0.8327633,0.34625295
0.32180104,-1.6179267,0.6053332,0.02953444
1.1294167,-1.4286124,-1.395171,0.23444875
1.126442,-1.0983326,-1.558034,0.5309297
1.6436186,1.6897843,-1.003295,2.3194318
1.3712367,0.35915652,-0.29511428,0.9463099
-0.39324257,-1.5858558,0.5784193,0.023618106
-1.4110075,-0.89313966,0.8683954,0.023006372
0.3620232,0.41807425,-1.0884309,0.94100493
0.032118354,-0.5201314,-0.35380396,0.31687924
-0.40207595,-0.49152854,0.56478906,0.17700785
-0.24126089,-0.6543053,-0.37983936,0.23967892
0.12815733,-0.42318064,0.024884041,0.31369385
1.3038143,0.20934963,1.1113982,0.5556104
0.5840724,0.111091524,-0.49659008,0.6721023
-0.5644381,1.1379935,0.8848721,0.32359758
-0.66111356,1.1335241,1.3951224,0.25964153
-0.37935138,1.455801,0.5718307,0.4571802
-0.61853415,-0.04917586,-0.30622962,0.26594576
1.5959092,-0.7793174,-1.0888289,0.6780824
0.959375,0.012839079,-1.1365348,1.0174243
1.6023729,-1.1590722,-0.33477035,0.29104984
0.052651767,0.72713625,0.5360116,0.47616336
0.394495,-0.2055875,0.93874526,0.31824368
0.64439434,-0.5570519,-0.083818965,0.37708548
-1.583125,-1.4858376,1.3836195,0.002193177
0.20094943,0.8552997,-0.68144286,0.8469772
-0.06805531,0.9895624,0.3416834,0.519431
-0.9184796,1.6129102,-0.8805724,0.48505074
-1.2892857,-0.61690146,0.4607458,0.049836125
1.5718855,0.5373226,1.4654438,0.6489934
1.4475188,0.07319679,0.6010995,0.62183017
0.84539706,-1.114627,0.11418476,0.20429991
1.6906837,-1.0938141,-0.6332602,0.3760622
-0.6517835,0.90841484,-1.4105886,0.7078351
-0.25033408,-1.0043303,-1.1766747,0.23898481
0.69925725,1.2888808,-1.4747407,1.9636372
-0.23742329,0.621918,1.2202238,0.31586432
-0.2908297,0.60809565,-0.7177014,0.57530516
-1.3764598,1.1663281,-0.25801325,0.12641317
0.5098745,0.8685036,-1.540571,1.6347971
-0.9936992,0.766153,-0.48002085,0.2720414
0.10978592,0.9203109,1.460454,0.41688025
1.7263803,-0.7403147,0.31494477,0.4095654
-0.48300806,-0.92678934,-0.30773216,0.14565836
-0.4957127,-0.31571567,0.89457387,0.17043945
1.0862547,0.9842679,1.3236693,0.6819279
-0.5860687,1.2389566,1.3360637,0.2931025
-0.1007579,1.303368,-1.2721806,1.1418102
1.6553565,-0.5485309,0.12242173,0.5076384
-0.65895855,-0.21656367,-1.4118199,0.40619993
-1.1850208,-1.2023933,-1.185547,0.06080533
-0.9167396,1.0924188,1.3183964,0.1949376
-0.430357,-1.160679,-1.3698099,0.18658328
-0.77009183,-0.717641,-0.84354,0.17528223
-0.8466201,1.460685,0.82303333,0.2728241
0.74287677,0.434683,1.6707684,0.44074726
0.33984005,-0.7302171,-1.6699635,0.65220124
-0.50410014,-1.1787162,-1.1096165,0.14495791
-1.290946,-1.2038969,-0.6746752,0.03644543
-0.49514112,1.4276915,1.3300347,0.33808583
-0.6797391,-1.602377,1.0003467,0.014730238
-0.5133273,1.5282289,1.0701938,0.36607176
-1.5066016,1.4152608,1.0999811,0.050900914
0.41819113,0.11592279,-0.43092212,0.60751975
-1.2182847,-0.13429056,1.2659113,0.06766858
-1.2941974,1.376099,-0.04921562,0.1599909
-1.360049,0.78322077,0.16049005,0.0998326
0.76602346,1.6715109,-0.4565727,1.311731
-0.989737,1.4290764,0.72791797,0.22939683
-0.6637416,-1.1477078,0.7663211,0.06377441
1.3971832,1.0933399,-0.18305883,1.2322444
0.9616467,0.894761,1.5116102,0.6028189
1.0347198,-1.2432259,-0.44590962,0.21608315
-1.5882117,0.85240424,0.43394223,0.025955828
-1.1879307,-0.90765256,1.5595813,0.0352006
-0.603047,-1.0421282,0.9670918,0.07521843
1.4699636,0.03967725,-0.6265811,0.95208156
0.22334631,-0.20951544,-0.77922004,0.53108114
-1.240974,-0.46656525,0.3306576,0.06607546
0.057936233,-1.1477922,-0.013956855,0.13917197
-1.2905316,0.9699536,0.119985476,0.13260014
-0.33020982,1.762286,1.1058285,0.44991416
-0.42644632,-0.38328868,0.59963953,0.18661113
1.5381057,-1.1794243,-0.96454304,0.36692274
0.58062,-0.083953425,-1.4037365,0.9740448
-0.2531732,-1.5228076,1.6234239,0.02764436
0.33810225,-1.4228852,-0.19008517,0.094092526
-0.45002583,-0.5796683,-0.6778197,0.24848591
0.72385514,1.1130332,-1.2628416,1.6220071
0.72844255,-1.3419995,1.6489574,0.08283453
0.50967616,-0.27413332,0.8660474,0.3273372
-0.624173,-0.9074028,-1.090125,0.18937
1.5165579,-1.6143227,-1.4848349,0.12186757
-0.20150132,-0.3895018,1.4916494,0.17433713
-0.62338024,-0.09572631,0.7387952,0.18281776
1.1258703,-0.2891999,-0.25331283,0.59344864
1.4509474,1.294078,-1.4288567,2.5069265
1.7611443,0.71206653,1.0404394,0.8196582
0.55740577,1.10298,-1.1672442,1.4194537
-0.53998023,0.69644445,0.84336334,0.28336155
0.9219087,0.19155042,-1.6327888,1.5493804
1.5248315,0.9624203,-1.5328447,2.4655182
-1.6421682,-1.1163514,-1.6491892,0.006539991
-0.16622283,0.9039228,1.5566308,0.34263882
-1.1274179,0.8454355,1.5604044,0.121539116
0.36812422,-0.740385,-1.4669955,0.5596877
0.7594806,-0.053594075,1.3272454,0.37301558
-0.30866113,-1.3250315,-1.0452657,0.121651635
-0.09693386,-1.5337901,-1.5976927,0.10352789
0.8223904,0.0048862505,0.8259374,0.44958347
-0.24232012,0.32207844,0.973013,0.2927779
-1.3992256,-0.37294322,0.9729537,0.037507746
1.425249,0.55077285,0.30059358,0.85272473
-0.81972206,-1.3523662,1.6479762,0.028745126
-0.14206125,-0.9609469,-1.4810371,0.33187714
0.2096124,1.2219988,0.7917983,0.579441
-0.056355286,-1.7065486,-0.5453876,0.012454189
-1.5730199,0.2832852,0.08392055,0.026660988
