1.3639385,-0.366312,1.7057134,-1.0138693,-0.25061682,-0.06832386
1.4766983,-1.0617422,0.28868198,-0.40317863,-0.36248383,-0.44288456
-0.35634318,0.8048904,-0.9405096,1.5486275,-1.0821558,-0.002462089
1.6293025,-0.7265624,0.19410187,-1.2349892,1.2908893,-0.0018264729
-0.33021733,-0.084249504,-1.7150449,-1.3337507,0.33860952,-2.516064e-11
0.39470124,-1.2310294,0.0142205255,-1.4267921,-1.1693451,-0.023711061
-0.79137355,-0.17074418,1.318,1.6087672,-0.36333567,-0.010560843
1.0586454,0.25698894,0.19723867,-0.23627359,-1.263773,-0.18347043
1.5654585,-0.06481336,0.40842873,-0.47600657,-1.0226755,-0.26838267
-1.2163981,-0.6510182,-1.6193694,0.936895,1.3027425,-4.7690545e-08
1.5441934,0.52988017,-0.3240981,-1.0395166,0.5166374,-0.00041931146
0.36950117,-0.44933972,1.0129108,-0.47292483,0.7464604,-0.0061491043
1.3196235,-0.9692511,-1.26068,1.5758655,-0.23613533,-0.07934797
0.28040725,-1.2915028,-0.80469596,0.9096932,-0.44341746,-0.12797667
0.877638,-0.3661189,1.1601927,-1.3602886,0.21205169,-0.0023612867
-0.19602622,-1.6563826,0.49247748,-0.49124548,-1.2409722,-1.3496835
1.3748705,1.4681752,0.802249,0.15598388,-1.7334588,-1.0971149
0.30172685,-0.8342629,-1.6031296,0.6124737,1.2049124,-2.616923e-05
-0.7569009,-0.7227993,1.0925732,-0.81261194,0.023638893,-0.0007242015
0.48617005,0.16958031,-0.37568322,1.2004404,1.0379907,-0.0023613446
-0.74638903,0.4632403,0.3601588,0.012739794,1.2904005,-2.8755976e-05
-0.15483129,-0.15918139,1.3878386,-1.5145143,0.7452392,-3.9609822e-05
-0.65238726,1.2146521,-1.5843037,0.45051685,-0.6030766,-1.2495187e-06
1.1896945,-1.019518,0.49064478,-1.6986591,-0.3289504,-0.0002945515
-1.3124043,0.637801,-1.5541729,0.10639701,-0.10193728,-1.4367551e-08
-0.74686044,0.0028602646,1.2710694,-1.7303584,0.09188735,-6.104749e-08
-0.43919113,-1.4253771,0.5035645,-0.50929266,0.05568239,-0.015491379
-0.98843807,-0.67504567,0.19024105,-0.41761628,-1.3645033,-0.0041252566
0.20971003,0.4548845,-0.68924177,-1.5728885,-0.9628606,-1.8243216e-05
-1.6539576,0.34318167,0.6468637,-0.5051406,1.2494247,-5.98687e-12
1.6026025,1.2870351,-0.8927432,0.04386993,0.043764066,-0.0009802046
-1.4159129,1.184669,0.32749996,-0.9919186,-0.79618776,-2.7454962e-07
1.3768367,-0.95344776,1.4419295,0.23182718,1.1583093,-0.23030691
0.33377978,-0.7450028,-1.2905744,0.9017992,-0.52520835,-0.0075111915
-0.51209694,-0.36649194,-0.49116236,0.19037321,-0.71547914,-0.0026122325
1.1114646,-1.2545086,0.40036687,-1.7173994,1.1977758,-1.7170943e-05
0.31557757,-0.46851674,0.29729643,-0.019875163,-1.376862,-0.42508483
1.4387302,-1.4339017,0.022692215,-0.82749116,-0.84034157,-1.0235637
0.23543571,0.67646646,1.4772141,0.4801539,1.2979792,-0.0020110286
-0.4960253,1.2525693,-0.4474173,-1.4064959,-0.18082784,-1.3645712e-06
0.50991297,0.14623001,0.44226223,-1.2145534,-0.72520274,-0.0026897206
-0.41990912,-1.253558,0.90961546,-0.071990095,1.4242587,-0.004541218
0.7720065,-1.3264956,-0.33406845,0.9860833,0.25169474,-0.28131208
1.584885,-0.6785744,1.121753,-0.47790486,-1.6374842,-14.444126
1.0427601,0.51891124,1.121181,-0.10588325,-1.2912432,-0.4456433
-0.70580393,0.049775768,0.7641514,-0.18621804,-0.45029333,-0.0011369666
1.0413911,0.32694915,-0.42010623,-1.3719399,-0.10659052,-0.000154126
0.3553211,1.6661762,1.4914567,-0.1516618,-1.314498,-0.045980472
0.9218104,0.82453364,-0.99371463,-0.06322388,-0.66370875,-0.0017158454
-1.0026172,0.38540256,0.5300825,0.27279013,0.57334626,-3.8924743e-05
-1.6577972,-0.3493796,0.34405026,0.7621527,-1.6253877,-1.2833445e-08
-0.6182889,0.83968705,1.2117743,0.5023085,-1.633273,-0.04998833
-1.2739148,0.6509348,-1.4092339,0.953167,0.4382713,-9.739411e-08
1.4603895,-1.5779012,0.29859805,-0.34515253,0.31864303,-0.746493
0.5432361,-1.0331792,-0.99039537,-0.7638962,-1.682735,-0.14414749
0.7605634,0.06592741,0.9097328,1.4590623,-1.6217003,-7.8158627
0.59185714,0.6748823,0.58906233,1.368965,1.426178,-0.0035005482
0.017189605,0.8633746,-1.3374501,0.93155164,1.7153494,-6.928824e-06
1.3950604,-1.0412245,-0.10850222,1.249493,-0.76792145,-3.9531684
-1.1765872,-1.7398988,0.4796872,0.8353616,1.7121171,-0.00083931634
0.15559548,-0.08488222,0.73097515,1.5193027,1.1835331,-0.008475829
-1.1284078,-0.19443755,1.5275856,1.4948823,1.5265557,-0.00010769658
0.5782349,0.5177255,0.77066684,-1.4250572,-0.7562391,-0.0009420096
-0.54598856,-0.4773491,0.32673106,-1.6494019,-0.4350915,-7.944902e-06
0.574901,1.3528601,0.9155788,-0.9145514,1.0085983,-0.0001428021
-0.31168145,0.12430636,-1.626716,1.3121599,0.63023084,-2.5952766e-06
1.4756372,1.2925134,1.1445962,1.552179,-1.3927298,-2.282955
-0.97367674,-1.2191094,-0.20294428,0.09878759,1.0239869,-0.00020492292
-0.98004264,0.71113974,0.9714689,-1.297212,1.6758547,-3.6933505e-07
-0.9801046,0.21661894,0.4910761,-0.8298407,-1.1105605,-0.00023424838
1.596288,-0.87373686,-0.09154204,0.81039554,-1.6182578,-28.871485
0.6211194,0.8796513,1.2084806,1.601753,-1.6599908,-3.1455188
1.704464,-1.7256469,-1.0025371,0.32165706,-1.1064308,-7.497399
-1.3742464,1.430229,0.48358244,-1.1554544,-0.77366334,-2.5123066e-07
-1.6611862,0.14871529,0.7522549,1.6317732,-0.9895489,-9.742883e-10
-1.300337,0.17682262,-0.6123905,1.509109,-1.5272101,-0.00034867582
-1.111441,0.8210188,0.6214896,-0.77552885,1.0691367,-1.0371457e-06
0.74476373,0.15298344,-1.700435,-0.9518781,1.6808305,-4.770648e-09
0.66387576,0.7615205,-0.86871374,0.9830746,1.4371215,-0.00023889981
1.4782767,1.126958,0.83443266,-1.2681607,1.0719796,-0.00018213369
-0.8423034,-1.3672546,0.88462746,1.4338453,0.75667864,-0.013729348
-1.126981,1.171583,-1.5780113,-0.36463058,-0.6938317,-3.7735326e-08
0.96098155,-0.2568012,0.59365785,-0.038006555,-1.408036,-1.3280208
-0.6490221,-0.402598,0.1606186,-0.9412893,-1.0336707,-0.0012944324
1.092474,0.36120993,1.6762173,-1.7296304,0.771886,-1.5326052e-06
-0.36155865,1.3838977,-1.6767824,0.3781431,0.36696875,-4.0796333e-08
1.0324028,-0.9502652,-0.41042835,-0.6325485,0.2092883,-0.013783422
-1.2910436,-1.1797012,-0.97398305,-1.0317016,-1.0618517,-1.1619733e-05
-0.8220219,1.0994803,-1.0463861,1.3685975,-0.82575744,-9.444705e-05
0.5722489,-0.82007265,-0.2815537,0.30733627,-0.7414169,-0.17420177
0.41126463,0.5736606,-1.5800357,-0.47960228,-0.23128378,-5.063873e-06
-0.39197174,-0.25255346,1.3451447,-1.6143858,-0.33815596,-4.294065e-05
1.0737791,0.49144503,-0.6088144,-0.9910905,0.17137007,-0.0002576745
1.2180066,1.3503816,0.60108703,-0.5807415,-0.5878852,-0.008282844
-1.2018362,-0.88544613,-1.0119398,0.7149586,-0.20770156,-4.175811e-05
-0.8723457,-0.8475306,0.0083289305,-1.5957024,-1.1121975,-3.3973593e-05
1.6242226,0.8706244,-1.2181222,0.9876379,0.84348726,-0.000537039
-0.5340187,0.10322894,1.3819642,1.5637909,-1.4497162,-0.30651125
-0.5634428,-0.18693891,1.4481033,0.5224991,0.3042347,-0.003582026
-1.6193655,-1.5396711,1.3517388,-1.7370303,-1.6579107,-1.2500849e-09
-0.93917555,1.4985251,-0.60241157,0.21196195,-0.99846894,-4.4723147e-05
0.4773954,-0.05984504,1.0684122,-0.7145575,1.6615541,-0.0007747856
-0.18018453,-0.3174519,-1.4364452,0.5344318,-0.33542776,-0.00017232663
-1.2030636,-0.715883,0.78741646,-0.07924708,-0.32951728,-0.00026676105
0.087551355,-0.34060544,-0.2130115,0.83451295,0.8810842,-0.0028951408
-1.1293402,0.8625493,-1.4247124,-0.15555203,-1.5044537,-3.8930493e-06
-1.4140673,-0.033633646,-1.37983,0.29855558,-0.41025588,-1.1966084e-07
-0.9012713,1.5125228,-1.6087505,0.6768486,-0.06732127,-8.968021e-08
-1.4602523,-0.094817735,0.3210287,-1.2998501,0.18313493,-3.8335862e-08
-1.0495214,-0.24574266,-0.6223652,0.27494943,-0.29820514,-6.193367e-05
1.7688069,1.0006119,-0.7922477,1.5316943,-1.232273,-0.19781402
0.3724561,-0.03872593,1.6347411,1.1970899,-1.5976144,-6.297137
0.57790375,-0.34457502,-0.5244111,0.09360344,0.0070266193,-0.006905193
-1.5592384,0.5952748,0.57858837,-0.31949466,1.4334155,-3.8075685e-09
-1.0840297,1.3953052,-0.30340123,0.70300806,-0.7884258,-3.91226e-05
-0.52613616,0.44619122,1.0352385,-1.5400983,0.20715256,-5.91878e-06
0.31647378,1.232778,0.51178426,-0.5369576,1.0883265,-0.00013694065
-1.4683632,1.1477758,1.0870926,1.4904926,-1.7023685,-0.00014500512
-0.6949541,0.50472856,0.4477026,0.20888352,1.5196955,-3.7027283e-05
-0.9839533,0.618976,-0.37749708,-0.036838803,1.4499092,-1.8256854e-06
0.05192422,0.57495296,1.5176076,-1.3800364,-0.7686286,-0.000865654
-0.59373313,0.18945357,-0.12342363,-1.1388949,1.4967142,-2.5746053e-06
-0.07219893,1.5046487,-1.0294882,0.22555223,1.1704433,-7.3901033e-06
-1.1199504,1.6321245,0.53373605,-1.3185784,1.4258723,-3.501561e-08
-1.1350474,0.6335893,-0.20942493,-0.51610625,1.4870098,-3.7732423e-07
-0.9576589,-0.081091486,-1.2751613,-0.8691027,0.38522223,-3.2509183e-07
-0.54239774,1.5853864,0.22382241,0.52029365,0.93922716,-3.7478352e-05
-1.3122505,-1.3634907,-0.40014362,0.2506589,-0.9381897,-0.00064221065
1.4912726,1.3005011,-0.6851528,-1.689593,0.27898735,-4.181525e-07
-0.29466924,0.93964887,-0.82094496,0.5582537,1.6477919,-1.2861982e-05
1.5290378,1.1373843,-0.73210716,-0.17082174,-0.6079221,-0.004068545
0.58379817,-0.1284469,-0.69671744,-0.85493207,0.39616963,-0.0002713074
-1.4113121,-1.306759,0.16788699,1.2637267,-0.8957742,-0.0009251023
1.2390637,1.2627449,1.6589042,-1.1566099,0.6279862,-0.0007086364
-0.4267388,-0.76300716,-1.0079973,-1.596943,0.5518018,-4.6124754e-07
-0.61306256,0.47007042,-0.8024815,0.17476512,1.2948264,-8.280436e-06
-1.3825036,1.004298,-1.1526847,-0.95608395,-0.0020843043,-4.5564184e-09
-1.665121,-1.6385075,-0.06613128,-0.7189669,0.8145867,-1.3751976e-11
0.53992796,0.12367224,0.11953004,-1.5317228,1.0374739,-1.3800383e-05
-0.3290811,-0.61858535,-1.1802548,-0.44558668,0.2670352,-6.192273e-05
0.71769387,1.2564355,0.78385836,1.3640498,-1.644054,-1.2245895
-1.3663017,-1.1141541,-1.5418785,-1.5885712,1.2152731,-4.6847134e-11
1.3258587,1.0758222,1.5893099,-1.1876056,-1.1196678,-0.02584502
-1.2171311,1.1046966,0.32239833,-0.39406887,0.78996783,-6.821204e-07
-0.25024918,0.97818756,-0.17409872,-1.3874992,-1.3063197,-0.00011540576
0.4068936,1.6970414,-0.6161422,0.31037602,0.49242115,-0.00013997032
0.9363069,0.2734778,0.77050894,-0.3591699,-0.3354627,-0.025269933
1.4376055,-1.5889558,1.2537081,1.2980952,-1.5612947,-1101.0461
1.6161231,1.2636712,-1.1247504,-1.7386996,0.7785322,-1.4360654e-09
-1.318522,0.16800928,-0.4316002,0.043691438,-0.41426688,-4.283717e-06
0.48060513,0.04177033,1.2638829,0.7506857,-0.7316634,-0.25959232
-0.69366735,-1.6703105,-0.32292655,0.21083556,-0.54928875,-0.04503558
-0.14158994,-0.3888779,-1.2660706,-0.4868878,1.1649649,-1.1480262e-05
-1.2419953,-0.84771407,-0.55308664,1.6127174,1.005176,-3.0012705e-05
1.6159499,1.731195,0.058414344,-1.3611474,0.45978191,-5.611976e-05
-1.2169533,1.2604384,-0.32168904,1.6015731,0.71244425,-2.509427e-06
0.9676523,1.3202277,-1.1783693,0.45795855,0.8772077,-7.772381e-05
0.652446,1.2125636,-1.0773362,0.8117662,0.70427287,-0.00014859992
0.6068324,-1.0845273,0.46363008,1.2087231,1.4618237,-0.07502957
-0.8840197,-0.749299,1.1779488,0.15828279,1.0303507,-0.00054303475
1.6126652,-0.6821856,1.5620922,0.16957954,-0.9021044,-5.792496
0.4256338,-0.6989677,-0.1951356,-0.36619565,-0.2751862,-0.015989004
0.26871175,1.3773491,0.66012424,-1.5883164,0.7954624,-2.2791908e-06
-1.4706599,0.6050289,-1.3655177,0.7164796,1.3651512,-2.0868185e-09
0.77016526,1.4177057,0.9146044,1.2832301,-1.449545,-0.5690971
-0.21123369,-0.075528786,1.6408349,0.71104646,-0.86987853,-0.12256235
-0.7418897,-1.5626277,0.8937773,-0.28511173,-0.86980236,-0.12104851
1.5265402,-0.503964,-0.6802544,-1.567497,1.6227841,-1.2594568e-05
0.43114245,1.2441807,1.3998963,-0.04307054,1.6868258,-0.00045535053
-0.90577304,1.0787021,-1.6281466,0.43680993,-0.78510875,-3.1346025e-07
-0.82458675,0.5518668,-0.2071064,-1.3723991,-0.5463878,-3.8103738e-06
-0.035099875,-0.50960565,-0.42664874,1.4609472,0.019054689,-0.013892478
1.0088333,-1.6364746,-1.7147217,-0.060081337,0.089705124,-2.3997566e-06
-0.39296222,-0.93919355,-0.98109233,0.4594789,-0.5048123,-0.003753091
-0.9355667,0.9247803,-1.2527473,1.5161994,-1.2740722,-0.00011704467
-0.54264826,-0.7033261,0.4608505,0.73880213,-0.9325757,-0.06141833
-1.2395577,0.8490002,-0.14385097,-0.9545243,-0.15601422,-4.878185e-07
0.66138977,0.48755074,0.78816056,0.62543255,0.17568529,-0.01753907
1.3803035,-0.66939837,-0.38743854,1.005767,0.05477776,-0.15735328
-1.5743192,1.0791823,1.4163232,0.85122985,-1.6006947,-4.530686e-06
0.4471634,-0.55891156,0.19367503,-0.82954705,1.5205828,-0.0006140901
0.93689245,-0.051661346,1.423302,0.16183527,-1.0195738,-0.8018619
0.35946012,-0.6638096,1.3942765,-1.2610278,-0.43533108,-0.011531612
-0.5662127,-1.6632367,-1.4580065,-0.2093191,1.5935893,-3.2154112e-05
0.9461075,0.29070908,-1.1547878,-1.2183444,-0.00033198143,-2.8535393e-05
0.952258,0.51559424,1.0339458,0.97744477,-1.3948853,-1.7238611
0.69117707,-0.8796051,1.6223143,1.6831701,0.9852634,-0.3802013
-0.25549895,1.0868738,-1.4673927,-1.6947423,-0.662652,-1.7607089e-09
-0.4089238,-1.572537,0.024211146,-0.8250055,1.6658864,-0.0008533124
0.23140758,-1.6903592,-0.661493,-0.7482726,-0.513718,-0.059224106
-0.25710535,-1.08061,1.6166289,-1.229279,-1.3051128,-0.092909515
-0.46610478,-0.60164565,1.4263637,1.5643599,-1.2989311,-0.9158876
1.148076,-0.1886994,1.2495309,-1.3545773,-0.0022894891,-0.0040688957
1.5273204,-0.3334037,0.9236703,-0.9214644,-0.29034898,-0.05362205
-0.12335485,0.8103546,-0.16209863,-1.4557145,1.3356042,-9.817587e-07
-0.33847296,-1.5383279,1.5844569,-0.020149004,0.091984436,-0.1840102
0.07228393,0.2660771,-0.80493885,-1.298624,-1.0518099,-0.00013193411
-0.055686053,0.037320565,0.08398221,-1.1831094,0.18221985,-0.00011616933
0.46121863,0.47186223,-0.4530072,1.7108771,-1.2915524,-0.1687438
0.52980584,1.7570217,-1.2543279,0.760909,0.24672408,-5.9556616e-05
-1.5171661,1.0903977,-0.8151386,0.7216714,0.44550148,-1.0366286e-08
-0.58845335,-0.9680288,0.41564447,1.216064,-1.6430922,-1.3798678
1.4975755,-1.4359082,-0.15422972,0.28539777,-1.1953251,-15.196793
0.7180932,-0.41941538,-1.139118,0.26714933,-0.88077134,-0.015212771
-0.038513284,-0.8763402,-0.21936476,-1.3175238,-0.6166851,-0.0011270302
-0.9912511,0.6218223,0.2957976,0.47302535,-0.32601622,-0.00012708124
-1.0065787,0.022970548,-1.2030339,-1.3698834,0.7140541,-2.1631287e-08
-1.4956543,1.4229337,1.0367105,-0.021941584,-1.3774787,-3.6271897e-06
-0.51426345,0.6984108,-1.4616766,-0.95067,0.8833605,-7.225412e-08
0.62878907,-0.3168936,0.015502687,-0.9978225,-1.2111543,-0.03129739
1.1453457,0.06734313,-1.4064128,-1.0302348,1.5079328,-3.5644669e-06
0.84234613,0.4284733,-1.5502752,-0.85428226,-0.9992471,-4.01864e-05
-1.4752916,-0.2116386,-0.21436535,-1.0462292,-1.3354247,-1.2484907e-06
-0.98859304,1.4275309,1.558405,-0.9632427,1.2285807,-1.38811e-06
-0.22466105,-1.369793,1.623296,-0.6464018,1.3958983,-0.008665875
1.7132457,0.86496437,0.61657864,-1.5996797,-0.5979075,-0.0003455109
0.29629907,-1.1154612,1.3307925,1.3743794,1.505579,-0.11321226
-0.3988817,-1.5356098,-0.9401541,0.5686369,0.18326062,-0.007977695
0.7597051,-0.35461712,0.96636486,-1.7401248,0.6168336,-4.221531e-07
-0.60885227,0.8647867,1.0474135,-1.7485381,-0.11315974,-6.648438e-11
-1.0676363,1.2508132,-1.642961,-0.8881694,-0.4843455,-2.2714772e-09
1.3042575,0.44864374,-1.3175993,0.6550905,-0.63754886,-0.003440555
-0.73599505,-0.14533705,0.74133873,1.5736597,-1.4952886,-0.1444792
-0.2981186,-0.09186792,0.15783103,-0.2846559,1.251332,-0.0001743947
-1.6662295,-0.7068889,-1.1639096,1.0179259,0.90511423,-5.050641e-13
1.1998557,-0.15116195,-1.3567581,-0.9502005,1.5605206,-9.888112e-06
1.3520477,-0.11481692,1.2408141,-0.37451077,-1.7127447,-6.391311
0.67485106,1.5050472,0.18675648,-0.28336093,1.6980861,-9.904084e-05
-1.1537846,1.0372196,-0.0047378535,-1.7035708,1.1424922,-3.308445e-10
-1.6526845,-1.4020541,-1.6618863,-0.005341133,0.46021456,-5.604573e-13
-1.3516885,0.014114109,1.5065479,0.44480363,-0.75435424,-0.00012950282
1.3314927,-1.0760694,-1.1367283,1.0431082,1.2094573,-0.012370645
0.87405145,-0.2726503,0.764646,-1.3568441,1.0980232,-0.0003731998
1.4964991,-1.3924484,-0.20753036,-0.536794,1.4776527,-0.029324079
0.94942766,0.46452197,0.055051435,0.051060524,-1.4403566,-0.2547501
0.4830593,-1.2627088,0.8426887,0.1696544,0.2513944,-0.25702703
0.030284971,1.7449456,-0.45862925,0.2782109,0.61151886,-6.627223e-05
-1.2626907,1.3364508,-0.48295242,-1.3032075,-1.7138817,-1.9720785e-06
-1.4284928,-1.205103,1.3687375,1.33218,1.6081389,-3.1776402e-05
-1.5638273,-1.6507231,-1.3175114,-1.5822146,1.0685651,-5.1293116e-11
0.75220734,0.075525984,0.76365143,-0.61671555,-1.4012598,-0.23573259
-0.7984574,-0.4846471,-0.44433683,0.8502044,-1.4972428,-0.023273861
-0.29947203,0.52368844,-0.57502,-0.44710088,0.058970023,-7.6110075e-05
-0.9440584,-1.184953,1.1492165,-0.8503825,1.3763262,-0.0001354556
-0.2666978,0.7275225,0.28912953,-1.726036,0.4908685,-2.6253058e-08
-1.1650844,-1.5138978,-1.6005489,1.1805803,0.23170461,-6.3319376e-06
-1.0782459,-0.92236805,1.5344336,-0.05335011,-0.12371823,-0.0015590824
0.6184665,-0.9187266,-0.8534812,0.82365245,-1.7309949,-2.8990173
-0.46471888,0.8587765,1.4843711,0.26240674,1.0299181,-0.00027694897
1.1104195,-0.039264064,-0.54016346,-1.3046708,1.092102,-5.734066e-05
-0.5053872,-1.6851689,1.6743174,-0.6274663,-1.2283638,-1.3902425
-1.2162932,-0.9986906,0.5059185,1.2227182,-0.33039743,-0.0014653578
-0.25673476,-0.80794024,-0.0839351,-0.8640346,1.6706913,-0.00010880423
-0.7877435,-1.6267183,0.6549352,-0.81379914,-0.6748756,-0.021767072
-0.47978097,0.23227191,-0.054364476,0.93704724,-1.1997179,-0.017331515
-1.5924989,0.63420415,-0.85310453,-0.76634157,0.97828686,-5.401468e-11
1.0107789,-0.3162024,0.93890244,0.268836,0.7877317,-0.036737483
-1.1519424,-0.6937959,1.1134837,-0.85785705,1.4789919,-8.6439595e-06
0.91282445,-0.0038464277,-0.21618168,0.5196695,-0.7567667,-0.088707685
0.8287171,-1.3915921,1.6151803,0.1620998,0.40912628,-1.0740825
1.2776396,-1.0652092,0.10817656,-1.3915635,0.40495738,-0.0035040635
-1.2739651,-0.03332218,-0.90958107,-1.3303372,1.3963444,-5.3533413e-09
1.285845,1.57092,-0.93723416,0.6235818,0.9580918,-0.00022950457
-0.7670828,-0.5345723,1.1550788,-0.5825974,0.3949916,-0.00044142784
0.68625456,0.87949574,-0.6969321,0.93601,-0.25508717,-0.003643178
1.6646161,-0.6860592,1.0842539,0.075896464,-0.32031587,-1.0161809
-0.19575211,-0.46184054,-1.6699249,-0.60771275,-0.9454779,-3.001583e-06
0.03383163,-1.6691753,0.058249466,-0.31630433,0.71623826,-0.03955396
-0.3493817,1.4654727,-1.1880763,-0.8048712,1.463108,-1.9198943e-07
-1.3909672,1.7211887,0.6085287,0.8417509,-0.8912696,-7.170317e-06
0.87370205,-0.030147655,1.394404,1.3618213,-1.1941308,-3.6529758
-1.6626359,1.1254715,0.6751728,-0.068431824,1.2768507,-5.10079e-13
1.1163732,1.44691,-0.5916775,-1.1329068,0.2208807,-4.69432e-05
1.3358413,0.8813586,-1.6127403,1.2328491,-0.8273368,-0.00036140697
1.6759691,0.9135807,-0.8149901,1.3973854,1.108958,-0.0020665196
-0.35911107,-1.6692564,-1.0143229,1.1683791,-1.4215555,-0.9005063
-1.3679868,-1.647566,1.6397457,-0.045794882,-0.8618538,-0.0053367424
0.43438298,-1.3445108,-0.9247155,0.4121051,-0.567686,-0.10932358
0.998613,0.5575255,0.663389,0.07385548,-0.06672854,-0.018803535
-1.6670984,-1.5160586,1.3783281,-0.67338794,0.35725796,-4.1885606e-11
-0.34378946,-1.3371238,0.6184845,-1.7323495,0.8159323,-7.105751e-07
-0.9853086,-0.8465434,-1.5086124,-0.22645958,-0.6158561,-7.2152825e-06
-0.10349017,-1.6159006,-0.19610888,0.73600173,-0.17939292,-0.26315048
-0.80060256,0.009203163,-0.5108759,0.9976552,-0.91412765,-0.0016452437
-0.6568812,0.26083145,1.1060826,0.3982588,-1.1494385,-0.015888136
-0.49961755,-1.0234809,-0.16210374,0.77677876,0.36593595,-0.0056292065
-1.5895854,1.1596198,-0.091557816,1.0716426,1.26438,-1.5265469e-09
1.4603355,-0.6615769,1.5274718,-0.34981072,1.4816654,-0.04175867
1.4910337,-0.48882934,0.40791646,1.1185596,-1.3621656,-11.01153
-0.22302899,1.3481985,0.7955158,-0.050835285,0.80723965,-0.00014839802
-0.14899123,1.5184085,-0.5540202,-0.62884915,-0.5455038,-7.3238494e-05
-0.6557657,-0.19514751,1.1226829,-0.6881367,-0.09786136,-0.0006350624
-1.5082204,-1.2570748,0.24610049,-1.0255569,-0.083845526,-7.9983624e-07
-1.628924,-0.87641436,-0.34606385,-1.3506879,1.4830328,-1.7996167e-11
0.68726945,0.23102605,0.3301728,0.38306332,1.4383746,-0.0022327462
-0.89848715,1.0388892,-1.3533598,1.5888376,-1.4127879,-0.00012267483
-1.0600947,0.883343,0.062240552,0.23225057,0.36365664,-9.79396e-06
-0.087230444,-0.770625,0.7870257,0.22009961,1.000353,-0.0071438584
-0.5264037,-1.6575942,-1.6097767,-0.6652656,0.4526439,-9.023717e-06
-0.51005816,-1.5339646,-0.91357666,-0.69832236,-0.05171759,-0.001081671
0.10249171,-0.5533192,1.0755157,-0.5581832,-0.8285111,-0.06697999
-0.31817627,0.02891635,0.038028587,0.58615565,-1.23256,-0.035072047
-0.5458682,-0.7839936,-0.059459124,0.2847326,-1.7148533,-0.28425646
-0.7775103,-1.3852953,0.17439857,-0.6518619,-0.045161303,-0.002207335
-1.3545277,0.19237791,-0.77207005,0.3255723,-0.67928284,-3.3607862e-06
1.4913368,-1.3906397,1.4198331,-0.31752586,0.39676705,-1.2097836
-0.6421029,-1.3451866,-0.17129353,-0.13257423,-0.74318457,-0.02125037
0.5035332,-1.4244527,-0.6265269,1.2158365,1.4257219,-0.035737474
-0.5504384,-0.47024867,0.90347546,-0.7373645,-1.2325518,-0.015543979
0.18710989,1.5619072,-1.431025,1.6044639,1.5238712,-5.7140637e-06
1.6528797,0.6950888,-0.3178522,-0.96338147,-0.6977348,-0.0043950663
0.8406674,-0.20192333,0.17223303,1.5930257,0.2558386,-0.07722027
-1.445419,0.36918485,-0.5341469,0.63740504,-0.6461865,-1.5292437e-06
0.7307486,0.70792323,0.9341695,0.6822607,0.717726,-0.007825791
1.68206,0.017088829,-1.4682249,-0.41127244,1.3539966,-3.1880845e-05
0.5002674,-1.4132346,-0.49626395,-0.48721522,1.606418,-0.0038847711
1.2018434,-1.077905,-0.7230657,-1.2834842,-1.210126,-0.031658817
1.7451743,-1.1892467,1.5889158,-1.6782191,1.1763035,-0.000625629
-0.2167596,-0.03787493,0.6847485,1.2003719,1.132911,-0.002456892
0.40462837,-1.6048375,-1.2826035,1.6686133,-1.4316313,-2.5341344
-1.1499282,-0.3132859,0.66495466,0.48313552,0.6878182,-5.954518e-05
-0.30778146,-0.636976,-0.037372146,-0.69304246,0.3229255,-0.00059926766
1.3226805,1.7346443,1.5718942,0.36665937,0.93815863,-0.005015274
0.9300962,1.4379,0.9472447,-0.07937076,1.50452,-0.0006543957
-1.04272,1.0294899,-1.0043763,-1.5141453,0.027960153,-8.969637e-09
-1.333959,0.1055701,1.5305965,-1.403917,-0.65217865,-1.8240987e-06
-1.1298262,-0.5632077,-0.30823392,0.58799684,-0.7915565,-0.0005100051
-1.6525773,0.45591125,-0.3921719,-0.5209719,0.21184954,-5.9508605e-12
-1.2818654,-1.209629,0.5128358,-0.42705736,-0.26554802,-0.00016999786
-0.3787764,-0.7440777,1.7060546,-1.0604652,-1.250985,-0.046905596
1.209512,-0.3468507,0.517477,0.7507703,0.036641177,-0.17830518
0.33543855,-0.4068334,-1.6587054,-0.8899235,0.979222,-1.9562115e-07
-1.262862,-1.6610019,-0.54940856,-0.56848013,0.045743577,-7.795262e-05
-1.3345426,0.7067294,1.598973,0.9138846,1.0762544,-4.3325276e-06
0.9039675,1.4566644,-0.60649854,1.653513,-0.66534954,-0.013792078
-1.2339885,-0.9642766,-0.82752335,1.5323517,1.3454864,-1.455477e-05
-0.16491485,0.48143283,-1.3704416,0.66859514,0.4006452,-2.454693e-05
0.873363,-0.19735491,-0.9493711,0.047239162,-0.5931752,-0.009084022
-0.74996364,-0.057382993,-0.9403198,1.289601,0.8227215,-4.8699316e-05
-0.14065143,0.109457105,0.40940264,1.519599,0.83935827,-0.0033262812
-0.10276806,1.5325478,0.6855051,0.76452273,-0.753576,-0.0059559005
-0.36032325,0.2427366,1.638814,0.49562755,-0.32638532,-0.011465927
-0.8261252,-1.1070688,1.1266253,0.40397614,0.88147646,-0.0027406374
-1.4881994,-0.6264856,0.024451807,0.16215688,-1.5366317,-7.158528e-05
-1.3451059,0.86693865,0.92565006,1.130775,0.6477128,-3.7364377e-06
-0.8750902,0.55623823,0.981131,0.47639996,0.36774355,-0.0001657452
1.7106419,0.041049458,-1.4828734,-1.4772446,-1.191187,-3.5905286e-05
-0.7847592,-0.22552939,0.8660294,-1.0392756,-0.22496238,-0.00015436794
-1.1094412,-0.678183,-1.1762584,-1.5899931,0.4948578,-9.032158e-09
0.46463388,-0.6180587,1.3258406,-0.53582835,1.1921058,-0.0070305164
0.52184296,-0.92186797,-0.7482286,0.07428382,1.253804,-0.002202831
0.99083227,0.29532814,0.35555756,-0.74998105,-1.1278974,-0.04807854
1.356329,0.5012854,-0.019217065,-1.6100307,-1.1367638,-0.0004734457
1.006272,1.3550118,0.7961839,-1.1427715,0.80669016,-0.0001623032
-1.6605401,-0.39091516,0.26630437,0.72400856,1.695623,-9.9379255e-12
0.1999022,0.1328712,-1.247265,-0.13660966,1.4661543,-1.5150687e-05
1.0904576,1.144697,0.6950668,-0.30526695,0.6698337,-0.0018370154
-0.11203589,0.7726812,1.0125886,0.26650608,1.629134,-0.0002821533
-0.96778166,0.23304819,-0.8956811,-0.3808819,-0.8060607,-2.3906932e-05
1.6891164,0.5478298,-1.1155038,-0.95992184,-0.06060545,-0.00018819392
-0.597048,0.09821809,-1.1708754,-0.81056535,-1.4231398,-0.00013062386
-0.9334476,-1.5034087,-0.83690524,-0.7215794,-1.0735738,-0.0017426842
-1.5056236,0.07470437,-0.2175515,-1.6384009,-1.1818926,-4.4488355e-09
0.124084756,-0.37800214,0.12753065,-1.6144559,-1.5813549,-0.0013226281
0.8103724,1.5956292,-0.013053676,-0.67175525,0.47660816,-0.00018789197
0.42841092,1.5960093,-0.45536464,0.6366851,0.43535143,-0.00036047786
0.3877414,0.35612017,1.0652701,1.6823658,0.68503666,-0.019729435
-1.2590418,1.5804727,0.08986376,-0.061352298,1.1351974,-2.1303319e-07
-1.5613103,-0.8999183,-0.9985774,1.1704369,-1.3899555,-4.393598e-06
0.077480316,1.5371097,-0.45564094,0.55929446,-0.5110594,-0.00090351887
1.6176299,1.5226929,-1.0110893,-1.396226,1.3500285,-1.4000617e-06
1.0407999,-0.060461536,-0.607072,-0.88239145,-1.543047,-0.049272
-0.955648,-1.406078,-1.6216642,-0.49044442,1.2045991,-2.4869613e-07
-0.17642188,-0.5613126,0.29927558,-1.4444009,0.5212579,-5.5687324e-05
-1.2225218,-0.4640051,-1.3322129,0.2285986,-1.4164574,-3.8912174e-05
-0.7837409,0.035912678,0.66358155,0.39772683,0.36170354,-0.00038556778
0.3590622,-1.5894314,1.1760583,-1.3668869,0.043971725,-0.0316617
0.9850259,0.33311743,-1.2791066,-0.37955737,0.32259354,-0.00011137496
1.473876,-0.7253935,-0.9076515,-1.5447714,-0.50811285,-0.00029671527
-1.5341299,-0.44395864,-1.3585001,1.7133505,0.7716943,-1.6177209e-08
1.1987269,-0.90251213,0.45758548,1.0118043,1.3341737,-0.11382277
-1.1675942,-0.36489433,0.33151603,-0.66887414,1.1944604,-3.4860202e-06
0.69210714,-1.6282948,-0.8877489,1.4771599,-0.1777088,-0.7185376
1.5046643,-0.9265898,1.0369595,-1.1003458,-1.603449,-4.1719203
0.0713368,0.16902734,0.71200097,1.4452454,1.6824846,-0.0023780025
1.614142,1.1605186,-1.5533403,-0.68209314,0.4699438,-3.938932e-06
-1.4203621,1.6067846,-0.09439352,0.492539,1.5242921,-2.8844882e-08
-0.61070836,-1.3249949,-0.74057597,1.1912566,0.6117243,-0.003197044
1.0517049,0.7461499,-0.29884383,0.79337776,0.016821584,-0.008782618
-0.328089,-0.98561937,0.95573276,0.40605104,0.91953796,-0.01022692
-0.30541003,-1.3543996,-0.18573894,-0.21446168,0.95681477,-0.0031582508
-0.6707014,-0.07069816,-1.1942066,-0.0016204995,-0.12360409,-2.6903526e-05
1.2343634,-1.0031391,1.2076632,1.4670482,0.2533032,-2.0598516
0.89195925,-1.509491,-1.5713933,-0.58139694,-0.08187592,-0.00072271604
0.5990718,-1.6385264,-0.59100115,-0.57731646,1.1740596,-0.011684272
-0.92073536,-1.1716328,0.66108686,0.20732383,0.7761715,-0.0011810923
-1.3509489,1.4535898,1.5177091,-0.8562227,-0.3001629,-8.6825e-07
0.23343942,0.9887393,1.6665919,-0.6703536,1.6009723,-0.00020200481
0.55744094,-0.69010276,-0.40456113,0.12118234,1.646561,-0.0019030138
-0.74806875,-1.1715841,0.5724018,1.2904598,1.3941193,-0.003398639
-0.43475255,-1.3475065,-1.5098593,0.5513012,0.298434,-0.00018073864
1.2103568,-1.0328491,-0.33525148,-1.0864623,0.09421287,-0.008849132
0.18435144,-0.71765846,-0.5353738,1.0332441,-0.915249,-0.13802093
0.12485983,1.0642365,0.48679933,-0.6533618,1.2498639,-7.058656e-05
-0.376715,0.58300316,-1.1266645,0.43304896,-1.2549624,-0.000895089
-1.5125725,-0.6716604,0.37026393,0.08777875,-1.5031209,-5.7067726e-05
-1.5722818,1.2188926,0.88671535,1.2247214,0.51050574,-2.8841214e-08
-0.7761482,-1.0869206,1.3380919,-0.40191862,-1.6303602,-0.30812278
-0.8283457,-1.4275196,-0.29145133,-0.71936095,0.54006666,-0.00032467808
0.5837491,0.39108503,1.5687674,-0.36001977,-0.8450329,-0.075285524
-0.4542374,-0.96397287,-1.6242436,0.0013758217,-0.0333772,-8.661926e-06
-0.62666214,0.5076876,-0.48781174,-0.8331657,-0.67830753,-5.5631703e-05
1.6892715,1.4984857,0.65043676,1.1780943,1.3876631,-0.005752213
0.6470779,-0.82577264,0.43964097,-0.944594,-1.2978249,-0.2633979
1.2750038,-1.2217461,0.808201,0.26007703,0.306264,-0.78741926
-0.7866504,0.6695261,-1.14105,-1.34648,0.012906294,-1.1426566e-07
-0.6563632,-1.5832618,1.0569787,-0.22982675,-1.6582052,-2.7940648
0.680177,1.577611,-1.6134514,-0.3882328,1.3264337,-1.6105093e-07
-1.1003941,-0.8246296,-1.1790261,-0.70849746,0.3306205,-1.6344434e-06
-1.0787425,0.8580167,-0.117782936,0.8925955,-1.4001352,-0.00071223674
-0.03603674,-1.393159,-1.6701196,-1.5635936,-1.7290708,-3.283031e-06
-0.5828092,-1.1848723,-1.6340764,0.16758591,0.753561,-3.1262248e-06
-1.2440068,0.20077066,-1.5261835,-0.17669752,1.4088857,-5.4525384e-09
1.0687664,0.6325615,1.3804294,-0.91671544,-0.4059602,-0.011745567
1.4321846,1.3720019,0.37594703,1.3348581,-0.52282315,-0.078646675
0.32655323,1.479295,-0.5491443,1.0747813,-1.4872289,-0.032730475
-0.2527292,-0.09442484,-0.071548924,0.509908,1.1569215,-0.0004789755
-1.548196,-0.21952623,-1.4984976,0.01935892,-0.6635499,-4.194421e-09
-0.5801879,0.2978635,-1.6236331,0.9472458,-0.8070023,-8.231396e-06
0.4856315,-0.40214354,-1.1991298,-0.77650386,0.6468057,-6.2623854e-05
0.8592828,0.06676357,-1.6631294,-1.4262211,1.5017537,-5.556389e-09
-0.1705814,-1.660555,1.1294501,1.6505144,0.78927803,-0.5840963
-0.6337766,-1.4384696,-0.6021656,-0.66387653,0.48748022,-0.00050650723
1.006878,1.213313,-0.46473712,0.33363262,1.5199609,-0.00024865553
-1.3245114,-1.0219952,-1.4805036,0.020256555,0.061972983,-4.0926363e-07
1.1356944,1.3932884,0.28362462,1.4462491,0.25606743,-0.012233298
-0.6210348,0.20004727,-0.25871503,1.7113825,-0.1380633,-0.0014008686
0.073512144,0.43568987,-1.1706234,-1.1816909,-1.0959244,-5.3733427e-05
-0.29320842,1.6070132,1.1006678,-0.03289707,0.30626786,-0.00025954447
0.2559646,-0.9724051,1.4473008,-1.4209882,-0.91025186,-0.02583657
-0.473334,-0.27109578,-1.2255898,1.106203,0.989786,-5.0944258e-05
1.2995033,0.3187579,0.97252846,1.6421587,-1.2052433,-3.4400575
0.0023755254,0.60832995,-0.2799215,-0.67758906,-1.4260787,-0.005393284
1.3916006,-1.7066232,-0.017156389,0.30006334,-0.34596646,-5.9573507
1.7031374,0.6325855,0.7303881,-0.39640623,1.2738642,-0.0032620118
-0.79195213,-1.0314485,-0.31418267,-0.43471476,-1.32639,-0.010447511
-1.2093039,0.23808758,1.4588702,1.3632523,-0.5631145,-0.00057005405
1.4289795,1.1979733,1.056177,-1.6264229,-0.14421389,-7.209208e-05
1.3967925,-0.16855301,-1.1162344,-0.25197515,-0.7683922,-0.009425221
-1.2679287,-0.048865724,-1.0465305,-0.021507865,0.80586827,-2.7953797e-07
-0.085990526,-0.12471381,-1.7032678,-1.5446091,1.4999504,-2.2321459e-11
-1.6512831,1.476032,0.54915434,0.69902617,0.92497784,-1.5179687e-11
-1.3627461,1.0074395,-1.293297,1.1426172,-0.3765635,-2.1535081e-07
0.37980628,0.30291215,-1.4410436,-1.3926052,-1.3702404,-1.6533795e-05
0.5053504,-1.052733,-1.1022062,0.6569108,-1.44037,-0.42856687
0.41225243,-0.9492472,-1.6996112,-0.12664632,-0.42599627,-4.7988237e-06
-0.42160606,1.4092561,-1.3999184,1.6111109,-0.55675983,-4.1839154e-05
1.636134,1.2734528,1.5315845,-1.6494045,-1.3239672,-0.0014702011
0.29340634,1.0262437,0.95879215,1.4586024,0.41631737,-0.0073082447
-0.9691692,-1.3659497,1.5213807,-0.6589489,-0.6673256,-0.011391656
-0.050356418,1.3779838,-0.8343723,1.4481792,0.4901974,-0.00014883923
0.46076035,-0.16146937,-0.70563275,-0.89942396,-0.93053323,-0.0026182127
0.65029836,1.3039751,-0.60377526,0.27947444,-0.16754748,-0.00098961
-1.1706749,1.5360109,0.032620773,0.39034408,-0.53239864,-1.1696431e-05
0.69266236,0.1998136,-1.2341564,1.0619774,1.0512964,-0.00028903637
-0.8327553,-0.72579265,0.2509473,0.7988175,-1.5909201,-0.12640786
-1.3840019,1.6629533,-1.1020888,0.9552426,-0.6939988,-2.7125517e-07
-0.8935979,-0.91066,0.2705652,-0.37961882,0.3579131,-0.00033054806
1.7081817,1.1572417,1.5728759,-1.3870729,-0.49914825,-0.00328296
1.519498,-1.6814039,0.2892567,0.005753549,-0.041240234,-3.6929064
1.5894704,-0.5469047,1.2523513,1.5681484,1.1579003,-0.35790458
1.058178,-1.528168,-1.2246099,1.4863906,0.23609161,-0.14178692
1.3482841,-0.78293836,-0.2434057,-1.0352545,0.20169508,-0.0067929085
-0.18338214,0.75442094,-1.0618495,1.1791348,0.49391767,-9.3478346e-05
-0.9005225,-1.254698,-0.19155762,0.7659345,-0.9426292,-0.02488697
0.9077244,-1.5157546,-0.6844058,-0.3283434,-0.7027106,-0.3582183
-0.8453302,1.2657316,-0.9764749,0.9326505,0.81728876,-3.0305712e-06
-1.11519,0.9466824,-1.6605558,-0.086750805,0.23922852,-2.6046165e-09
-0.5028472,-0.012421625,-0.6380092,0.19686908,1.1172047,-4.9802195e-05
0.40859798,-1.2343326,0.22915506,-1.1512649,-0.23255423,-0.015130818
0.9338006,-0.4596197,-0.3031913,-0.22805506,1.613965,-0.0015956487
-0.62181705,-0.5632214,-1.6011161,1.684028,1.0217943,-4.5199063e-06
-0.96655387,1.0941689,1.2896937,1.0604385,-0.49639612,-0.00054109545
0.2794815,-0.56904215,1.2730423,-1.4165694,-0.8959711,-0.008936805
-0.9680469,-0.5002533,-1.0368037,-0.1126606,0.33782178,-1.0456307e-05
-1.074191,-1.241196,0.17372246,1.0907788,-1.4552101,-0.090961374
0.9449187,-0.8223962,1.1399245,-0.756868,-0.8041069,-0.3820435
-0.24217363,0.96011287,-1.6325634,-0.23170991,0.5184964,-1.2162972e-07
1.6209899,1.1411687,-1.5190835,0.85102594,0.13930513,-0.00013382144
1.7226033,0.26262552,0.95240057,1.4437914,0.7714979,-0.11197221
0.56230944,-0.6537479,-0.034965124,1.5597391,-0.7354404,-0.5857148
0.63990414,1.6978837,0.5461855,-1.2677994,1.4446303,-1.2467019e-05
0.44377565,0.35434064,-0.7154321,-1.6492327,-0.9631987,-9.495492e-06
0.0741244,-0.67275965,0.31058136,1.211745,-0.8983052,-0.3928451
-0.07811803,-0.6033927,1.1386046,-0.14877778,1.1461104,-0.0035852576
0.070823096,-0.2395685,-0.4212739,1.552051,-0.3454865,-0.022326559
0.6903117,0.8415335,-0.55590373,1.2171234,0.48341173,-0.0019784707
1.6485229,0.65080637,-1.6369289,-0.69173056,-0.31903058,-6.7720816e-06
-0.39920613,1.2832063,-0.2660586,0.48266375,-1.2354505,-0.002652841
-0.6809046,-0.07249698,1.0877903,0.56932545,-0.080846146,-0.002732931
-0.36993644,1.4630216,-1.6246953,-0.6353841,0.77343833,-1.5358466e-08
-0.78494793,-0.70830786,-0.13365594,1.5444467,1.1545869,-0.0006136726
0.34001386,-0.8040251,1.251476,0.12797375,1.3083991,-0.018945111
1.3327812,-0.6433589,-0.4913176,-0.58145654,-0.07256091,-0.015609469
1.393974,-1.6449906,-0.6357335,-1.5991441,1.2417338,-0.0002985771
0.8379166,-1.1489061,-0.51918066,1.374167,0.47650805,-0.13439181
-1.2203653,-1.5863037,-0.6970517,-1.7348202,0.05241291,-4.4145816e-09
-0.87723124,-0.0972171,0.20470224,1.3061967,0.02106638,-0.0007842645
-0.33126426,0.023428928,-1.6551667,-0.6220451,-0.17674284,-2.6064438e-07
-0.2703157,-0.45012245,0.6556295,-0.3320202,0.48256844,-0.0017608937
0.18880889,-1.1963434,-0.43486154,0.2199815,-0.10102467,-0.04086019
-1.5338981,1.6042153,-0.21968633,1.6911345,1.1012372,-1.1571182e-08
0.58321714,-0.576531,-0.11685675,-1.1565297,-0.27519143,-0.0025109875
-1.2667658,0.8458562,0.9588765,-1.2465962,-0.97255003,-3.452211e-06
-1.0426435,1.2329401,-1.0681826,1.0284863,0.49126458,-1.3896068e-06
-1.3847634,-1.1505204,-1.5644143,-0.8570583,-0.9812546,-1.3388528e-07
1.5478506,-0.2132866,-1.2437501,-0.65287906,1.0630172,-0.00013857178
-1.5837911,1.024408,-1.261346,0.98860705,1.401646,-1.0658079e-10
1.3464192,1.7134975,-0.8374433,-0.733576,0.26616907,-8.043334e-05
-0.010748174,-0.21528998,1.3560777,1.0190341,-0.35875586,-0.09097305
-0.15315363,1.2826122,-1.3301139,-0.69106746,-0.08976646,-2.4631663e-06
1.1244313,-1.3750149,-1.0109056,1.3201743,0.798804,-0.07600132
-0.11203959,-1.137109,-1.4015689,1.714,-1.3335414,-0.06854578
1.1273172,1.4546452,-0.86406493,0.22558883,-0.4748209,-0.0015956346
1.2924211,-0.15986308,-0.049169056,-0.59199214,-1.0659196,-0.1062239
-1.4481926,1.7461805,-1.0485977,0.96158516,-1.5768095,-1.4339611e-06
0.709876,0.1348578,0.017225413,0.470555,-1.2497627,-0.2521394
0.37229082,-0.7233114,0.5796907,-0.006861528,-1.1234666,-0.5410182
0.4174722,1.6789126,-0.293257,1.5334935,1.3059682,-0.00031376714
0.29859656,1.5464585,0.7403728,-0.114747085,1.0460702,-0.0002543438
0.5182616,0.17022647,0.39332193,0.5954677,-1.1864007,-0.26240602
-0.7814043,-1.0604622,1.6588006,-0.5311139,-1.3772147,-0.1172969
-0.17320557,-0.06939829,-0.08865268,-0.32916966,1.5380516,-0.000109973276
1.6835707,-0.83987767,1.4882778,-0.08907556,0.39912173,-0.49315926
1.2042973,1.2897569,1.2850794,0.102347314,0.78524363,-0.0049513453
-0.017554045,0.088388644,0.8204186,0.7443584,0.25861132,-0.008442023
-1.5727528,0.3774777,0.9714173,1.2944008,-0.6582005,-8.257546e-07
0.12263706,1.0745814,-1.1515764,1.0492228,-0.9465107,-0.0013208566
-1.1257095,0.59001905,-1.1516517,-0.74414265,0.91939247,-4.618607e-08
1.447735,-1.0922608,0.7327845,1.5407492,-1.7210505,-329.17865
-0.99845326,1.4694152,0.6229233,1.1575316,-1.4515631,-0.0021320079
-0.07720375,1.0884542,1.5495747,0.611059,0.5109362,-0.0019690334
-0.33510718,-1.0800595,-0.22463842,0.17495438,-0.4654223,-0.021554057
0.35364634,1.3380358,-0.31677914,-0.99630314,0.31937823,-3.6285084e-05
1.6679108,0.5063231,1.1769124,-1.0499184,0.9112992,-0.0020893468
0.2108056,-0.33974382,0.054552704,-0.005694396,-1.0060558,-0.065699875
1.0446625,-1.2522953,1.6120923,-1.3049237,-0.98571116,-0.58504176
1.3840605,-0.28529495,-0.87731236,0.5942563,-1.075952,-0.18193874
1.4376069,-1.7193507,-0.5646603,-1.5893189,-1.5256836,-0.14692706
-0.5476578,1.0117205,0.07330196,-1.5615153,-0.12875901,-1.0221956e-06
-0.33805925,1.2819613,0.9154245,-0.79368365,1.4578103,-1.5224641e-05
0.8772068,-0.50004625,-1.5071727,0.9839071,-0.11739133,-0.0012915095
-0.42281684,1.639007,-0.48187017,1.3441113,0.9373995,-4.0899762e-05
0.85365605,-0.64510906,1.2468446,-1.4727058,-0.87220806,-0.01841626
-0.32912216,0.30833322,0.35681802,-1.1101023,0.1600673,-7.18593e-05
-1.1210227,-1.22013,1.2137524,0.37050864,-1.3110098,-0.054860324
0.7482139,-0.06760506,-0.5829291,-0.33061457,-0.12600937,-0.0031670996
0.31121537,0.7185233,-1.0840194,-1.4362352,0.36811984,-1.0576646e-06
0.81504893,0.7651878,-1.1739231,0.46758825,-0.7520227,-0.0021478347
1.7582614,-0.05220676,-0.9669257,-1.4585625,1.5771186,-8.525836e-06
1.2230422,-0.88098,-1.2921304,0.09419311,0.476944,-0.0027257758
1.6798869,1.2374741,0.85052174,0.69286644,0.85391456,-0.011620206
0.13933514,1.172473,0.46087548,1.5859786,1.7105582,-0.00056720566
-1.4344182,0.28937507,-1.1002429,-1.4951074,0.7219185,-1.471761e-10
-1.1611098,-0.8028327,1.5739055,1.2811267,-0.14757304,-0.0027972378
-1.0227146,0.38012585,0.48821726,0.22703208,0.81483316,-2.2369522e-05
-1.4706488,0.0115387235,0.6384825,1.4961973,1.6936215,-5.54492e-07
-0.81616217,1.6153326,-0.7248787,1.693449,-1.6775894,-0.0023478896
-1.5383697,0.26774102,1.1885974,-0.44711018,-0.33787897,-2.5072956e-07
-1.5418962,0.14262593,-1.2128916,-0.28461102,0.82868564,-7.5313594e-10
-0.9820346,0.12718566,1.2514627,-0.43380988,-0.43104118,-0.0002700846
-1.6507795,0.9434933,-0.93459636,1.3501669,-1.4194759,-5.746618e-10
-1.010036,-0.014922853,0.72882026,-0.7657194,-1.0161691,-0.0003425639
0.7038903,1.5159308,-0.62249625,1.1314143,-0.91102886,-0.010265634
1.4836649,0.9240927,1.1152867,0.69918275,0.70579195,-0.021296272
-0.46517777,-1.323536,-1.4418894,1.6169662,1.0900772,-0.00027365657
-0.45383787,0.0068107937,-0.33593598,1.2145151,-0.20855063,-0.002297597
0.96679467,-1.4875898,-0.4646892,1.3936807,-1.4275612,-33.96852
-0.802596,-1.3449831,-1.0283346,-1.4404855,0.23424412,-3.8261664e-06
-0.7672222,0.34890613,-0.84487534,-0.92760056,0.47216505,-1.5695232e-06
1.1083292,0.40247375,-0.483054,-1.2453885,-0.6643603,-0.0007740007
-1.4535173,-0.14724444,0.17721687,0.8470997,0.5850608,-1.3358691e-06
0.2577486,1.680228,1.21861,0.3385632,-0.7185009,-0.011219667
1.5686259,-0.93899125,-0.28327253,0.64692926,0.5709195,-0.13907918
0.34250745,-0.73101705,1.6831858,0.63680416,1.2264868,-0.044879317
0.515528,-0.27512354,-0.8185466,0.05904244,0.8513855,-0.0007352189
-0.9559182,0.017505793,-0.885459,0.6477075,-0.17515858,-4.5024117e-05
0.023388967,-0.14229712,-0.0905581,-0.95520514,1.6504565,-4.4804216e-05
0.14185254,1.5920676,-0.31197616,1.1128253,-0.16379061,-0.0011333458
0.46986988,-0.7367577,0.5448018,-1.5080937,-1.555094,-0.031382065
0.7163554,-0.91410184,1.5866014,-1.6086129,1.2322364,-0.00026689644
1.5437312,0.15815577,0.5873384,0.5748368,1.5974438,-0.012034986
-1.267502,1.3291961,-1.4386219,1.6144593,0.7780833,-4.1169905e-08
0.09877853,0.4247223,-0.5879527,-0.6491239,1.5049106,-2.114468e-05
-0.8133871,0.95533067,-0.34226856,1.619937,0.9229975,-3.3853907e-05
-1.3153214,0.3476597,-1.565467,-0.63026756,0.69469386,-1.2061204e-09
-0.09076889,1.5073816,0.53029305,-1.3328384,0.9903053,-4.2009906e-06
-1.4689066,1.064297,1.4988382,-0.2841473,-1.3409265,-8.8495235e-06
1.2491635,1.2666711,0.8523848,0.94514066,-0.032272886,-0.031933554
0.24662244,-0.23030601,-0.034956932,-0.9174768,-0.75086415,-0.0044944156
-0.88111216,-1.4507729,-0.13173966,1.6126636,0.4643983,-0.008026359
0.94720453,-0.8283412,-0.8055292,-0.79028934,-1.5419158,-0.15828301
-1.5829095,0.6066162,-0.19180955,-0.78236455,0.09067549,-1.3009488e-09
-0.6190445,1.2419834,1.5059361,-0.73698205,0.6653689,-3.369655e-05
-0.28839085,-0.68104845,-0.88426924,-1.3358446,-0.6546352,-7.355091e-05
-1.4163986,1.4635959,0.27394223,1.6040652,-0.70956534,-5.6629824e-06
-1.048058,0.2598772,-1.2615712,-0.99462724,-1.1339136,-1.7258302e-06
-0.23396502,0.013824193,-0.4707807,-0.794992,0.46481252,-6.1735875e-05
1.3539939,0.0754675,0.09855645,-0.5400969,-1.4641619,-0.3622994
1.710326,-0.30422124,-1.2983012,1.4461263,-0.36681226,-0.028738737
1.1430047,1.655097,0.46588123,0.79500836,0.08462529,-0.00837023
-0.981293,0.08330308,-1.4763424,0.62441474,0.4820904,-7.9570475e-07
-1.0796331,1.0852224,-0.7028022,-0.47063297,-1.4972056,-3.7787064e-05
1.5502163,-1.4791511,1.1947144,0.8624348,0.3375613,-6.6386213
0.65636915,-0.900274,1.6107721,0.30034235,-0.69051534,-1.7921062
0.09290953,0.20478834,-0.13526663,1.3679593,-0.21308917,-0.011519731
0.28023767,1.4126803,-1.2289615,0.37076387,-1.2743478,-0.001027445
-1.3370794,0.8450365,-1.4116533,1.2590346,-1.3707626,-2.528113e-06
-0.5279095,0.34215662,-0.42317173,1.1829729,0.22443457,-0.00041232596
1.7050967,-1.7326403,-0.87771565,0.2887999,0.28222245,-0.60312825
-0.3776307,0.03992953,1.3648326,-1.6769903,1.4756184,-5.2660505e-07
-0.039247908,-1.1553528,-1.2257435,0.3386271,1.6166335,-0.00025814114
-1.3829525,-1.4965075,1.0332701,-1.323455,1.2527153,-1.8712525e-06
-0.9163321,0.24758318,0.32573277,0.28369766,0.65888965,-5.507918e-05
0.011981929,-1.1071186,-0.52351093,-0.20869014,1.1392409,-0.0015174828
-1.0226899,1.6048326,1.3996011,1.3660882,0.72735673,-3.8558082e-05
-0.1664342,-0.95013595,0.9551906,-1.2597649,-1.6236866,-0.12089893
0.748069,0.5742206,-0.06102803,-1.4648718,1.247729,-1.0039659e-05
-1.6375923,1.0402457,-1.1654524,0.75890875,0.19846658,-1.8177066e-11
0.55870384,-1.3615832,-0.50662774,1.1311647,-0.44316167,-0.6409022
-1.091667,0.90787786,0.55303955,-0.39200556,-0.52625275,-2.7900238e-05
-0.7934335,-0.22890848,1.4877809,0.45520318,1.3686706,-0.00034991777
0.70837015,0.9191152,-0.58073527,1.3780446,1.1959193,-0.0007780233
1.4166101,1.7106376,-0.7149651,0.15819302,-0.17236686,-0.0013082036
-0.4235763,-0.7434816,-1.6796447,-0.499325,-0.6584941,-1.1858408e-06
-0.659984,-0.75569755,1.0551084,0.98879343,-0.9419826,-0.10601366
-1.5102408,1.4057251,1.6760131,1.5492941,0.98595405,-1.9918721e-07
-0.8409812,0.20261201,1.1819669,-0.30889615,-1.0610414,-0.0025411074
-1.460984,-0.16875981,-0.9583024,1.1628133,-1.1588267,-6.4654146e-06
-0.34703922,1.3425524,1.2299019,0.13036531,-1.0500836,-0.0065612984
0.39860186,-0.84379894,-0.52182096,-0.3776796,0.49081874,-0.0031597018
-1.5664574,-0.0801014,0.89734054,-0.16581443,1.314883,-1.7570896e-08
1.5509403,1.2161537,1.003687,-1.6986914,0.33424148,-5.781113e-06
1.1277249,0.69489795,-1.4017253,0.8179311,0.6333898,-0.00014881646
-1.638916,-1.1319599,0.42424968,-0.958746,-1.4092164,-4.65196e-08
-0.77549016,0.46444362,0.68498504,-1.4920253,-1.2689191,-5.6537887e-05
0.60889786,-1.3355254,-1.0338254,-0.25493714,-1.0251284,-0.11444097
-0.3067179,-0.9493114,1.5875688,-0.72129023,-1.118935,-0.14170673
-0.1405422,1.138926,1.3403736,-1.1187093,-0.7840678,-0.000706725
-0.73050755,-0.46239406,1.4350253,-0.3796583,-1.060726,-0.015352919
1.4305599,-0.88995004,-0.016434815,-0.19750445,-0.57781875,-0.3883656
-0.9156279,0.1316273,-0.92020625,0.5129294,-1.0828359,-0.0002731377
1.4754391,0.43707258,-0.9398626,0.22340474,0.5038224,-0.0014095646
0.1582798,-1.0875959,0.60633653,-0.2462061,0.033032566,-0.050263494
0.39337695,-1.1804622,-0.34227574,0.3675332,0.07643549,-0.062062137
1.3907952,-1.6982688,1.3646725,-1.1369997,0.7220478,-0.28993842
-0.23662943,0.46174428,1.4380141,1.4536875,-1.5696179,-0.6554369
-0.9334456,-1.1291687,0.13165179,0.83517873,-0.6890961,-0.0134609165
-0.2314084,0.14100453,-1.40755,1.0832143,-0.07040372,-9.337419e-05
1.4440523,-0.38694477,0.6810462,-1.5619146,-1.6285247,-0.062154733
-1.2307954,-1.1443636,1.536619,1.1698825,0.9079178,-0.00065423036
0.4380863,-0.55497867,-0.4324795,0.29229116,-1.3109945,-0.26281542
-1.6455394,-1.3465348,-0.90012527,-1.6910396,1.1581328,-6.196825e-14
0.9501722,-0.9251196,-0.40285417,1.6330445,1.7008883,-0.028841635
0.68349636,-0.048049424,0.24522285,-0.050700642,0.34499663,-0.0077019134
0.120164625,-1.4983441,-1.2757329,0.3183515,-0.8538752,-0.044573054
0.7863632,-1.5372858,0.9166141,1.4209772,1.2096721,-1.0601431
0.049088374,1.3256369,0.7334772,1.1044782,-1.146073,-0.04344395
1.0002071,0.1725013,-0.6578346,1.5291938,0.070305526,-0.017631877
-1.31628,-0.7718071,-0.63741136,-1.633781,1.0733176,-2.9353626e-09
-0.20577717,-0.05170696,-0.81617785,1.7008911,1.6106513,-0.00023186259
0.8112017,1.3124403,1.3421278,0.40822378,0.1151728,-0.011084606
1.7622758,-1.4619882,1.018082,0.008139933,-0.1429605,-5.871628
0.92449105,-0.9266173,0.4874107,-1.3776163,-0.16178635,-0.0070059546
-1.2052827,-1.2663399,-0.077995986,-0.94739884,-1.6893313,-0.0027595216
1.3717893,-0.12116737,0.42827907,1.6699831,0.2958719,-0.19346438
-0.33692527,-0.0537568,1.6567255,1.2756071,-1.3851382,-0.5995268
-0.320591,-1.3652252,0.543058,1.3380631,0.14393142,-0.15688598
-1.5182906,1.2288443,-0.85782355,-0.16019863,-0.4228148,-1.0448258e-08
-0.2239681,-1.345179,0.6636928,-0.9808349,1.088741,-0.0020357505
1.2654009,1.6506025,-0.682763,0.3907199,-0.7044987,-0.004954363
0.28732112,-1.2051208,-0.061945,-0.8411282,1.2182652,-0.0020855616
-0.9560264,-0.23445328,-1.1075499,-1.1437802,-0.42397192,-1.4745544e-06
0.577305,0.3360426,-0.05120372,0.5459538,-0.34630916,-0.016172854
-0.50510406,-0.7757219,0.08869814,1.3464688,-1.5869447,-0.70050716
1.6196277,1.6259649,-1.0429482,-1.3453879,1.4922711,-1.2887616e-06
-1.4477526,-1.2069963,1.1036568,-1.5479977,0.13804926,-2.924678e-07
-0.49689052,-0.090756945,1.5859187,0.2200237,-1.5712075,-0.24855249
-1.6158845,-1.2859188,-1.4380498,-0.6256958,0.08569219,-2.6530816e-10
-0.6311541,0.49556065,0.4969204,-0.94216233,0.6971115,-1.7669501e-05
0.5901115,1.5079072,-1.1878325,-0.36951277,-0.3773042,-6.696708e-05
1.7050908,1.6399515,-0.3424287,-0.11472723,1.400507,-0.0002952064
0.33641014,0.21583986,0.8220813,-0.49557355,0.83471054,-0.001230019
1.7356515,-0.8746119,-0.031095903,1.2704474,-0.23343135,-1.4631917
0.38412863,1.7178743,0.51971585,0.9470391,1.7184013,-0.00030839042
1.0418584,0.13822626,-0.5576111,0.53131104,1.2087774,-0.0017978388
1.4278775,1.1980213,1.6387261,-0.57075876,-0.223882,-0.017513346
1.4868865,-0.9076624,-0.80758226,-0.1690424,-0.16110149,-0.043333355
-0.91687745,-0.81025803,0.32064077,1.1104434,0.5194495,-0.0012025798
1.6306436,-1.4547129,0.17542717,0.12946291,-0.6146159,-5.757588
1.0904789,1.626817,1.169422,-1.6882006,1.0536425,-1.2417963e-06
-0.7581739,0.29888913,0.17451715,0.15046115,-1.676483,-0.015906561
-0.7747502,-1.257623,1.0349638,0.8941089,-0.93870157,-0.21776064
-1.397446,0.15804802,0.44174874,-0.45942825,0.781583,-3.6651338e-07
0.47969228,-0.74830526,1.0945812,-0.33828688,-1.6724563,-4.611419
-1.3488816,0.09478499,0.020779828,-0.2497714,-0.5849733,-6.4965934e-06
0.77470565,0.591219,0.57237744,1.0518308,-0.93173933,-0.20686288
0.59105885,-0.86684656,1.6938714,1.4182508,0.9258063,-0.2891509
-1.4492123,0.31405684,-0.5606979,-1.3759619,0.075380415,-3.901923e-09
0.5164875,-1.1047881,-0.7000951,1.1287187,-1.240667,-1.3328165
-0.09292678,0.3460937,1.2462782,0.69608057,1.3828278,-0.0014285236
0.8339418,-1.6931053,0.6560795,0.5929661,-0.8007565,-21.59637
1.0354059,0.28738734,-1.6227018,-0.99996734,-0.20253728,-2.1044536e-06
-1.665094,1.756034,0.6101429,-1.0049081,0.5722678,-3.658011e-14
1.6266975,1.6285543,-1.6860079,1.7084062,-1.1654769,-7.6535245e-05
1.491569,0.64906937,-0.9337523,0.4296001,-0.17123036,-0.0042783977
0.7324379,1.3023422,0.671448,-0.40052438,-0.5945818,-0.006462331
-1.5269908,1.7186012,0.90413743,-0.36580434,-0.42207107,-5.486606e-08
-0.56810063,0.50573486,-0.38888252,1.1472113,-0.63932997,-0.001455496
-0.45199513,0.5940275,1.4534113,-0.44659498,1.0960212,-0.00013483585
-0.3954839,0.23577078,1.7065239,1.157817,-0.8619754,-0.06599527
1.0184126,1.5655543,1.3388261,-0.5063098,-1.1794552,-0.051888518
0.6733395,1.5192693,-1.5789732,0.39571604,0.73587716,-2.4567553e-06
1.4115446,-0.8211158,-0.62588745,0.4426673,0.54903543,-0.036686108
-0.59790105,-0.0655471,0.10359764,-0.9031179,0.0064440705,-9.3538765e-05
0.6267835,-0.88024205,1.3955202,0.02849349,0.13096984,-0.19927338
0.65994763,0.63859236,-0.28914896,0.3321484,1.6868103,-0.00034220744
-1.3868444,-1.699189,0.3579826,-1.7112314,-0.5905316,-2.1882897e-07
-1.6235424,0.629856,0.9033933,-0.35608527,-1.555903,-6.6979226e-08
-0.8465467,-0.47636658,-0.89986473,0.15079229,-1.7160361,-0.0066200458
1.2261678,0.6453212,-1.0414327,1.4146146,0.43699482,-0.0022491529
-1.5743525,0.5563294,1.698191,0.3698106,0.6628233,-4.42712e-08
-1.4520226,-0.86928344,-0.03927327,-1.4890751,0.012828181,-5.182512e-08
1.0120012,0.92025584,1.214799,-0.522913,-1.4497311,-0.22782244
0.9763978,0.7544755,-1.6762792,1.703383,-1.3633443,-0.00028341933
1.4635824,-1.4897622,-0.65674716,-0.24017002,-1.1907188,-3.1253688
-1.253102,1.7634863,1.2046599,1.2945148,1.1024028,-2.7894084e-06
-1.2134212,1.5222846,-0.16727561,0.18466951,0.32748827,-1.0145179e-06
0.9306832,1.1022533,0.5777771,1.124068,-0.9754248,-0.16143252
1.544941,-0.1718711,-1.440255,-0.7599845,-1.6481206,-0.00929998
1.0776877,0.63059473,1.6713754,1.69006,0.98252255,-0.046006393
0.3169577,-0.9456881,-0.8584769,0.35177475,0.0069694095,-0.01042759
0.6147874,-0.59142405,-0.0878121,-0.36960068,1.7084584,-0.0012581417
1.6818601,0.83776766,-1.1263105,1.3196608,-1.4294335,-0.12907806
-1.0641031,0.7905997,-0.76322824,0.8411989,-1.415181,-0.00025830264
-0.73480666,0.7040079,-1.4738742,-1.1806111,0.28693262,-2.585677e-08
1.2518637,-1.6723325,-1.5048019,-0.13914372,1.1481882,-0.0020345314
-1.1313348,1.4658145,-0.35194397,1.2291291,1.1314329,-1.5663294e-06
-0.9025629,-0.728554,-0.7587884,0.41786468,1.7088014,-1.9538957e-05
1.3044363,1.5304943,1.2682514,-0.5631036,1.0900419,-0.0010088114
0.59058416,1.4574902,-0.009248154,-1.1440121,0.7613173,-2.6667463e-05
0.60358423,0.6594036,1.3350836,-1.2293452,-1.0756068,-0.008878059
-0.6828416,1.7609123,-0.28870574,0.9500603,1.6936573,-5.578466e-06
0.023382192,1.017811,0.3635764,0.77069217,-0.77745956,-0.011167543
1.6234835,1.0394056,1.64917,-1.5518306,1.1011634,-8.0870974e-05
-0.9866255,-0.5910244,-1.330432,-0.37063563,0.70026493,-1.172509e-06
0.06069252,1.6397743,-0.74524236,0.42472246,-1.0373168,-0.0012528521
0.8662903,0.4682786,1.4679047,-1.5494637,-0.16621405,-0.00036346205
-1.1418697,1.0470642,-0.39484805,1.4808276,-0.15571387,-1.8953919e-05
1.7198377,-0.39125767,-0.46365425,-0.19942899,1.2950114,-0.004487419
-0.81334275,1.281904,0.13695186,-0.71919507,1.3125244,-1.4423994e-06
-0.36644214,1.5686748,-0.9233049,0.17879477,0.3593981,-1.2067103e-05
-0.41885996,-1.3422414,0.12262955,0.6124117,-0.9950248,-0.3440756
-1.0752201,1.4501892,-0.71504396,0.3711498,0.481216,-1.1197412e-06
-1.6429096,-1.1567402,0.5441263,1.6309675,1.4061551,-6.019591e-09
1.0182894,-1.2053045,-0.3656543,0.9623206,-0.92859715,-2.7825243
0.50472957,-1.4644883,-0.5774809,-0.18243702,1.3752071,-0.008860706
-1.5659839,0.5155775,-0.6481694,0.28095573,0.37941268,-4.926006e-09
-1.0613862,-1.3150856,0.44545165,0.40602893,0.9455868,-0.00063184375
1.7494465,-0.65592355,0.8612954,-0.70253277,0.5819494,-0.051171344
0.7054859,-0.8782044,-1.571727,-1.50109,1.0808463,-2.0402769e-07
0.73822665,0.47738186,-1.1992168,-0.19894998,-1.4838706,-0.007652325
-0.98331517,-1.7216709,-1.649864,-0.67525667,0.7030544,-4.0427236e-07
-0.7079113,-0.80030715,0.8010854,-1.6533302,-1.5122474,-0.00026361374
-0.21284153,0.01971067,1.287628,0.60435885,-0.12970765,-0.014725646
-0.2678283,0.16493773,-1.6517261,-0.7423631,1.3416193,-2.156363e-08
-1.1330723,-0.788305,0.44571298,1.6467177,-1.4307051,-0.037016947
0.18904522,0.6375947,0.34751007,0.60611457,-1.3278744,-0.100080505
0.21833009,-1.1547408,-0.92294484,0.72448075,-0.7700468,-0.09237647
-0.17093189,-1.4842144,0.37027192,0.4912972,0.053482015,-0.15004559
0.28592086,-0.24346642,1.3238821,0.66225773,-0.25086793,-0.10407082
-0.6354951,-0.9450417,1.6843349,1.0965017,-1.3699204,-1.1679827
0.49539068,1.1166041,0.74203163,1.2601838,0.21384747,-0.009137668
0.6967112,-1.1965812,-0.3416162,-0.10920016,-0.4463255,-0.153522
-0.8600669,-0.14097655,-0.9785235,-0.50624156,-0.8198195,-4.9393828e-05
-1.6606746,0.7381081,-0.65530366,0.45567805,0.0072628846,-2.5130549e-12
0.94867766,-1.5350068,0.0131567,-0.79723465,0.5760332,-0.056645826
0.45799,1.3697567,-0.12710913,-0.10255166,0.2659936,-0.0004296396
-0.8288048,-0.793148,1.2527597,0.49219337,-1.1587462,-0.073212154
1.7069634,-0.47226074,-1.553634,0.7608604,1.1614105,-0.00026456785
-0.7317688,-1.0701604,0.15241933,-1.6926124,0.31486252,-9.917754e-07
1.2110097,-0.6492401,-0.5473874,0.65742767,-0.72017497,-0.2844267
0.920938,-0.67204326,0.1423429,-0.6861501,1.4862336,-0.002384678
-1.3968637,-1.5598981,1.6512988,-1.2364564,0.33720127,-1.7850049e-05
1.1579527,0.6084458,0.04932779,-0.7532824,0.8882316,-0.00055698963
-1.5364841,0.0011907276,-0.29892597,-0.05182558,1.2119162,-1.1479381e-08
-0.9070446,1.7291172,-0.58327544,0.84004503,-0.04246337,-1.16703895e-05
-0.23998679,1.194675,-1.715532,-1.5596349,1.4144994,-8.9914675e-14
-1.113779,1.5384486,-1.5575873,0.4568822,-0.019345138,-3.6681406e-08
1.7297118,0.5248503,0.74769014,1.5488178,1.3727479,-0.031829357
-0.29831302,0.9319613,-1.0501463,-0.99461997,0.19826938,-2.317789e-06
0.7312428,1.6554426,0.9745328,0.400198,0.78462476,-0.0017223611
-1.4907372,1.4523641,-0.48804912,-0.71189404,0.8597986,-1.5355432e-09
1.0386385,-1.3460225,0.61892503,0.412162,-0.970673,-10.287621
-0.4881208,-0.38794938,1.2532983,0.73689085,1.5005946,-0.0014732678
-1.2629753,-1.6912189,0.25040638,-1.083173,0.040847745,-8.985958e-05
0.2989953,0.07343641,0.58900315,0.40078148,0.62437814,-0.0054729013
0.881554,-0.6149996,1.4510221,1.7004741,-1.2883832,-20.576384
1.5376501,1.5348965,-0.5408351,0.10734098,-0.65754944,-0.0067135147
-1.0048349,0.2851931,1.2626188,-1.2459455,1.1164021,-1.9300978e-06
-0.8004145,0.02620804,-1.4459349,0.0073091043,-1.1037185,-2.8324823e-05
0.37829122,-1.266713,1.5723579,0.36822215,0.22811525,-0.5370576
0.5143524,-1.3747768,-0.5645096,0.51984155,1.5078827,-0.015571593
0.7093391,0.28399342,-0.06560244,-0.13946885,-1.6552467,-0.32159057
0.9924951,-0.8679864,0.96291983,-0.38622448,-0.0307384,-0.16549346
-0.3433934,-0.80173516,0.12520452,-0.87705654,0.26956892,-0.000693333
1.0040251,1.2417859,1.5014293,1.1067625,1.1225294,-0.008665282
1.3170102,-0.91100967,-0.7560875,-0.99449444,-0.59304327,-0.014558765
-0.40275833,-0.7768266,-0.9479228,-0.6049458,-1.7028166,-0.015172251
1.2725149,1.3586434,1.532854,1.1367801,-1.0826385,-0.6218125
0.88864607,0.6947004,-1.0379897,-0.8297404,0.50772834,-4.1095966e-05
1.5663366,-0.9935628,1.1814618,-0.24084903,-1.2859466,-13.775192
-0.93160367,0.54002976,1.653834,-0.7061357,-1.4929312,-0.0026561865
-0.8033505,0.89442194,1.1621271,-1.5522615,-0.0552855,-1.6491767e-06
-0.45084125,-1.5569469,-0.6505195,0.8219717,0.4424116,-0.013266897
0.1345186,0.3357264,-0.026333472,-0.78479785,-1.0967252,-0.0047097364
1.0808916,0.4090783,-1.5493232,-0.8150345,-0.6837411,-3.1477543e-05
-0.93606234,-0.061739855,-0.9364876,-0.39669994,0.93493426,-1.9305578e-06
0.9094423,1.6949087,-0.3565534,0.4609718,-1.1816291,-0.019965123
-0.5700996,-1.1568922,-1.136106,1.5090127,-1.4350055,-0.076823376
1.0876263,0.96128845,0.9902817,1.520242,-0.53462267,-0.18070735
-0.034620255,-0.92843586,0.89935595,0.009307479,1.3787577,-0.0063756458
-1.4617591,-1.5004412,-0.49260324,-1.5024449,-0.5189662,-2.7045763e-07
-0.90055346,1.2067217,-0.27114606,0.11363456,-1.184625,-0.0002112083
-1.1993881,-0.8377745,1.6587197,0.025698619,-1.239232,-0.008255509
0.901362,0.08958189,-0.10676311,1.4508888,-0.41831475,-0.10428733
-1.1077536,0.9327418,1.4583901,-0.3730028,1.2174444,-3.868921e-06
-0.096350245,-1.462681,1.5905988,-1.6446452,0.638784,-0.00029714985
0.4187538,-1.5002347,-0.6036188,0.6159348,-0.5893988,-0.5192341
-0.8973651,0.6062513,-1.6419004,-0.39489764,-1.5128275,-8.8286566e-07
0.5439916,1.5419552,1.6016883,0.59100455,-1.0616852,-0.09679267
-1.6345716,-0.17946993,-0.9246977,0.5076532,0.35380942,-2.0222997e-10
-1.1851901,1.2466931,1.6420767,0.6040637,1.4434344,-4.5672164e-06
-1.5134917,0.6255117,-1.0977898,0.9453268,0.87955797,-6.2937637e-09
-0.47381446,0.5091389,0.31068847,-1.230722,-0.23281415,-3.967412e-05
-0.5802889,-1.1156868,0.50706524,-1.4276084,0.9063016,-5.246637e-05
0.29377735,1.6824392,-0.40679365,1.6100329,0.11299388,-0.0011448448
-0.27133244,0.8132633,1.3388941,1.5714386,0.22617838,-0.0050751064
0.8567873,0.27906317,-1.5587273,-0.699286,0.79517365,-2.61216e-06
1.6261748,1.2521201,-0.7148871,1.6468517,-0.43758783,-0.022860346
0.66510767,-1.5059363,-0.27139288,0.32812354,0.49250862,-0.15909141
-0.63139063,0.38621494,1.3149593,-0.47029004,0.14266537,-0.0003222669
-1.5656133,-0.8219402,0.79482,-0.9540413,0.51630867,-4.3098847e-08
0.67098224,-0.17195505,1.1042643,-0.9377002,-0.38177562,-0.015691156
-0.8061905,0.5836661,0.7386206,1.3777598,1.1069796,-0.00014797594
0.9236039,0.78660107,1.5444084,-1.0808316,-1.5705159,-0.12797631
1.1985024,0.4107271,-0.4288243,-0.72604996,1.1377337,-0.000268385
0.71148896,-1.355801,-0.5313452,1.7127979,-1.4394046,-17.483772
1.6632314,-1.0950183,-0.2368683,-0.8619566,-1.175882,-0.7077465
1.6830136,0.03757214,0.674959,1.6927218,-1.0756564,-4.748178
0.41183704,-0.29809213,-0.5047809,0.76045376,-0.17869925,-0.015192347
-1.2078013,-1.4668278,0.63010466,0.8463444,-0.18315996,-0.0038765585
1.5859514,1.7413278,0.47012568,0.3807179,-1.6943325,-0.8258731
-0.7700868,0.22828668,0.40305287,-0.32498017,0.90657365,-3.776472e-05
-0.76639724,-1.2441732,1.3989034,0.75915116,0.4140914,-0.018882977
1.4883597,0.7790112,0.27272052,0.5023838,1.6791428,-0.002631258
1.3816298,0.7718159,1.139193,-0.9609626,-1.2465502,-0.082801424
0.5675553,-0.85686547,-0.47995552,-1.443685,-1.4031262,-0.008608789
0.15511338,0.88968027,-1.5449076,-1.4244897,0.4041889,-2.4370989e-08
-1.4016136,-1.0853541,1.0491225,-0.22437227,1.321474,-6.5445047e-06
-0.13163367,0.6168503,0.7116325,0.48181844,1.1436474,-0.0005585678
1.6990827,1.6792465,1.4424297,-1.1140921,0.6903343,-0.00069869147
0.4857576,1.1690664,0.6555535,0.30525845,0.2794035,-0.0026660638
0.19461364,0.8760262,0.033401746,0.9850641,0.8509413,-0.0009238462
-0.31049225,-0.35136816,-1.2410948,1.0060652,-0.70031816,-0.0014459263
-0.5535668,0.33735928,-1.6298811,-0.6627237,-1.7376037,-9.722469e-06
1.0736986,0.6212248,0.34388068,0.38333118,-1.452247,-0.5674132
0.1533647,0.43685514,1.4007295,-1.5527165,-1.1182954,-0.0007912661
1.1676543,-0.34985563,-0.13450225,1.2338268,0.37478888,-0.067469686
-0.2576987,0.25248432,-0.5614539,-1.4010024,1.5376898,-7.683012e-07
0.79965276,-0.7062721,0.858616,0.08190441,1.1051224,-0.02871937
0.75807697,-0.98838586,-0.83276343,-0.5594343,-1.1411008,-0.07657354
0.32180095,-1.617927,0.6053331,-1.4529504,0.4709147,-0.005146096
1.1294166,-1.4286127,-1.3951712,-1.5182896,1.519105,-6.5493045e-06
1.126442,-1.098333,-1.5580342,-1.1289899,0.030921306,-4.7035846e-05
1.6436185,1.689784,-1.0032951,-1.2739463,-0.33403245,-3.1232157e-05
1.3712366,0.35915616,-0.29511452,1.3096362,-0.9490422,-0.29439387
-0.39324266,-1.585856,0.5784194,-0.28090256,-0.1373765,-0.07205438
-1.4110076,-0.89313996,0.8683952,-1.1727347,1.290549,-3.315026e-07
0.3620231,0.4180738,-1.088431,-0.008134763,-0.5002314,-0.0006415985
0.032118253,-0.52013165,-0.3538041,-0.79762596,-0.27295256,-0.0014308064
-0.40207604,-0.491529,0.56478894,-0.26563346,0.827976,-0.00079955393
-0.24126099,-0.65430546,-0.3798394,1.4777061,-0.6749805,-0.047369782
0.12815723,-0.42318094,0.024883972,-1.5456151,-0.8110626,-0.00029062334
1.3038142,0.20934922,1.111398,-1.5216209,0.28061756,-0.0004417945
0.5840723,0.1110911,-0.49659023,0.4108141,1.2412717,-0.0008438574
-0.56443816,1.1379933,0.884872,1.1949189,0.17295903,-0.00070865854
-0.6611136,1.133524,1.3951224,-1.6627684,-0.081317574,-5.4759e-07
-0.3793515,1.4558009,0.5718306,0.5306961,-1.386258,-0.011969411
-0.61853427,-0.049176067,-0.30622956,1.7045717,1.0216805,-0.0003413888
1.5959091,-0.7793176,-1.0888289,-0.29313564,0.067343,-0.008295162
0.9593749,0.012838869,-1.1365349,-1.0381571,-0.77335614,-0.00048766693
1.6023728,-1.1590724,-0.33477038,0.8367769,-1.5340695,-31.258215
0.052651662,0.727136,0.5360114,0.9656014,-0.8326397,-0.029396255
0.3944949,-0.20558785,0.9387453,-0.19451082,-1.2277329,-0.29572865
0.6443942,-0.5570523,-0.083818965,-1.4294446,0.3427286,-0.00025164455
-1.5831251,-1.4858379,1.3836194,0.05289447,1.2563965,-6.192127e-07
0.20094933,0.8552995,-0.6814429,-1.1379784,-0.3536848,-4.32185e-05
-0.06805541,0.98956203,0.3416834,-1.4955698,1.0416491,-2.0972823e-06
-0.91847974,1.61291,-0.8805725,1.0685158,-0.37936097,-1.4797142e-05
-1.2892857,-0.6169018,0.46074584,1.177207,-0.8351976,-0.0008124202
1.5718853,0.53732234,1.4654438,0.682174,-1.5952533,-8.703827
1.4475187,0.07319658,0.6010993,-1.4300901,-1.1712258,-0.016081683
0.84539694,-1.1146274,0.11418469,1.456998,1.2873905,-0.120781556
1.6906836,-1.0938144,-0.63326025,1.2566596,1.1538891,-0.10669836
-0.6517836,0.9084146,-1.4105889,1.4767419,1.6580093,-1.0149931e-06
-0.25033417,-1.0043305,-1.1766748,-0.129714,-0.18621765,-0.00077069865
0.69925714,1.2888805,-1.4747407,-0.3357162,0.57332146,-4.0392783e-06
-0.23742339,0.6219177,1.2202237,-1.5704347,-0.22400661,-2.0837157e-05
-0.2908298,0.60809547,-0.7177015,1.2659281,1.7011361,-5.1059094e-05
-1.37646,1.1663278,-0.25801334,-0.10536887,-1.3914552,-6.949412e-06
0.5098744,0.8685032,-1.5405711,-1.7492044,-0.48149356,-3.1322106e-14
-0.9936993,0.76615274,-0.48002085,1.6820264,-1.6708126,-0.0041359793
0.10978582,0.9203107,1.4604539,-0.23872036,0.15926363,-0.002115771
1.7263803,-0.7403149,0.3149448,1.0291202,-1.3588239,-20.677498
-0.48300818,-0.9267896,-0.3077323,-0.27048793,-1.2252502,-0.026322115
-0.49571282,-0.31571603,0.89457387,-0.28733927,0.38856432,-0.0010718098
1.0862547,0.9842677,1.3236693,1.5118212,1.7100587,-0.008204154
-0.5860688,1.2389563,1.3360637,1.4261409,1.43069,-0.00018709029
-0.100758,1.3033676,-1.2721807,-0.8241587,1.1772969,-4.0866917e-07
1.6553564,-0.5485311,0.12242166,0.03981506,-0.43992022,-0.30752409
-0.6589586,-0.2165641,-1.41182,1.1641026,-0.063870534,-4.4372482e-05
-1.1850209,-1.2023937,-1.1855471,0.0689915,-1.5672626,-0.0008700108
-0.9167397,1.0924186,1.3183964,-0.32705402,1.1516128,-1.0445136e-05
-0.43035713,-1.1606792,-1.36981,1.535697,0.46116924,-0.0006728669
-0.77009195,-0.7176413,-0.84354013,1.5305681,1.4571884,-0.00012015859
-0.8466202,1.4606847,0.82303333,-0.4794693,-1.69391,-0.0019841364
0.7428767,0.43468273,1.6707684,1.2992308,-0.43363047,-0.26106817
0.33983997,-0.7302174,-1.6699636,-0.18623292,-1.1260885,-7.5706404e-05
-0.50410026,-1.1787164,-1.1096168,0.03716228,-1.3359106,-0.015230751
-1.2909461,-1.2038972,-0.67467535,1.3773768,-1.040402,-0.0012481412
-0.4951412,1.427691,1.3300349,-0.14900301,0.5350707,-0.00012459245
-0.67973924,-1.6023773,1.0003467,-0.18698041,1.1387441,-0.007509617
-0.5133274,1.5282288,1.0701935,-0.39140263,0.76983714,-4.032977e-05
-1.5066017,1.4152604,1.0999811,-1.4629737,-0.6043399,-7.26106e-09
0.41819102,0.11592257,-0.43092227,1.3290168,0.7517033,-0.0033693311
-1.2182848,-0.13429084,1.2659112,-1.3755722,1.6927626,-2.2828779e-07
-1.2941976,1.3760988,-0.049215756,-1.3460991,0.07299851,-2.518786e-08
-1.360049,0.7832206,0.16048998,0.22043405,-0.63433564,-5.3971053e-06
0.7660234,1.6715106,-0.45657265,-0.19710837,-1.3780397,-0.009997565
-0.9897371,1.4290762,0.727918,0.053616714,1.2116244,-4.2990273e-06
-0.6637417,-1.1477082,0.766321,0.1221112,-0.40708956,-0.024991624
1.3971831,1.0933398,-0.1830589,1.7051934,-1.3692602,-0.61924964
0.96164656,0.8947608,1.51161,-1.6989534,0.9890717,-2.5302136e-06
1.0347197,-1.2432262,-0.44590983,-1.057548,0.33335558,-0.0074674073
-1.5882118,0.85240394,0.4339423,0.30565724,-0.71006095,-5.28469e-08
-1.1879308,-0.90765285,1.5595814,-1.5589551,-1.7149304,-0.0004281622
-0.60304713,-1.0421286,0.96709174,-1.3850931,0.20544975,-0.00024466947
1.4699634,0.039677113,-0.62658113,1.3150458,-0.52411866,-0.11376072
0.2233462,-0.20951572,-0.77922004,0.65741444,-0.31169617,-0.005606368
-1.2409741,-0.4665654,0.33065763,-0.55256736,-0.5888867,-5.0895527e-05
0.05793613,-1.1477925,-0.013956924,0.44346234,1.4116602,-0.008010015
-1.2905318,0.96995324,0.11998535,0.28905988,0.90689296,-7.1981066e-07
-0.33020994,1.7622857,1.1058284,-0.18532558,1.3602674,-3.8249123e-05
-0.42644644,-0.3832889,0.5996396,1.4263707,0.6417055,-0.005290582
1.5381057,-1.1794246,-0.9645432,-0.014855854,0.4822103,-0.02727088
0.5806199,-0.08395371,-1.4037366,1.2164975,1.6961734,-8.417156e-05
-0.25317332,-1.5228078,1.6234238,-1.364901,-0.017768571,-0.010098744
0.33810213,-1.4228854,-0.19008538,-0.71933776,0.98318076,-0.006652672
-0.45002595,-0.5796686,-0.6778199,0.27906057,0.6920196,-0.0003134879
0.723855,1.1130328,-1.2628416,0.91239786,-1.6677439,-0.021785872
0.72844243,-1.3419998,1.6489575,-0.72032684,1.1639649,-0.06904484
0.50967604,-0.27413374,0.8660474,1.2372804,-0.18131879,-0.16848491
-0.6241731,-0.9074031,-1.090125,-1.4537765,-1.1800927,-3.3720073e-05
1.5165578,-1.6143229,-1.484835,-0.67621243,1.1545377,-0.00086660084
-0.20150143,-0.38950196,1.4916493,1.2899595,-1.4131477,-1.6063677
-0.62338036,-0.09572666,0.7387953,-1.3107711,0.79974216,-1.4216273e-05
1.1258703,-0.28920016,-0.25331277,-1.6415861,-1.435055,-0.0012334198
1.4509473,1.2940776,-1.428857,-0.45231792,-0.50795966,-8.880627e-05
1.7611442,0.7120663,1.0404394,-1.4598823,-1.6351129,-0.057832725
0.55740565,1.1029798,-1.1672443,0.50172424,1.225928,-3.6549078e-05
-0.53998035,0.6964441,0.84336317,-0.31943634,0.4161991,-0.00015446053
0.92190856,0.19155015,-1.6327889,-0.5251033,1.4004093,-6.6184464e-07
1.5248315,0.96242017,-1.5328448,0.9450958,0.51651496,-7.933404e-05
-1.6421683,-1.1163517,-1.6491894,0.086549975,-0.8696431,-2.4053539e-11
-0.16622293,0.90392256,1.556631,-1.578599,0.24857625,-9.553971e-06
-1.127418,0.8454353,1.5604045,-1.6585057,1.15942,-1.39408485e-08
0.3681241,-0.7403853,-1.4669956,1.0752606,-1.3494836,-0.026422026
0.75948054,-0.053594213,1.3272452,0.73382854,-1.166011,-1.5815022
-0.30866122,-1.3250319,-1.0452658,0.939038,-0.45177996,-0.017969001
-0.09693396,-1.5337902,-1.5976928,-1.4879354,-1.0927076,-1.0285682e-05
0.82239026,0.0048860405,0.8259372,-0.34966987,-0.32598788,-0.034647528
-0.24232022,0.32207823,0.97301286,1.4679496,1.6270531,-0.0011755147
-1.3992257,-0.37294343,0.9729537,1.3870214,0.9505907,-1.1350016e-05
1.4252489,0.5507726,0.30059338,1.1651269,-1.4145834,-1.877083
-0.8197222,-1.3523664,1.6479762,1.5962714,-0.9453632,-0.7195197
-0.14206135,-0.9609472,-1.4810373,-0.55807996,1.3770604,-6.5210793e-06
0.2096123,1.2219985,0.7917981,-1.3575467,-0.14433628,-7.917832e-05
-0.056355387,-1.7065488,-0.54538774,0.96094733,-0.74025947,-0.92093277
-1.57302,0.28328484,0.08392055,1.0918419,0.32668787,-4.8264365e-08
