1.3639385,-0.36631158,1.7057133,-1.0138693,-0.25061682,0.9939068,1.5911703,0.14040847
1.4766983,-1.0617418,0.2886819,-0.40317863,-0.36248383,-1.3867652,-0.49869016,0.23501688
-0.35634318,0.80489063,-0.94050956,1.5486275,-1.0821558,-0.98760504,-1.2596552,0.1315418
1.6293025,-0.726562,0.1941018,-1.2349893,1.2908893,-0.9606288,-1.2114528,2.7295291
-0.33021733,-0.084249154,-1.7150449,-1.3337507,0.33860952,0.9711433,-0.55948114,0.8552723
0.39470124,-1.2310292,0.0142206615,-1.4267921,-1.1693451,-0.0029983516,0.14738928,0.031704172
-0.79137355,-0.17074382,1.318,1.608767,-0.36333567,-1.5371513,1.6049504,0.030131817
1.0586454,0.25698936,0.19723879,-0.23627372,-1.263773,1.755986,0.33529988,0.0987416
1.5654585,-0.06481308,0.4084287,-0.47600645,-1.0226755,0.5069133,-0.8671728,0.12035331
-1.2163981,-0.6510179,-1.6193694,0.93689513,1.3027425,1.6502128,-0.15247315,0.011270484
1.5441934,0.52988064,-0.32409796,-1.0395167,0.5166374,0.27133635,-0.4710188,2.4568338
0.36950117,-0.44933945,1.0129107,-0.47292498,0.7464604,0.30346736,0.44731572,0.09926158
1.3196235,-0.9692509,-1.2606798,1.5758656,-0.23613533,1.3051192,0.7173529,0.034170747
0.28040725,-1.2915025,-0.80469584,0.90969336,-0.44341746,-1.1253324,-0.99009347,0.019631054
0.877638,-0.3661187,1.1601927,-1.3602886,0.21205169,1.6929603,0.58031493,0.1303931
-0.19602622,-1.6563823,0.4924776,-0.49124554,-1.2409722,-1.0608695,0.8585304,0.000166495
1.3748705,1.4681754,0.80224895,0.15598382,-1.7334588,0.2120277,-0.087563574,0.1987612
0.30172685,-0.83426267,-1.6031295,0.61247367,1.2049124,-1.0733471,-1.1752737,1.1349566
-0.7569009,-0.72279906,1.0925733,-0.812612,0.023638893,-1.0945116,1.1239554,0.03209403
0.48617005,0.16958067,-0.3756832,1.2004404,1.0379907,1.3899406,-1.6309962,0.17125788
-0.74638903,0.46324074,0.3601588,0.012739794,1.2904005,-0.4033352,0.86967415,0.111463524
-0.15483129,-0.15918124,1.3878388,-1.5145143,0.7452392,-0.27074054,0.29245496,0.38692692
-0.65238726,1.2146523,-1.5843036,0.4505169,-0.6030766,1.4100869,-0.4574823,0.15875523
1.1896945,-1.0195177,0.4906449,-1.6986591,-0.3289504,1.7542063,-0.64071,0.07509869
-1.3124043,0.63780123,-1.5541728,0.10639715,-0.10193728,-1.5097239,0.40196225,0.28090456
-0.74686044,0.0028604746,1.2710695,-1.7303584,0.09188735,0.024526378,-0.98018354,0.07830876
-0.43919113,-1.4253769,0.50356454,-0.50929254,0.05568239,0.5501331,-0.05507691,0.002314989
-0.98843807,-0.6750454,0.19024111,-0.41761634,-1.3645033,1.7202638,1.3106425,0.0018043144
0.20971003,0.4548847,-0.68924177,-1.5728885,-0.9628606,-0.63673794,-0.088475004,1.8974268
-1.6539576,0.34318203,0.6468638,-0.50514054,1.2494247,-0.5097217,-1.1356785,8.5046864e-05
1.6026025,1.2870356,-0.8927431,0.04386993,0.043764066,-0.9618891,1.369358,7.834964
-1.4159129,1.1846693,0.32750013,-0.9919186,-0.79618776,0.4980197,1.0981487,0.005042329
1.3768367,-0.95344746,1.4419293,0.23182718,1.1583093,0.4826141,1.4481156,0.051944148
0.33377978,-0.7450026,-1.2905742,0.9017991,-0.52520835,0.027450839,-0.5150336,0.064010195
-0.51209694,-0.36649168,-0.4911624,0.19037329,-0.71547914,-0.12112568,-1.6772535,0.038269147
1.1114646,-1.2545084,0.40036678,-1.7173994,1.1977758,-1.1528093,-0.5628233,0.95748967
0.31557757,-0.46851653,0.29729655,-0.019875094,-1.376862,-0.6576648,1.1948556,0.0325449
1.4387302,-1.4339014,0.022692213,-0.8274912,-0.84034157,-0.604908,0.5176735,0.019559843
0.23543571,0.67646664,1.4772141,0.48015404,1.2979792,0.5104427,1.422591,0.16394164
-0.4960253,1.2525697,-0.44741708,-1.4064959,-0.18082784,0.82081604,0.825732,0.349291
0.50991297,0.1462303,0.4422622,-1.2145532,-0.72520274,0.86461705,-1.699583,0.26130807
-0.41990912,-1.2535578,0.90961546,-0.07199003,1.4242587,-1.2692685,-1.6948516,0.04931524
0.7720065,-1.3264954,-0.3340685,0.98608327,0.25169474,-0.07890586,-0.18566091,0.016696833
1.584885,-0.6785741,1.121753,-0.47790486,-1.6374842,-0.2762357,-1.1566386,0.03447505
1.0427601,0.5189116,1.1211809,-0.105883114,-1.2912432,1.7850868,-1.105771,0.053976666
-0.70580393,0.04977612,0.7641514,-0.18621796,-0.45029333,1.3065366,0.1995539,0.014353163
1.0413911,0.32694936,-0.42010608,-1.3719399,-0.10659052,-1.2400175,-0.31061772,8.383798
0.3553211,1.6661764,1.4914569,-0.15166165,-1.314498,-0.8983138,1.3753866,0.22086136
0.9218104,0.82453406,-0.99371463,-0.06322382,-0.66370875,-1.2555549,-0.93524677,2.1851037
-1.0026172,0.38540283,0.5300825,0.27279022,0.57334626,-0.37931946,0.8140777,0.024312465
-1.6577972,-0.3493794,0.34405026,0.7621525,-1.6253877,-1.4629135,-0.8469129,2.2304423e-06
-0.6182889,0.83968747,1.2117743,0.50230837,-1.633273,0.87004936,-0.86971873,0.0061824378
-1.2739148,0.650935,-1.4092338,0.95316696,0.4382713,-0.7101836,1.5438205,0.09068296
1.4603895,-1.5779009,0.2985981,-0.34515253,0.31864303,-0.815781,0.22949207,0.01472613
0.5432361,-1.0331789,-0.9903952,-0.7638962,-1.682735,0.13678466,1.7480522,0.045392595
0.7605634,0.06592755,0.9097329,1.4590623,-1.6217003,-0.49943796,-1.4211698,0.027498486
0.59185714,0.6748825,0.58906245,1.3689651,1.426178,1.3652174,-0.60738134,0.104489334
0.017189605,0.8633747,-1.33745,0.9315515,1.7153494,1.6272044,-1.4513056,0.6583847
1.3950604,-1.0412242,-0.10850201,1.2494929,-0.76792145,-1.4939795,1.3993074,0.10295922
-1.1765872,-1.7398986,0.47968712,0.8353615,1.7121171,0.8325335,0.8603706,3.070458e-07
0.15559548,-0.08488195,0.7309753,1.5193028,1.1835331,0.090999074,0.09974442,0.09025227
-1.1284078,-0.19443734,1.5275857,1.4948822,1.5265557,0.96525055,1.6554453,0.0031633421
0.5782349,0.51772594,0.77066684,-1.4250572,-0.7562391,-0.59549594,-1.1823268,0.65961736
-0.54598856,-0.47734874,0.32673112,-1.6494019,-0.4350915,-0.07653089,-1.2482008,0.09003154
0.574901,1.3528603,0.91557896,-0.9145513,1.0085983,0.022356536,1.6195618,1.9806353
-0.31168145,0.12430671,-1.6267159,1.3121599,0.63023084,0.64956594,-0.43398196,0.21712366
1.4756372,1.2925137,1.1445962,1.5521789,-1.3927298,0.91968,1.1441673,0.058409
-0.97367674,-1.2191092,-0.2029442,0.098787524,1.0239869,0.73131377,0.8504981,0.0016212297
-0.98004264,0.7111399,0.9714689,-1.297212,1.6758547,0.26769063,0.48908398,0.1599
-0.9801046,0.21661909,0.4910761,-0.8298408,-1.1105605,-1.3289863,-1.068813,0.038635507
1.596288,-0.87373656,-0.091541976,0.81039566,-1.6182578,-0.9416489,-0.55351883,0.030213453
0.6211194,0.8796514,1.2084806,1.6017529,-1.6599908,-0.93339527,1.5244528,0.055886663
1.704464,-1.7256465,-1.0025371,0.32165712,-1.1064308,-1.673843,0.7016714,0.00046390077
-1.3742464,1.4302291,0.4835825,-1.1554544,-0.77366334,1.7163973,-0.44374958,0.0071854503
-1.6611862,0.14871572,0.752255,1.6317732,-0.9895489,-0.73053324,0.57883865,1.6727121e-06
-1.300337,0.17682303,-0.61239046,1.5091089,-1.5272101,-1.0981869,-0.41126302,0.0030893723
-1.111441,0.8210192,0.6214896,-0.7755288,1.0691367,-0.7307315,-0.11515291,0.19256267
0.74476373,0.15298386,-1.7004349,-0.951878,1.6808305,0.9966529,0.32104683,6.225808
0.66387576,0.7615209,-0.86871356,0.9830746,1.4371215,-1.0325887,1.2264177,4.3154726
1.4782767,1.1269584,0.8344327,-1.2681607,1.0719796,-1.3945924,1.6761298,31.842602
-0.8423034,-1.3672544,0.88462734,1.4338453,0.75667864,-1.2416978,1.5963231,0.0032857154
-1.126981,1.1715833,-1.5780112,-0.36463052,-0.6938317,0.43601462,-0.34708896,0.11666286
0.96098155,-0.2568009,0.5936578,-0.03800649,-1.408036,-0.016163252,0.15863135,0.062578395
-0.6490221,-0.40259778,0.16061868,-0.94128925,-1.0336707,-1.5102596,-1.647358,0.1360525
1.092474,0.3612102,1.6762173,-1.7296304,0.771886,-1.1317375,-0.15168872,8.468051
-0.36155865,1.383898,-1.6767824,0.378143,0.36696875,-1.4484583,0.11954649,10.220121
1.0324028,-0.950265,-0.4104283,-0.6325484,0.2092883,0.6498731,-1.0887568,0.08671627
-1.2910436,-1.179701,-0.973983,-1.0317016,-1.0618517,0.83980066,1.5699706,0.0013913664
-0.8220219,1.0994806,-1.0463859,1.3685975,-0.82575744,0.35028163,-0.7117412,0.031081421
0.5722489,-0.8200724,-0.2815537,0.30733633,-0.7414169,-0.500937,-1.5868342,0.06406707
0.41126463,0.57366085,-1.5800356,-0.47960222,-0.23128378,-0.8745742,-0.77693456,3.0013118
-0.39197174,-0.2525531,1.3451449,-1.614386,-0.33815596,0.7405713,-0.28232086,0.07122197
1.0737791,0.49144524,-0.6088143,-0.9910905,0.17137007,-0.34352726,-1.4224836,3.3359313
1.2180066,1.3503819,0.6010869,-0.5807415,-0.5878852,-0.2236409,1.1213919,0.69343394
-1.2018362,-0.88544583,-1.0119396,0.7149587,-0.20770156,-0.5138372,0.26781932,0.005552285
-0.8723457,-0.84753036,0.008328998,-1.5957024,-1.1121975,0.35627586,-0.9993572,0.00997649
1.6242226,0.87062466,-1.2181221,0.9876378,0.84348726,0.4617023,0.17154929,2.7445338
-0.5340187,0.10322915,1.3819643,1.5637908,-1.4497162,1.4799838,-1.4780949,0.002649235
-0.5634428,-0.1869387,1.4481034,0.5224992,0.3042347,1.5953177,0.5655421,0.0061286516
-1.6193655,-1.5396707,1.3517389,-1.7370303,-1.6579107,-0.39224973,-0.038611468,2.2410813e-06
-0.93917555,1.4985256,-0.60241145,0.21196203,-0.99846894,0.3126066,-0.11753013,0.055420905
0.4773954,-0.059844762,1.0684123,-0.71455747,1.6615541,-1.1046181,0.16009478,2.2061193
-0.18018453,-0.3174516,-1.4364451,0.5344318,-0.33542776,-1.2473879,-0.77264065,0.37434614
-1.2030636,-0.71588284,0.7874166,-0.07924694,-0.32951728,1.4932154,1.1766039,0.00073051313
0.087551355,-0.3406051,-0.21301143,0.8345129,0.8810842,0.25914028,-1.2407111,0.08316059
-1.1293402,0.86254966,-1.4247124,-0.15555196,-1.5044537,-0.80768144,-0.007037273,0.07887478
-1.4140673,-0.033633504,-1.3798299,0.2985555,-0.41025588,0.92687136,1.4490829,0.0044534313
-0.9012713,1.512523,-1.6087502,0.67684853,-0.06732127,0.7545926,0.3840631,0.19805823
-1.4602523,-0.09481731,0.3210287,-1.29985,0.18313493,0.67573744,-1.2281549,0.0032003843
-1.0495214,-0.24574246,-0.6223651,0.2749495,-0.29820514,0.7887669,1.7393914,0.011425102
1.7688069,1.0006123,-0.79224753,1.5316943,-1.232273,0.14744583,-1.0079067,0.28518093
0.3724561,-0.03872565,1.6347411,1.19709,-1.5976144,-1.2070445,-0.7173502,0.015298044
0.57790375,-0.3445748,-0.52441096,0.09360358,0.0070266193,-1.4872488,1.0828007,0.9953718
-1.5592384,0.59527504,0.57858837,-0.31949478,1.4334155,1.7482901,-1.0224751,0.0005532
-1.0840297,1.3953055,-0.30340123,0.70300794,-0.7884258,1.2657686,0.08834118,0.01574709
-0.52613616,0.44619143,1.0352386,-1.5400983,0.20715256,-1.2984974,0.6581689,0.926703
0.31647378,1.2327783,0.5117843,-0.5369576,1.0883265,1.4141362,0.9785867,0.30224398
-1.4683632,1.1477761,1.0870925,1.4904925,-1.7023685,-1.5675423,-1.0520097,0.00072217337
-0.6949541,0.50472885,0.44770274,0.2088836,1.5196955,1.2086695,1.6717361,0.06570698
-0.9839533,0.61897635,-0.37749708,-0.036838874,1.4499092,1.2627002,1.3079802,0.05313914
0.05192422,0.5749533,1.5176075,-1.3800364,-0.7686286,1.1445875,-0.6699656,0.09349543
-0.59373313,0.18945391,-0.123423696,-1.1388949,1.4967142,0.7889304,0.029434657,0.33927962
-0.07219893,1.504649,-1.0294882,0.22555229,1.1704433,-0.99583316,-0.5880499,4.5471773
-1.1199504,1.6321248,0.53373617,-1.3185785,1.4258723,-0.6890933,-0.8737265,0.4493002
-1.1350474,0.63358957,-0.20942493,-0.5161063,1.4870098,0.4266573,1.5211712,0.08641963
-0.9576589,-0.08109128,-1.2751611,-0.8691027,0.38522223,0.73892975,1.3068067,0.10366331
-0.54239774,1.5853868,0.22382255,0.5202936,0.93922716,1.5753764,0.4686162,0.08664274
-1.3122505,-1.3634903,-0.4001434,0.25065905,-0.9381897,0.13196442,1.5773832,0.0001805266
1.4912726,1.3005016,-0.68515277,-1.689593,0.27898735,0.76910955,-1.6635532,12.482789
-0.29466924,0.9396492,-0.8209449,0.55825377,1.6477919,-1.2552054,0.14684476,4.358871
1.5290378,1.1373847,-0.73210704,-0.17082168,-0.6079221,-0.29727793,-0.8383996,1.2473867
0.58379817,-0.12844662,-0.6967174,-0.85493207,0.39616963,1.0863621,0.95783967,0.3030444
-1.4113121,-1.3067588,0.16788699,1.2637268,-0.8957742,0.1965769,0.15620798,4.8189093e-05
1.2390637,1.2627451,1.6589042,-1.1566099,0.6279862,1.4260869,-1.3421792,0.8370719
-0.4267388,-0.76300687,-1.0079972,-1.596943,0.5518018,-1.3370969,0.07331392,2.2529922
-0.61306256,0.4700707,-0.80248135,0.1747652,1.2948264,-1.1026351,0.7288929,0.9316467
-1.3825036,1.0042982,-1.1526847,-0.95608395,-0.0020843043,0.6001266,-0.51387477,0.033773758
-1.665121,-1.6385071,-0.06613114,-0.7189669,0.8145867,-0.01773232,-0.1448572,7.4628026e-08
0.53992796,0.12367245,0.11952996,-1.5317228,1.0374739,-1.4273372,-1.213051,12.244191
-0.3290811,-0.6185851,-1.1802548,-0.44558668,0.2670352,0.79493594,1.512005,0.11447658
0.71769387,1.2564359,0.7838585,1.3640498,-1.644054,0.1262983,-1.6578188,0.06380356
-1.3663017,-1.1141539,-1.5418785,-1.5885713,1.2152731,0.47428298,-1.0061812,0.013487613
1.3258587,1.0758224,1.5893099,-1.1876057,-1.1196678,0.43599644,-1.3476124,0.43776193
-1.2171311,1.1046969,0.32239825,-0.3940688,0.78996783,-1.1412861,-0.7511914,0.12717047
-0.25024918,0.97818786,-0.17409872,-1.3874992,-1.3063197,-1.1087598,-0.9233537,0.4749773
0.4068936,1.6970417,-0.61614215,0.31037617,0.49242115,-1.3330722,0.56555104,6.050295
0.9363069,0.2734781,0.77050894,-0.35917,-0.3354627,1.3147459,1.5165324,0.15480916
1.4376055,-1.5889555,1.253708,1.2980953,-1.5612947,-0.8973913,0.09438236,0.0005316304
1.6161231,1.2636714,-1.1247501,-1.7386997,0.7785322,1.6163638,0.4156164,15.720498
-1.318522,0.1680097,-0.43160018,0.04369151,-0.41426688,-0.4991446,1.327515,0.009423826
0.48060513,0.04177061,1.2638829,0.7506857,-0.7316634,0.43875024,-1.7105252,0.03757309
-0.69366735,-1.6703103,-0.3229264,0.2108355,-0.54928875,1.7115166,0.13430293,4.131084e-05
-0.14158994,-0.38887763,-1.2660705,-0.4868878,1.1649649,-0.8760651,0.7991736,1.1990256
-1.2419953,-0.84771377,-0.5530866,1.6127175,1.005176,-1.5904478,0.33533683,0.026389504
1.6159499,1.7311953,0.05841441,-1.3611473,0.45978191,0.30495483,-0.70221746,4.756055
-1.2169533,1.2604388,-0.32168904,1.6015731,0.71244425,-1.1966046,-0.56074923,0.08074194
0.9676523,1.3202281,-1.178369,0.4579586,0.8772077,1.0106157,-0.8873637,1.1958058
0.652446,1.2125638,-1.0773361,0.8117662,0.70427287,0.7444136,1.7331158,1.3148588
0.6068324,-1.084527,0.4636302,1.2087228,1.4618237,1.3116063,-0.74630225,0.00856699
-0.8840197,-0.7492987,1.1779488,0.15828292,1.0303507,-0.12538761,-0.27808225,0.009765669
1.6126652,-0.6821853,1.5620921,0.1695796,-0.9021044,-1.0784736,0.0519894,0.10449435
0.4256338,-0.6989674,-0.19513544,-0.36619553,-0.2751862,-1.5437242,-1.2813884,0.53631425
0.26871175,1.3773493,0.6601243,-1.5883164,0.7954624,-1.0655832,-1.1152577,8.035453
-1.4706599,0.6050293,-1.3655177,0.7164796,1.3651512,1.5998567,-1.149885,0.0055898605
0.77016526,1.4177059,0.91460454,1.2832302,-1.449545,-0.316525,0.36969852,0.09339649
-0.21123369,-0.07552837,1.6408352,0.71104634,-0.86987853,0.023031475,-1.0316672,0.008430939
-0.7418897,-1.5626273,0.89377725,-0.28511167,-0.86980236,-0.31325287,-1.3457246,0.0002122262
1.5265402,-0.5039636,-0.68025434,-1.5674971,1.6227841,-0.8308662,-0.96689904,10.016654
0.43114245,1.2441809,1.3998963,-0.04307047,1.6868258,1.4748292,-0.57834774,0.2228234
-0.90577304,1.0787024,-1.6281465,0.43681,-0.78510875,-0.39461064,-0.4514025,0.18190956
-0.82458675,0.55186695,-0.20710638,-1.3723991,-0.5463878,-0.78707373,-1.0627561,0.21362746
-0.035099875,-0.5096054,-0.4266485,1.4609472,0.019054689,1.6575055,0.514134,0.01468507
1.0088333,-1.6364744,-1.7147214,-0.060081407,0.089705124,1.0930302,-0.19865735,0.006205109
-0.39296222,-0.93919337,-0.9810922,0.4594789,-0.5048123,0.97926795,-1.2328322,0.010503029
-0.9355667,0.9247806,-1.2527473,1.5161994,-1.2740722,1.2978636,0.8261974,0.013952385
-0.54264826,-0.7033258,0.46085042,0.73880213,-0.9325757,-1.0467541,0.4186317,0.010967067
-1.2395577,0.8490006,-0.1438509,-0.95452434,-0.15601422,0.61969405,0.29555535,0.031466264
0.66138977,0.4875511,0.78816074,0.62543243,0.17568529,-0.42797077,1.7251713,0.33255175
1.3803035,-0.66939807,-0.3874384,1.005767,0.05477776,0.11680833,-0.27765396,0.12219517
-1.5743192,1.0791826,1.4163233,0.85122985,-1.6006947,0.8718823,1.1116301,5.48768e-05
0.4471634,-0.5589112,0.19367523,-0.8295471,1.5205828,-0.5209914,-0.85800546,0.501913
0.93689245,-0.051661067,1.4233022,0.1618354,-1.0195738,1.7568275,-0.8280413,0.021281824
0.35946012,-0.66380936,1.3942766,-1.2610278,-0.43533108,0.06331112,0.43984267,0.067324735
-0.5662127,-1.6632366,-1.4580064,-0.20931904,1.5935893,1.0542915,-0.88510394,0.00057693565
0.9461075,0.29070935,-1.1547877,-1.2183446,-0.00033198143,0.21443355,0.7661241,1.9630333
0.952258,0.5155944,1.0339458,0.97744477,-1.3948853,-1.6170686,-1.6134722,0.28500015
0.69117707,-0.8796049,1.6223143,1.6831701,0.9852634,-0.98265094,-0.6159951,0.046414673
-0.25549895,1.0868739,-1.4673927,-1.6947423,-0.662652,-1.3906182,1.7464589,17.915876
-0.4089238,-1.5725367,0.024211144,-0.8250054,1.6658864,0.2586225,-0.06865479,0.0040626214
0.23140758,-1.6903589,-0.661493,-0.7482727,-0.513718,-1.1088558,0.96020305,0.0008335138
-0.25710535,-1.0806098,1.6166289,-1.2292792,-1.3051128,-1.3246709,1.580915,0.02057479
-0.46610478,-0.6016454,1.4263637,1.5643599,-1.2989311,0.42668927,-0.4759757,0.0014594772
1.148076,-0.18869919,1.2495308,-1.3545773,-0.0022894891,-1.4635799,-0.38472605,2.7449877
1.5273204,-0.33340344,0.92367035,-0.9214643,-0.29034898,-0.88910455,-0.22956437,0.7492267
-0.12335485,0.8103549,-0.16209856,-1.4557145,1.3356042,-1.0673381,-0.8438861,6.4499927
-0.33847296,-1.5383277,1.5844569,-0.020148935,0.091984436,0.9015052,-0.033146214,0.00039526855
0.07228393,0.26607725,-0.8049388,-1.2986239,-1.0518099,1.6452061,0.8445568,0.21364956
-0.055686053,0.037320912,0.083982274,-1.1831094,0.18221985,0.66171455,1.514153,0.28018796
0.46121863,0.47186247,-0.45300725,1.7108771,-1.2915524,-0.91600287,1.2174141,0.10376066
0.52980584,1.7570219,-1.2543278,0.7609091,0.24672408,1.3677504,1.7250165,1.2047777
-1.5171661,1.0903981,-0.8151386,0.7216715,0.44550148,1.6648725,-0.8557763,0.0013204425
-0.58845335,-0.96802855,0.4156446,1.2160639,-1.6430922,-0.41518113,-1.1750838,0.0011328314
1.4975755,-1.4359078,-0.15422972,0.28539792,-1.1953251,1.3347774,-1.6889479,0.003885487
0.7180932,-0.41941497,-1.1391177,0.26714933,-0.88077134,0.49332878,1.0390201,0.09993161
-0.038513284,-0.8763399,-0.21936461,-1.3175238,-0.6166851,-1.1517775,0.78705627,0.14494155
-0.9912511,0.62182254,0.29579756,0.47302535,-0.32601622,-0.39824834,-0.39554074,0.023810813
-1.0065787,0.022970688,-1.2030338,-1.3698834,0.7140541,-1.3286133,1.4512393,1.9074388
-1.4956543,1.422934,1.0367106,-0.021941721,-1.3774787,0.5781861,-1.22773,0.00064119906
-0.51426345,0.69841105,-1.4616766,-0.95067,0.8833605,1.0140301,-0.26120403,1.1025815
0.62878907,-0.3168933,0.015502823,-0.9978226,-1.2111543,-1.6513216,-0.026252627,0.936973
1.1453457,0.06734341,-1.4064127,-1.0302348,1.5079328,-0.6541474,0.71564895,13.925872
0.84234613,0.42847344,-1.5502752,-0.85428226,-0.9992471,0.09239527,1.4636985,2.0363991
-1.4752916,-0.21163839,-0.21436514,-1.0462292,-1.3354247,1.4437853,-0.9658533,0.00067273004
-0.98859304,1.4275311,1.558405,-0.9632427,1.2285807,-0.8903645,1.7469476,0.45394495
-0.22466105,-1.3697929,1.6232961,-0.64640176,1.3958983,-0.047069844,1.6689925,0.009333378
1.7132457,0.86496454,0.6165788,-1.5996797,-0.5979075,0.0057499423,0.479911,2.2406807
0.29629907,-1.115461,1.3307925,1.3743794,1.505579,-0.81749785,-1.1210071,0.026308099
-0.3988817,-1.5356095,-0.94015396,0.56863683,0.18326062,-0.7226893,0.59020454,0.003116013
0.7597051,-0.3546168,0.9663648,-1.7401248,0.6168336,-0.40931344,0.38003522,1.2993464
-0.60885227,0.8647868,1.0474136,-1.7485381,-0.11315974,-0.46350902,-0.60903066,0.37856385
-1.0676363,1.2508136,-1.6429609,-0.8881694,-0.4843455,-0.5035306,1.6866999,0.7019101
1.3042575,0.4486439,-1.3175993,0.6550905,-0.63754886,0.22064614,-1.3723527,0.8189405
-0.73599505,-0.14533684,0.7413388,1.5736598,-1.4952886,-0.090207785,-0.5962719,0.0022758106
-0.2981186,-0.09186764,0.15783095,-0.2846558,1.251332,-0.7893925,-0.6307057,0.3445995
-1.6662295,-0.70688856,-1.1639094,1.0179257,0.90511423,1.1052574,-0.46173194,1.5628124e-06
1.1998557,-0.15116167,-1.3567581,-0.9502005,1.5605206,1.2957423,1.302934,2.529545
1.3520477,-0.1148165,1.2408141,-0.37451085,-1.7127447,-0.217122,-0.06714574,0.073887855
0.67485106,1.5050474,0.18675648,-0.28336108,1.6980861,-0.2726421,0.2600874,3.852164
-1.1537846,1.03722,-0.0047378535,-1.7035708,1.1424922,-1.635812,-1.5258579,4.344401
-1.6526845,-1.4020538,-1.6618863,-0.005341133,0.46021456,-1.2133318,-1.1526088,2.4283665e-05
-1.3516885,0.014114319,1.5065482,0.4448035,-0.75435424,-0.024199385,1.1071607,0.000653612
1.3314927,-1.076069,-1.1367282,1.043108,1.2094573,-0.27589908,-0.51039785,0.21527193
0.87405145,-0.2726501,0.764646,-1.3568442,1.0980232,0.56229997,0.63872784,0.4555069
1.4964991,-1.3924482,-0.20753022,-0.53679407,1.4776527,-0.80809283,-1.3160247,0.20329589
0.94942766,0.46452227,0.05505157,0.051060386,-1.4403566,-0.30447122,-0.9645664,0.12283038
0.4830593,-1.2627084,0.8426888,0.16965434,0.2513944,0.31417817,0.8525778,0.0052136816
0.030284971,1.7449458,-0.4586291,0.27821076,0.61151886,1.7575085,1.2389225,0.3047402
-1.2626907,1.3364509,-0.4829522,-1.3032075,-1.7138817,1.419557,0.12672679,0.019862005
-1.4284928,-1.2051027,1.3687375,1.33218,1.6081389,-1.086229,-1.5495493,0.0006546599
-1.5638273,-1.6507229,-1.3175113,-1.5822145,1.0685651,-0.089669324,-1.0707654,5.0997445e-05
0.75220734,0.07552627,0.7636514,-0.61671555,-1.4012598,-0.22918627,-0.61119395,0.084152095
-0.7984574,-0.48464695,-0.4443366,0.8502045,-1.4972428,-0.0006443354,0.8253176,0.0033570454
-0.29947203,0.5236887,-0.5750199,-0.44710094,0.058970023,0.777444,-1.389647,0.21625705
-0.9440584,-1.1849529,1.1492164,-0.85038245,1.3763262,-0.64299655,-1.0934428,0.009592279
-0.2666978,0.72752285,0.2891295,-1.726036,0.4908685,-0.31494573,-1.702433,2.0028827
-1.1650844,-1.5138975,-1.6005487,1.1805805,0.23170461,-1.6635133,-1.2028943,0.005793992
-1.0782459,-0.9223678,1.5344335,-0.05335011,-0.12371823,-0.5614006,1.2729758,0.0020411715
0.6184665,-0.9187263,-0.85348105,0.8236525,-1.7309949,-1.6464626,-0.6272001,0.043346636
-0.46471888,0.85877687,1.484371,0.2624069,1.0299181,0.6688783,-0.38952005,0.062019028
1.1104195,-0.039263785,-0.5401634,-1.3046708,1.092102,-1.2804408,0.07243445,19.223785
-0.5053872,-1.6851685,1.6743175,-0.6274662,-1.2283638,-0.8023412,-0.3236086,4.145816e-05
-1.2162932,-0.99869037,0.5059186,1.2227182,-0.33039743,-1.203092,-0.57450235,0.0013226266
-0.25673476,-0.80794,-0.08393503,-0.8640346,1.6706913,1.3738534,-0.016022677,0.07927626
-0.7877435,-1.626718,0.6549353,-0.8137992,-0.6748756,-0.45440644,-0.8493963,0.00012341588
-0.47978097,0.23227225,-0.054364473,0.93704736,-1.1997179,1.5622241,1.1179044,0.009272342
-1.5924989,0.6342045,-0.8531045,-0.7663415,0.97828686,-0.8071423,-0.05063876,0.011189079
1.0107789,-0.31620196,0.93890256,0.26883593,0.7877317,1.3680037,0.79391277,0.04937836
-1.1519424,-0.69379574,1.1134838,-0.85785705,1.4789919,-0.28626442,0.22787364,0.017788759
0.91282445,-0.003846078,-0.21618174,0.51966953,-0.7567667,-1.2482599,1.3242472,0.4363748
0.8287171,-1.3915918,1.6151804,0.16209987,0.40912628,1.5053892,0.8616907,0.0016347666
1.2776396,-1.0652089,0.108176485,-1.3915635,0.40495738,-1.1252819,-0.85180014,0.6636903
-1.2739651,-0.03332183,-0.90958107,-1.3303372,1.3963444,-0.965242,-0.38806504,0.3632777
1.285845,1.5709202,-0.9372341,0.623582,0.9580918,1.0053822,0.41880473,1.9816933
-0.7670828,-0.5345721,1.1550788,-0.58259743,0.3949916,-0.10712869,-0.60589224,0.01496552
0.68625456,0.8794959,-0.696932,0.9360102,-0.25508717,0.028457457,-1.1816679,0.38008952
1.6646161,-0.6860589,1.084254,0.07589632,-0.32031587,1.7747881,1.4712508,0.036368754
-0.19575211,-0.46184018,-1.6699247,-0.60771275,-0.9454779,-1.3217653,1.1824653,0.64366734
0.03383163,-1.6691749,0.058249466,-0.31630442,0.71623826,-0.571729,-0.84635377,0.00068496115
-0.3493817,1.465473,-1.1880761,-0.8048711,1.463108,0.76047873,0.4189475,2.076355
-1.3909672,1.721189,0.6085287,0.8417511,-0.8912696,-0.2792076,1.275121,0.0031562485
0.87370205,-0.030147374,1.3944042,1.3618213,-1.1941308,0.08414684,-1.0305506,0.016767096
-1.6626359,1.1254717,0.6751729,-0.06843175,1.2768507,-0.53163105,-0.26635614,5.4158885e-05
1.1163732,1.4469103,-0.5916773,-1.1329068,0.2208807,-0.2139097,-1.4094547,7.3500633
1.3358413,0.8813588,-1.61274,1.232849,-0.8273368,1.4393982,-1.5659677,0.81944734
1.6759691,0.9135811,-0.81499,1.3973852,1.108958,-0.26763105,1.3958023,2.7705579
-0.35911107,-1.6692562,-1.0143228,1.1683792,-1.4215555,0.7524263,0.6253353,4.531276e-05
-1.3679868,-1.6475656,1.6397457,-0.04579481,-0.8618538,1.3635985,-1.1067787,1.587557e-06
0.43438298,-1.3445106,-0.92471546,0.41210505,-0.567686,1.3976699,-0.1094944,0.0075793816
0.998613,0.55752575,0.6633891,0.073855616,-0.06672854,0.8772826,-0.7866741,0.13113675
-1.6670984,-1.5160582,1.3783282,-0.6733879,0.35725796,1.2471361,-0.29667383,2.7629765e-08
-0.34378946,-1.3371236,0.6184845,-1.7323495,0.8159323,-0.39513725,-0.35546663,0.04580658
-0.9853086,-0.8465431,-1.5086122,-0.22645958,-0.6158561,0.19311617,0.5677646,0.013939724
-0.10349017,-1.6159003,-0.19610874,0.73600173,-0.17939292,-0.68926686,0.31879476,0.00085813977
-0.80060256,0.009203512,-0.51087576,0.9976552,-0.91412765,-1.6274838,-1.155431,0.06993285
-0.6568812,0.26083165,1.1060828,0.39825886,-1.1494385,1.5143486,0.8868969,0.0044808346
-0.49961755,-1.0234805,-0.16210374,0.7767789,0.36593595,-1.6035352,0.14669976,0.0934463
-1.5895854,1.1596199,-0.091557816,1.0716426,1.26438,-1.0383998,-0.8856743,0.0028952195
1.4603355,-0.6615766,1.5274718,-0.34981087,1.4816654,-0.5634251,-0.98722947,0.3144407
1.4910337,-0.48882905,0.40791667,1.1185596,-1.3621656,-1.5319054,-0.019167896,0.15578568
-0.22302899,1.3481988,0.7955159,-0.050835356,0.80723965,-1.2913128,0.62197435,1.3057182
-0.14899123,1.5184087,-0.5540203,-0.6288492,-0.5455038,-0.85253155,-1.580723,1.5035074
-0.6557657,-0.19514716,1.1226828,-0.6881367,-0.09786136,0.26006776,-0.3837648,0.02485077
-1.5082204,-1.2570746,0.24610049,-1.0255569,-0.083845526,-1.4618231,-1.2326419,0.0009899398
-1.628924,-0.876414,-0.34606376,-1.3506879,1.4830328,-1.1920711,-1.6007141,0.0013777148
0.68726945,0.2310264,0.33017287,0.38306332,1.4383746,-0.9591775,0.94737214,1.1255226
-0.89848715,1.0388895,-1.3533597,1.5888376,-1.4127879,-1.2495914,-0.5760414,0.0658632
-1.0600947,0.8833433,0.062240686,0.2322505,0.36365664,0.46195403,-1.631992,0.036313377
-0.087230444,-0.77062476,0.7870258,0.22009975,1.000353,0.11349264,-0.47978964,0.02873099
-0.5264037,-1.657594,-1.6097766,-0.6652656,0.4526439,0.43545437,-0.9376779,0.0010016402
-0.51005816,-1.5339643,-0.91357666,-0.6983223,-0.05171759,1.6196803,0.95546466,0.0010580276
0.10249171,-0.5533189,1.0755157,-0.5581832,-0.8285111,-0.70469064,-0.2529397,0.053584836
-0.31817627,0.028916629,0.038028724,0.5861557,-1.23256,-0.5955431,-1.0308486,0.022599291
-0.5458682,-0.78399336,-0.059458982,0.28473276,-1.7148533,0.60817045,-0.68901104,0.0024745688
-0.7775103,-1.3852949,0.17439856,-0.6518619,-0.045161303,1.576142,-0.36413798,0.0010448188
-1.3545277,0.1923782,-0.77206993,0.32557225,-0.67928284,0.60843927,1.3448157,0.003704638
1.4913368,-1.3906394,1.4198331,-0.3175258,0.39676705,-0.09389293,0.17657429,0.018256815
-0.6421029,-1.3451864,-0.17129353,-0.13257416,-0.74318457,0.61826754,-1.3517913,0.0013853402
0.5035332,-1.4244523,-0.6265267,1.2158364,1.4257219,-1.6537923,-0.42945364,0.16597581
-0.5504384,-0.47024825,0.9034755,-0.7373646,-1.2325518,-1.1317326,1.6154208,0.034755964
0.18710989,1.5619073,-1.4310249,1.6044639,1.5238712,-0.67458624,-1.4611144,5.381781
1.6528797,0.69508904,-0.3178521,-0.9633815,-0.6977348,-1.5154489,-0.63047194,6.4044404
0.8406674,-0.20192298,0.17223322,1.5930258,0.2558386,-1.2552366,1.5279567,0.45821425
-1.445419,0.3691853,-0.5341469,0.63740504,-0.6461865,-1.2792498,-0.6795862,0.0053907516
0.7307486,0.7079235,0.9341696,0.6822606,0.717726,0.55277115,1.338516,0.1993285
1.68206,0.017088968,-1.4682248,-0.4112725,1.3539966,0.5803215,-1.1153649,3.4424152
0.5002674,-1.4132344,-0.49626374,-0.48721516,1.606418,0.013025391,1.3302968,0.043714035
1.2018434,-1.0779048,-0.72306556,-1.2834841,-1.210126,-0.3461228,1.1637101,0.11989707
1.7451743,-1.1892463,1.588916,-1.6782191,1.1763035,0.10157423,-0.3047758,0.2601566
-0.2167596,-0.03787479,0.6847486,1.200372,1.132911,1.1029476,-1.587774,0.036229912
0.40462837,-1.6048373,-1.2826034,1.6686133,-1.4316313,-1.2513267,-0.56685406,0.0011709386
-1.1499282,-0.31328547,0.6649547,0.48313567,0.6878182,1.2871693,0.452898,0.0027634974
-0.30778146,-0.63697577,-0.037372213,-0.6930424,0.3229255,0.80924004,-0.5610987,0.035281036
1.3226805,1.7346445,1.5718942,0.36665937,0.93815863,-0.5507014,-1.3634416,1.6934471
0.9300962,1.4379003,0.94724464,-0.07937076,1.50452,1.2718433,-1.5119915,0.7731792
-1.04272,1.02949,-1.004376,-1.5141454,0.027960153,0.053367626,0.8439034,0.28680503
-1.333959,0.10557038,1.5305965,-1.403917,-0.65217865,-0.7401244,1.2677339,0.00901378
-1.1298262,-0.5632075,-0.30823386,0.5879968,-0.7915565,1.618013,-0.63705885,0.0012247392
-1.6525773,0.45591167,-0.3921719,-0.520972,0.21184954,0.5674894,0.08525813,7.18254e-05
-1.2818654,-1.2096288,0.512836,-0.42705736,-0.26554802,1.3638648,-1.0413371,0.00020689768
-0.3787764,-0.74407744,1.7060547,-1.0604652,-1.250985,-0.41590953,1.0192351,0.008088991
1.209512,-0.34685034,0.5174769,0.75077033,0.036641177,-1.4316051,-1.1192431,0.5077017
0.33543855,-0.4068332,-1.6587052,-0.8899236,0.979222,1.4458619,-0.96337533,0.6450545
-1.262862,-1.6610018,-0.5494083,-0.5684802,0.045743577,0.15515332,-0.6862495,3.1528e-05
-1.3345426,0.7067297,1.598973,0.9138845,1.0762544,0.87859005,-0.29905143,0.002842147
0.9039675,1.4566647,-0.60649854,1.6535128,-0.66534954,-0.39480665,0.2331279,0.606498
-1.2339885,-0.9642763,-0.82752323,1.5323517,1.3454864,0.87523824,-1.6139257,0.002320181
-0.16491485,0.48143324,-1.3704416,0.668595,0.4006452,-1.3157958,-0.6144414,2.0381455
0.873363,-0.19735469,-0.9493709,0.0472393,-0.5931752,0.115991674,-0.73274076,0.19890918
-0.74996364,-0.057382643,-0.9403196,1.289601,0.8227215,1.3719012,-0.33281803,0.029518224
-0.14065143,0.10945739,0.40940282,1.519599,0.83935827,-0.4109837,-0.07955546,0.12021242
-0.10276806,1.532548,0.6855051,0.7645228,-0.753576,1.5446606,0.10022438,0.056845374
-0.36032325,0.24273674,1.638814,0.49562755,-0.32638532,0.6927094,0.90356493,0.010329187
-0.8261252,-1.1070685,1.1266252,0.40397614,0.88147646,0.9099025,-0.9671198,0.001107883
-1.4881994,-0.6264853,0.024451738,0.16215695,-1.5366317,1.7688121,0.05685282,0.00010896481
-1.3451059,0.86693895,0.92565,1.1307751,0.6477128,-0.36724693,1.5932385,0.0081482055
-0.8750902,0.5562386,0.98113114,0.47639996,0.36774355,-0.34902576,0.24126182,0.040250473
1.7106419,0.04104988,-1.4828733,-1.4772447,-1.191187,1.1455905,-1.267745,2.3409624
-0.7847592,-0.22552918,0.8660293,-1.0392756,-0.22496238,-0.82303137,1.2047086,0.055946924
-1.1094412,-0.67818266,-1.1762583,-1.5899931,0.4948578,-1.2241637,-1.5181762,0.492404
0.46463388,-0.6180583,1.3258406,-0.53582835,1.1921058,1.1858622,0.7231004,0.040408466
0.52184296,-0.9218676,-0.74822855,0.07428389,1.253804,-1.4586799,1.4531934,1.4168572
0.99083227,0.2953284,0.3555575,-0.7499811,-1.1278974,-0.7667161,0.23615994,0.5109915
1.356329,0.50128555,-0.019217132,-1.6100307,-1.1367638,0.4751159,0.94820744,0.8318514
1.006272,1.3550122,0.7961839,-1.1427714,0.80669016,0.31024238,1.3936006,2.3131893
-1.6605401,-0.39091495,0.26630428,0.72400844,1.695623,-0.9967852,0.81002814,2.2213513e-05
0.1999022,0.13287134,-1.2472649,-0.13660952,1.4661543,-0.38403687,-0.5013311,2.0080097
1.0904576,1.1446971,0.6950668,-0.30526695,0.6698337,1.1682711,0.3957094,0.5783052
-0.11203589,0.7726816,1.0125887,0.26650596,1.629134,-1.0691805,1.420123,1.0741059
-0.96778166,0.2330484,-0.89568096,-0.380882,-0.8060607,1.0497817,0.42521176,0.027056871
1.6891164,0.5478301,-1.1155037,-0.95992184,-0.06060545,-0.13095228,-1.3576458,5.621177
-0.597048,0.09821844,-1.1708752,-0.81056535,-1.4231398,-0.56610227,1.5263968,0.16299033
-0.9334476,-1.5034084,-0.8369051,-0.72157943,-1.0735738,-1.5976002,1.6977829,0.0049137906
-1.5056236,0.07470479,-0.21755156,-1.6384009,-1.1818926,-0.40017283,1.0242814,0.0030185618
0.124084756,-0.37800178,0.12753071,-1.6144559,-1.5813549,1.4811435,0.96076864,0.05959456
0.8103724,1.5956296,-0.01305347,-0.6717553,0.47660816,-0.8954696,0.9923099,4.2041173
0.42841092,1.5960096,-0.45536456,0.63668495,0.43535143,-1.3218664,-1.0326753,3.5129225
0.3877414,0.35612038,1.0652702,1.6823657,0.68503666,-0.08053145,-0.50087845,0.08390582
-1.2590418,1.580473,0.08986383,-0.06135216,1.1351974,1.2844579,0.7677456,0.016425014
-1.5613103,-0.899918,-0.99857724,1.1704367,-1.3899555,-0.4157317,0.46024275,6.524896e-05
0.077480316,1.53711,-0.45564094,0.5592945,-0.5110594,1.7552488,0.75516737,0.11609342
1.6176299,1.5226933,-1.0110892,-1.396226,1.3500285,1.7256052,-0.013726962,15.527894
1.0407999,-0.060461186,-0.607072,-0.88239145,-1.543047,1.6440307,-1.6502967,0.20007475
-0.955648,-1.4060776,-1.6216642,-0.49044442,1.2045991,-0.9373599,0.8401363,0.03186748
-0.17642188,-0.56131226,0.29927564,-1.4444009,0.5212579,-1.1799786,-1.0705043,0.6539584
-1.2225218,-0.4640049,-1.3322128,0.22859846,-1.4164574,-1.5708569,-1.4124185,0.021365432
-0.7837409,0.035913028,0.6635816,0.3977269,0.36170354,-0.28249103,1.73213,0.037829027
0.3590622,-1.5894312,1.1760585,-1.366887,0.043971725,-1.0748502,0.78267807,0.006329768
0.9850259,0.33311778,-1.2791066,-0.37955746,0.32259354,0.8629129,0.8799521,0.89270866
1.473876,-0.7253932,-0.90765136,-1.5447714,-0.50811285,0.21124524,-0.73989123,0.59914196
-1.5341299,-0.44395828,-1.3585,1.7133505,0.7716943,1.4305531,0.65740776,0.0003715459
1.1987269,-0.90251195,0.4575856,1.0118042,1.3341737,-1.5543501,0.1662786,0.8207447
-1.1675942,-0.36489406,0.3315162,-0.6688741,1.1944604,-1.4028382,1.2006433,0.11939678
0.69210714,-1.6282947,-0.8877488,1.4771597,-0.1777088,-0.2679906,0.22169048,0.0014870835
1.5046643,-0.92658955,1.0369596,-1.1003458,-1.603449,0.5119847,1.5673034,0.035842627
0.0713368,0.16902763,0.71200114,1.4452454,1.6824846,1.5152552,-0.38666484,0.048215907
1.614142,1.1605188,-1.5533402,-0.68209314,0.4699438,-0.09022074,1.6175904,19.418327
-1.4203621,1.6067847,-0.09439359,0.4925389,1.5242921,1.5371825,1.7346063,0.010180972
-0.61070836,-1.3249946,-0.7405759,1.1912566,0.6117243,-0.4147841,0.2239486,0.0069868844
1.0517049,0.74615,-0.29884362,0.7933778,0.016821584,-0.19006433,-1.251007,0.54866624
-0.328089,-0.9856191,0.9557329,0.40605104,0.91953796,-0.61311215,0.019736862,0.027320666
-0.30541003,-1.3543993,-0.18573894,-0.21446161,0.95681477,-0.68241626,1.3979044,0.022122942
-0.6707014,-0.07069794,-1.1942065,-0.0016204305,-0.12360409,-0.60231894,-1.1644529,0.15147682
1.2343634,-1.0031388,1.2076633,1.467048,0.2533032,-1.4446383,-0.60001695,0.08803923
0.89195925,-1.5094906,-1.571393,-0.581397,-0.08187592,-0.15812962,0.64544606,0.034168135
0.5990718,-1.6385262,-0.59100115,-0.57731646,1.1740596,-0.53008926,0.37103498,0.009104755
-0.92073536,-1.1716324,0.6610869,0.20732383,0.7761715,-1.0682491,1.6474396,0.010516695
-1.3509489,1.4535902,1.5177091,-0.8562227,-0.3001629,-1.2318511,0.3043763,0.042140283
0.23343942,0.98873943,1.666592,-0.6703536,1.6009723,-1.6179488,0.005811525,8.701036
0.55744094,-0.69010246,-0.40456092,0.12118234,1.646561,-0.33389726,0.24672236,0.44588763
-0.74806875,-1.1715838,0.572402,1.2904598,1.3941193,-1.3574313,-0.33724907,0.02051918
-0.43475255,-1.3475062,-1.5098591,0.5513013,0.298434,1.6143926,-1.5756603,0.007361749
1.2103568,-1.0328487,-0.33525154,-1.0864623,0.09421287,-0.41082653,-0.5885179,0.23373148
0.18435144,-0.7176582,-0.5353736,1.0332443,-0.915249,0.5210688,-1.5512316,0.020330124
0.12485983,1.0642368,0.4867995,-0.6533618,1.2498639,-1.1888114,1.2865134,4.0681643
-0.376715,0.5830033,-1.1266645,0.43304902,-1.2549624,0.23180084,0.12386789,0.111477174
-1.5125725,-0.6716602,0.370264,0.08777875,-1.5031209,-1.5754621,0.22076263,0.0004568808
-1.5722818,1.2188927,0.8867154,1.2247214,0.51050574,0.8357171,-0.10116276,0.0003957243
-0.7761482,-1.0869203,1.3380917,-0.40191862,-1.6303602,0.8740025,-0.86974645,0.00051604817
-0.8283457,-1.4275193,-0.29145133,-0.7193608,0.54006666,-1.6308448,-1.2030149,0.030330611
0.5837491,0.39108536,1.5687675,-0.3600199,-0.8450329,0.81120396,-0.24608292,0.074547395
-0.4542374,-0.96397257,-1.6242435,0.0013758217,-0.0333772,0.27564403,0.5431699,0.049018703
-0.62666214,0.50768775,-0.48781157,-0.83316576,-0.67830753,-1.0285722,-0.92888784,0.22364716
1.6892715,1.4984859,0.65043664,1.1780941,1.3876631,-0.739367,-1.0526451,2.4378645
0.6470779,-0.82577235,0.4396411,-0.9445941,-1.2978249,1.759801,1.1445025,0.019516496
1.2750038,-1.2217458,0.80820096,0.26007718,0.306264,-0.8474567,-0.58238333,0.041176327
-0.7866504,0.6695263,-1.1410499,-1.3464799,0.012906294,1.572493,0.9949678,0.20409204
-0.6563632,-1.5832616,1.0569788,-0.22982675,-1.6582052,0.40387946,1.6773884,7.1708586e-05
0.680177,1.5776112,-1.6134512,-0.38823295,1.3264337,0.8495495,1.6472051,9.73484
-1.1003941,-0.82462937,-1.179026,-0.7084974,0.3306205,-0.8182988,-1.3202428,0.05761795
-1.0787425,0.8580171,-0.11778273,0.8925955,-1.4001352,0.6186654,0.14754558,0.006758644
-0.03603674,-1.3931588,-1.6701195,-1.5635936,-1.7290708,0.42830437,-1.339204,0.028826784
-0.5828092,-1.184872,-1.6340762,0.16758578,0.753561,1.438244,0.090554595,0.023810022
-1.2440068,0.20077093,-1.5261834,-0.17669752,1.4088857,-1.6605344,0.25995502,1.6183121
1.0687664,0.63256174,1.3804293,-0.91671544,-0.4059602,-0.57585526,-0.73069894,0.46318358
1.4321846,1.3720024,0.375947,1.3348581,-0.52282315,0.09799826,0.5332007,0.27547216
0.32655323,1.4792954,-0.54914427,1.0747812,-1.4872289,-1.1902134,-0.52398497,0.28917938
-0.2527292,-0.09442441,-0.07154899,0.5099081,1.1569215,0.3504228,0.9950233,0.06552374
-1.548196,-0.21952595,-1.4984974,0.019358851,-0.6635499,1.1732345,0.03557247,0.001042814
-0.5801879,0.29786378,-1.623633,0.9472456,-0.8070023,1.1001402,1.2214478,0.06517049
0.4856315,-0.4021434,-1.1991297,-0.7765039,0.6468057,-0.8396432,1.1898807,2.079531
0.8592828,0.06676392,-1.6631293,-1.4262211,1.5017537,0.75598186,0.40587336,9.887666
-0.1705814,-1.6605548,1.1294501,1.6505144,0.78927803,-1.207359,0.3424468,0.00044017317
-0.6337766,-1.4384694,-0.6021655,-0.66387653,0.48748022,1.1331017,-0.76495945,0.0019203777
1.006878,1.2133135,-0.46473703,0.33363247,1.5199609,-1.362955,-1.124848,14.577909
-1.3245114,-1.021995,-1.4805034,0.020256486,0.061972983,-1.517788,1.1869481,0.023913601
1.1356944,1.3932887,0.2836248,1.4462491,0.25606743,0.6568028,1.1621994,0.25397828
-0.6210348,0.20004748,-0.2587151,1.7113826,-0.1380633,-0.1089459,0.29070902,0.032069992
0.073512144,0.43569002,-1.1706234,-1.1816909,-1.0959244,0.48238802,1.4724499,0.6542668
-0.29320842,1.6070133,1.100668,-0.032897003,0.30626786,1.668851,0.92354447,0.0567099
0.2559646,-0.9724048,1.4473008,-1.4209882,-0.91025186,1.7165021,1.1506171,0.012340624
-0.473334,-0.2710955,-1.2255895,1.1062031,0.989786,1.0328716,-0.31319726,0.07492265
1.2995033,0.3187581,0.9725285,1.6421589,-1.2052433,-1.5187104,0.26667416,0.23216045
0.0023755254,0.6083303,-0.2799214,-0.677589,-1.4260787,-0.21226454,-1.5383908,0.20090364
1.3916006,-1.7066228,-0.017156389,0.30006343,-0.34596646,0.24442258,-1.5637039,0.00020341163
1.7031374,0.6325859,0.7303881,-0.39640623,1.2738642,-1.6342564,0.84269637,16.04384
-0.79195213,-1.0314482,-0.31418258,-0.4347147,-1.32639,1.5054405,-1.0251272,0.001793242
-1.2093039,0.23808786,1.4588703,1.3632523,-0.5631145,1.193088,1.3383683,0.000939218
1.4289795,1.1979736,1.056177,-1.6264228,-0.14421389,-0.74649084,-1.3786938,6.1064906
1.3967925,-0.16855267,-1.1162344,-0.25197503,-0.7683922,-0.3072049,-1.4149343,0.8284516
-1.2679287,-0.048865445,-1.0465304,-0.021507934,0.80586827,-0.9513593,-1.4028741,0.08930135
-0.085990526,-0.12471367,-1.7032678,-1.544609,1.4999504,0.7219807,1.1307751,3.0369062
-1.6512831,1.4760324,0.54915434,0.69902635,0.92497784,0.35396594,-1.1291339,4.3277138e-05
-1.3627461,1.0074396,-1.2932969,1.1426172,-0.3765635,-0.54657274,-1.466472,0.024449147
0.37980628,0.30291227,-1.4410435,-1.3926051,-1.3702404,0.9821803,0.75079465,0.7239712
0.5053504,-1.0527327,-1.1022061,0.65691084,-1.44037,-0.32016218,-0.3303446,0.02334841
0.41225243,-0.9492469,-1.6996111,-0.12664646,-0.42599627,0.24108538,-1.6308274,0.21150579
-0.42160606,1.4092562,-1.3999183,1.6111109,-0.55675983,1.2558069,1.2476051,0.11962715
1.636134,1.2734529,1.5315846,-1.6494045,-1.3239672,-0.7601862,1.2745445,1.7031887
0.29340634,1.026244,0.95879227,1.4586023,0.41631737,-1.54503,1.4085554,1.117732
-0.9691692,-1.3659495,1.5213808,-0.6589488,-0.6673256,0.99102396,1.1064467,0.00022857406
-0.050356418,1.3779842,-0.8343721,1.4481792,0.4901974,-1.0788212,-1.3238939,1.503314
0.46076035,-0.16146916,-0.7056327,-0.8994239,-0.93053323,0.7105586,-0.7435083,0.1585825
0.65029836,1.3039756,-0.60377526,0.27947435,-0.16754748,-0.46669433,-0.6616903,0.8795625
-1.1706749,1.5360111,0.032620978,0.39034423,-0.53239864,1.2192208,-1.6655667,0.01414533
0.69266236,0.19981387,-1.2341564,1.0619774,1.0512964,-0.011170962,1.2296019,0.87598664
-0.8327553,-0.72579235,0.2509473,0.7988174,-1.5909201,-0.73499495,-0.6819471,0.001721353
-1.3840019,1.6629536,-1.1020888,0.95524246,-0.6939988,-1.1688854,0.6136113,0.029255401
-0.8935979,-0.91065973,0.27056533,-0.37961894,0.3579131,1.220425,-0.8617894,0.0028133048
1.7081817,1.157242,1.5728759,-1.3870728,-0.49914825,-1.0305629,1.5713483,4.4860854
1.519498,-1.6814035,0.28925675,0.005753411,-0.041240234,0.54652184,1.2396308,0.0003774401
1.5894704,-0.5469043,1.2523513,1.5681485,1.1579003,1.3813647,1.2146053,0.03356463
1.058178,-1.5281677,-1.2246096,1.4863907,0.23609161,-1.338578,0.86690605,0.030407295
1.3482841,-0.78293806,-0.24340563,-1.0352545,0.20169508,-1.4010614,1.4690579,2.39954
-0.18338214,0.75442123,-1.0618495,1.1791348,0.49391767,0.23176554,0.5854146,0.24268991
-0.9005225,-1.2546977,-0.19155768,0.76593447,-0.9426292,-0.6261188,0.31507176,0.0012800989
0.9077244,-1.5157543,-0.68440574,-0.32834345,-0.7027106,-1.2185551,-0.37153125,0.022155693
-0.8453302,1.2657319,-0.97647476,0.93265045,0.81728876,1.2018234,1.4266782,0.103426196
-1.11519,0.94668275,-1.6605558,-0.08675067,0.23922852,-1.5588601,-1.6523999,2.056473
-0.5028472,-0.012421415,-0.63800913,0.19686908,1.1172047,-0.73608595,1.2562329,0.35078216
0.40859798,-1.2343322,0.2291552,-1.1512649,-0.23255423,-1.3860492,-0.14484142,0.18568534
0.9338006,-0.45961943,-0.3031912,-0.2280552,1.613965,0.5132682,-0.09561718,0.5420646
-0.62181705,-0.5632211,-1.601116,1.684028,1.0217943,0.20441231,-1.1197469,0.060396288
-0.96655387,1.0941691,1.2896938,1.0604386,-0.49639612,0.7783497,-0.73829955,0.0048060617
0.2794815,-0.5690418,1.2730423,-1.4165694,-0.8959711,0.7810478,0.34581682,0.053223345
-0.9680469,-0.5002529,-1.0368036,-0.11266046,0.33782178,0.047942746,-0.686811,0.025018018
-1.074191,-1.2411958,0.17372267,1.090779,-1.4552101,-0.4661054,0.63574576,0.0002065269
0.9449187,-0.822396,1.1399244,-0.75686795,-0.8041069,1.5886284,0.26308984,0.025990903
-0.24217363,0.96011305,-1.6325632,-0.23170999,0.5184964,0.12694015,-1.4555246,2.026418
1.6209899,1.141169,-1.5190833,0.8510258,0.13930513,0.46778667,0.96580726,1.8627913
1.7226033,0.26262593,0.9524006,1.4437915,0.7714979,-1.373534,-0.74363774,1.2551216
0.56230944,-0.6537476,-0.03496519,1.5597391,-0.7354404,-1.6452852,-0.60680646,0.11632913
0.63990414,1.697884,0.54618555,-1.2677994,1.4446303,-0.7924578,-0.61847144,9.78737
0.44377565,0.354341,-0.715432,-1.6492326,-0.9631987,-0.85414404,0.70349663,1.7316529
0.0741244,-0.6727593,0.31058133,1.211745,-0.8983052,0.5573719,-1.6890432,0.0099702235
-0.07811803,-0.6033924,1.1386046,-0.14877765,1.1461104,-0.71618515,-1.2293264,0.11182386
0.070823096,-0.23956816,-0.4212738,1.552051,-0.3454865,0.23595828,0.71617925,0.027519817
0.6903117,0.84153384,-0.5559035,1.2171234,0.48341173,1.6622587,-0.505803,0.20050384
1.6485229,0.65080655,-1.6369288,-0.69173056,-0.31903058,-0.4568892,-0.30963305,10.333945
-0.39920613,1.2832065,-0.2660585,0.48266384,-1.2354505,0.4979745,-1.5373373,0.06957412
-0.6809046,-0.07249663,1.0877904,0.56932545,-0.080846146,0.07607762,0.19473006,0.015866248
-0.36993644,1.4630219,-1.6246952,-0.63538414,0.77343833,1.1963208,0.83430225,1.1285533
-0.78494793,-0.70830756,-0.13365586,1.5444466,1.1545869,0.81346864,-0.6062074,0.005180619
0.34001386,-0.8040249,1.251476,0.12797375,1.3083991,-0.025784168,0.15145406,0.06682644
1.3327812,-0.6433587,-0.4913175,-0.5814566,-0.07256091,1.003571,0.06818521,0.24908154
1.393974,-1.6449903,-0.6357334,-1.5991441,1.2417338,-0.03344947,-0.34774747,0.030620297
0.8379166,-1.1489059,-0.5191804,1.374167,0.47650805,-0.24008125,1.4162558,0.040662225
-1.2203653,-1.5863035,-0.69705164,-1.7348204,0.05241291,-0.6213348,0.46514508,0.001499576
-0.87723124,-0.09721689,0.20470236,1.3061967,0.02106638,-1.3602684,0.34830973,0.053376842
-0.33126426,0.023429278,-1.6551666,-0.6220451,-0.17674284,1.5037782,-0.0348234,0.39097166
-0.2703157,-0.4501221,0.65562946,-0.3320203,0.48256844,-1.0444233,-0.017245138,0.21132822
0.18880889,-1.1963431,-0.43486145,0.21998145,-0.10102467,-1.5988253,0.94924814,0.09889639
-1.5338981,1.6042156,-0.21968631,1.6911343,1.1012372,-0.7232297,0.11868423,0.00784984
0.58321714,-0.57653075,-0.11685668,-1.1565297,-0.27519143,0.4052004,0.4110436,0.19500253
-1.2667658,0.84585655,0.95887643,-1.2465962,-0.97255003,-0.1026131,1.4248729,0.01513192
-1.0426435,1.2329403,-1.0681826,1.0284861,0.49126458,0.8444679,1.2438524,0.050066315
-1.3847634,-1.1505201,-1.5644141,-0.8570583,-0.9812546,1.0486234,-0.61665714,0.0010653161
1.5478506,-0.21328616,-1.2437501,-0.65287906,1.0630172,1.0749533,-1.3993884,1.9512041
-1.5837911,1.0244082,-1.2613459,0.98860717,1.401646,-1.4005891,0.47531602,0.024924718
1.3464192,1.7134978,-0.8374433,-0.733576,0.26616907,0.7620012,-1.1640546,3.4546912
-0.010748174,-0.2152897,1.3560778,1.0190344,-0.35875586,0.9134418,-1.7037256,0.014186222
-0.15315363,1.2826126,-1.3301138,-0.69106746,-0.08976646,-0.907494,1.2085767,3.420287
1.1244313,-1.3750148,-1.0109055,1.3201743,0.798804,0.06320663,-1.4166543,0.032230444
-0.11203959,-1.1371087,-1.4015688,1.714,-1.3335414,0.31479272,1.7288404,0.007554243
1.1273172,1.4546454,-0.8640649,0.2255887,-0.4748209,0.27231786,-1.5767914,1.5070846
1.2924211,-0.15986294,-0.04916892,-0.59199214,-1.0659196,0.9856225,-1.3914019,0.16455749
-1.4481926,1.7461809,-1.0485977,0.96158516,-1.5768095,1.5275124,1.0149815,0.001872153
0.709876,0.13485809,0.01722548,0.470555,-1.2497627,1.7208616,0.15271991,0.051659286
0.37229082,-0.7233112,0.5796908,-0.006861459,-1.1234666,0.44317675,-0.7359529,0.011218006
0.4174722,1.678913,-0.293257,1.5334935,1.3059682,1.0692039,0.67656803,0.31547076
0.29859656,1.5464587,0.74037284,-0.11474694,1.0460702,0.79644656,-1.1064298,0.36052105
0.5182616,0.17022668,0.39332214,0.5954677,-1.1864007,-0.8836185,-0.9357155,0.065902956
-0.7814043,-1.060462,1.6588007,-0.53111374,-1.3772147,1.2149365,-1.6491774,0.00085182587
-0.17320557,-0.06939794,-0.08865267,-0.32916966,1.5380516,-0.0684421,-0.86825055,0.23792525
1.6835707,-0.8398774,1.4882778,-0.089075424,0.39912173,0.76269984,-1.4687939,0.057716787
1.2042973,1.2897571,1.2850794,0.10234718,0.78524363,-1.0964597,1.5033921,3.195312
-0.017554045,0.08838906,0.8204188,0.7443584,0.25861132,1.4425929,-0.73398846,0.019132547
-1.5727528,0.37747812,0.9714173,1.2944008,-0.6582005,0.44194406,0.31296325,9.726417e-05
0.12263706,1.0745816,-1.1515763,1.049223,-0.9465107,0.44788754,-0.7595248,0.15553509
-1.1257095,0.5900194,-1.1516516,-0.7441428,0.91939247,-1.4883125,-0.3777979,1.6086798
1.447735,-1.0922605,0.73278445,1.5407493,-1.7210505,-0.095949456,1.284486,0.004055336
-0.99845326,1.4694154,0.6229233,1.1575315,-1.4515631,-0.55176395,0.3716004,0.010586764
-0.07720375,1.0884546,1.5495747,0.61105895,0.5109362,1.6924877,0.8554179,0.031610005
-0.33510718,-1.0800593,-0.22463827,0.17495438,-0.4654223,-1.5332754,0.5850605,0.04320847
0.35364634,1.3380362,-0.31677914,-0.9963031,0.31937823,-0.3732588,-1.3927541,3.0231829
1.6679108,0.50632334,1.1769124,-1.0499185,0.9112992,-0.80555075,1.0593667,3.2400825
0.2108056,-0.33974352,0.054552905,-0.005694396,-1.0060558,-1.2026566,1.4225602,0.13654417
1.0446625,-1.2522949,1.6120923,-1.3049237,-0.98571116,0.72197247,0.53674775,0.01097482
1.3840605,-0.28529483,-0.87731236,0.5942562,-1.075952,-1.1428254,1.3989526,0.4789039
1.4376069,-1.7193505,-0.5646602,-1.5893189,-1.5256836,0.8747588,-0.80631137,0.0002137523
-0.5476578,1.0117207,0.07330196,-1.5615153,-0.12875901,0.26301208,-1.1142942,0.36797237
-0.33805925,1.2819617,0.91542464,-0.79368365,1.4578103,-0.8635353,-1.3722807,1.7660012
0.8772068,-0.50004596,-1.5071726,0.98390716,-0.11739133,-0.14259718,-0.25484088,0.41774797
-0.42281684,1.6390072,-0.4818702,1.3441113,0.9373995,0.205232,-0.15225257,0.33051237
0.85365605,-0.6451087,1.2468448,-1.4727058,-0.87220806,-0.71825504,-0.96553326,0.1303916
-0.32912216,0.30833352,0.35681808,-1.1101023,0.1600673,-1.0597051,-0.57334816,0.62836087
-1.1210227,-1.2201297,1.2137524,0.37050858,-1.3110098,-0.9227207,-0.538794,0.0002664008
0.7482139,-0.06760471,-0.582929,-0.33061445,-0.12600937,0.47332653,1.6896851,0.4119713
0.31121537,0.71852374,-1.0840192,-1.4362351,0.36811984,-1.4736416,-0.10464189,33.702587
0.81504893,0.76518816,-1.1739229,0.46758825,-0.7520227,1.1470554,1.4233826,0.4389647
1.7582614,-0.052206546,-0.9669255,-1.4585625,1.5771186,1.194007,0.18592292,6.4556675
1.2230422,-0.8809798,-1.2921304,0.094193175,0.476944,1.6498333,0.6363184,0.12444782
1.6798869,1.2374743,0.85052186,0.69286644,0.85391456,1.5224066,1.0172827,0.2709433
0.13933514,1.1724732,0.46087554,1.5859787,1.7105582,-0.9200641,-1.5753384,1.2158958
-1.4344182,0.28937533,-1.1002427,-1.4951074,0.7219185,-0.6978902,-0.7617476,0.08818285
-1.1611098,-0.80283254,1.5739055,1.2811269,-0.14757304,1.3244206,-1.2974313,0.0003099316
-1.0227146,0.3801262,0.48821738,0.22703208,0.81483316,-0.16959862,1.7018739,0.043121886
-1.4706488,0.011539074,0.63848263,1.4961973,1.6936215,-1.2223519,0.65474194,0.006320443
-0.81616217,1.6153328,-0.7248786,1.6934489,-1.6775894,-0.77611345,-0.7069765,0.02447102
-1.5383697,0.26774138,1.1885974,-0.44711006,-0.33787897,1.2724231,-1.2872539,0.00031281635
-1.5418962,0.14262621,-1.2128915,-0.28461087,0.82868564,-0.9316108,0.9783256,0.01176847
-0.9820346,0.12718587,1.2514627,-0.43380988,-0.43104118,0.66491747,0.42114908,0.0082302615
-1.6507795,0.9434936,-0.9345962,1.3501669,-1.4194759,-1.3935437,-0.8331534,4.0552164e-05
-1.010036,-0.014922572,0.72882026,-0.76571935,-1.0161691,1.2002281,-1.2381095,0.0060079796
0.7038903,1.515931,-0.6224962,1.1314143,-0.91102886,0.5318935,-0.8849631,0.19907536
1.4836649,0.924093,1.1152867,0.6991827,0.70579195,1.2513101,0.44088516,0.24972391
-0.46517777,-1.3235358,-1.4418893,1.6169664,1.0900772,0.11396493,-1.4394011,0.013433361
-0.45383787,0.0068110735,-0.33593592,1.2145152,-0.20855063,0.93532354,-0.16373311,0.026167553
0.96679467,-1.4875895,-0.464689,1.3936806,-1.4275612,1.4762926,1.0472162,0.00076418335
-0.802596,-1.3449829,-1.0283346,-1.4404856,0.23424412,-0.16401604,0.944302,0.015067843
-0.7672222,0.34890634,-0.84487516,-0.9276005,0.47216505,-1.2561427,0.20601328,1.5586926
1.1083292,0.40247396,-0.4830538,-1.2453886,-0.6643603,-1.1691438,0.20310219,4.9224534
-1.4535173,-0.14724402,0.17721686,0.84709966,0.5850608,1.0718347,0.42380196,0.0007275478
0.2577486,1.6802281,1.2186102,0.33856326,-0.7185009,-1.0513376,0.6955908,0.2597856
1.5686259,-0.938991,-0.28327253,0.6469293,0.5709195,-1.4636177,1.3862737,0.813666
0.34250745,-0.73101676,1.6831858,0.6368041,1.2264868,-1.4139255,0.48958775,0.22268122
0.515528,-0.27512333,-0.8185465,0.0590423,0.8513855,-0.71339893,0.97133785,0.7273975
-0.9559182,0.017506003,-0.88545895,0.6477075,-0.17515858,0.37660646,1.2265594,0.019335212
0.023388967,-0.14229691,-0.09055803,-0.9552052,1.6504565,-1.5169538,-1.3246772,6.0857325
0.14185254,1.5920678,-0.31197602,1.1128252,-0.16379061,-0.74896806,-0.90551335,0.39353746
0.46986988,-0.7367574,0.54480183,-1.5080937,-1.555094,1.7155373,0.9701292,0.02963481
0.7163554,-0.9141016,1.5866015,-1.6086129,1.2322364,-0.24022517,0.36611477,0.34538653
1.5437312,0.15815598,0.58733845,0.57483673,1.5974438,-0.5305538,-0.9808479,0.91441107
-1.267502,1.3291966,-1.4386216,1.6144593,0.7780833,0.8752057,0.5309382,0.030510105
0.09877853,0.42472264,-0.5879526,-0.6491239,1.5049106,-1.3726156,-1.555717,10.066556
-0.8133871,0.9553309,-0.34226835,1.619937,0.9229975,-1.2996408,-0.625473,0.3184391
-1.3153214,0.34766006,-1.565467,-0.6302675,0.69469386,0.30281943,0.89256394,0.052558772
-0.09076889,1.5073818,0.53029305,-1.3328383,0.9903053,0.6031539,-0.0265847,1.4463178
-1.4689066,1.0642972,1.4988382,-0.2841473,-1.3409265,-1.6545831,-1.1515653,0.0036423884
1.2491635,1.2666712,0.85238487,0.94514066,-0.032272886,1.5788563,0.8753038,0.11471489
0.24662244,-0.23030588,-0.034957,-0.9174767,-0.75086415,-0.6206341,0.13943388,0.29876631
-0.88111216,-1.4507728,-0.13173959,1.6126635,0.4643983,0.31979796,-0.22884448,0.00047077003
0.94720453,-0.8283409,-0.80552906,-0.79028946,-1.5419158,1.2878624,-1.6468573,0.06758451
-1.5829095,0.60661644,-0.19180948,-0.7823646,0.09067549,0.7187659,-0.6057909,0.0007570597
-0.6190445,1.2419837,1.5059361,-0.73698205,0.6653689,0.59340835,0.2103807,0.13648461
-0.28839085,-0.68104815,-0.88426906,-1.3358446,-0.6546352,-1.5278196,-0.9222929,0.5333134
-1.4163986,1.4635962,0.27394238,1.6040652,-0.70956534,-1.5635695,0.31058326,0.01260081
-1.048058,0.25987753,-1.261571,-0.99462724,-1.1339136,0.69990736,-1.2114966,0.047734234
-0.23396502,0.013824473,-0.47078055,-0.794992,0.46481252,0.11926712,1.3557307,0.3138114
1.3539939,0.07546771,0.098556586,-0.5400967,-1.4641619,1.1199305,1.3529271,0.13222405
1.710326,-0.30422089,-1.2983011,1.4461265,-0.36681226,0.9228645,1.039359,0.17435981
1.1430047,1.6550974,0.4658813,0.7950084,0.08462529,-1.3368046,-0.18672957,3.4150708
-0.981293,0.08330342,-1.4763423,0.6244148,0.4820904,0.37407103,-1.707177,0.09038941
-1.0796331,1.0852226,-0.7028021,-0.47063303,-1.4972056,-1.3060069,-0.6573425,0.058217563
1.5502163,-1.4791508,1.1947144,0.86243474,0.3375613,-0.90406376,-0.12127626,0.012505519
0.65636915,-0.90027374,1.6107721,0.3003425,-0.69051534,0.5314987,-1.5774751,0.010537122
0.09290953,0.2047887,-0.13526656,1.3679591,-0.21308917,-0.042155858,1.3828473,0.079189494
0.28023767,1.4126805,-1.2289613,0.37076393,-1.2743478,-1.0529948,0.51213944,0.9312986
-1.3370794,0.845037,-1.4116532,1.2590345,-1.3707626,0.64299244,1.3332702,0.0054737655
-0.5279095,0.34215674,-0.42317152,1.182973,0.22443457,1.258552,-1.5307556,0.03994184
1.7050967,-1.73264,-0.8777156,0.28879982,0.28222245,-1.6499454,-0.87034994,0.0011290389
-0.3776307,0.03992995,1.3648325,-1.6769904,1.4756184,1.6818433,0.40946147,0.178448
-0.039247908,-1.1553526,-1.2257434,0.33862725,1.6166335,1.0123634,-0.0073404238,0.056831878
-1.3829525,-1.4965072,1.0332702,-1.323455,1.2527153,-0.09140188,-0.9883851,0.000253402
-0.9163321,0.24758352,0.32573268,0.28369752,0.65888965,-1.6272844,1.2856463,0.3165103
0.011981929,-1.1071182,-0.5235108,-0.20869,1.1392409,-0.6795035,0.73341835,0.0933452
-1.0226899,1.6048329,1.3996011,1.366088,0.72735673,0.58418477,-0.063543566,0.019386522
-0.1664342,-0.9501357,0.9551908,-1.2597649,-1.6236866,-0.6842296,1.6698811,0.017679092
0.748069,0.5742208,-0.061027892,-1.4648716,1.247729,-0.51537764,-1.6703194,8.770825
-1.6375923,1.0402458,-1.1654524,0.7589089,0.19846658,-0.66153985,-1.5543798,0.00071013346
0.55870384,-1.361583,-0.50662756,1.1311648,-0.44316167,1.5462056,0.3645305,0.0031969883
-1.091667,0.907878,0.5530396,-0.39200547,-0.52625275,1.5228144,1.5911099,0.013370211
-0.7934335,-0.22890806,1.4877808,0.4552031,1.3686706,-1.2981501,0.99833196,0.085323386
0.70837015,0.9191155,-0.58073515,1.3780446,1.1959193,-0.48034528,-0.9341901,1.0328746
1.4166101,1.7106379,-0.71496505,0.15819302,-0.17236686,1.625962,1.2618245,0.9762888
-0.4235763,-0.7434814,-1.6796446,-0.4993251,-0.6584941,-0.045107614,0.91909635,0.08007298
-0.659984,-0.7556973,1.0551084,0.9887933,-0.9419826,-0.78974235,0.117529206,0.0047671
-1.5102408,1.4057252,1.676013,1.549294,0.98595405,0.26456296,1.1149966,0.00076178386
-0.8409812,0.20261222,1.181967,-0.3088961,-1.0610414,1.4272909,0.3618683,0.0064863004
-1.460984,-0.1687596,-0.9583024,1.1628133,-1.1588267,-0.1659369,0.021333463,0.0010676922
-0.34703922,1.3425528,1.2299019,0.13036524,-1.0500836,-1.5820065,-0.4605743,0.22400133
0.39860186,-0.84379864,-0.52182096,-0.37767974,0.49081874,-0.5250203,-0.90125036,0.15223737
-1.5664574,-0.08010105,0.8973406,-0.1658145,1.314883,0.918103,-1.072874,0.0002768681
1.5509403,1.216154,1.003687,-1.6986914,0.33424148,-0.20149474,-0.20865421,7.1717353
1.1277249,0.69489825,-1.4017252,0.81793106,0.6333898,1.280392,-1.1655918,0.92888767
-1.638916,-1.1319596,0.42424968,-0.9587461,-1.4092164,0.651371,0.7532451,2.475293e-06
-0.77549016,0.46444377,0.6849851,-1.4920253,-1.2689191,0.07001695,0.5082119,0.052010078
0.60889786,-1.3355252,-1.0338254,-0.25493708,-1.0251284,0.7173962,-1.6698776,0.015634464
-0.3067179,-0.9493111,1.5875688,-0.7212902,-1.118935,-0.17933755,-1.2551229,0.0055816015
-0.1405422,1.1389264,1.3403738,-1.1187093,-0.7840678,-1.4322056,1.2569809,0.7422353
-0.73050755,-0.46239385,1.4350253,-0.37965837,-1.060726,-1.4317739,-0.8890619,0.014000229
1.4305599,-0.8899497,-0.016434882,-0.19750445,-0.57781875,-1.3096275,0.0011923572,0.3659572
-0.9156279,0.13162759,-0.9202062,0.51292944,-1.0828359,-0.22147685,-1.0904598,0.017696546
1.4754391,0.4370729,-0.93986243,0.22340459,0.5038224,-1.1994231,-0.3597937,7.3738832
0.1582798,-1.0875957,0.6063366,-0.24620616,0.033032566,0.309013,0.8733866,0.009193694
0.39337695,-1.180462,-0.3422757,0.3675333,0.07643549,0.25370026,0.4593488,0.017117968
1.3907952,-1.6982685,1.3646725,-1.1369998,0.7220478,1.3746464,0.86929655,0.00023553915
-0.23662943,0.4617447,1.4380144,1.4536875,-1.5696179,0.15233915,-0.081803456,0.009110841
-0.9334456,-1.1291684,0.13165192,0.8351789,-0.6890961,0.35045007,-1.363039,0.0008800253
-0.2314084,0.14100467,-1.4075499,1.0832143,-0.07040372,0.67161393,-0.0027428158,0.17704593
1.4440523,-0.3869444,0.6810463,-1.5619146,-1.6285247,-0.43560272,1.0460284,0.20180115
-1.2307954,-1.1443634,1.536619,1.1698824,0.9079178,-0.80953026,0.42424354,0.00094973005
0.4380863,-0.55497843,-0.43247953,0.29229107,-1.3109945,-1.576917,0.37730873,0.17088482
-1.6455394,-1.3465346,-0.90012515,-1.6910396,1.1581328,-1.6346244,0.36013827,0.0005861032
0.9501722,-0.92511934,-0.4028541,1.6330446,1.7008883,0.16886468,1.4403425,0.10153725
0.68349636,-0.048049215,0.24522278,-0.05070078,0.34499663,-0.765476,0.89292234,0.36554357
0.120164625,-1.4983438,-1.2757329,0.31835145,-0.8538752,0.5350107,-0.26425815,0.0035653815
0.7863632,-1.5372854,0.91661423,1.4209772,1.2096721,0.4859094,-0.9207474,0.0010385917
0.049088374,1.3256372,0.7334773,1.1044781,-1.146073,1.407685,1.4286314,0.03505749
1.0002071,0.17250158,-0.6578344,1.5291936,0.070305526,-0.15695675,-0.88211983,0.20780745
-1.31628,-0.7718068,-0.6374113,-1.633781,1.0733176,0.047469076,-1.1389351,0.024008999
-0.20577717,-0.05170682,-0.81617767,1.7008911,1.6106513,1.2520055,0.5601677,0.067837
0.8112017,1.3124406,1.3421278,0.40822384,0.1151728,0.34895986,-1.0871065,0.19010828
1.7622758,-1.461988,1.0180819,0.008139933,-0.1429605,0.8487154,-1.475646,0.0050472054
0.92449105,-0.926617,0.4874107,-1.3776164,-0.16178635,-0.8818815,-1.3836577,0.3736923
-1.2052827,-1.2663395,-0.077995844,-0.94739884,-1.6893313,-1.1989524,0.44620988,0.0009237569
1.3717893,-0.12116709,0.42827913,1.669983,0.2958719,1.3772585,-1.0694901,0.046366278
-0.33692527,-0.05375652,1.6567258,1.2756072,-1.3851382,1.2913108,1.5514505,0.0034675556
-0.320591,-1.3652251,0.54305786,1.3380631,0.14393142,-0.6019893,-0.050458264,0.0030746383
-1.5182906,1.2288446,-0.8578235,-0.1601987,-0.4228148,0.3429538,-0.7166419,0.0029375365
-0.2239681,-1.3451786,0.6636928,-0.9808348,1.088741,-1.4878694,-1.0431328,0.09708226
1.2654009,1.6506028,-0.682763,0.39071983,-0.7044987,0.17620106,-0.4987978,0.8950847
0.28732112,-1.2051206,-0.06194493,-0.8411281,1.2182652,-1.5556765,1.5302849,0.72746783
-0.9560264,-0.23445292,-1.1075498,-1.1437802,-0.42397192,1.0352303,-1.0866792,0.042205423
0.577305,0.3360429,-0.05120372,0.5459538,-0.34630916,-1.6644664,-1.5847942,1.7332348
-0.50510406,-0.7757217,0.088698275,1.3464688,-1.5869447,-0.3636304,0.53446084,0.0024788417
1.6196277,1.6259652,-1.0429481,-1.3453878,1.4922711,1.6732006,0.6064498,10.813016
-1.4477526,-1.206996,1.1036566,-1.5479976,0.13804926,-0.5328564,-1.4486055,0.001037867
-0.49689052,-0.09075674,1.5859187,0.22002363,-1.5712075,-0.95066136,-0.7584983,0.0067827348
-1.6158845,-1.2859186,-1.4380497,-0.62569577,0.08569219,1.6196133,1.5205383,3.9175568e-05
-0.6311541,0.495561,0.49692053,-0.94216233,0.6971115,-0.8226047,-0.79973936,0.32895604
0.5901115,1.5079075,-1.1878324,-0.36951277,-0.3773042,0.43737966,0.7458472,1.2167972
1.7050908,1.6399517,-0.34242865,-0.11472709,1.400507,1.0242438,-0.8124624,2.0132365
0.33641014,0.21584022,0.8220814,-0.4955735,0.83471054,0.52085984,-1.510183,0.27839014
1.7356515,-0.87461156,-0.031095766,1.2704474,-0.23343135,-1.1436177,-1.6519756,0.21047507
0.38412863,1.7178746,0.51971596,0.94703907,1.7184013,1.6291162,1.3404062,0.29811954
1.0418584,0.13822646,-0.55761087,0.5313109,1.2087774,0.8865945,0.55011374,0.4112855
1.4278775,1.1980217,1.6387264,-0.5707586,-0.223882,-1.0359906,0.5116904,1.5634835
1.4868865,-0.90766203,-0.80758214,-0.1690424,-0.16110149,-0.93519974,0.615269,0.38202465
-0.91687745,-0.81025773,0.32064092,1.1104434,0.5194495,-0.34526867,0.68664247,0.0043438966
1.6306436,-1.4547126,0.1754273,0.12946291,-0.6146159,0.6335091,1.162649,0.0042125355
1.0904789,1.6268173,1.1694221,-1.6882006,1.0536425,0.71068984,1.3480549,4.237605
-0.7581739,0.29888928,0.17451736,0.15046123,-1.676483,0.27815714,1.3548439,0.00950701
-0.7747502,-1.2576226,1.0349638,0.89410895,-0.93870157,1.1923891,0.5756909,0.0002357348
-1.397446,0.1580483,0.4417488,-0.4594282,0.781583,1.7804159,0.32841906,0.002912074
0.47969228,-0.7483049,1.0945812,-0.33828694,-1.6724563,0.4116727,0.3909292,0.01023631
-1.3488816,0.0947852,0.020779757,-0.24977133,-0.5849733,0.734241,-1.3839498,0.0029297776
0.77470565,0.5912193,0.57237744,1.0518306,-0.93173933,1.0412734,0.7914108,0.04152643
0.59105885,-0.8668464,1.6938715,1.4182509,0.9258063,0.39866716,0.44624603,0.013460056
-1.4492123,0.3140572,-0.5606979,-1.3759619,0.075380415,0.16175245,0.7720202,0.010831383
0.5164875,-1.1047877,-0.70009494,1.1287187,-1.240667,1.6144247,-0.4083861,0.0056716315
-0.09292678,0.34609392,1.2462783,0.69608057,1.3828278,1.252339,1.4578508,0.057968833
0.8339418,-1.693105,0.65607953,0.5929662,-0.8007565,1.187731,0.22714902,5.7437417e-05
1.0354059,0.28738755,-1.6227016,-0.9999673,-0.20253728,-0.6201523,-0.39154023,7.6820774
-1.665094,1.7560344,0.6101429,-1.004908,0.5722678,-0.77452344,-0.029905027,0.00011117556
1.6266975,1.6285545,-1.6860076,1.7084062,-1.1654769,-0.8857753,-0.67235297,2.2217317
1.491569,0.6490698,-0.9337522,0.42960024,-0.17123036,-1.3977923,-0.23546095,6.720369
0.7324379,1.3023424,0.671448,-0.40052432,-0.5945818,-0.12143338,1.4893041,0.5427124
-1.5269908,1.7186015,0.90413755,-0.36580446,-0.42207107,1.032149,0.5936515,0.0010361362
-0.56810063,0.50573504,-0.3888825,1.1472113,-0.63932997,0.30894104,-0.17454426,0.038382318
-0.45199513,0.59402776,1.4534115,-0.4465949,1.0960212,-0.5587943,0.08447554,0.3130045
-0.3954839,0.23577099,1.7065239,1.1578169,-0.8619754,-0.18516496,0.41475177,0.01090514
1.0184126,1.5655546,1.3388261,-0.5063098,-1.1794552,-1.2744762,-0.9806319,0.6100155
0.6733395,1.5192696,-1.5789729,0.39571598,0.73587716,-1.0594128,-0.93108547,12.8789215
1.4115446,-0.8211155,-0.6258874,0.44266737,0.54903543,0.21450083,1.5464894,0.21343316
-0.59790105,-0.065546826,0.10359784,-0.90311784,0.0064440705,-0.9530417,0.028497992,0.29357573
0.6267835,-0.8802419,1.3955203,0.02849349,0.13096984,0.26859275,0.5346136,0.020048816
0.65994763,0.6385927,-0.2891489,0.33214828,1.6868103,1.4853607,-0.77809966,0.30991787
-1.3868444,-1.6991886,0.35798255,-1.7112314,-0.5905316,0.49900785,-1.2542409,7.646747e-06
-1.6235424,0.6298564,0.9033933,-0.3560852,-1.555903,1.3826914,0.36269268,3.1105807e-05
-0.8465467,-0.4763663,-0.8998646,0.15079242,-1.7160361,-1.0441735,0.95466644,0.0096622715
1.2261678,0.6453213,-1.0414326,1.4146147,0.43699482,0.099917755,-1.6124734,1.2026312
-1.5743525,0.55632967,1.698191,0.3698106,0.6628233,-1.6491754,-1.6941679,0.0043878257
-1.4520226,-0.8692831,-0.0392732,-1.4890751,0.012828181,0.066823125,-0.5586589,0.0018373592
1.0120012,0.92025614,1.2147992,-0.52291286,-1.4497311,-1.2230374,1.139273,0.3198427
0.9763978,0.75447583,-1.6762791,1.703383,-1.3633443,1.6828141,-1.5287496,0.32429728
1.4635824,-1.489762,-0.6567471,-0.24017009,-1.1907188,-1.4280974,1.4029764,0.029579848
-1.253102,1.7634866,1.2046598,1.2945147,1.1024028,0.647763,1.5856161,0.011565624
-1.2134212,1.5222847,-0.16727553,0.18466951,0.32748827,-0.9828135,-0.36969578,0.11383594
0.9306832,1.1022537,0.57777697,1.124068,-0.9754248,0.534958,0.1297065,0.12844765
1.544941,-0.17187089,-1.440255,-0.75998443,-1.6481206,0.045756638,-0.05248422,0.8536377
1.0776877,0.63059497,1.6713754,1.69006,0.98252255,-0.16706209,1.7067133,0.26944715
0.3169577,-0.94568795,-0.85847676,0.3517749,0.0069694095,-0.61841446,0.2115565,0.12258508
0.6147874,-0.59142375,-0.087812096,-0.36960074,1.7084584,1.1701376,0.44232795,0.17480823
1.6818601,0.8377679,-1.1263103,1.3196607,-1.4294335,-0.2583082,-0.57364655,0.42404735
-1.0641031,0.7906,-0.7632281,0.841199,-1.415181,0.20265464,-0.0020987852,0.014134914
-0.73480666,0.70400816,-1.4738741,-1.180611,0.28693262,-0.46794108,-0.89956367,1.1091479
1.2518637,-1.6723322,-1.5048018,-0.13914385,1.1481882,-1.2092614,0.106148176,0.04287836
-1.1313348,1.4658147,-0.35194394,1.2291291,1.1314329,-0.6681163,-0.22131081,0.13112316
-0.9025629,-0.7285538,-0.75878835,0.41786453,1.7088014,1.6100544,0.34191674,0.014037595
1.3044363,1.5304946,1.2682515,-0.56310374,1.0900419,1.7059296,0.35583276,0.7998011
0.59058416,1.4574906,-0.009248222,-1.1440121,0.7613173,-0.7511004,-1.3982589,7.8880177
0.60358423,0.6594039,1.3350837,-1.2293453,-1.0756068,0.22767538,1.1763523,0.19826066
-0.6828416,1.7609127,-0.28870568,0.9500601,1.6936573,0.3363643,0.9718942,0.18101318
0.023382192,1.0178112,0.36357653,0.77069205,-0.77745956,1.5850427,1.2392846,0.041809276
1.6234835,1.0394058,1.6491702,-1.5518305,1.1011634,0.29687318,1.2947756,3.3829973
-0.9866255,-0.5910241,-1.3304318,-0.37063572,0.70026493,0.13555472,0.46601668,0.056532685
0.06069252,1.6397746,-0.74524236,0.4247224,-1.0373168,-0.4497701,0.9660055,0.27561903
0.8662903,0.46827894,1.4679047,-1.5494636,-0.16621405,0.4206253,0.87288785,0.40285638
-1.1418697,1.0470644,-0.3948479,1.4808276,-0.15571387,-1.6723387,1.0518818,0.118855946
1.7198377,-0.39125726,-0.46365422,-0.19942905,1.2950114,-1.6758549,-1.0240932,11.932907
-0.81334275,1.2819042,0.13695207,-0.7191951,1.3125244,-0.14626469,0.8397974,0.28413263
-0.36644214,1.5686752,-0.9233048,0.17879477,0.3593981,-1.1483121,-0.11973303,2.822144
-0.41885996,-1.3422412,0.122629546,0.6124116,-0.9950248,-1.149896,0.6890871,0.0021047837
-1.0752201,1.4501895,-0.71504396,0.37114975,0.481216,-0.23962605,0.6558123,0.09365614
-1.6429096,-1.15674,0.5441262,1.6309675,1.4061551,1.0171977,-1.2721232,1.7461296e-06
1.0182894,-1.2053041,-0.3656542,0.9623206,-0.92859715,0.9132995,-0.7689596,0.005606771
0.50472957,-1.464488,-0.57748085,-0.18243715,1.3752071,-0.54786474,-1.2141296,0.038443897
-1.5659839,0.5155776,-0.64816934,0.2809558,0.37941268,-0.06777681,-0.44148198,0.0015355343
-1.0613862,-1.3150854,0.44545165,0.406029,0.9455868,1.6651163,0.57814133,0.0003451623
1.7494465,-0.65592325,0.8612956,-0.70253277,0.5819494,0.4300386,0.42311153,0.22303094
0.7054859,-0.8782041,-1.571727,-1.50109,1.0808463,1.2344118,1.3944516,1.2397931
0.73822665,0.47738212,-1.1992168,-0.19895004,-1.4838706,-0.66368395,-1.2316016,0.58054954
-0.98331517,-1.7216705,-1.6498637,-0.67525667,0.7030544,-1.497473,0.5611381,0.00069471257
-0.7079113,-0.8003068,0.8010856,-1.6533302,-1.5122474,-0.74943566,1.4358226,0.020043893
-0.21284153,0.019711018,1.2876282,0.60435885,-0.12970765,0.20724413,-1.3154145,0.024779167
-0.2678283,0.16493808,-1.651726,-0.7423632,1.3416193,-0.36531916,-1.2848474,3.395392
-1.1330723,-0.78830475,0.44571298,1.6467175,-1.4307051,-0.89232856,0.43595034,0.00066398387
0.18904522,0.6375951,0.34751004,0.6061147,-1.3278744,1.722876,-0.6840065,0.025936836
0.21833009,-1.1547406,-0.9229447,0.7244808,-0.7700468,-1.5463068,0.46205455,0.073697634
-0.17093189,-1.4842142,0.3702719,0.49129713,0.053482015,0.098846346,-0.8181818,0.0008306421
0.28592086,-0.24346629,1.323882,0.6622578,-0.25086793,0.74608225,0.24222268,0.02497894
-0.6354951,-0.9450415,1.684335,1.0965017,-1.3699204,-0.41317007,-1.4492074,0.0010208657
0.49539068,1.1166043,0.7420316,1.2601837,0.21384747,0.8071292,1.3992184,0.12597324
0.6967112,-1.1965811,-0.3416162,-0.10920009,-0.4463255,0.060961794,-1.0870545,0.01821108
-0.8600669,-0.14097634,-0.9785234,-0.50624144,-0.8198195,-0.97630876,-1.5705392,0.12331649
-1.6606746,0.73810846,-0.65530354,0.455678,0.0072628846,-0.88840204,-0.8780875,3.6975052e-05
0.94867766,-1.5350065,0.013156699,-0.7972347,0.5760332,-0.7255203,0.055847798,0.032834765
0.45799,1.369757,-0.12710905,-0.102551796,0.2659936,-1.6388503,1.6469122,9.467631
-0.8288048,-0.79314774,1.2527596,0.49219337,-1.1587462,1.1359242,0.38123733,0.0009131678
1.7069634,-0.4722604,-1.5536339,0.76086026,1.1614105,1.6448358,-0.34312278,0.6572779
-0.7317688,-1.0701603,0.15241939,-1.6926125,0.31486252,-0.83625984,-1.2277128,0.07885509
1.2110097,-0.6492398,-0.5473874,0.65742767,-0.72017497,0.14054205,0.8097395,0.05355307
0.920938,-0.67204297,0.14234288,-0.68615,1.4862336,0.6344352,0.14537607,0.34078133
-1.3968637,-1.5598979,1.6512989,-1.2364564,0.33720127,0.5459473,-0.4825878,3.8883183e-05
1.1579527,0.6084462,0.049327858,-0.75328237,0.8882316,-0.9079954,-0.46671104,4.9672503
-1.5364841,0.0011910774,-0.29892582,-0.05182565,1.2119162,-0.99928,0.27304438,0.008289612
-0.9070446,1.7291173,-0.58327544,0.84004515,-0.04246337,1.7433695,1.0389919,0.029838163
-0.23998679,1.1946753,-1.7155317,-1.5596349,1.4144994,1.0649122,-1.0226779,6.101067
-1.113779,1.5384488,-1.5575871,0.45688227,-0.019345138,1.6763514,-0.39933735,0.07493055
1.7297118,0.5248506,0.7476903,1.5488178,1.3727479,1.2724891,0.8359894,0.15263158
-0.29831302,0.93196166,-1.0501462,-0.99462,0.19826938,-0.074258484,-1.1674478,1.1303555
0.7312428,1.6554428,0.9745327,0.40019807,0.78462476,1.2759826,-0.023748152,0.4044599
-1.4907372,1.4523644,-0.48804918,-0.7118941,0.8597986,-0.00083236996,1.421985,0.023992622
1.0386385,-1.3460221,0.6189252,0.41216213,-0.970673,0.044042267,1.2286359,0.003707859
-0.4881208,-0.3879491,1.2532984,0.7368908,1.5005946,-0.6967798,-1.3707399,0.06559174
-1.2629753,-1.6912186,0.2504066,-1.0831732,0.040847745,1.4075583,-0.7939644,6.812319e-06
0.2989953,0.073436685,0.5890032,0.40078163,0.62437814,-0.31397635,0.29776075,0.2200742
0.881554,-0.6149993,1.4510223,1.7004741,-1.2883832,0.3066521,1.1132379,0.0054932176
1.5376501,1.5348967,-0.5408349,0.107340835,-0.65754944,-1.3283789,-0.6768117,3.785951
-1.0048349,0.28519344,1.2626188,-1.2459455,1.1164021,0.64984214,-1.553916,0.06160341
-0.8004145,0.026208319,-1.4459348,0.0073090354,-1.1037185,-0.7699444,-0.045326002,0.12906006
0.37829122,-1.2667128,1.5723579,0.36822215,0.22811525,-0.3368909,1.1055942,0.0053655487
0.5143524,-1.3747765,-0.56450945,0.5198416,1.5078827,-0.10030872,-0.8716995,0.021388227
0.7093391,0.28399378,-0.06560244,-0.13946871,-1.6552467,0.6978624,-1.5761864,0.09160605
0.9924951,-0.867986,0.9629198,-0.38622448,-0.0307384,0.12561177,0.13835353,0.06616696
-0.3433934,-0.80173486,0.12520452,-0.87705654,0.26956892,0.35705033,1.4589722,0.045120332
1.0040251,1.2417862,1.5014293,1.1067626,1.1225294,-1.0718523,-1.38518,1.5786848
1.3170102,-0.91100943,-0.7560873,-0.99449444,-0.59304327,-1.2558613,0.39182064,0.8782992
-0.40275833,-0.7768263,-0.9479227,-0.6049458,-1.7028166,0.67950255,1.1162168,0.013480368
1.2725149,1.3586435,1.5328538,1.13678,-1.0826385,-0.6594772,0.071202785,0.22531867
0.88864607,0.6947007,-1.0379897,-0.8297404,0.50772834,-1.4407244,-0.90931827,18.330006
1.5663366,-0.9935625,1.1814618,-0.24084903,-1.2859466,-0.66107506,-0.6077158,0.02183325
-0.93160367,0.54003006,1.653834,-0.7061357,-1.4929312,-1.646938,-1.1203074,0.0309601
-0.8033505,0.8944223,1.1621273,-1.5522615,-0.0552855,0.4013887,0.14496604,0.16351008
-0.45084125,-1.5569468,-0.6505194,0.82197165,0.4424116,0.18362898,-0.7347118,0.0006600341
0.1345186,0.33572662,-0.026333334,-0.78479785,-1.0967252,1.6566329,0.07752385,0.10982696
1.0808916,0.4090785,-1.5493232,-0.8150345,-0.6837411,-0.90172243,-0.36221877,5.9671054
-0.93606234,-0.06173957,-0.9364876,-0.39669994,0.93493426,-0.84229785,-1.1671904,0.25946537
0.9094423,1.6949092,-0.35655317,0.46097195,-1.1816291,0.46899262,1.6964438,0.4394552
-0.5700996,-1.1568918,-1.136106,1.5090127,-1.4350055,-0.40098864,0.427149,0.0029314181
1.0876263,0.9612888,0.9902819,1.5202421,-0.53462267,1.4066066,0.87585807,0.048719984
-0.034620255,-0.9284357,0.89935595,0.0093075475,1.3787577,0.3186841,1.0447595,0.01980558
-1.4617591,-1.500441,-0.49260324,-1.5024449,-0.5189662,0.017113626,0.716943,0.00012382287
-0.90055346,1.2067219,-0.2711459,0.11363448,-1.184625,-0.6106845,-0.39082822,0.049186386
-1.1993881,-0.8377742,1.6587198,0.02569855,-1.239232,1.1028775,-0.51257527,0.00024388157
0.901362,0.089582026,-0.10676297,1.4508888,-0.41831475,-0.7571679,-0.9360647,0.14137961
-1.1077536,0.932742,1.4583902,-0.37300265,1.2174444,0.7523232,-1.5219461,0.029208913
-0.096350245,-1.4626808,1.590599,-1.6446452,0.638784,1.1691376,-1.3036058,0.0048885895
0.4187538,-1.5002345,-0.60361874,0.61593485,-0.5893988,-1.305846,-0.64063644,0.007947558
-0.8973651,0.6062514,-1.6419003,-0.39489776,-1.5128275,-1.4821295,1.6507555,0.44209468
0.5439916,1.5419555,1.6016884,0.5910046,-1.0616852,-0.9234239,-1.6339695,0.24065958
-1.6345716,-0.17946965,-0.9246976,0.5076531,0.35380942,0.8871321,-1.0720031,5.0275376e-05
-1.1851901,1.2466934,1.6420768,0.60406375,1.4434344,-0.90200037,-1.3284591,0.059744343
-1.5134917,0.6255118,-1.0977895,0.9453268,0.87955797,0.21877378,-1.1946721,0.0040991227
-0.47381446,0.50913906,0.31068867,-1.230722,-0.23281415,0.31670946,1.435632,0.19470596
-0.5802889,-1.1156864,0.5070653,-1.4276084,0.9063016,0.4189749,-1.3511263,0.026681848
0.29377735,1.6824394,-0.4067937,1.6100329,0.11299388,-0.8297331,-1.2204461,0.7858944
-0.27133244,0.81326365,1.3388941,1.5714384,0.22617838,0.11545652,-0.9942379,0.026518857
0.8567873,0.27906343,-1.558727,-0.699286,0.79517365,1.2567937,0.48345202,2.272448
1.6261748,1.2521204,-0.7148869,1.6468517,-0.43758783,0.9539718,-0.5224277,0.39001608
0.66510767,-1.5059359,-0.2713928,0.3281237,0.49250862,0.38617912,-1.1343656,0.003985202
-0.63139063,0.38621506,1.3149593,-0.47028998,0.14266537,-1.3246965,1.4510225,0.2629175
-1.5656133,-0.82193995,0.7948201,-0.9540413,0.51630867,0.8708972,0.28468978,0.00018686641
0.67098224,-0.17195484,1.1042643,-0.9377002,-0.38177562,-0.63590664,-1.2455213,0.25845927
-0.8061905,0.5836663,0.7386207,1.3777598,1.1069796,1.2687824,-0.627703,0.01141637
0.9236039,0.7866013,1.5444083,-1.0808316,-1.5705159,0.77523035,1.0856051,0.12084479
1.1985024,0.41072732,-0.42882422,-0.72604996,1.1377337,-0.2635955,0.6479467,2.808877
0.71148896,-1.3558007,-0.531345,1.7127979,-1.4394046,0.7253582,-1.0845546,0.0015841638
1.6632314,-1.0950179,-0.23686838,-0.86195654,-1.175882,-0.6665142,-0.8610536,0.0668867
1.6830136,0.037572563,0.6749591,1.692722,-1.0756564,0.35420996,-0.66040343,0.038327266
0.41183704,-0.2980917,-0.5047809,0.76045376,-0.17869925,-0.03174779,0.6807201,0.078955196
-1.2078013,-1.4668274,0.6301048,0.8463443,-0.18315996,0.08233018,-1.3701184,9.067736e-05
1.5859514,1.7413282,0.47012568,0.3807179,-1.6943325,0.6655825,1.6383798,0.24625143
-0.7700868,0.22828682,0.4030529,-0.32498017,0.90657365,1.7441057,0.18830408,0.03649865
-0.76639724,-1.2441729,1.3989034,0.75915104,0.4140914,-0.7108435,0.70727825,0.001671503
1.4883597,0.7790116,0.27272058,0.50238395,1.6791428,1.748697,0.52985394,0.45844218
1.3816298,0.77181625,1.1391932,-0.9609626,-1.2465502,-0.26351443,1.3674725,0.43502256
0.5675553,-0.8568652,-0.4799553,-1.443685,-1.4031262,1.7046176,-0.5473274,0.057022262
0.15511338,0.8896806,-1.5449075,-1.4244897,0.4041889,0.44515195,-0.6354831,4.2556834
-1.4016136,-1.0853537,1.0491226,-0.22437227,1.321474,0.19625954,-1.1108395,0.0004681528
-0.13163367,0.6168507,0.7116325,0.4818186,1.1436474,-0.525314,1.4362317,0.34099913
1.6990827,1.6792468,1.4424297,-1.1140921,0.6903343,-0.85926485,-0.12094747,10.296287
0.4857576,1.1690667,0.6555536,0.3052584,0.2794035,-1.6510457,-0.007980511,4.125548
0.19461364,0.8760266,0.033401746,0.985064,0.8509413,-0.8920359,1.5455071,0.985782
-0.31049225,-0.35136783,-1.2410948,1.0060654,-0.70031816,-0.10050226,-0.4176747,0.054302316
-0.5535668,0.3373595,-1.6298809,-0.6627237,-1.7376037,1.5141052,-0.5621678,0.09978487
1.0736986,0.621225,0.34388068,0.3833311,-1.452247,0.99348885,-0.70418644,0.06847638
0.1533647,0.4368555,1.4007295,-1.5527165,-1.1182954,0.3572444,1.0142133,0.12621689
1.1676543,-0.3498552,-0.13450217,1.2338269,0.37478888,-1.6239843,0.22902367,1.6059359
-0.2576987,0.25248468,-0.5614538,-1.4010023,1.5376898,1.2768621,-0.9063918,0.479527
0.79965276,-0.70627195,0.858616,0.08190427,1.1051224,1.2490468,1.1573324,0.03844149
0.75807697,-0.98838556,-0.8327633,-0.55943435,-1.1411008,-0.72496915,0.6943987,0.07293705
0.32180095,-1.6179267,0.6053332,-1.4529504,0.4709147,0.75736374,-0.37780395,0.002403176
1.1294166,-1.4286124,-1.395171,-1.5182896,1.519105,-1.3904651,0.4169134,3.3171763
1.126442,-1.0983326,-1.558034,-1.1289899,0.030921306,-0.822202,-1.5509202,1.6390259
1.6436185,1.6897843,-1.003295,-1.2739463,-0.33403245,-0.4686662,-1.2118726,13.82053
1.3712366,0.35915652,-0.29511428,1.3096364,-0.9490422,-1.5180272,-0.6164341,0.61298424
-0.39324266,-1.5858558,0.5784193,-0.28090256,-0.1373765,-0.05116387,0.853319,0.0003364553
-1.4110076,-0.89313966,0.8683954,-1.1727347,1.290549,0.41002148,-0.35901597,0.002060542
0.3620231,0.41807425,-1.0884309,-0.008134694,-0.5002314,0.55971104,1.2829882,0.3451267
0.032118253,-0.5201314,-0.35380396,-0.7976261,-0.27295256,1.6781149,-1.5967418,0.07262718
-0.40207604,-0.49152854,0.56478906,-0.2656334,0.827976,1.0565921,1.2793661,0.024860023
-0.24126099,-0.6543053,-0.37983936,1.4777061,-0.6749805,-1.532299,-1.655812,0.08357022
0.12815723,-0.42318064,0.024884041,-1.545615,-0.8110626,-0.48966983,-0.5760059,0.21908854
1.3038142,0.20934963,1.1113982,-1.521621,0.28061756,1.0266122,1.6077447,0.9066045
0.5840723,0.111091524,-0.49659008,0.41081417,1.2412717,-1.6100963,-0.55987346,5.7750034
-0.56443816,1.1379935,0.8848721,1.1949189,0.17295903,-0.05247322,-0.7363071,0.033545244
-0.6611136,1.1335241,1.3951224,-1.6627682,-0.081317574,0.71117646,0.95487994,0.12388498
-0.3793515,1.455801,0.5718307,0.5306963,-1.386258,-1.1083139,-0.90900856,0.0587564
-0.61853427,-0.04917586,-0.30622962,1.7045716,1.0216805,1.5427694,0.37809238,0.01849315
1.5959091,-0.7793174,-1.0888289,-0.2931355,0.067343,-1.0887864,-0.6024022,1.2040784
0.9593749,0.012839079,-1.1365348,-1.0381571,-0.77335614,-1.2176632,0.6978803,2.5556002
1.6023728,-1.1590722,-0.33477035,0.836777,-1.5340695,-1.2619327,-1.0430943,0.021809079
0.052651662,0.72713625,0.5360116,0.9656015,-0.8326397,-0.24904019,-0.8874789,0.042884458
0.3944949,-0.2055875,0.93874526,-0.19451095,-1.2277329,0.6340622,-1.1316589,0.024203645
0.6443942,-0.5570519,-0.083818965,-1.4294446,0.3427286,0.5544618,-0.28818852,0.4327014
-1.5831251,-1.4858376,1.3836195,0.052894536,1.2563965,-0.80227506,1.7391028,2.450626e-05
0.20094933,0.8552997,-0.68144286,-1.1379786,-0.3536848,1.5719551,1.0150183,0.43908763
-0.06805541,0.9895624,0.3416834,-1.4955698,1.0416491,-0.87477034,-1.3554984,4.948616
-0.91847974,1.6129102,-0.8805724,1.0685159,-0.37936097,1.4158806,0.90353525,0.028197484
-1.2892857,-0.61690146,0.4607458,1.177207,-0.8351976,0.63746774,1.6057423,0.00048882724
1.5718853,0.5373226,1.4654438,0.68217397,-1.5952533,-0.5049031,1.7333522,0.10087366
1.4475187,0.07319679,0.6010995,-1.4300901,-1.1712258,1.337709,0.19159785,0.34983516
0.84539694,-1.114627,0.11418476,1.4569979,1.2873905,0.6299626,0.48144475,0.020004444
1.6906836,-1.0938141,-0.6332602,1.2566596,1.1538891,-1.4201053,1.2762939,0.7440164
-0.6517836,0.90841484,-1.4105886,1.476742,1.6580093,0.93640184,1.6859608,0.32459432
-0.25033417,-1.0043303,-1.1766747,-0.12971415,-0.18621765,1.6953044,0.07824729,0.025242805
0.69925714,1.2888808,-1.4747407,-0.3357162,0.57332146,-1.2427418,-0.28729692,27.596136
-0.23742339,0.621918,1.2202238,-1.5704347,-0.22400661,-0.31089473,1.4251119,0.44744915
-0.2908298,0.60809565,-0.7177014,1.2659283,1.7011361,-1.3449465,-0.44633186,2.1786177
-1.37646,1.1663281,-0.25801325,-0.1053688,-1.3914552,1.217765,1.3996601,0.0032056493
0.5098744,0.8685036,-1.540571,-1.7492043,-0.48149356,0.9751177,1.4848942,6.747672
-0.9936993,0.766153,-0.48002085,1.6820265,-1.6708126,1.319983,0.50178057,0.0039859936
0.10978582,0.9203109,1.460454,-0.23872036,0.15926363,0.54199886,-1.3756694,0.14168844
1.7263803,-0.7403147,0.31494477,1.0291201,-1.3588239,-0.23122956,1.3714782,0.029908601
-0.48300818,-0.92678934,-0.30773216,-0.27048808,-1.2252502,-0.11445018,0.84644276,0.006052249
-0.49571282,-0.31571567,0.89457387,-0.28733936,0.38856432,-1.2376271,0.43507257,0.15675475
1.0862547,0.9842679,1.3236693,1.5118212,1.7100587,1.1556243,0.3941479,0.21775343
-0.5860688,1.2389566,1.3360637,1.4261408,1.43069,-0.64110476,0.8341837,0.111919016
-0.100758,1.303368,-1.2721806,-0.8241588,1.1772969,0.245175,1.0417627,2.5706656
1.6553564,-0.5485309,0.12242173,0.039814994,-0.43992022,0.113797575,-1.1169031,0.108968005
-0.6589586,-0.21656367,-1.4118199,1.1641026,-0.063870534,0.5791842,-1.3524325,0.04811761
-1.1850209,-1.2023933,-1.185547,0.06899157,-1.5672626,-1.3386328,0.91628623,0.0014117659
-0.9167397,1.0924188,1.3183964,-0.32705396,1.1516128,-0.21994638,-0.70195955,0.07294516
-0.43035713,-1.160679,-1.3698099,1.5356969,0.46116924,0.8550579,-1.5024837,0.011522311
-0.77009195,-0.717641,-0.84354,1.5305681,1.4571884,-1.2273592,1.4662194,0.13687427
-0.8466202,1.460685,0.82303333,-0.4794693,-1.69391,-0.69036555,-1.3236188,0.032170713
0.7428767,0.434683,1.6707684,1.2992309,-0.43363047,-0.90035135,-0.5725575,0.09659896
0.33983997,-0.7302171,-1.6699635,-0.18623286,-1.1260885,-1.4128788,-1.0690444,0.45127186
-0.50410026,-1.1787162,-1.1096165,0.037162352,-1.3359106,1.7484001,1.5215945,0.0036873098
-1.2909461,-1.2038969,-0.6746752,1.3773767,-1.040402,1.5534904,-0.20551583,0.0001434804
-0.4951412,1.4276915,1.3300347,-0.14900294,0.5350707,1.1417813,-0.8864666,0.048479836
-0.67973924,-1.602377,1.0003467,-0.18698047,1.1387441,-1.3830068,1.4653894,0.002767131
-0.5133274,1.5282289,1.0701938,-0.39140263,0.76983714,0.038973056,1.6312498,0.29294646
-1.5066017,1.4152608,1.0999811,-1.4629737,-0.6043399,0.37334314,0.93737763,0.0030045754
0.41819102,0.11592279,-0.43092212,1.3290169,0.7517033,0.82425165,1.3759295,0.13839391
-1.2182848,-0.13429056,1.2659113,-1.3755722,1.6927626,0.40417972,-1.5407703,0.0335936
-1.2941976,1.376099,-0.04921562,-1.3460991,0.07299851,-1.0084232,-1.5464569,0.25238708
-1.360049,0.78322077,0.16049005,0.22043398,-0.63433564,0.10980363,0.9656779,0.0027661666
0.7660234,1.6715109,-0.4565727,-0.19710845,-1.3780397,-1.3478891,-0.36987785,1.6270211
-0.9897371,1.4290764,0.72791797,0.05361678,1.2116244,0.92469245,0.7556175,0.032148816
-0.6637417,-1.1477078,0.7663211,0.122111134,-0.40708956,1.1474254,1.628863,0.0015897317
1.3971831,1.0933399,-0.18305883,1.7051935,-1.3692602,-0.5658646,-0.37671253,0.23518635
0.96164656,0.894761,1.5116102,-1.6989533,0.9890717,-1.463552,-0.90127164,18.550974
1.0347197,-1.2432259,-0.44590962,-1.057548,0.33335558,0.070932314,1.6421325,0.14046428
-1.5882118,0.85240424,0.43394223,0.30565715,-0.71006095,0.94159406,-0.81135863,0.00012080452
-1.1879308,-0.90765256,1.5595813,-1.5589551,-1.7149304,-1.1287559,-0.97352886,0.0016375834
-0.60304713,-1.0421282,0.9670918,-1.3850931,0.20544975,0.78713113,1.4092088,0.012753392
1.4699634,0.03967725,-0.6265811,1.3150458,-0.52411866,1.2628888,-0.052158196,0.16452733
0.2233462,-0.20951544,-0.77922004,0.65741444,-0.31169617,-1.3831384,-0.8258037,0.39899877
-1.2409741,-0.46656525,0.3306576,-0.55256736,-0.5888867,1.0141026,0.6368821,0.0017387462
0.05793613,-1.1477922,-0.013956855,0.44346243,1.4116602,0.8392829,-0.8563006,0.010276532
-1.2905318,0.9699536,0.119985476,0.28905988,0.90689296,-0.8378686,0.082194686,0.063702896
-0.33020994,1.762286,1.1058285,-0.18532558,1.3602674,1.5106473,-1.3456378,0.17913526
-0.42644644,-0.38328868,0.59963953,1.4263707,0.6417055,-0.7793823,-0.39909756,0.04243617
1.5381057,-1.1794243,-0.96454304,-0.014855785,0.4822103,1.3732144,1.3629237,0.07132119
0.5806199,-0.083953425,-1.4037365,1.2164974,1.6961734,-1.274808,0.26859283,6.312732
-0.25317332,-1.5228076,1.6234239,-1.3649008,-0.017768571,1.423013,-0.21559472,0.0012304394
0.33810213,-1.4228852,-0.19008517,-0.7193377,0.98318076,-0.33521405,1.3326737,0.032427505
-0.45002595,-0.5796683,-0.6778197,0.2790607,0.6920196,-1.477472,0.9572365,0.36587816
0.723855,1.1130332,-1.2628416,0.9123978,-1.6677439,0.97876424,0.99116045,0.19410132
0.72844243,-1.3419995,1.6489574,-0.7203269,1.1639649,-0.0872745,0.8410352,0.015375909
0.50967604,-0.27413332,0.8660474,1.2372804,-0.18131879,0.5447391,-0.573674,0.021640863
-0.6241731,-0.9074028,-1.090125,-1.4537765,-1.1800927,0.8538911,-1.523155,0.03876694
1.5165578,-1.6143227,-1.4848349,-0.6762124,1.1545377,0.24001315,-1.0067286,0.025345268
-0.20150143,-0.3895018,1.4916494,1.2899595,-1.4131477,0.6088327,-1.0105888,0.0024774778
-0.62338036,-0.09572631,0.7387952,-1.3107711,0.79974216,-1.4072442,0.5014493,0.88618344
1.1258703,-0.2891999,-0.25331283,-1.6415861,-1.435055,-1.4762201,1.4082149,1.7873898
1.4509473,1.294078,-1.4288567,-0.45231798,-0.50795966,-0.7597566,1.6203414,11.453532
1.7611442,0.71206653,1.0404394,-1.4598821,-1.6351129,-0.8521136,1.4061767,1.0207057
0.55740565,1.10298,-1.1672442,0.5017243,1.225928,-1.5802228,0.2648513,26.887812
-0.53998035,0.69644445,0.84336334,-0.31943634,0.4161991,0.32563862,1.2120332,0.07309692
0.92190856,0.19155042,-1.6327888,-0.52510333,1.4004093,-0.08282233,0.10599503,9.486209
1.5248315,0.9624203,-1.5328447,0.9450957,0.51651496,-0.32721347,0.8236081,3.551205
-1.6421683,-1.1163514,-1.6491892,0.08654991,-0.8696431,-0.02580154,-1.1276948,1.4087405e-05
-0.16622293,0.9039228,1.5566308,-1.578599,0.24857625,0.8883673,1.6876119,0.40399256
-1.127418,0.8454355,1.5604044,-1.6585057,1.15942,-0.5888669,0.8198667,0.17952265
0.3681241,-0.740385,-1.4669955,1.0752608,-1.3494836,0.1643899,0.021605853,0.054352477
0.75948054,-0.053594075,1.3272454,0.7338286,-1.166011,-0.100139976,-0.6686667,0.023270963
-0.30866122,-1.3250315,-1.0452657,0.9390381,-0.45177996,0.89244175,0.32244834,0.0034608834
-0.09693396,-1.5337901,-1.5976927,-1.4879354,-1.0927076,-0.12973116,-0.18049513,0.020376557
0.82239026,0.0048862505,0.8259374,-0.34966993,-0.32598788,0.67791086,-1.1021603,0.0905545
-0.24232022,0.32207844,0.973013,1.4679496,1.6270531,-0.6243678,-1.0541788,0.1322956
-1.3992257,-0.37294322,0.9729537,1.3870215,0.9505907,1.3985152,-0.6719139,0.00029423178
1.4252489,0.55077285,0.30059358,1.1651268,-1.4145834,0.346763,0.4167054,0.087232105
-0.8197222,-1.3523662,1.6479762,1.5962714,-0.9453632,0.34661385,-1.0978744,9.277708e-05
-0.14206135,-0.9609469,-1.4810371,-0.55808,1.3770604,0.89462537,0.9737002,0.11560878
0.2096123,1.2219988,0.7917983,-1.3575467,-0.14433628,-1.6743352,-0.9349804,6.0357327
-0.056355387,-1.7065486,-0.5453876,0.96094733,-0.74025947,0.82129246,1.0605196,2.1014765e-05
-1.57302,0.2832852,0.08392055,1.0918417,0.32668787,1.4483262,0.07881362,0.00021977349
