Main Network Layers,Function,train MSE,test MSE,,R2 Score (Train),time,Level
1,I.10.7,8.041103137657046e-05,0.00029037779313512146,0.9973545670509338,0.9993399977684021,15.403001600003336,Medium
1,I.11.19,0.09588675945997238,0.18393811583518982,0.42510610818862915,0.7280049324035645,13.865770099997462,Medium
1,I.12.11,0.017441321164369583,0.027921264991164207,0.774813175201416,0.8655312061309814,13.521960100006254,Medium
1,I.12.1,8.534992957720533e-05,9.406780736753717e-05,0.9990884065628052,0.999251127243042,1.2893608000013046,Easy
1,I.12.2,0.0003902072785422206,0.0005176300765015185,0.5296672582626343,0.6884943246841431,12.992679900002258,Medium
1,I.12.4,2.1960930098430254e-05,2.5305478629888967e-05,0.9922439455986023,0.9939306378364563,12.608106200001203,Easy
1,I.12.5,0.00012504747428465635,8.171800436684862e-05,0.9992080926895142,0.9989028573036194,1.325712800004112,Easy
1,I.13.12,0.0016114187892526388,0.002256972249597311,0.8223307132720947,0.8884901404380798,12.960255000005418,Medium
1,I.13.4,0.005161128472536802,0.006916130892932415,0.9314101934432983,0.9526093602180481,12.722959599996102,Medium
1,I.14.3,3.260447920183651e-05,3.7212681490927935e-05,0.9990764260292053,0.9991474747657776,6.970163500001945,Easy
1,I.14.4,6.452825346059399e-06,6.582065452676034e-06,0.9992305040359497,0.9993166327476501,1.395637000001443,Easy
1,I.15.10,0.00026689987862482667,0.00032350351102650166,0.9969998598098755,0.9978030920028687,13.095520200004103,Medium
1,I.15.3t,0.012741592712700367,0.020666128024458885,0.9545931220054626,0.9744433760643005,14.00635670000338,Hard
1,I.15.3x,0.008570713922381401,0.01151537336409092,0.9796319007873535,0.9856718182563782,13.646950700000161,Hard
1,I.16.6,0.00027614133432507515,0.00033907752367667854,0.9990519881248474,0.9992245435714722,1.93932489999861,Medium
1,I.18.12,0.003589524421840906,0.004441068507730961,0.9107878804206848,0.9378217458724976,12.722005700001318,Easy
1,I.18.16,0.004799445625394583,0.006518325302749872,0.6510083675384521,0.7198209762573242,13.288280699998722,Easy
1,I.18.4,9.598233009455726e-05,0.00014038252993486822,0.999179482460022,0.9994593858718872,1.9715451999945799,Medium
1,I.24.6,0.00019920757040381432,0.00025734808878041804,0.8496780395507812,0.8976447582244873,13.015282399996067,Medium
1,I.25.13,0.00039011173066683114,0.00029847235418856144,0.9990484714508057,0.9988124966621399,0.459329199999047,Easy
1,I.26.2,0.00018180276674684137,0.0001747459318721667,0.9991950392723083,0.9990984201431274,0.6481619999976829,Easy
1,I.27.6,2.934983785962686e-05,2.988338928844314e-05,0.9990467429161072,0.999086320400238,1.4578363000036916,Easy
1,I.29.16,0.02182057872414589,0.035159945487976074,0.746064305305481,0.8450968861579895,12.990337800001726,Hard
1,I.29.4,0.00014095338701736182,0.00011158434790559113,0.999030351638794,0.9987559914588928,0.7438436000011279,Medium
1,I.30.3,0.03211796656250954,0.05372673645615578,0.6960759162902832,0.8131335377693176,13.092764699998952,Hard
1,I.30.5,9.781961853150278e-05,0.00012030130164930597,0.9992372393608093,0.9994176626205444,1.3863464000023669,Easy
1,I.32.17,0.015933165326714516,2.8292236328125,0.37875670194625854,0.9456406831741333,13.403176699997857,Hard
1,I.32.5,0.0010512800654396415,0.012547627091407776,0.9159727096557617,0.9949625134468079,13.041735000006156,Medium
1,I.34.10,0.0001738138817017898,0.00025007117073982954,0.999054491519928,0.9994203448295593,6.119965099998808,Medium
1,I.34.14,0.00010647921590134501,0.00013312065857462585,0.9990699291229248,0.999331533908844,11.312479300002451,Hard
1,I.34.27,0.0001330135710304603,0.00010101834777742624,0.999021053314209,0.9988329410552979,0.5957164999999804,Medium
1,I.34.8,0.0018350238678976893,0.002037141239270568,0.9386702179908752,0.9556086659431458,12.902401700004702,Medium
1,I.37.4,0.0006190077983774245,0.0006578971515409648,0.9991729855537415,0.9991515874862671,6.359735399993951,Hard
1,I.38.12,0.16145572066307068,0.1321764439344406,0.9867685437202454,0.9884132146835327,14.311602199995832,Medium
1,I.39.10,9.322517144028097e-05,9.239517385140061e-05,0.9991361498832703,0.9991517066955566,1.2631914999947185,Medium
1,I.39.11,4.114793046028353e-05,4.5080549170961604e-05,0.9992526769638062,0.9993059039115906,2.4996964000019943,Medium
1,I.39.22,6.603574729524553e-05,5.89507217227947e-05,0.9975336194038391,0.9977618455886841,13.118172100002994,Hard
1,I.40.1,0.0014391026925295591,0.001760803977958858,0.9793216586112976,0.9840846061706543,13.130253600000287,Hard
1,I.41.16,5.249092737358296e-06,8.057840204855893e-06,0.9990878701210022,0.9994468092918396,12.223788700001023,Hard
1,I.43.16,1.9540118955774233e-05,2.3008395146462135e-05,0.9990373849868774,0.9993377327919006,6.494474200000695,Easy
1,I.43.31,2.1108438886585645e-05,2.020951251324732e-05,0.9991557002067566,0.9990491271018982,3.9459929000004195,Medium
1,I.43.43,5.0269198254682124e-05,6.844655581517145e-05,0.9990455508232117,0.9991979002952576,3.6918648999999277,Medium
1,I.44.4,0.00016293195949401706,0.00018077804998029023,0.9860979914665222,0.9880573749542236,13.813690100003441,Hard
1,I.47.23,2.9644732421729714e-05,4.223241558065638e-05,0.999002993106842,0.9993195533752441,2.162108900003659,Easy
1,I.50.26,0.0234251469373703,0.034909166395664215,0.8490245342254639,0.8976598381996155,14.755399699999543,Hard
1,I.6.20a,1.7008658687700517e-05,1.844376492954325e-05,0.9990520477294922,0.9990644454956055,0.304434499994386,Hard
1,I.6.20b,5.426166899269447e-05,6.57676937407814e-05,0.9963117837905884,0.9970626831054688,13.42034330000024,Hard
1,I.6.20,1.0186185136262793e-05,1.2082540706614964e-05,0.9990516304969788,0.9991338849067688,1.9473933999979636,Hard
1,I.9.18,0.0005604359903372824,0.0011269771493971348,-0.42653894424438477,0.33680593967437744,14.147302299999865,Hard
1,II.10.9,4.464015000849031e-05,5.487910675583407e-05,0.9990819096565247,0.9992722868919373,1.7846265000043786,Easy
1,II.11.17,0.010750485584139824,0.025983553379774094,0.7309680581092834,0.8975462317466736,13.792251799997757,Hard
1,II.11.20,8.571333637519274e-06,2.7684320230036974e-05,0.9846253991127014,0.9959132671356201,13.66617050000059,Hard
1,II.11.27,0.000645478896331042,0.0017472518375143409,0.9879415035247803,0.9939043521881104,13.672778499996639,Hard
1,II.11.28,0.0006372678326442838,0.0006515381974168122,0.9990859031677246,0.9992116093635559,4.37392969999928,Hard
1,II.11.3,4.1133644117508084e-05,4.443014768185094e-05,0.9886013269424438,0.9919748306274414,14.920101499999873,Medium
1,II.13.17,3.181877400493249e-05,2.9636459657922387e-05,0.9965591430664062,0.9975709319114685,14.192840600000636,Easy
1,II.13.23,0.00016935229359660298,0.00025020388420671225,0.9977205395698547,0.9986099600791931,15.849367099996016,Hard
1,II.13.34,0.00041140502435155213,0.0004964978434145451,0.99393230676651,0.9955404996871948,15.060094200001913,Hard
1,II.15.4,0.000762935436796397,0.0008997766417451203,0.9845172166824341,0.98433917760849,13.911265400005504,Easy
1,II.15.5,0.0004565139242913574,0.000428326049586758,0.9926296472549438,0.9906291365623474,13.646883599998546,Easy
1,II.2.42,7.368945080088452e-05,0.0001484528329456225,0.992362380027771,0.9959719777107239,14.61148780000076,Easy
1,II.21.32,0.0002178915892727673,0.015990164130926132,0.43813663721084595,0.9739367961883545,14.864589000004344,Medium
1,II.24.17,5.3341445891419426e-05,6.234016473172233e-05,0.9990743398666382,0.9992306232452393,1.9864127000037115,Hard
1,II.27.16,3.814713636529632e-05,5.329088162397966e-05,0.9969283938407898,0.9975660443305969,14.101090900003328,Easy
1,II.27.18,3.1066480005392805e-05,3.0469553166767582e-05,0.9991095066070557,0.9991775155067444,2.32785220000369,Easy
1,II.3.24,2.281050683450303e-06,1.8632555338626844e-06,0.9990478157997131,0.9987956285476685,2.972842600000149,Easy
1,II.34.11,7.50321414670907e-05,7.145368726924062e-05,0.9880421161651611,0.989827573299408,14.488513099997363,Easy
1,II.34.29a,8.222988867601089e-07,8.324709597218316e-07,0.9975374937057495,0.9977462887763977,14.114097199999378,Medium
1,II.34.29b,6.141826452221721e-05,8.74574325280264e-05,0.9928984045982361,0.9939857125282288,14.128593399997044,Easy
1,II.34.2a,7.1403910624212585e-06,8.557563887734432e-06,0.9936715364456177,0.9951075315475464,13.353420100000221,Medium
1,II.34.2,8.972789146355353e-06,8.937592610891443e-06,0.9985064268112183,0.9983832240104675,14.137982100000954,Medium
1,II.35.18,5.754717221861938e-06,1.878835064417217e-05,0.9990113377571106,0.9997052550315857,2.7862454999994952,Hard
1,II.35.21,5.2700572268804535e-05,8.17879190435633e-05,0.9921352863311768,0.9950517416000366,15.872785999999905,Hard
1,II.36.38,0.002655629301443696,0.009448672644793987,0.9163044691085815,0.9816204905509949,15.486417699998128,Hard
1,II.37.1,0.00012824422447010875,0.00012316116772126406,0.9990358352661133,0.9989427924156189,2.393760499995551,Medium
1,II.38.14,1.0823248885571957e-05,9.749616765475366e-06,0.9991354942321777,0.9990531206130981,1.4873011999952723,Easy
1,II.38.3,6.230783765204251e-05,6.299437518464401e-05,0.9973644614219666,0.9978881478309631,15.09843159999582,Easy
1,II.4.23,6.100864993641153e-06,6.11244695392088e-06,0.9927614331245422,0.9931244850158691,14.000368200002413,Easy
1,II.6.11,1.7399215721525252e-05,2.5382179956068285e-05,0.9872233271598816,0.9887369871139526,14.793260800004646,Medium
1,II.6.15a,0.0074815996922552586,0.008963589556515217,0.9278967976570129,0.9619138240814209,14.988075799999933,Hard
1,II.6.15b,9.982641495298594e-05,0.00019794507534243166,0.9789247512817383,0.9893854260444641,14.616958099999465,Hard
1,II.8.31,9.497892278886866e-06,8.035628525249194e-06,0.9991341829299927,0.9990355968475342,0.4942544000005,Easy
1,II.8.7,1.7450992118028807e-06,2.1727623789047357e-06,0.9908676743507385,0.993019700050354,14.416223499996704,Medium
1,III.10.19,6.0991118516540155e-05,0.00010244465374853462,0.9990046620368958,0.9994099736213684,2.9922136000022874,Hard
1,III.12.43,4.395212818053551e-05,4.554527185973711e-05,0.9990419149398804,0.9991000890731812,1.5213907999932417,Easy
1,III.13.18,0.00020279960881453007,0.00025461241602897644,0.9959656596183777,0.9974694848060608,14.834105199995975,Medium
1,III.14.14,0.0022987935226410627,0.0030204416252672672,0.96206134557724,0.9832500219345093,15.087931399997615,Medium
1,III.15.12,0.005068731028586626,0.006192383822053671,0.992746889591217,0.9935957789421082,14.705733100003272,Medium
1,III.15.14,5.947983663645573e-05,0.0002470719919074327,0.9952077865600586,0.9988914728164673,14.812697699999262,Medium
1,III.15.27,0.0030117416754364967,0.005204952787607908,0.9990112781524658,0.9994555711746216,7.084705900000699,Easy
1,III.17.37,0.0004178328381385654,0.0004775361157953739,0.9966704845428467,0.9969862699508667,14.76382569999987,Medium
1,III.19.51,1.7617568346395274e-06,2.0331046926003182e-06,-2.460535764694214,-4.048858642578125,14.61900169999717,Medium
1,III.21.20,0.00019509585399646312,0.00017549368203617632,0.9926577210426331,0.9933875203132629,14.731288399998448,Hard
1,III.4.32,0.0020370804704725742,0.003140468616038561,0.9990150928497314,0.999321699142456,3.1402058999956353,Medium
1,III.4.33,0.000602192129008472,0.0005394291365519166,0.9991640448570251,0.9990090131759644,3.5954166000010446,Hard
1,III.7.38,0.0003078656445723027,0.0002027896698564291,0.9990503191947937,0.9986642003059387,3.0057417999996687,Easy
1,III.8.54,0.00433309655636549,0.00673960754647851,0.9447250366210938,0.9651248455047607,15.110855400002038,Medium
1,III.9.52,0.0003656304907053709,0.0006405401509255171,0.9690468311309814,0.9857617616653442,15.287305300000298,Hard
5,I.10.7,3.894839028362185e-05,8.86865527718328e-05,0.9991920590400696,0.9996803402900696,33.89140040000348,Medium
5,I.11.19,0.05749311298131943,0.241559237241745,0.24501276016235352,0.8369134068489075,36.807838500004436,Medium
5,I.12.11,0.005329029634594917,0.01468302309513092,0.8815804719924927,0.9589143395423889,32.64144159999705,Medium
5,I.12.1,9.330492321169004e-05,8.800483919912949e-05,0.9991471767425537,0.99918133020401,0.5134741000001668,Easy
5,I.12.2,3.789459151448682e-05,0.00010295947140548378,0.906448245048523,0.9697484374046326,32.39958740000293,Medium
5,I.12.4,2.569958496678737e-06,2.54159931500908e-06,0.9992210268974304,0.9992897510528564,28.062202699999034,Easy
5,I.12.5,8.066950977081433e-05,8.541253919247538e-05,0.9991722702980042,0.9992921948432922,0.9060515000019222,Easy
5,I.13.12,1.6931006030063145e-05,3.9023023418849334e-05,0.9969280958175659,0.9988283514976501,32.51523860000452,Medium
5,I.13.4,0.001280024298466742,0.0034348086919635534,0.9659357666969299,0.988246500492096,32.31939109999803,Medium
5,I.14.3,2.7339196094544604e-05,3.701094101415947e-05,0.9990814328193665,0.9992851614952087,5.0629532000020845,Easy
5,I.14.4,8.344344678334892e-06,6.9249690568540245e-06,0.9991904497146606,0.9991163611412048,1.5632154999984778,Easy
5,I.15.10,9.732318721944466e-05,9.643994417274371e-05,0.9991056323051453,0.9991989135742188,12.795539700004156,Medium
5,I.15.3t,0.0012988309608772397,0.0036221847403794527,0.9920414686203003,0.997394859790802,32.40881369999988,Hard
5,I.15.3x,0.000923596671782434,0.0024996064603328705,0.9955787658691406,0.9984559416770935,32.49751889999607,Hard
5,I.16.6,0.00033661897759884596,0.00034581651561893523,0.9990331530570984,0.9990547299385071,2.4461901000031503,Medium
5,I.18.12,0.0017235692357644439,0.0027742113452404737,0.9442716836929321,0.9701440930366516,32.31169890000456,Easy
5,I.18.16,0.0030974021647125483,0.004240572918206453,0.7729594111442566,0.8191817998886108,32.56754560000263,Easy
5,I.18.4,0.00010897319589275867,0.00013189272431191057,0.9992291331291199,0.999386191368103,4.183364100004837,Medium
5,I.24.6,1.1172666745551396e-05,2.0011251763207838e-05,0.9883110523223877,0.9942593574523926,33.5346714000043,Medium
5,I.25.13,0.0002036402584053576,0.00018977458239533007,0.9993950128555298,0.9993801116943359,0.6473775999984355,Easy
5,I.26.2,0.00018802932754624635,0.00019811451784335077,0.999087393283844,0.9990675449371338,1.290423300000839,Easy
5,I.27.6,2.9220173018984497e-05,3.081835529883392e-05,0.9990168809890747,0.999090313911438,2.5748735000015586,Easy
5,I.29.16,0.01588078774511814,0.05066151171922684,0.6341073513031006,0.8872631788253784,33.95616770000197,Hard
5,I.29.4,9.655477333581075e-05,6.282878166530281e-05,0.9994540214538574,0.9991478323936462,0.9137938999992912,Medium
5,I.30.3,0.0011234779376536608,0.0038909956347197294,0.9779891967773438,0.9934634566307068,36.808594000001904,Hard
5,I.30.5,0.0001529644796391949,0.00014597855624742806,0.999074399471283,0.9990893602371216,1.2641788000037195,Easy
5,I.32.17,0.02131161093711853,3.0419323444366455,0.3320499062538147,0.9272910356521606,36.32924059999641,Hard
5,I.32.5,0.026131300255656242,0.0390213206410408,0.73868727684021,0.8747847080230713,34.390132400003495,Medium
5,I.34.10,0.0001350496313534677,0.0002551308134570718,0.9990354180335999,0.9995496273040771,4.132819099999324,Medium
5,I.34.14,0.00014446864952333272,0.00014269008534029126,0.9990030527114868,0.9990929961204529,8.286807799995586,Hard
5,I.34.27,0.00012156839511590078,0.00010107827256433666,0.9990204572677612,0.9989333748817444,0.8424406000049203,Medium
5,I.34.8,0.0004637298989109695,0.0005364315584301949,0.9838503003120422,0.9887818694114685,35.00673970000207,Medium
5,I.37.4,0.0005068478640168905,0.000610802904702723,0.9992321729660034,0.9993053078651428,4.70974969999952,Hard
5,I.38.12,0.1772642284631729,0.14843012392520905,0.9851414561271667,0.9872787594795227,35.58856240000023,Medium
5,I.39.10,8.255698048742488e-05,6.256753840716556e-05,0.9994150400161743,0.999248743057251,0.5717938999951002,Medium
5,I.39.11,5.024304846301675e-05,6.0037731600459665e-05,0.9990047216415405,0.9991524815559387,3.9975658000039402,Medium
5,I.39.22,2.3812528525013477e-05,2.2670343241770752e-05,0.9990515112876892,0.9991928935050964,17.296138800003973,Hard
5,I.40.1,2.9028380595264025e-05,7.343545439653099e-05,0.9991375803947449,0.9996789693832397,28.978262299999187,Hard
5,I.41.16,4.923410961055197e-05,5.7743429351830855e-05,0.9934637546539307,0.9948114156723022,37.627237499997136,Hard
5,I.43.16,1.5130593965295702e-05,2.3094346033758484e-05,0.9990338087081909,0.9994871616363525,19.980420799998683,Easy
5,I.43.31,1.7795153326005675e-05,2.048639908025507e-05,0.9991441369056702,0.9991983771324158,3.122252599998319,Medium
5,I.43.43,3.4167587728006765e-05,5.388199497247115e-05,0.9992486238479614,0.9994548559188843,9.41556799999671,Medium
5,I.44.4,9.54884962993674e-05,0.00015026995970401913,0.9884440898895264,0.993000864982605,36.91372550000233,Hard
5,I.47.23,2.3184698875411414e-05,3.3093714591814205e-05,0.9992187023162842,0.9994678497314453,3.123548999996274,Easy
5,I.50.26,0.0007679678383283317,0.0013633291237056255,0.9941038489341736,0.996644914150238,35.56242899999779,Hard
5,I.6.20a,1.1763390830310527e-05,1.1435093256295659e-05,0.9994122982025146,0.9993529915809631,0.3997696000005817,Hard
5,I.6.20b,1.0069772542919964e-05,1.2776987205143087e-05,0.999283492565155,0.999454915523529,4.594840199999453,Hard
5,I.6.20,1.0548705176915973e-05,9.957433576346375e-06,0.9992184042930603,0.9991030693054199,2.2222964000029606,Hard
5,I.9.18,5.623514880426228e-06,7.580262717965525e-06,0.9904048442840576,0.9933453798294067,34.90834120000363,Hard
5,II.10.9,5.420473826234229e-05,4.878559411736205e-05,0.9991838335990906,0.9991163611412048,1.7443621999991592,Easy
5,II.11.17,0.0028977671172469854,0.005209651309996843,0.9460596442222595,0.9723838567733765,37.62519830000383,Hard
5,II.11.20,8.596481166023295e-06,1.4532854038407095e-05,0.9919291138648987,0.9959012866020203,36.73937690000457,Hard
5,II.11.27,0.00011404756514821202,0.00206178892403841,0.9857707619667053,0.9989230036735535,35.90823719999753,Hard
5,II.11.28,0.000403822457883507,0.00032157666282728314,0.9995488524436951,0.9995003938674927,0.8287110000019311,Hard
5,II.11.3,1.0711976756283548e-05,2.6778488972922787e-05,0.9931299090385437,0.9979100823402405,36.07134059999953,Medium
5,II.13.17,8.484666614094749e-05,5.621374293696135e-05,0.9934735298156738,0.9935227632522583,37.19060929999978,Easy
5,II.13.23,0.00015546531358268112,0.00034826999763026834,0.9968271255493164,0.9987239241600037,36.58667950000381,Hard
5,II.13.34,3.438966814428568e-05,0.00034453117405064404,0.9957894682884216,0.9996272325515747,34.28551290000178,Hard
5,II.15.4,4.921207073493861e-05,5.4621155868517235e-05,0.9990600943565369,0.9989898204803467,9.728037799999584,Easy
5,II.15.5,3.294763882877305e-05,3.838026532321237e-05,0.9993395805358887,0.9993236660957336,5.806610400002683,Easy
5,II.2.42,0.00011620087752817199,0.0002480287803336978,0.987239420413971,0.9936482310295105,36.683149700002105,Easy
5,II.21.32,5.614440669887699e-05,0.012990900315344334,0.543524980545044,0.9932842254638672,35.79617689999577,Medium
5,II.24.17,4.6465043851640075e-05,6.123151979409158e-05,0.9990907907485962,0.9993298053741455,1.5018476999975974,Hard
5,II.27.16,3.040172487089876e-05,4.587130752042867e-05,0.9973560571670532,0.9980602264404297,34.986600199998065,Easy
5,II.27.18,3.261338497395627e-05,3.34476244461257e-05,0.9990224242210388,0.9991365671157837,1.2315810000000056,Easy
5,II.3.24,1.461483520870388e-06,1.682961396909377e-06,0.9991399645805359,0.9992283582687378,3.666910199994163,Easy
5,II.34.11,5.362400406738743e-05,7.861197082092986e-05,0.9868441820144653,0.9927299618721008,35.34008310000354,Easy
5,II.34.29a,2.7365734922568663e-07,3.33103230332199e-07,0.999014675617218,0.9992499947547913,7.661197599998559,Medium
5,II.34.29b,3.841451689368114e-05,5.533467992790975e-05,0.995506763458252,0.9962382912635803,37.19632850000198,Easy
5,II.34.2a,1.0812630080181407e-06,1.2907005384477088e-06,0.9990454912185669,0.9992591142654419,3.2422605999963707,Medium
5,II.34.2,4.093911229574587e-06,5.086691089672968e-06,0.9991499781608582,0.9992623329162598,5.498986099999456,Medium
5,II.35.18,1.3263367691251915e-05,1.7865499103209004e-05,0.9990599155426025,0.9993206858634949,3.3823522999955458,Hard
5,II.35.21,2.1878671759623103e-05,6.661620864178985e-05,0.9935941696166992,0.9979457259178162,37.04853290000028,Hard
5,II.36.38,0.013602095656096935,0.016054708510637283,0.8577886819839478,0.9058605432510376,36.186326299997745,Hard
5,II.37.1,0.00011573806114029139,0.00012564419012051076,0.9990164041519165,0.9990458488464355,1.2385626000032062,Medium
5,II.38.14,1.1827019989141263e-05,1.0656776794348843e-05,0.9990550875663757,0.9989652633666992,1.0416661000053864,Easy
5,II.38.3,3.9398732042172924e-05,4.240286580170505e-05,0.9982259273529053,0.9986646175384521,37.54885869999998,Easy
5,II.4.23,8.800633395367186e-07,7.289731911441777e-07,0.999136745929718,0.9990081787109375,4.05639489999885,Easy
5,II.6.11,1.1763481779780705e-05,1.953660284925718e-05,0.9901658296585083,0.9923851490020752,34.92657830000098,Medium
5,II.6.15a,0.009770325385034084,0.009294090792536736,0.9252382516860962,0.950262725353241,36.42433410000376,Hard
5,II.6.15b,0.0001420154731022194,0.00019667921878863126,0.9790595173835754,0.9848994612693787,36.78148599999986,Hard
5,II.8.31,9.565590517013334e-06,7.594644102937309e-06,0.9991817474365234,0.9990286827087402,2.012734099997033,Easy
5,II.8.7,1.3459919045999413e-07,1.7212013858625141e-07,0.9992765784263611,0.9994615912437439,20.728793100002804,Medium
5,III.10.19,5.530429552891292e-05,0.00010247243335470557,0.9990044236183167,0.9994649887084961,2.974750399996992,Hard
5,III.12.43,3.6579374864231795e-05,3.0648126994492486e-05,0.9993552565574646,0.9992510676383972,0.9279442000042764,Easy
5,III.13.18,0.001339757931418717,0.0012446220498532057,0.9802789092063904,0.9832825660705566,34.78983889999654,Medium
5,III.14.14,0.0007798959268257022,0.002081490121781826,0.973855197429657,0.994317352771759,35.16857610000443,Medium
5,III.15.12,0.0006375171942636371,0.0008026997093111277,0.999059796333313,0.9991945028305054,5.62832029999845,Medium
5,III.15.14,2.5776578695513308e-05,5.0949398428201675e-05,0.9990118145942688,0.9995195865631104,5.330865900003118,Medium
5,III.15.27,0.004860634915530682,0.0048011005856096745,0.9990879893302917,0.9991213083267212,1.78006219999952,Easy
5,III.17.37,9.568697714712471e-05,0.00013581702660303563,0.9990530610084534,0.9993098378181458,9.064216499995382,Medium
5,III.19.51,1.272575929078812e-07,2.460447774410568e-07,0.5812085866928101,0.6353040337562561,36.60588519999874,Medium
5,III.21.20,1.0696417120925616e-05,1.4901461327099241e-05,0.9993765354156494,0.9996374845504761,12.51599520000309,Hard
5,III.4.32,0.0020643745083361864,0.002614277880638838,0.9991801381111145,0.9993126392364502,2.616035599996394,Medium
5,III.4.33,0.0004621715925168246,0.0006039691506884992,0.999064028263092,0.999239444732666,3.201600500004133,Hard
5,III.7.38,0.00010671911877579987,0.0001402733032591641,0.9993430972099304,0.99953693151474,9.999591700005112,Easy
5,III.8.54,0.0016964123351499438,0.002493414096534252,0.9795502424240112,0.9863463640213013,37.102607299995725,Medium
5,III.9.52,0.00029854316380806267,0.00040176790207624435,0.9805851578712463,0.9883742332458496,35.3726852999971,Hard
10,I.10.7,2.3647007765248418e-05,0.00010850476246559992,0.9990114569664001,0.9998059272766113,39.7168604000035,Medium
10,I.11.19,0.0762157142162323,0.22844819724559784,0.28599095344543457,0.7838043570518494,59.792805700002646,Medium
10,I.12.11,0.007783711887896061,0.018774190917611122,0.8485848903656006,0.9399892687797546,59.49298190000263,Medium
10,I.12.1,5.806429180665873e-05,5.11600446770899e-05,0.9995042085647583,0.9994905591011047,2.1059007000003476,Easy
10,I.12.2,1.9823499314952642e-05,8.964490552898496e-05,0.918546199798584,0.9841747283935547,59.41428730000189,Medium
10,I.12.4,2.2861145225760993e-06,2.461785243212944e-06,0.9992454648017883,0.9993681907653809,34.30189290000271,Easy
10,I.12.5,8.304521179525182e-05,7.654453656869009e-05,0.9992582201957703,0.9992713332176208,1.4216062000050442,Easy
10,I.13.12,5.8318379160482436e-05,0.00010034273873316124,0.9921010136604309,0.9959644079208374,59.98309359999985,Medium
10,I.13.4,0.0012906227493658662,0.003396757412701845,0.9663131237030029,0.9881492257118225,59.54261470000347,Medium
10,I.14.3,2.9790595363010652e-05,4.008416362921707e-05,0.9990051984786987,0.9992210268974304,6.1809788000027766,Easy
10,I.14.4,3.9610577005078085e-06,4.206763151159976e-06,0.9995082020759583,0.9995805025100708,7.086440799997945,Easy
10,I.15.10,9.170823614113033e-05,8.699390309629962e-05,0.9991932511329651,0.9992451071739197,23.071148100003484,Medium
10,I.15.3t,0.0022432194091379642,0.009631986729800701,0.9788369536399841,0.9955006241798401,60.53405329999805,Hard
10,I.15.3x,0.0012402089778333902,0.0029002174269407988,0.9948701858520508,0.997926652431488,55.48130239999591,Hard
10,I.16.6,0.0002648368536029011,0.000299548584735021,0.999162495136261,0.9992563128471375,2.031117300000915,Medium
10,I.18.12,0.003371242666617036,0.0054750279523432255,0.8900177478790283,0.9416028261184692,55.3312109000035,Easy
10,I.18.16,9.021662845043465e-05,0.0001269087806576863,0.9932053089141846,0.9947333931922913,55.41875869999785,Easy
10,I.18.4,0.0001509466819697991,0.00016117366612888873,0.999057948589325,0.9991497993469238,4.0996675999995205,Medium
10,I.24.6,1.9196822904632427e-05,3.8964553823461756e-05,0.9772400259971619,0.990136444568634,56.31746009999915,Medium
10,I.25.13,0.00023566246090922505,0.0002342925436096266,0.9992530941963196,0.9992825984954834,1.34056160000182,Easy
10,I.26.2,0.00017295598809141666,0.0001812289556255564,0.9991651773452759,0.9991423487663269,8.322241200003191,Easy
10,I.27.6,1.519661964266561e-05,1.9824412447633222e-05,0.9993675947189331,0.9995269179344177,11.379390899994178,Easy
10,I.29.16,0.0033007992897182703,0.0055652791634202,0.9598059058189392,0.976567804813385,54.87987169999542,Hard
10,I.29.4,8.91400923137553e-05,8.23271184344776e-05,0.999284565448761,0.9992132782936096,2.002450299994962,Medium
10,I.30.3,0.006147963926196098,0.0175461582839489,0.9007440209388733,0.9642303586006165,54.935506399997394,Hard
10,I.30.5,9.251489245798439e-05,9.192807920044288e-05,0.9994171261787415,0.9994492530822754,1.5606447000027401,Easy
10,I.32.17,0.06588500738143921,3.3475797176361084,0.26493561267852783,0.7752195596694946,60.08955199999764,Hard
10,I.32.5,0.0008647548966109753,0.007458880078047514,0.9500503540039062,0.9958562850952148,66.33006490000116,Medium
10,I.34.10,0.00013190109166316688,0.00025051963166333735,0.9990528225898743,0.9995601177215576,5.944787299995369,Medium
10,I.34.14,7.805268978700042e-05,0.00011835297482321039,0.999173104763031,0.9995099902153015,5.442720299994107,Hard
10,I.34.27,8.487973536830395e-05,7.198304228950292e-05,0.9993024468421936,0.9992552399635315,3.0620593999992707,Medium
10,I.34.8,0.0003841669822577387,0.0006771475891582668,0.9796139001846313,0.9907065629959106,66.11495180000202,Medium
10,I.37.4,0.0006360787665471435,0.0007479827618226409,0.9990597367286682,0.9991282224655151,9.123071300004085,Hard
10,I.38.12,0.03837476670742035,0.09137547016143799,0.9908528923988342,0.9972460865974426,67.83577620000142,Medium
10,I.39.10,0.00010636453953338787,7.919254858279601e-05,0.9992595911026001,0.9990321397781372,2.0976968000031775,Medium
10,I.39.11,4.544611510937102e-05,5.679969763150439e-05,0.9990584254264832,0.9992334246635437,17.75473229999625,Medium
10,I.39.22,3.123502028756775e-05,2.365262116654776e-05,0.999010443687439,0.9989413619041443,26.81571779999649,Hard
10,I.40.1,0.0002804308896884322,0.0002979419950861484,0.996501088142395,0.9968986511230469,63.876269799999136,Hard
10,I.41.16,5.36999596079113e-06,8.212417014874518e-06,0.999070405960083,0.9994340538978577,55.8063547999991,Hard
10,I.43.16,1.5551109754596837e-05,2.1660267520928755e-05,0.999093770980835,0.9994729161262512,27.43104719999974,Easy
10,I.43.31,1.3791982382826973e-05,1.8024797100224532e-05,0.9992469549179077,0.9993787407875061,14.13556349999999,Medium
10,I.43.43,4.5243476051837206e-05,5.569618951994926e-05,0.9992233514785767,0.9992781281471252,20.401225800000248,Medium
10,I.44.4,3.2225299946730956e-05,9.070287342183292e-05,0.9930248856544495,0.997637927532196,60.31860769999912,Hard
10,I.47.23,3.312277840450406e-05,3.5216591641074046e-05,0.9991685748100281,0.9992397427558899,6.509697600005893,Easy
10,I.50.26,0.008241089060902596,0.008445240557193756,0.9634759426116943,0.963996171951294,64.36612450000393,Hard
10,I.6.20a,1.732150121824816e-05,1.7065100109903142e-05,0.9991229176521301,0.9990472793579102,0.4536858999999822,Hard
10,I.6.20b,1.4790202840231359e-05,1.6060052075772546e-05,0.9990993738174438,0.999199390411377,13.278753600003256,Hard
10,I.6.20,8.985279237094801e-06,1.081654045265168e-05,0.9991509914398193,0.999235987663269,12.289760200001183,Hard
10,I.9.18,4.850504774367437e-05,0.000155276880832389,0.8034489750862122,0.9426013827323914,55.54959400000371,Hard
10,II.10.9,7.265336171258241e-05,4.2893421777989715e-05,0.9992824196815491,0.998815655708313,5.895862799996394,Easy
10,II.11.17,0.004554037936031818,0.028480548411607742,0.7051143646240234,0.9565992951393127,55.340846500002954,Hard
10,II.11.20,0.00012596332817338407,8.93659089342691e-05,0.9503703117370605,0.9399418830871582,55.61299190000136,Hard
10,II.11.27,0.00019603990949690342,0.0031110048294067383,0.978529691696167,0.9981486797332764,55.15182729999651,Hard
10,II.11.28,0.0009370734915137291,0.0006528320373035967,0.9990841150283813,0.9988406896591187,1.1280360000018845,Hard
10,II.11.3,2.273775862704497e-05,2.4807959562167525e-05,0.9936354756355286,0.9955638647079468,55.11658740000712,Medium
10,II.13.17,0.000906092522200197,0.0005968639743514359,0.9307034015655518,0.9308286309242249,55.16355929999554,Easy
10,II.13.23,0.00011510145850479603,0.0005955268861725926,0.9945745468139648,0.9990552663803101,55.05836989999807,Hard
10,II.13.34,0.00039328751154243946,0.00046139469486661255,0.9943612813949585,0.9957368969917297,55.01119740000286,Hard
10,II.15.4,3.911047679139301e-05,5.0403530622133985e-05,0.9991326928138733,0.9991971850395203,18.028197899999213,Easy
10,II.15.5,0.00012978524318896234,0.00015384849393740296,0.997352659702301,0.9973359107971191,55.1542799999952,Easy
10,II.2.42,0.00017757710884325206,0.0002264169161207974,0.9883512854576111,0.9902932643890381,55.35839459999988,Easy
10,II.21.32,0.0005283874925225973,0.014919706620275974,0.4757504463195801,0.9367966055870056,55.12034290000156,Medium
10,II.24.17,5.305551894707605e-05,6.420873251045123e-05,0.9990465641021729,0.9992347359657288,2.670293799994397,Hard
10,II.27.16,9.393607797392178e-06,2.2271331545198336e-05,0.9987162947654724,0.9994006156921387,54.929117799998494,Easy
10,II.27.18,3.876443952322006e-05,3.341680712765083e-05,0.9990233182907104,0.9989737272262573,5.746917600001325,Easy
10,II.3.24,2.1114435639901785e-06,1.4242066299630096e-06,0.9992721676826477,0.9988852143287659,3.5344740000000456,Easy
10,II.34.11,4.1828705434454605e-05,4.404595529194921e-05,0.9926288723945618,0.9943290948867798,55.103427300004114,Easy
10,II.34.29a,1.8538842994075821e-07,3.280779310443904e-07,0.9990295171737671,0.9994919300079346,26.522449900003267,Medium
10,II.34.29b,3.834384915535338e-05,0.00010229996405541897,0.9916931986808777,0.996245265007019,55.24580770000466,Easy
10,II.34.2a,6.108786578806757e-07,1.1512834134919103e-06,0.9991486072540283,0.9995814561843872,7.72045519999665,Medium
10,II.34.2,4.617831564246444e-06,5.974604846414877e-06,0.9990016222000122,0.9991679191589355,7.023056199999701,Medium
10,II.35.18,6.880757609906141e-06,1.795118259906303e-05,0.9990553855895996,0.9996476173400879,7.932190700004867,Hard
10,II.35.21,1.3499898159352597e-05,4.131849345867522e-05,0.9960268139839172,0.9987324476242065,55.32121590000315,Hard
10,II.36.38,0.02582731656730175,0.02486250177025795,0.779770016670227,0.821250319480896,55.718859300002805,Hard
10,II.37.1,0.00013457954628393054,0.00012164193321950734,0.9990476965904236,0.9988905787467957,4.479693299996143,Medium
10,II.38.14,9.254320502805058e-06,9.216735634254292e-06,0.9991827607154846,0.9991903305053711,1.1427880999981426,Easy
10,II.38.3,6.189514533616602e-05,7.572110916953534e-05,0.996832013130188,0.9979021549224854,55.06660730000294,Easy
10,II.4.23,7.475599090867036e-07,8.009359362404211e-07,0.9990515112876892,0.9991574883460999,15.870336100000713,Easy
10,II.6.11,6.151409252197482e-06,9.053503163158894e-06,0.9954427480697632,0.9960179924964905,55.13107309999759,Medium
10,II.6.15a,0.0009002185543067753,0.009145853109657764,0.9264306426048279,0.9954172968864441,55.29852029999893,Hard
10,II.6.15b,0.00024512410163879395,0.0002537898253649473,0.9729788899421692,0.9739359021186829,55.213382800000545,Hard
10,II.8.31,4.112910119147273e-06,3.601266143959947e-06,0.9996119737625122,0.9995823502540588,1.340423000001465,Easy
10,II.8.7,8.938083340126468e-08,1.903036093153787e-07,0.999200165271759,0.9996424913406372,43.496125200006645,Medium
10,III.10.19,5.3499534260481596e-05,9.52016853261739e-05,0.9990750551223755,0.9994824528694153,7.797293999996327,Hard
10,III.12.43,4.33076529589016e-05,4.082284795003943e-05,0.9991412162780762,0.9991133213043213,1.7841086000044015,Easy
10,III.13.18,0.0005968130426481366,0.0004588666488416493,0.9927292466163635,0.9925529956817627,55.137624800001504,Medium
10,III.14.14,0.008997146971523762,0.013450910337269306,0.8310481309890747,0.9344428777694702,56.99947339999926,Medium
10,III.15.12,0.002767288824543357,0.0038360829930752516,0.9955068230628967,0.9965035915374756,67.83593439999822,Medium
10,III.15.14,3.9696431485936046e-05,5.149304342921823e-05,0.9990012645721436,0.9992601871490479,7.3851735000062035,Medium
10,III.15.27,0.0034516591113060713,0.004220707807689905,0.9991982579231262,0.9993760585784912,9.130547599997954,Easy
10,III.17.37,8.834752952679992e-05,0.00014023605035617948,0.9990222454071045,0.9993627667427063,26.048755299998447,Medium
10,III.19.51,1.3836419121560084e-08,3.7743490111097344e-08,0.935757040977478,0.9603474736213684,68.37118370000098,Medium
10,III.21.20,1.2189900189696345e-05,2.0135326849413104e-05,0.9991576075553894,0.999586820602417,39.727414100001624,Hard
10,III.4.32,0.0021838953252881765,0.0029854057356715202,0.9990637302398682,0.9992728233337402,4.000026200003049,Medium
10,III.4.33,0.0005120283458381891,0.0005881318356841803,0.9990885257720947,0.9991573691368103,2.681844999999157,Hard
10,III.7.38,0.00011254205310251564,0.0001878690382000059,0.9991201758384705,0.9995116591453552,6.434103400002641,Easy
10,III.8.54,0.0006866559851914644,0.0011993029620498419,0.9901639223098755,0.994473397731781,62.18290059999708,Medium
10,III.9.52,0.00033604740747250617,0.0007080779760144651,0.9657831788063049,0.9869137406349182,59.62005769999814,Hard
15,I.10.7,4.8082383727887645e-06,0.00046631478471681476,0.995751678943634,0.9999605417251587,83.78120740000304,Medium
15,I.11.19,0.026935968548059464,0.10509907454252243,0.6715155243873596,0.9235926866531372,83.7881389000031,Medium
15,I.12.11,0.008599924854934216,0.019367748871445656,0.8437978625297546,0.933696448802948,79.65650319999986,Medium
15,I.12.1,9.464136383030564e-05,8.873639308148995e-05,0.9991400837898254,0.9991695880889893,2.1881128000022727,Easy
15,I.12.2,7.421246846206486e-05,0.0002459030947647989,0.7765657901763916,0.9407556056976318,83.08573160000378,Medium
15,I.12.4,2.4547334760427475e-06,2.8473377824411727e-06,0.9991272687911987,0.9993215799331665,29.476598599998397,Easy
15,I.12.5,8.154512761393562e-05,7.167148578446358e-05,0.9993054270744324,0.9992845058441162,3.545765900002152,Easy
15,I.13.12,2.4688995836186223e-05,7.800730963936076e-05,0.9938592314720154,0.998291552066803,101.2574409000008,Medium
15,I.13.4,0.0023409586865454912,0.00421980582177639,0.9581506252288818,0.9785047769546509,82.91707679999672,Medium
15,I.14.3,2.3978151148185134e-05,3.193438897142187e-05,0.9992074370384216,0.9993730187416077,15.572292700002436,Easy
15,I.14.4,6.411449248844292e-06,5.753209734393749e-06,0.9993274211883545,0.9993210434913635,5.599070700001903,Easy
15,I.15.10,0.00013308256166055799,0.00016619560483377427,0.998458743095398,0.9989045858383179,78.16945040000428,Medium
15,I.15.3t,0.0038156588561832905,0.009083257988095284,0.980042576789856,0.9923467040061951,78.08648739999626,Hard
15,I.15.3x,0.007334369700402021,0.016444159671664238,0.9709140062332153,0.9877386689186096,78.33985979999852,Hard
15,I.16.6,0.00025152828311547637,0.0003183856315445155,0.9991098642349243,0.9992936849594116,3.126010199994198,Medium
15,I.18.12,0.0031250477768480778,0.003932361025363207,0.9210067987442017,0.9458674788475037,89.3940208999993,Easy
15,I.18.16,0.0020336187444627285,0.0053001814521849155,0.7162278890609741,0.8812826871871948,102.69379370000388,Easy
15,I.18.4,0.00015738994989078492,0.00016703407163731754,0.9990237355232239,0.9991135001182556,12.70692190000409,Medium
15,I.24.6,4.993013135390356e-06,1.5392075511044823e-05,0.9910091757774353,0.9974345564842224,96.22269619999861,Medium
15,I.25.13,0.0001762769534252584,0.0001675827516010031,0.9994657635688782,0.9994633793830872,2.3570269999981974,Easy
15,I.26.2,0.00017781472706701607,0.00021044832828920335,0.999030590057373,0.9991182088851929,6.355109399999492,Easy
15,I.27.6,2.5529538106638938e-05,2.584568937891163e-05,0.9991755485534668,0.9992052316665649,7.678386100000353,Easy
15,I.29.16,0.020570576190948486,0.03841625526547432,0.7225462794303894,0.8539705872535706,101.14937069999723,Hard
15,I.29.4,9.171070269076154e-05,7.809362432453781e-05,0.9993214011192322,0.999190628528595,3.9086272999993525,Medium
15,I.30.3,0.014223660342395306,0.026269081979990005,0.8513997793197632,0.9172449111938477,98.32721560000209,Hard
15,I.30.5,0.00010284552263328806,0.00013046198000665754,0.9991728067398071,0.9993877410888672,4.100722999995924,Easy
15,I.32.17,0.3403141498565674,4.5769853591918945,-0.005018353462219238,-0.16105258464813232,99.9884447000004,Hard
15,I.32.5,0.014615554362535477,0.011620977893471718,0.9221782088279724,0.9299655556678772,101.75177870000334,Medium
15,I.34.10,0.00021733230096288025,0.0001991347235161811,0.9992470741271973,0.9992752075195312,11.51477629999863,Medium
15,I.34.14,0.00010202080011367798,0.00011768430704250932,0.9991777539253235,0.9993594884872437,12.796177000003809,Hard
15,I.34.27,5.0198370445286855e-05,0.0006297501386143267,0.9938972592353821,0.9995595812797546,97.0911214000007,Medium
15,I.34.8,0.00011981513671344146,0.00016610996681265533,0.9949991106987,0.9971015453338623,101.6686109000002,Medium
15,I.37.4,0.0004908166592940688,0.0007746125920675695,0.9990262389183044,0.9993273019790649,70.01847550000093,Hard
15,I.38.12,0.03451385721564293,0.008347569964826107,0.999164342880249,0.9975231289863586,91.8419225999969,Medium
15,I.39.10,0.00010017700697062537,8.543960575480014e-05,0.9992011785507202,0.9990884065628052,1.9581834000055096,Medium
15,I.39.11,2.9956414437037893e-05,5.812305971630849e-05,0.9990364909172058,0.9994946718215942,36.27737250000064,Medium
15,I.39.22,0.00025426794309169054,0.00030862612766213715,0.9870877265930176,0.9913820028305054,99.52258230000007,Hard
15,I.40.1,0.00046101133921183646,0.00042587920324876904,0.9949986338615417,0.9949015378952026,101.05466650000017,Hard
15,I.41.16,9.249206050299108e-05,9.261698869522661e-05,0.9895162582397461,0.9902526140213013,101.5495133000004,Hard
15,I.43.16,1.7738277165335603e-05,2.3626142137800343e-05,0.9990115165710449,0.9993987679481506,58.842586999999185,Easy
15,I.43.31,2.161919474019669e-05,2.365878208365757e-05,0.9990116357803345,0.9990261197090149,15.364379600003303,Medium
15,I.43.43,6.917100108694285e-05,0.00013517843035515398,0.9981150031089783,0.9988963007926941,100.22127130000445,Medium
15,I.44.4,5.773996963398531e-05,0.00010418416786706075,0.9919881224632263,0.9957677721977234,104.33387239999865,Hard
15,I.47.23,1.693298872851301e-05,2.2589872969547287e-05,0.9994667172431946,0.9996113181114197,8.702796700003091,Easy
15,I.50.26,0.0004964232794009149,0.000938589102588594,0.9959408044815063,0.9978312253952026,101.74243660000502,Hard
15,I.6.20a,4.611029453371884e-06,3.8382663660740945e-06,0.9998027086257935,0.9997463822364807,1.5086140999992494,Hard
15,I.6.20b,1.1587514563871082e-05,1.2750584573950619e-05,0.9992849826812744,0.9993727207183838,15.548571999999695,Hard
15,I.6.20,1.151053402281832e-05,9.986226359615102e-06,0.9992161393165588,0.9990212917327881,3.321586700003536,Hard
15,I.9.18,5.2198329285602085e-06,9.178161235467996e-06,0.9883822202682495,0.9938231110572815,99.4691718000031,Hard
15,II.10.9,6.568395474459976e-05,4.1359344322700053e-05,0.9993081092834473,0.9989292621612549,20.62796779999917,Easy
15,II.11.17,0.010506038554012775,0.02179703116416931,0.7743149995803833,0.8998758792877197,100.76088669999444,Hard
15,II.11.20,3.196815669070929e-05,5.239243182586506e-05,0.9709036350250244,0.9847579002380371,103.05743500000244,Hard
15,II.11.27,0.0004293906386010349,0.004296625033020973,0.9703472256660461,0.9959450364112854,102.04141079999681,Hard
15,II.11.28,0.0006790363695472479,0.00042916418169625103,0.999397873878479,0.9991599321365356,9.060021600002074,Hard
15,II.11.3,4.614743738784455e-05,6.154448783490807e-05,0.9842106103897095,0.9909966588020325,101.90585229999851,Medium
15,II.13.17,0.0006823147996328771,0.0004844600334763527,0.9437536001205444,0.9479119181632996,99.35312890000205,Easy
15,II.13.23,0.0006028464413248003,0.0008102847496047616,0.9926180243492126,0.9950518608093262,99.55571580000105,Hard
15,II.13.34,3.8066558772698045e-05,7.868291140766814e-05,0.9990383982658386,0.99958735704422,75.5187597999975,Hard
15,II.15.4,4.297831765143201e-05,5.2193456212989986e-05,0.9991018772125244,0.9991177916526794,25.075656900000467,Easy
15,II.15.5,0.00028961210045963526,0.0003359611437190324,0.9942190051078796,0.9940550923347473,99.3306059999959,Easy
15,II.2.42,0.0001403370260959491,0.00021292438032105565,0.9890454411506653,0.9923288822174072,100.06475460000365,Easy
15,II.21.32,0.0009324970305897295,0.016357870772480965,0.4252161979675293,0.888458788394928,91.84021500000381,Medium
15,II.24.17,3.205381290172227e-05,4.984739643987268e-05,0.9992598295211792,0.9995376467704773,5.794931999997061,Hard
15,II.27.16,1.1392626220185775e-05,1.681507274042815e-05,0.9990308284759521,0.9992731213569641,33.27478890000202,Easy
15,II.27.18,3.16388213832397e-05,3.249327710364014e-05,0.9990503191947937,0.9991623759269714,4.06158420000429,Easy
15,II.3.24,1.0735684554674663e-06,6.855299830021977e-07,0.999649703502655,0.999433159828186,3.83305079999991,Easy
15,II.34.11,6.519685484818183e-06,5.8203945627610665e-06,0.9990259408950806,0.9991161227226257,66.20077719999972,Easy
15,II.34.29a,2.0822984936330613e-07,3.2533159810554935e-07,0.9990376234054565,0.9994292855262756,35.741074699995806,Medium
15,II.34.29b,0.006636642385274172,0.006811932660639286,0.4468664526939392,0.3501167297363281,85.39216540000052,Easy
15,II.34.2a,9.05035278719879e-07,1.1322016462145257e-06,0.9991627335548401,0.9993798732757568,26.164077499997802,Medium
15,II.34.2,5.104418960399926e-06,4.986304247722728e-06,0.99916672706604,0.999080240726471,6.262662900000578,Medium
15,II.35.18,8.411901035287883e-06,1.5462852388736792e-05,0.9991863369941711,0.9995691776275635,8.256984299994656,Hard
15,II.35.21,4.565625931718387e-05,8.471714681945741e-05,0.9918535947799683,0.9957131743431091,86.08489740001096,Hard
15,II.36.38,0.0006954967975616455,0.002340056002140045,0.9792719483375549,0.9951865077018738,86.96989429999667,Hard
15,II.37.1,8.824342512525618e-05,9.631431748857722e-05,0.9992460012435913,0.9992725253105164,3.925945499999216,Medium
15,II.38.14,1.4663298316008877e-05,9.579476682120003e-06,0.9991506338119507,0.9987171292304993,6.284396200004267,Easy
15,II.38.3,1.5911413356661797e-05,1.656084532442037e-05,0.9993071556091309,0.9994606971740723,60.166576400006306,Easy
15,II.4.23,1.4774683450013981e-06,8.424686939179082e-07,0.9990023374557495,0.9983349442481995,15.29482320000534,Easy
15,II.6.11,5.9470585256349295e-05,8.519316179445013e-05,0.9571161866188049,0.9615029692649841,87.81466350000119,Medium
15,II.6.15a,0.0015539743471890688,0.005259031895548105,0.9576963186264038,0.9920892715454102,86.6245396000013,Hard
15,II.6.15b,0.00014688650844618678,0.00026817133766599,0.9714477062225342,0.9843814969062805,87.13970319999498,Hard
15,II.8.31,7.877237294451334e-06,6.080349521653261e-06,0.9993448853492737,0.999200165271759,4.560903899997356,Easy
15,II.8.7,1.0327305233204243e-07,1.7296399335009482e-07,0.9992730021476746,0.9995869398117065,27.198122000001604,Medium
15,III.10.19,0.0001029559934977442,0.0001570755266584456,0.9984738826751709,0.9990040063858032,86.85610129999986,Hard
15,III.12.43,4.4832180719822645e-05,4.014771548099816e-05,0.9991554617881775,0.999082088470459,1.728532399996766,Easy
15,III.13.18,0.00017477545770816505,0.00011773999722208828,0.998134434223175,0.997819185256958,85.802880800009,Medium
15,III.14.14,0.004311623517423868,0.005444977432489395,0.9316076636314392,0.9685836434364319,89.19885369999975,Medium
15,III.15.12,0.000551105011254549,0.000748334510717541,0.9991234540939331,0.9993036985397339,32.94063230000029,Medium
15,III.15.14,5.2028903155587614e-05,3.821809877990745e-05,0.9992586970329285,0.999030351638794,14.072716599999694,Medium
15,III.15.27,0.0031992134172469378,0.0037973802536726,0.9992786645889282,0.9994216561317444,25.41350070000044,Easy
15,III.17.37,7.875478331698105e-05,9.158558532362804e-05,0.9993614554405212,0.9994319677352905,67.71914409998863,Medium
15,III.19.51,9.746361051554686e-09,2.4133186116159777e-08,0.9589230418205261,0.9720687866210938,86.61075110000093,Medium
15,III.21.20,1.1993623957096133e-05,1.9981198420282453e-05,0.9991640448570251,0.9995934963226318,50.15401949999796,Hard
15,III.4.32,0.0021162962075322866,0.00299318740144372,0.9990612864494324,0.9992953538894653,7.11952019999444,Medium
15,III.4.33,0.000256617262493819,0.00030673359287902713,0.9995246529579163,0.9995777010917664,6.328095099990605,Hard
15,III.7.38,0.00011006225395249203,0.00018356306827627122,0.9991403818130493,0.9995224475860596,19.434863000002224,Easy
15,III.8.54,0.0021163453347980976,0.0025169560685753822,0.9793571829795837,0.9829664826393127,85.08715830001165,Medium
15,III.9.52,0.00011522279964992777,0.0002255751460324973,0.9890994429588318,0.9955130219459534,89.54509770000004,Hard
20,I.10.7,0.004864455666393042,0.004172606859356165,0.9619860649108887,0.9600727558135986,131.41731309999886,Medium
20,I.11.19,0.053649239242076874,0.11360572278499603,0.6449282169342041,0.847817063331604,132.76332159999583,Medium
20,I.12.11,0.007490972988307476,0.01482430100440979,0.8804410696029663,0.9422461986541748,133.66929619999428,Medium
20,I.12.1,6.466786726377904e-05,5.9630689065670595e-05,0.9994221329689026,0.9994326233863831,11.062737699990976,Easy
20,I.12.2,8.638633153168485e-05,0.00018340107635594904,0.8333567976951599,0.9310370683670044,129.43613149999874,Medium
20,I.12.4,3.059326900256565e-06,3.140263515888364e-06,0.999037504196167,0.9991545081138611,36.21075270000438,Easy
20,I.12.5,7.077535701682791e-05,8.363115921383724e-05,0.999189555644989,0.99937903881073,57.92016629999853,Easy
20,I.13.12,0.0004780063754878938,0.0005370526341721416,0.957723081111908,0.9669220447540283,129.1162137999927,Medium
20,I.13.4,0.0026742746122181416,0.003887846367433667,0.9614428281784058,0.9754441976547241,131.54907979999552,Medium
20,I.14.3,2.7114961994811893e-05,3.861962977680378e-05,0.9990414977073669,0.9992910027503967,34.122383800000534,Easy
20,I.14.4,1.0035198101832066e-05,8.054127647483256e-06,0.9990584254264832,0.9989373087882996,6.778805900001316,Easy
20,I.15.10,0.0003978502645622939,0.0004902267828583717,0.9954536557197571,0.9967252016067505,131.4068444000004,Medium
20,I.15.3t,0.0007702038274146616,0.0034679127857089043,0.9923804402351379,0.9984551668167114,130.35750080000435,Hard
20,I.15.3x,0.004136704374104738,0.005133353173732758,0.9909202456474304,0.9930844306945801,130.6542197999952,Hard
20,I.16.6,0.00029680473380722106,0.00034281989792361856,0.9990415573120117,0.9991665482521057,8.168695700005628,Medium
20,I.18.12,0.0007902348297648132,0.0007739285356365144,0.9844533205032349,0.9863114356994629,134.49608280000393,Easy
20,I.18.16,0.0030081854201853275,0.004574552644044161,0.7550780773162842,0.8243900537490845,133.0684966000117,Easy
20,I.18.4,0.0001315494446316734,0.00017031797324307263,0.9990045428276062,0.9992590546607971,19.26361109998834,Medium
20,I.24.6,1.522274669696344e-05,1.8589533283375204e-05,0.9891415238380432,0.9921783804893494,135.22578059999796,Medium
20,I.25.13,0.00018682969675865024,0.0001708534109639004,0.9994553327560425,0.9994312524795532,5.1034954999922775,Easy
20,I.26.2,0.00020473662880249321,0.0001947065902641043,0.9991031289100647,0.998984694480896,14.04397099999187,Easy
20,I.27.6,1.131280259869527e-05,2.7046971808886155e-05,0.9991372227668762,0.9996477961540222,9.779048900003545,Easy
20,I.29.16,0.015451318584382534,0.040309205651283264,0.7088748216629028,0.8903118968009949,134.78668930000276,Hard
20,I.29.4,0.00011250691750319675,0.000108869127871003,0.999053955078125,0.9990070462226868,8.90987459999451,Medium
20,I.30.3,0.003312575165182352,0.005218271631747484,0.9704810380935669,0.9807270169258118,134.7890388000087,Hard
20,I.30.5,0.00016616778157185763,0.00014978888793848455,0.9990502595901489,0.9990107417106628,3.6478547000006074,Easy
20,I.32.17,0.2573448121547699,4.526349067687988,0.00610041618347168,0.12201458215713501,136.05565779999597,Hard
20,I.32.5,0.003977405373007059,0.0113319531083107,0.9241136908531189,0.9809411764144897,132.62423400000262,Medium
20,I.34.10,0.00013136761845089495,0.00016821559984236956,0.9993640184402466,0.9995619058609009,15.220234799999162,Medium
20,I.34.14,8.707503729965538e-05,0.0001255725946975872,0.999122679233551,0.9994533061981201,17.977442500006873,Hard
20,I.34.27,5.8333218476036564e-05,4.985579653293826e-05,0.9995168447494507,0.9994881749153137,9.044183400008478,Medium
20,I.34.8,0.04135287553071976,0.03322488069534302,-0.0002617835998535156,-0.0003732442855834961,134.69459220000135,Medium
20,I.37.4,0.0005587941850535572,0.0007704157033003867,0.9990315437316895,0.999234139919281,66.99744750000536,Hard
20,I.38.12,0.06859774887561798,0.00873070489615202,0.9991260170936584,0.9950771331787109,90.18583960000251,Medium
20,I.39.10,0.00010492542787687853,8.934642391977832e-05,0.9991646409034729,0.999045193195343,3.5051995999965584,Medium
20,I.39.11,3.813525108853355e-05,5.065220102551393e-05,0.9991602897644043,0.999356746673584,93.76650420000078,Medium
20,I.39.22,6.427362677641213e-05,7.886294042691588e-05,0.9967005252838135,0.997821569442749,137.23123139998643,Hard
20,I.40.1,0.0009741820977069438,0.0023253331892192364,0.9726920127868652,0.9892262816429138,134.7568634999916,Hard
20,I.41.16,1.9169536244589835e-05,2.2580527001991868e-05,0.9974440336227417,0.9979798197746277,134.01970900000015,Hard
20,I.43.16,5.08014127262868e-05,4.3252253817627206e-05,0.9981904029846191,0.9982781410217285,136.45898789999774,Easy
20,I.43.31,1.3353999747778289e-05,1.7212392776855268e-05,0.9992809295654297,0.9993984699249268,40.24493369999982,Medium
20,I.43.43,2.7632533601718023e-05,4.823762355954386e-05,0.9993273615837097,0.9995591044425964,58.44828090000374,Medium
20,I.44.4,0.00016990980657283217,0.00026808184338733554,0.9793842434883118,0.987545907497406,134.7091727000079,Hard
20,I.47.23,3.183237640769221e-05,4.1280283767264336e-05,0.9990254640579224,0.9992693662643433,11.985798300011083,Easy
20,I.50.26,0.005356845911592245,0.018103061243891716,0.9217076897621155,0.9765969514846802,135.34808720000728,Hard
20,I.6.20a,2.9722978069912642e-06,3.0669466468680184e-06,0.9998423457145691,0.9998365044593811,2.3229805000009947,Hard
20,I.6.20b,1.3691415006178431e-05,1.4946797818993218e-05,0.9991617798805237,0.9992588758468628,37.30940539999574,Hard
20,I.6.20,2.0072091501788236e-05,1.0503270459594205e-05,0.9991755485534668,0.9982933402061462,8.858061199993244,Hard
20,I.9.18,7.756366358080413e-06,9.331242836196907e-06,0.9881884455680847,0.9908214807510376,133.48321169998962,Hard
20,II.10.9,4.314883699407801e-05,5.370472354115918e-05,0.9991015791893005,0.9992966055870056,26.127160299991374,Easy
20,II.11.17,0.004571687430143356,0.011628938838839531,0.8795947432518005,0.9564311504364014,134.6005537000019,Hard
20,II.11.20,0.0005830591544508934,0.0005009419401176274,0.7217999696731567,0.7220029234886169,131.25169639999513,Hard
20,II.11.27,0.0007893145084381104,0.004310417454689741,0.9702520370483398,0.992546021938324,135.47179330000654,Hard
20,II.11.28,0.00032546758302487433,0.000266878807451576,0.999625563621521,0.9995973706245422,5.570953999995254,Hard
20,II.11.3,2.9554426873801276e-05,4.695086317951791e-05,0.9879546165466309,0.9942339658737183,135.7653338000091,Medium
20,II.13.17,0.00023336541198659688,0.0002787846024148166,0.9676327705383301,0.9821848273277283,136.0276550999988,Easy
20,II.13.23,3.816229582298547e-05,0.00018089365039486438,0.9983519911766052,0.9996867775917053,136.1771529000107,Hard
20,II.13.34,6.910042429808527e-05,8.06503085186705e-05,0.9990143775939941,0.9992509484291077,105.47074030000658,Hard
20,II.15.4,0.00014684385678265244,0.0001472534058848396,0.9974661469459534,0.9969857335090637,137.1932564000017,Easy
20,II.15.5,0.00044258974958211184,0.000508305907715112,0.9912533760070801,0.9909149408340454,137.17034130000684,Easy
20,II.2.42,0.005090473219752312,0.00490654306486249,0.7475681304931641,0.7217443585395813,122.36413739999989,Easy
20,II.21.32,0.00014380132779479027,0.013851228170096874,0.5132946968078613,0.9827991127967834,115.32204009999987,Medium
20,II.24.17,2.5204684789059684e-05,5.486094960360788e-05,0.9991853833198547,0.9996364712715149,4.078617799998028,Hard
20,II.27.16,4.068962880410254e-05,6.0848215071018785e-05,0.9964928030967712,0.9974038004875183,113.30596800000058,Easy
20,II.27.18,3.225818363716826e-05,3.285355705884285e-05,0.9990398287773132,0.9991459846496582,11.531921200003126,Easy
20,II.3.24,1.6802263189674704e-06,1.1717634151864331e-06,0.9994012117385864,0.9991129040718079,13.996778500004439,Easy
20,II.34.11,3.3209271350642666e-05,3.070131424465217e-05,0.9948620796203613,0.9954977035522461,118.53756100000464,Easy
20,II.34.29a,2.3086764144863992e-07,2.6011340992226906e-07,0.9992305636405945,0.9993672370910645,10.643168399998103,Medium
20,II.34.29b,3.283092883066274e-05,7.013598951743916e-05,0.994304895401001,0.9967851042747498,119.49641260001226,Easy
20,II.34.2a,1.1411287914597779e-06,1.3406064454102307e-06,0.9990085959434509,0.9992181062698364,42.00491210000473,Medium
20,II.34.2,4.9283180487691425e-06,4.650251867133193e-06,0.9992229342460632,0.9991120100021362,6.889249700005166,Medium
20,II.35.18,6.727869731548708e-06,1.7094977010856383e-05,0.9991004467010498,0.9996554255485535,65.905869299997,Hard
20,II.35.21,4.434434958966449e-05,7.013243157416582e-05,0.9932560920715332,0.9958363771438599,117.3760154999909,Hard
20,II.36.38,0.0007442158530466259,0.0033646621741354465,0.9701961278915405,0.9948493242263794,118.3917752999987,Hard
20,II.37.1,7.724260649411008e-05,8.030592289287597e-05,0.9993712902069092,0.9993632435798645,13.75671030000376,Medium
20,II.38.14,9.425664757145569e-06,7.513519904023269e-06,0.9993337988853455,0.9991753697395325,3.620520900003612,Easy
20,II.38.3,1.2451978363969829e-05,1.8716951672104187e-05,0.9992169141769409,0.9995779395103455,56.473191000011866,Easy
20,II.4.23,5.903916076022142e-07,4.990816364625061e-07,0.9994089603424072,0.9993346333503723,12.695103799997014,Easy
20,II.6.11,0.0003921057505067438,0.000532798352651298,0.7318043112754822,0.7461786866188049,121.01970459999575,Medium
20,II.6.15a,0.010209728963673115,0.02714102528989315,0.7816773056983948,0.9480258822441101,120.14273189999221,Hard
20,II.6.15b,0.00010907358227996156,0.0002837376669049263,0.9697903394699097,0.9884021878242493,116.38430549998884,Hard
20,II.8.31,7.87923090683762e-06,7.266263764904579e-06,0.9992170929908752,0.9991999268531799,2.2910577000002377,Easy
20,II.8.7,1.4484592725239054e-07,2.202770730264092e-07,0.9990741610527039,0.9994206428527832,17.618246400001226,Medium
20,III.10.19,3.226028638891876e-05,8.610891381977126e-05,0.9991633892059326,0.999687910079956,24.110114499999327,Hard
20,III.12.43,3.171266143908724e-05,3.002375342475716e-05,0.99936842918396,0.9993507266044617,4.792961900006048,Easy
20,III.13.18,0.0001850092230597511,0.00021518779976759106,0.9965903162956238,0.9976914525032043,119.38428620000195,Medium
20,III.14.14,0.0008908190065994859,0.005442009307444096,0.9316449761390686,0.9935091137886047,119.25069699999585,Medium
20,III.15.12,0.0004946223925799131,0.0006202358636073768,0.9992735385894775,0.99937504529953,37.039285100006964,Medium
20,III.15.14,3.8315574784064665e-05,3.652772284112871e-05,0.9992914795875549,0.9992859363555908,34.691493999998784,Medium
20,III.15.27,0.003914468456059694,0.004215359687805176,0.9991992712020874,0.9992923736572266,18.682708499996806,Easy
20,III.17.37,0.0001135399506893009,0.00013450464757625014,0.999062180519104,0.9991810917854309,24.12982010000269,Medium
20,III.19.51,1.5544303622050393e-08,5.414995030150749e-08,0.9078316688537598,0.9554529786109924,116.19470740000543,Medium
20,III.21.20,2.3930084353196435e-05,2.079623118333984e-05,0.9991299510002136,0.9991888999938965,51.678232799997204,Hard
20,III.4.32,0.0020602471195161343,0.002415624214336276,0.9992424249649048,0.99931401014328,19.837175799999386,Medium
20,III.4.33,0.00036935211392119527,0.00045694166328758,0.9992918372154236,0.9993921518325806,14.554360399997677,Hard
20,III.7.38,0.00020274192502256483,0.00020353418949525803,0.9990468621253967,0.99912029504776,10.268829099994036,Easy
20,III.8.54,0.08407012373209,0.08493738621473312,0.30338549613952637,0.3233572840690613,104.43385990000388,Medium
20,III.9.52,0.00029645569156855345,0.0003678457869682461,0.9822244048118591,0.9884555339813232,111.2935135000007,Hard
