Main Network Layers,Function,train MSE,test MSE,R2 Score,time,Level
1,I.10.7,0.0007828156230971217,0.0010528505081310868,0.9904081225395203,3.088965700007975,Medium
1,I.11.19,0.09440182149410248,0.21086154878139496,0.3409576416015625,5.276195800048299,Medium
1,I.12.11,0.014585629105567932,0.0247605349868536,0.800304651260376,5.201134900038596,Medium
1,I.12.1,0.0010924305533990264,0.0009707343415357172,0.990592896938324,0.5720346000161953,Easy
1,I.12.2,0.0002602339955046773,0.0004400723264552653,0.6001383066177368,5.06429340003524,Medium
1,I.12.4,1.781208993634209e-05,3.11576368403621e-05,0.9904502630233765,4.896524899988435,Easy
1,I.12.5,0.001369098317809403,0.0009529225644655526,0.9907655119895935,0.2685094000189565,Easy
1,I.13.12,0.00029361675842665136,0.000583888788241893,0.9540361762046814,5.207562199968379,Medium
1,I.13.4,0.004298652522265911,0.006815197877585888,0.9324111938476562,5.1830123999970965,Medium
1,I.14.3,0.0002900781109929085,0.0003897537535522133,0.9903268814086914,1.7662810999900103,Easy
1,I.14.4,7.956204353831708e-05,7.811185787431896e-05,0.9908682703971863,0.6308661999646574,Easy
1,I.15.10,0.0010124321561306715,0.0010359518928453326,0.9903926849365234,1.482941300026141,Medium
1,I.15.3t,0.008919300511479378,0.020943844690918922,0.953982949256897,5.171725600026548,Hard
1,I.15.3x,0.004160104785114527,0.01494003925472498,0.9735744595527649,5.146689900022466,Hard
1,I.16.6,0.003385437186807394,0.0032435923349112272,0.9909315705299377,0.1788117000251077,Medium
1,I.18.12,0.00356662436388433,0.004886902403086424,0.9018319845199585,5.050685299967881,Easy
1,I.18.16,0.0014717380981892347,0.0021459858398884535,0.8851037621498108,5.231861799955368,Easy
1,I.18.4,0.0011441238457337022,0.001692729303613305,0.9901062250137329,1.3252316000289284,Medium
1,I.24.6,3.3493190130684525e-05,5.697447340935469e-05,0.9667201042175293,5.168888499960303,Medium
1,I.25.13,0.0033492723014205694,0.0023729782551527023,0.9924348592758179,0.2000327999703586,Easy
1,I.26.2,0.0020141787827014923,0.0019873951096087694,0.9908452033996582,0.38900359999388456,Easy
1,I.27.6,0.00031682741246186197,0.0003131991543341428,0.9900088906288147,0.5383541000192054,Easy
1,I.29.16,0.03329779580235481,0.050447069108486176,0.6356561183929443,5.250448899983894,Hard
1,I.29.4,0.001285952515900135,0.0011193531099706888,0.9902729392051697,0.4442742000101134,Medium
1,I.30.3,0.026469940319657326,0.042215071618556976,0.7611956596374512,5.088127699971665,Hard
1,I.30.5,0.0017641497543081641,0.0014186423504725099,0.991005003452301,0.2268540000077337,Easy
1,I.32.17,0.005702775903046131,3.522674322128296,0.22648823261260986,5.329985600023065,Hard
1,I.32.5,0.0007478109328076243,0.011581170372664928,0.922444760799408,5.1116422999766655,Medium
1,I.34.10,0.0034653563052415848,0.0026335264556109905,0.990043044090271,0.964536199986469,Medium
1,I.34.14,0.0016066443640738726,0.001318346126936376,0.990788996219635,0.7316012000082992,Hard
1,I.34.27,0.0011683187913149595,0.001018249080516398,0.9901324510574341,0.46481029997812584,Medium
1,I.34.8,0.0056210593320429325,0.007995843887329102,0.7592786550521851,5.256285400013439,Medium
1,I.37.4,0.00763674033805728,0.00792368222028017,0.9900393486022949,0.7978910999954678,Hard
1,I.38.12,0.08473023772239685,0.1584465652704239,0.9841387271881104,5.270032600034028,Medium
1,I.39.10,0.0010362331522628665,0.0008122586295939982,0.9924057126045227,0.19848439999623224,Medium
1,I.39.11,0.0005069145699962974,0.0005903170094825327,0.9902139902114868,1.104465499985963,Medium
1,I.39.22,0.00020760353072546422,0.00023313050041906536,0.9902462959289551,3.849370900017675,Hard
1,I.40.1,0.0008478375384584069,0.0011572849471122026,0.9864091873168945,5.309786099998746,Hard
1,I.41.16,5.815736221848056e-05,8.728910324862227e-05,0.9901193976402283,2.1415963000035845,Hard
1,I.43.16,0.00020449237490538508,0.00023860660439822823,0.9900172352790833,1.4193330999696627,Easy
1,I.43.31,0.000258272368228063,0.0002318625629413873,0.9903134703636169,0.8207691000425257,Medium
1,I.43.43,0.0005813403404317796,0.0006912793614901602,0.9903604984283447,0.5458891000016592,Medium
1,I.44.4,6.842953007435426e-05,0.00012907589552924037,0.9900739192962646,3.820650100009516,Hard
1,I.47.23,0.0004042083164677024,0.0004082645464222878,0.9903616309165955,0.6857923000352457,Easy
1,I.50.26,0.006371116731315851,0.010607668198645115,0.954123854637146,5.067268299986608,Hard
1,I.6.20a,0.0001761871244525537,0.0001916897890623659,0.9901478886604309,0.20910330000333488,Hard
1,I.6.20b,0.0005358377238735557,0.000679901335388422,0.9618715047836304,4.928345499967691,Hard
1,I.6.20,0.00011578384874155745,0.0001263194135390222,0.9900847673416138,0.8190905999508686,Hard
1,I.9.18,0.00017157912952825427,0.00043147377436980605,0.45383620262145996,5.634231699979864,Hard
1,II.10.9,0.0006974780699238181,0.0005547862383536994,0.9907189011573792,0.34274829999776557,Easy
1,II.11.17,0.006729518063366413,0.01758173666894436,0.8179599046707153,5.452893200039398,Hard
1,II.11.20,1.6968291674857028e-05,1.7144249795819633e-05,0.9904788732528687,1.9799771000398323,Hard
1,II.11.27,0.00043706686119548976,0.0014474039198830724,0.9900108575820923,3.59877719997894,Hard
1,II.11.28,0.012794296257197857,0.0069370754063129425,0.9902675747871399,0.3761616999981925,Hard
1,II.11.3,2.9784703656332567e-05,3.749955430976115e-05,0.9903793931007385,3.4201289999764413,Medium
1,II.13.17,7.95953455963172e-05,8.610155782662332e-05,0.9900035262107849,2.411614599986933,Easy
1,II.13.23,0.0007921449141576886,0.0010841299081221223,0.9901232123374939,1.5448800000012852,Hard
1,II.13.34,0.0003887623024638742,0.000810630212072283,0.9900932908058167,2.535541099961847,Hard
1,II.15.4,0.0007697936380282044,0.0010100753279402852,0.9826192855834961,4.9550600000075065,Easy
1,II.15.5,0.0027922107838094234,0.004100772086530924,0.9294365644454956,5.044953399978112,Easy
1,II.2.42,8.066230657277629e-05,0.00018701233784668148,0.9903786182403564,2.4734034999855794,Easy
1,II.21.32,0.0001011382628348656,0.012330862693488598,0.5667173862457275,5.340001100033987,Medium
1,II.24.17,0.0006580200279131532,0.0006712023168802261,0.9900335669517517,1.651649700012058,Hard
1,II.27.16,0.0001620063412701711,0.0001721285516396165,0.9900788068771362,0.6826385000022128,Easy
1,II.27.18,0.00032223519519902766,0.0003037859860341996,0.9911214113235474,0.8254768999759108,Easy
1,II.3.24,1.7671318346401677e-05,1.921262992254924e-05,0.9901818037033081,1.5890251000528224,Easy
1,II.34.11,4.647165769711137e-05,5.9410253015812486e-05,0.9900575876235962,3.1664617999922484,Easy
1,II.34.29a,1.3703675904253032e-05,1.3143528121872805e-05,0.96112060546875,5.109945299976971,Medium
1,II.34.29b,5.8519759477349e-05,0.00011977354006376117,0.9902743101119995,5.025844399991911,Easy
1,II.34.2a,1.2907711607113015e-05,1.340576091024559e-05,0.9900861978530884,3.9122164999716915,Medium
1,II.34.2,6.461922021117061e-05,5.939540278632194e-05,0.9900745749473572,1.5746309999958612,Medium
1,II.35.18,0.00013627155567519367,0.00018616131274029613,0.9902040362358093,1.134179300046526,Hard
1,II.35.21,4.273273953003809e-05,0.00010862195631489158,0.9895549416542053,5.321517499978654,Hard
1,II.36.38,0.0037248958833515644,0.018914420157670975,0.8324576020240784,5.470470000000205,Hard
1,II.37.1,0.0010554342297837138,0.0011803696397691965,0.9907593727111816,0.3522819000063464,Medium
1,II.38.14,0.00010962929081870243,0.00010607610602164641,0.9905943870544434,1.5361399999819696,Easy
1,II.38.3,0.0001912438456201926,0.00023511808831244707,0.9901631474494934,1.3482075000065379,Easy
1,II.4.23,1.96215132746147e-05,1.9414428606978618e-05,0.9770088195800781,4.929935099964496,Easy
1,II.6.11,0.00018654516316018999,0.0002782474330160767,0.8599380850791931,5.285481400031131,Medium
1,II.6.15a,0.0010659784311428666,0.007049781270325184,0.9432914853096008,5.668834000010975,Hard
1,II.6.15b,6.953887350391597e-05,0.0002975263923872262,0.9683222770690918,5.222199399955571,Hard
1,II.8.31,0.00010209078754996881,9.227827831637114e-05,0.9900575280189514,0.942069300042931,Easy
1,II.8.7,1.9741387404792476e-06,2.5647539132478414e-06,0.989220142364502,4.908147800015286,Medium
1,III.10.19,0.0007903311052359641,0.001000325195491314,0.9902811050415039,1.7316871000221,Hard
1,III.12.43,0.0005245950305834413,0.0004640721599571407,0.9902375340461731,0.8652680999948643,Easy
1,III.13.18,0.00030756095657125115,0.0005952664068900049,0.9905679821968079,1.9810299999662675,Medium
1,III.14.14,0.0010867755627259612,0.0022014612331986427,0.9723482728004456,5.397454800026026,Medium
1,III.15.12,0.005215751938521862,0.008473439142107964,0.9900751113891602,0.8696393000427634,Medium
1,III.15.14,0.00031985604437068105,0.00047762866597622633,0.9907359480857849,4.1352145000128075,Medium
1,III.15.27,0.05335205793380737,0.051778122782707214,0.9901643395423889,1.2753849999862723,Easy
1,III.17.37,0.001071302336640656,0.0013624717248603702,0.9905004501342773,2.01280789996963,Medium
1,III.19.51,2.2227807505714736e-07,3.8750346220695064e-07,0.3404325246810913,5.267393500020262,Medium
1,III.21.20,0.00020068720914423466,0.00023197293921839446,0.9902947545051575,1.420389300037641,Hard
1,III.4.32,0.02614772506058216,0.030116938054561615,0.9905550479888916,0.6411018999642693,Medium
1,III.4.33,0.005756644997745752,0.006411873269826174,0.9900632500648499,0.8827673000050709,Hard
1,III.7.38,0.001975805964320898,0.002101591322571039,0.9901581406593323,0.9647786000277847,Easy
1,III.8.54,0.001928861835040152,0.007264259736984968,0.9404221177101135,5.442420499981381,Medium
1,III.9.52,0.00025643344270065427,0.00046212520101107657,0.9776684641838074,5.332768800028134,Hard
5,I.10.7,0.0006310628959909081,0.0010947558330371976,0.9900263547897339,2.1436545999604277,Medium
5,I.11.19,0.027205578982830048,0.13827741146087646,0.5678174495697021,12.775680700025987,Medium
5,I.12.11,0.0099409818649292,0.03539491444826126,0.7145377397537231,12.731534000020474,Medium
5,I.12.1,0.0009698650683276355,0.0008482534321956336,0.9917798042297363,0.5851137000136077,Easy
5,I.12.2,1.3225293514551595e-05,6.587326060980558e-05,0.9401457905769348,12.58436120004626,Medium
5,I.12.4,2.0632087398553267e-05,2.991906694660429e-05,0.9908298850059509,1.9680414000176825,Easy
5,I.12.5,0.0006738245720043778,0.0006368875619955361,0.9938281178474426,0.4739695999887772,Easy
5,I.13.12,7.016937161097303e-05,0.0001236318057635799,0.9902676939964294,2.7962992999819107,Medium
5,I.13.4,0.0008622720488347113,0.002583293477073312,0.9743805527687073,13.875376600015443,Medium
5,I.14.3,0.0003287917352281511,0.0003334417415317148,0.9917244911193848,0.7737720999866724,Easy
5,I.14.4,5.881718607270159e-05,5.621311720460653e-05,0.9934283494949341,0.3461949999909848,Easy
5,I.15.10,0.0010760375298559666,0.0010094523895531893,0.9906384348869324,0.9992231000214815,Medium
5,I.15.3t,0.0016505164094269276,0.009715213440358639,0.9786540865898132,12.635519500006922,Hard
5,I.15.3x,0.0021343212574720383,0.005556244868785143,0.990172266960144,4.312396000023,Hard
5,I.16.6,0.0019557138439267874,0.0019423133926466107,0.994569718837738,0.288364099978935,Medium
5,I.18.12,0.000300648040138185,0.0004688154731411487,0.9905824661254883,5.18954410002334,Easy
5,I.18.16,5.380876245908439e-05,0.00018063848256133497,0.9903286099433899,6.922396600013599,Easy
5,I.18.4,0.0015611086273565888,0.0016565925907343626,0.9903174638748169,0.6577649000100791,Medium
5,I.24.6,2.0061506802449003e-05,7.80167683842592e-05,0.9544289112091064,13.236206399975345,Medium
5,I.25.13,0.0032250438816845417,0.002224789932370186,0.9929072856903076,0.3916771999793127,Easy
5,I.26.2,0.0020264661870896816,0.002135632559657097,0.9901623725891113,0.4284598999656737,Easy
5,I.27.6,0.00024784848210401833,0.00022589584114030004,0.9927939176559448,0.5954385999939404,Easy
5,I.29.16,0.0010064860107377172,0.0029122172854840755,0.9789670705795288,12.592320100055076,Hard
5,I.29.4,0.0013363782782107592,0.0008560071582905948,0.992561399936676,0.357963300019037,Medium
5,I.30.3,0.0031388665083795786,0.009472069330513477,0.9464179277420044,12.661134399997536,Hard
5,I.30.5,0.0017816360341385007,0.001452172757126391,0.9907923936843872,0.5527810999774374,Easy
5,I.32.17,0.0001098424254450947,3.3901760578155518,0.2555822730064392,12.826774499961175,Hard
5,I.32.5,0.0002932692295871675,0.006402656435966492,0.9571235179901123,13.92175480001606,Medium
5,I.34.10,0.0024385498836636543,0.0018248716369271278,0.9931004047393799,0.9025692000286654,Medium
5,I.34.14,0.0015085939085111022,0.0013493204023689032,0.9905725717544556,1.0082184000057168,Hard
5,I.34.27,0.0007203262066468596,0.0006424743914976716,0.9937739968299866,0.9942116999882273,Medium
5,I.34.8,0.0004224191652610898,0.0008430941379629076,0.9746179580688477,13.993187799991574,Medium
5,I.37.4,0.006285553798079491,0.007567175664007664,0.9904875159263611,1.0236388999619521,Hard
5,I.38.12,0.06288495659828186,0.08514314144849777,0.9914767742156982,1.258023200032767,Medium
5,I.39.10,0.0006528300000354648,0.00048149345093406737,0.9954982399940491,0.33834380004554987,Medium
5,I.39.11,0.0004544092807918787,0.0005332742002792656,0.9911596179008484,0.8755211000097916,Medium
5,I.39.22,0.0001908413105411455,0.0002185145567636937,0.9908578395843506,0.9388432999840006,Hard
5,I.40.1,0.0006984880892559886,0.001825824030674994,0.9785581231117249,12.603830000036396,Hard
5,I.41.16,7.514777826145291e-05,8.75107289175503e-05,0.9900943040847778,1.9352012000163086,Hard
5,I.43.16,0.00021851691417396069,0.00020564263104461133,0.9913963675498962,0.7398907000315376,Easy
5,I.43.31,0.00023869493452366441,0.00022970970894675702,0.990403413772583,0.4421132999705151,Medium
5,I.43.43,0.0003785148146562278,0.0006527512450702488,0.9908977746963501,1.3152263999800198,Medium
5,I.44.4,6.058605504222214e-05,0.00012465367035474628,0.990414023399353,2.8958979000453837,Hard
5,I.47.23,0.00040358433034271,0.00037752854404971004,0.9910872578620911,0.678466200013645,Easy
5,I.50.26,0.0007217927486635745,0.002261063316836953,0.9902213215827942,4.267640600039158,Hard
5,I.6.20a,0.0001807443331927061,0.00018916939734481275,0.9902774095535278,0.3348091000225395,Hard
5,I.6.20b,0.0001695756072876975,0.0001761847670422867,0.9901196360588074,0.9433990000397898,Hard
5,I.6.20,0.00013400976604316384,0.0001255509559996426,0.9901450872421265,1.23505750001641,Hard
5,I.9.18,4.96982793265488e-05,0.00027824557037092745,0.6477940082550049,12.763864999986254,Hard
5,II.10.9,0.0006448208005167544,0.00048127409536391497,0.9919487237930298,0.38819409999996424,Easy
5,II.11.17,0.0012109250528737903,0.004567938391119242,0.9527038931846619,12.364280200039502,Hard
5,II.11.20,5.600019449047977e-06,1.7759410184226e-05,0.9901372194290161,7.016703699948266,Hard
5,II.11.27,0.0003319667011965066,0.001406046561896801,0.9902963042259216,2.234667200013064,Hard
5,II.11.28,0.004962699953466654,0.004575637169182301,0.9935805797576904,0.47792849998222664,Hard
5,II.11.3,2.950659290945623e-05,3.823662700597197e-05,0.9901902675628662,1.1459018999594264,Medium
5,II.13.17,6.424707680707797e-05,8.509504550602287e-05,0.9901203513145447,1.9386836000485346,Easy
5,II.13.23,0.001955418847501278,0.0010217857779935002,0.9906911849975586,0.7197755000088364,Hard
5,II.13.34,0.0018465238390490413,0.0007958161877468228,0.9902743697166443,0.6742545000161044,Hard
5,II.15.4,0.00044694237294606864,0.0005481370608322322,0.9905680418014526,0.8230900000198744,Easy
5,II.15.5,0.0004398025630507618,0.0005727536627091467,0.9901444315910339,1.1174815999693237,Easy
5,II.2.42,4.8375957703683525e-05,0.00018988757801707834,0.9902306795120239,5.911416500050109,Easy
5,II.21.32,2.0852206944255158e-05,0.01295720785856247,0.5447088479995728,13.75213999999687,Medium
5,II.24.17,0.0006283567054197192,0.0006104077328927815,0.990936279296875,0.8667061000014655,Hard
5,II.27.16,0.0001464620145270601,0.00016413157572969794,0.9905397295951843,2.1910121999680996,Easy
5,II.27.18,0.00022391430684365332,0.00021488139464054257,0.993719756603241,0.592162000015378,Easy
5,II.3.24,1.702377267065458e-05,1.654866173339542e-05,0.991543173789978,1.4769983000005595,Easy
5,II.34.11,4.9791251512942836e-05,5.267046071821824e-05,0.9911855459213257,0.939627300016582,Easy
5,II.34.29a,2.73994442068215e-06,3.189213430232485e-06,0.990566074848175,2.607884800003376,Medium
5,II.34.29b,6.257349741645157e-05,0.00011244130291743204,0.9908697009086609,1.23595750000095,Easy
5,II.34.2a,1.3061259778623935e-05,1.3106141523167025e-05,0.9903078079223633,1.7289872999535874,Medium
5,II.34.2,5.208065340411849e-05,5.830617010360584e-05,0.9902565479278564,0.9964615000062622,Medium
5,II.35.18,0.00020706414943560958,0.00017419176583644003,0.9908338785171509,1.2697443999932148,Hard
5,II.35.21,4.3376858229748905e-05,8.898675150703639e-05,0.9914430379867554,1.958224900008645,Hard
5,II.36.38,0.0024528400972485542,0.011363416910171509,0.8993437886238098,13.10608160000993,Hard
5,II.37.1,0.0009558260790072381,0.0011112248757854104,0.9913007020950317,0.795820500003174,Medium
5,II.38.14,7.891750283306465e-05,6.368134199874476e-05,0.9943534731864929,0.39039239997509867,Easy
5,II.38.3,0.00024382781703025103,0.0002297353494213894,0.9903883337974548,0.6514290000195615,Easy
5,II.4.23,8.20751392893726e-06,7.817083314876072e-06,0.9907427430152893,1.0832179000135511,Easy
5,II.6.11,7.027239007584285e-06,1.9833345504594035e-05,0.9900164604187012,7.740860600024462,Medium
5,II.6.15a,0.0004430025874171406,0.007254814729094505,0.941642165184021,12.749036900000647,Hard
5,II.6.15b,9.072610555449501e-05,0.0002986823092214763,0.9681991934776306,12.610260299989022,Hard
5,II.8.31,8.916021033655852e-05,8.846995478961617e-05,0.9904678463935852,0.29565980000188574,Easy
5,II.8.7,2.4519986254745163e-06,2.3153393158281688e-06,0.9902684092521667,0.5310533000156283,Medium
5,III.10.19,0.0008272462873719633,0.0009753730264492333,0.9905235171318054,0.947931399976369,Hard
5,III.12.43,0.00044423615327104926,0.0003808449546340853,0.9919883608818054,0.40381800004979596,Easy
5,III.13.18,0.0007002453785389662,0.0006135085714049637,0.990278959274292,0.6590099000022747,Medium
5,III.14.14,0.00012923654867336154,0.0012252633459866047,0.9846099019050598,12.709903299983125,Medium
5,III.15.12,0.005550756584852934,0.00816651526838541,0.9904345870018005,1.1427996999700554,Medium
5,III.15.14,0.0004122671380173415,0.0005098737310618162,0.9901105165481567,0.5544778000330552,Medium
5,III.15.27,0.053971078246831894,0.044281166046857834,0.9915884733200073,0.6248126999707893,Easy
5,III.17.37,0.0010009496472775936,0.0013701244024559855,0.9904470443725586,1.325399000023026,Medium
5,III.19.51,3.9223186831804924e-07,6.759507868991932e-07,-0.15053200721740723,12.684454399975948,Medium
5,III.21.20,0.00016122739179991186,0.00019843984046019614,0.9916976690292358,1.2308988999575377,Hard
5,III.4.32,0.02447912096977234,0.031210124492645264,0.9902122020721436,0.4668410000158474,Medium
5,III.4.33,0.00494665140286088,0.005315114744007587,0.9917629361152649,0.6146279000095092,Hard
5,III.7.38,0.0025422475300729275,0.002128002932295203,0.9900344610214233,0.5918540999991819,Easy
5,III.8.54,0.0005044598365202546,0.0011459087254479527,0.9906018376350403,8.519947000022512,Medium
5,III.9.52,9.825082088354975e-05,0.0001932982268044725,0.9906591773033142,7.773900199972559,Hard
10,I.10.7,0.0003462470485828817,0.0010733690578490496,0.9902212023735046,2.51365259999875,Medium
10,I.11.19,0.06002866476774216,0.2530376613140106,0.2091372013092041,21.46723390003899,Medium
10,I.12.11,0.009320462122559547,0.04219605773687363,0.6596860289573669,21.32435550005175,Medium
10,I.12.1,0.0010214231442660093,0.0010150576708838344,0.9901633858680725,0.7403308000066318,Easy
10,I.12.2,2.739807996476884e-06,8.170683577191085e-05,0.925758957862854,20.855676700011827,Medium
10,I.12.4,1.7792441212804988e-05,2.464833414705936e-05,0.9924453496932983,1.6610789999831468,Easy
10,I.12.5,0.0009297637152485549,0.0008813948952592909,0.9914586544036865,0.7394611000199802,Easy
10,I.13.12,5.478089224197902e-05,0.0001233034854521975,0.9902935028076172,5.540152100031264,Medium
10,I.13.4,0.0023631469812244177,0.01038630586117506,0.8969951868057251,21.204264500003774,Medium
10,I.14.3,0.0003168285184074193,0.0003907113859895617,0.9903031587600708,1.40031659998931,Easy
10,I.14.4,6.704963016090915e-05,6.250054138945416e-05,0.992693305015564,0.8154803000506945,Easy
10,I.15.10,0.000649495399557054,0.0010631331242620945,0.9901405572891235,14.458806700014975,Medium
10,I.15.3t,0.0032569195609539747,0.015905605629086494,0.9650527834892273,21.460875499993563,Hard
10,I.15.3x,0.0023432353045791388,0.005503111518919468,0.9902662634849548,9.133904299989808,Hard
10,I.16.6,0.002102202968671918,0.0021349159069359303,0.9940311908721924,0.49869660002877936,Medium
10,I.18.12,0.0007916532922536135,0.001069680554792285,0.9785122871398926,21.5486627999926,Easy
10,I.18.16,0.0006886427290737629,0.002847450552508235,0.8475472927093506,21.122798299998976,Easy
10,I.18.4,0.0016461684135720134,0.0016154960030689836,0.9905576705932617,0.676318000012543,Medium
10,I.24.6,1.0520067007746547e-05,8.718917524674907e-05,0.9490711092948914,21.025474899972323,Medium
10,I.25.13,0.003356453264132142,0.0025450822431594133,0.9918861985206604,0.8161844999995083,Easy
10,I.26.2,0.0017715349094942212,0.0017847392009571195,0.9917787313461304,0.651463300047908,Easy
10,I.27.6,0.0002892448683269322,0.0002922206767834723,0.9906781315803528,1.5779664000147022,Easy
10,I.29.16,0.0016687551978975534,0.003225988009944558,0.9767009615898132,20.783738999976777,Hard
10,I.29.4,0.0008234507986344397,0.0009331052424386144,0.9918913841247559,0.6543477999512106,Medium
10,I.30.3,0.0020599081180989742,0.007445257157087326,0.9578832983970642,21.43411859998014,Hard
10,I.30.5,0.0014058031374588609,0.0010319603607058525,0.9934567809104919,0.5209767000051215,Easy
10,I.32.17,0.00013515184400603175,3.2707762718200684,0.28180015087127686,21.934911300020758,Hard
10,I.32.5,0.000157136979396455,0.010011529549956322,0.9329560995101929,21.90731759998016,Medium
10,I.34.10,0.0025766456965357065,0.0026011222507804632,0.9901655316352844,1.4413819999899715,Medium
10,I.34.14,0.0012821296695619822,0.0011039981618523598,0.9922865629196167,0.9062330999877304,Hard
10,I.34.27,0.000508432334754616,0.00047431045095436275,0.9954035878181458,0.4904820999945514,Medium
10,I.34.8,0.001845409395173192,0.0050303260795772076,0.8485580086708069,21.18434849998448,Medium
10,I.37.4,0.006397121120244265,0.007244506850838661,0.9908931255340576,1.2988464999943972,Hard
10,I.38.12,0.06605807691812515,0.09045183658599854,0.9909453392028809,4.917351000010967,Medium
10,I.39.10,0.0009892830858007073,0.0008472802583128214,0.9920783042907715,0.5760011000093073,Medium
10,I.39.11,0.0005937791429460049,0.0005633309483528137,0.9906613826751709,1.1698818000149913,Medium
10,I.39.22,0.0002062738494714722,0.00021711031149607152,0.9909165501594543,2.396877899998799,Hard
10,I.40.1,0.00028816715348511934,0.0007702764705754817,0.9909541010856628,11.068534799967892,Hard
10,I.41.16,5.011443136027083e-05,8.26648756628856e-05,0.990642786026001,1.7275640000007115,Hard
10,I.43.16,0.0001819142053136602,0.00017765721713658422,0.9925671815872192,2.1783293000189587,Easy
10,I.43.31,0.00019759645510930568,0.0001754341064952314,0.9926708936691284,0.6097104000509717,Medium
10,I.43.43,0.0006803494179621339,0.0007002739002928138,0.9902350902557373,1.3077333000255749,Medium
10,I.44.4,6.445076724048704e-05,0.00011017092037945986,0.9915277361869812,3.164713500009384,Hard
10,I.47.23,0.0004399591125547886,0.00038965747808106244,0.9908009171485901,1.0987713999929838,Easy
10,I.50.26,0.00044229693594388664,0.002090493915602565,0.9909589886665344,14.597313400008716,Hard
10,I.6.20a,0.00010250102786812931,0.00012360632536001503,0.9936470985412598,0.5924600000143982,Hard
10,I.6.20b,0.00012704086839221418,0.00016899031470529735,0.990523099899292,2.310950800019782,Hard
10,I.6.20,0.00013819737068843096,0.00012608285760506988,0.9901033639907837,1.746244999987539,Hard
10,I.9.18,6.579945875273552e-06,1.843087375164032e-05,0.9766700267791748,21.889975800004322,Hard
10,II.10.9,0.0007825814536772668,0.0005372604355216026,0.9910120964050293,0.49165899999206886,Easy
10,II.11.17,0.0002477745583746582,0.0011032142210751772,0.9885773658752441,20.897544000006747,Hard
10,II.11.20,9.636260074330494e-06,1.5719153452664614e-05,0.9912703037261963,3.224136399978306,Hard
10,II.11.27,0.00014206099149305373,0.002821994014084339,0.9805242419242859,21.30489289999241,Hard
10,II.11.28,0.006778724491596222,0.005988666322082281,0.9915981292724609,0.6678780000074767,Hard
10,II.11.3,2.8962282158317976e-05,3.8830232369946316e-05,0.9900379776954651,1.664242600032594,Medium
10,II.13.17,9.54288334469311e-05,7.454543083440512e-05,0.9913451671600342,1.2607476999983191,Easy
10,II.13.23,0.0002526714524719864,0.0010648287134245038,0.9902990460395813,2.205936200043652,Hard
10,II.13.34,0.0002917659585364163,0.0008147497428581119,0.9900429844856262,1.5739902000059374,Hard
10,II.15.4,0.0002680902252905071,0.0005214776028878987,0.991026759147644,8.729077800002415,Easy
10,II.15.5,0.0003620075585786253,0.00048107493785209954,0.9917219877243042,1.2442935000290163,Easy
10,II.2.42,0.00010954580648103729,0.00018577789887785912,0.9904420971870422,2.6179471000214107,Easy
10,II.21.32,1.4771772839594632e-05,0.01357743889093399,0.5229151248931885,21.6702872000169,Medium
10,II.24.17,0.0005362884839996696,0.0005330470739863813,0.9920849800109863,0.5396811999962665,Hard
10,II.27.16,0.00012087179493391886,0.00014666109927929938,0.9915466904640198,1.6235451999818906,Easy
10,II.27.18,0.00034889965900219977,0.00033656141022220254,0.9901635050773621,1.237698100041598,Easy
10,II.3.24,1.5601914128637873e-05,1.8091193851432763e-05,0.9907549023628235,1.2412113000173122,Easy
10,II.34.11,4.376753713586368e-05,5.878424781258218e-05,0.9901623725891113,1.9092586999759078,Easy
10,II.34.29a,1.7404920527042123e-06,3.3002238524204586e-06,0.9902377128601074,11.250887600006536,Medium
10,II.34.29b,6.147857493488118e-05,0.00011086119775427505,0.9909979701042175,3.348678199981805,Easy
10,II.34.2a,1.4772806025575846e-05,1.233968032465782e-05,0.9908745884895325,1.653445300005842,Medium
10,II.34.2,5.3651219786843285e-05,5.853828406543471e-05,0.9902178049087524,1.3715285999933258,Medium
10,II.35.18,0.00019857040024362504,0.00018935689877253026,0.990035891532898,2.3568808000418358,Hard
10,II.35.21,5.0415401346981525e-05,9.636898175813258e-05,0.9907331466674805,1.9980275999987498,Hard
10,II.36.38,0.00025294648366980255,0.0010651805205270648,0.9905647039413452,13.70442780002486,Hard
10,II.37.1,0.0011446129065006971,0.0009925930062308908,0.9922294020652771,0.5858758999966085,Medium
10,II.38.14,8.832009916659445e-05,8.340075146406889e-05,0.9926049709320068,0.6680173000204377,Easy
10,II.38.3,0.00023711950052529573,0.00021452810324262828,0.9910246133804321,1.4917784999706782,Easy
10,II.4.23,9.299494195147417e-06,8.107833309622947e-06,0.9903984665870667,2.1435287999920547,Easy
10,II.6.11,5.484874691319419e-06,1.6826264982228167e-05,0.9915301203727722,9.670293999952264,Medium
10,II.6.15a,0.000227655385970138,0.00504807336255908,0.9593932628631592,21.293592099973466,Hard
10,II.6.15b,2.0012872482766397e-05,9.251475421478972e-05,0.9901499152183533,18.16593960003229,Hard
10,II.8.31,9.022463927976787e-05,7.624354475410655e-05,0.9917851686477661,0.7714079999714158,Easy
10,II.8.7,1.934929969138466e-06,2.1581126929959282e-06,0.9909292459487915,1.6520818999852054,Medium
10,III.10.19,0.0008247371297329664,0.0010223903227597475,0.9900667071342468,2.9363205000408925,Hard
10,III.12.43,0.00044835780863650143,0.00040850957157090306,0.9914063811302185,0.8255143000278622,Easy
10,III.13.18,0.00046406660112552345,0.000594196142628789,0.9905849099159241,2.330408400041051,Medium
10,III.14.14,0.00014834555622655898,0.0017332222778350115,0.9782296419143677,21.54164219996892,Medium
10,III.15.12,0.007941287010908127,0.00797903724014759,0.9906541705131531,1.7014255999820307,Medium
10,III.15.14,0.00025484967045485973,0.0003521231410559267,0.9931702017784119,2.2636872000293806,Medium
10,III.15.27,0.03263629227876663,0.027313416823744774,0.9948115944862366,1.2410042000119574,Easy
10,III.17.37,0.0010165625717490911,0.0013451656559482217,0.9906210899353027,1.614257399982307,Medium
10,III.19.51,1.1377688124980523e-08,1.0003603279074014e-07,0.8297291994094849,21.853513100009877,Medium
10,III.21.20,0.0002024045679718256,0.00017487800505477935,0.992683470249176,2.184049000032246,Hard
10,III.4.32,0.028740370646119118,0.030769364908337593,0.9903504252433777,0.9723767000250518,Medium
10,III.4.33,0.0053551881574094296,0.00591487530618906,0.9908335208892822,0.595899100007955,Hard
10,III.7.38,0.0021545852068811655,0.0017481081886216998,0.9918135404586792,0.9736169000389054,Easy
10,III.8.54,0.00041159248212352395,0.001195888384245336,0.9901919364929199,8.90502629999537,Medium
10,III.9.52,7.355160778388381e-05,0.00048673973651602864,0.9764790534973145,21.397712799953297,Hard
15,I.10.7,0.0002810756559483707,0.0010086428374052048,0.9908108711242676,3.8980702999979258,Medium
15,I.11.19,0.05449498072266579,0.24980808794498444,0.21923118829727173,29.71084819996031,Medium
15,I.12.11,0.007284149061888456,0.02826731465756893,0.7720222473144531,29.350061000033747,Medium
15,I.12.1,0.0009264464606530964,0.0008967490284703672,0.9913098812103271,1.988891200046055,Easy
15,I.12.2,3.34229230247729e-06,7.992267637746409e-05,0.9273800849914551,29.197283099987544,Medium
15,I.12.4,2.7927677365369163e-05,3.1969906558515504e-05,0.9902012944221497,3.1716597999911755,Easy
15,I.12.5,0.0009524606284685433,0.0009188024559989572,0.9910961389541626,0.8231591999647208,Easy
15,I.13.12,6.590009434148669e-05,0.00012213276932016015,0.9903857111930847,13.186760700016748,Medium
15,I.13.4,0.0019427293445914984,0.005127211567014456,0.9491515755653381,29.111689599987585,Medium
15,I.14.3,0.00037688284646719694,0.00037201735540293157,0.9907671213150024,1.2169935999554582,Easy
15,I.14.4,3.1355186365544796e-05,3.0329802029882558e-05,0.9964542388916016,1.3420409999671392,Easy
15,I.15.10,0.0007808597292751074,0.0009148511453531682,0.9915157556533813,3.7643804000108503,Medium
15,I.15.3t,0.0010633445344865322,0.004505265038460493,0.9901012182235718,24.586890699982177,Hard
15,I.15.3x,0.001976324710994959,0.0054580955766141415,0.99034583568573,10.551744700002018,Hard
15,I.16.6,0.001556448987685144,0.0015045664040371776,0.9957935214042664,0.7340301999938674,Medium
15,I.18.12,0.00035613239742815495,0.00046232016757130623,0.9907129406929016,10.84038170002168,Easy
15,I.18.16,0.0023600985296070576,0.0050901793874800205,0.7274713516235352,30.354019000020344,Easy
15,I.18.4,0.0015118987066671252,0.0016644346760585904,0.9902716279029846,0.7415343000320718,Medium
15,I.24.6,8.75821388035547e-06,5.159359352546744e-05,0.9698631763458252,30.56077490001917,Medium
15,I.25.13,0.0035064511466771364,0.0030222448986023664,0.9903649687767029,0.3703311000135727,Easy
15,I.26.2,0.0023213301319628954,0.0020391640719026327,0.9906067848205566,1.877715900016483,Easy
15,I.27.6,0.00028611760353669524,0.0002593703684397042,0.9917260408401489,1.1682454000110738,Easy
15,I.29.16,0.00461183488368988,0.012907016091048717,0.9067816734313965,29.54613590001827,Hard
15,I.29.4,0.001073331106454134,0.0009964997880160809,0.9913405179977417,1.078341000014916,Medium
15,I.30.3,0.003057484282180667,0.006052107084542513,0.9657641649246216,30.433973999985028,Hard
15,I.30.5,0.001515506999567151,0.0014383109519258142,0.9908802509307861,1.135320600005798,Easy
15,I.32.17,0.0017059635138139129,3.4326860904693604,0.24624788761138916,31.090139299980365,Hard
15,I.32.5,0.0008416217751801014,0.015189234167337418,0.8982827663421631,29.90926899999613,Medium
15,I.34.10,0.0025300064589828253,0.002117268042638898,0.9919949173927307,1.1705215999973007,Medium
15,I.34.14,0.001249489258043468,0.001251386827789247,0.991256833076477,1.6530117999645881,Hard
15,I.34.27,0.0007308313506655395,0.0007275710231624544,0.9929493069648743,0.9335562000051141,Medium
15,I.34.8,0.0005130376666784286,0.0006578956381417811,0.9801934957504272,30.122766999993473,Medium
15,I.37.4,0.0053019169718027115,0.00737219350412488,0.9907326102256775,2.050571799976751,Hard
15,I.38.12,0.08631403744220734,0.09006908535957336,0.9909836649894714,2.504500199982431,Medium
15,I.39.10,0.0008026588475331664,0.0007012768764980137,0.9934433698654175,0.9553541000350378,Medium
15,I.39.11,0.0003932631225325167,0.0004469752893783152,0.9925902485847473,1.051005500019528,Medium
15,I.39.22,0.00017462896357756108,0.0001855357550084591,0.9922375679016113,2.3433943999698386,Hard
15,I.40.1,0.0008242348558269441,0.0049538081511855125,0.9418240189552307,29.751526699983515,Hard
15,I.41.16,4.7381978220073506e-05,8.774500747676939e-05,0.9900677800178528,4.4686155000235885,Hard
15,I.43.16,0.0002283946960233152,0.0002319014020031318,0.9902977347373962,1.758489100029692,Easy
15,I.43.31,0.00019151813467033207,0.00019826562493108213,0.9917170405387878,1.9614127000095323,Medium
15,I.43.43,0.0006318762898445129,0.0007167591247707605,0.9900051951408386,1.9696731999865733,Medium
15,I.44.4,6.868156924610958e-05,0.00012329341552685946,0.9905186295509338,10.254268699965905,Hard
15,I.47.23,0.0002881881664507091,0.0002834587940014899,0.9933080673217773,1.6392758000292815,Easy
15,I.50.26,0.002579068299382925,0.007691667880862951,0.9667350053787231,29.600781899993308,Hard
15,I.6.20a,0.00011440825619501993,0.00011545429151738063,0.9940661191940308,0.725442299968563,Hard
15,I.6.20b,0.00013816521095577627,0.00014499957615043968,0.9918684959411621,2.5253183000022545,Hard
15,I.6.20,0.00014510785695165396,0.00010572797327768058,0.991701066493988,2.6290273999911733,Hard
15,I.9.18,0.00035052982275374234,0.0012062988243997097,-0.5269451141357422,31.184382600011304,Hard
15,II.10.9,0.0007145951967686415,0.0005653671105392277,0.990541934967041,1.2039943999843672,Easy
15,II.11.17,0.0026157221291214228,0.01311610545963049,0.8641967177391052,30.771885800000746,Hard
15,II.11.20,1.054646691045491e-05,1.6820096789160743e-05,0.9906588792800903,4.751206999993883,Hard
15,II.11.27,0.00024424432194791734,0.0014457281213253736,0.9900224208831787,7.705932500015479,Hard
15,II.11.28,0.003677579341456294,0.003333337139338255,0.9953234791755676,2.274625800026115,Hard
15,II.11.3,1.999279993469827e-05,3.6058911064174026e-05,0.9907490015029907,4.529507100000046,Medium
15,II.13.17,6.984528590692207e-05,8.07320247986354e-05,0.9906269311904907,4.238706499978434,Easy
15,II.13.23,0.0003570182016119361,0.0010040776105597615,0.9908524751663208,5.076621800020803,Hard
15,II.13.34,0.00020481407409533858,0.0007678166148252785,0.9906165599822998,4.766348500037566,Hard
15,II.15.4,0.0002943726140074432,0.0004177840310148895,0.9928110241889954,1.852035500050988,Easy
15,II.15.5,0.0008458351367153227,0.00521950563415885,0.9101861715316772,29.801090999972075,Easy
15,II.2.42,4.8245601647067815e-05,0.0001786466600606218,0.9908089637756348,7.7070353999733925,Easy
15,II.21.32,6.278263754211366e-05,0.015598851256072521,0.4518866539001465,29.764027800003532,Medium
15,II.24.17,0.0006486635538749397,0.000628370966296643,0.9906695485115051,0.9294719999888912,Hard
15,II.27.16,9.488894284004346e-05,0.0001709009666228667,0.9901495575904846,4.774941799987573,Easy
15,II.27.18,0.0002673291601240635,0.00020202240557409823,0.9940955638885498,0.9209827000158839,Easy
15,II.3.24,1.3361523997446056e-05,1.3900031262892298e-05,0.9928966760635376,1.3834581000264734,Easy
15,II.34.11,5.2737424994120374e-05,5.1037575758527964e-05,0.9914587736129761,2.6875023000175133,Easy
15,II.34.29a,3.667604005386238e-06,3.3620467547734734e-06,0.9900548458099365,5.253156699996907,Medium
15,II.34.29b,7.93364379205741e-05,8.500455442117527e-05,0.9930975437164307,4.252598299994133,Easy
15,II.34.2a,1.091954891307978e-05,1.1917194569832645e-05,0.9911870360374451,2.442517100018449,Medium
15,II.34.2,5.839702862431295e-05,5.767524999100715e-05,0.9903619885444641,1.5178784999880008,Medium
15,II.35.18,0.00019350888032931834,0.00035327710793353617,0.9814103245735168,29.99423289997503,Hard
15,II.35.21,3.259607547079213e-05,0.00010344813927076757,0.9900524616241455,5.192379999964032,Hard
15,II.36.38,0.0012474486138671637,0.007761132437735796,0.9312525391578674,30.692269900057,Hard
15,II.37.1,0.0006961441249586642,0.0006460007862187922,0.9949427247047424,1.5535292000276968,Medium
15,II.38.14,5.715907536796294e-05,6.130936526460573e-05,0.9945638179779053,1.1857798999990337,Easy
15,II.38.3,0.00025559077039361,0.00023587340547237545,0.9901315569877625,1.7534912999835797,Easy
15,II.4.23,1.0821658179338556e-05,7.684421689191367e-06,0.9908998608589172,1.5848017999669537,Easy
15,II.6.11,2.3570324628963135e-05,0.0001419716572854668,0.9285354614257812,29.86626999999862,Medium
15,II.6.15a,0.000295048113912344,0.004522635601460934,0.9636198878288269,29.659547699964605,Hard
15,II.6.15b,7.929818821139634e-05,0.0003427871852181852,0.963503360748291,30.838806400017347,Hard
15,II.8.31,7.258816185640171e-05,6.498033326352015e-05,0.9929987192153931,1.457163999963086,Easy
15,II.8.7,2.1242822185740806e-06,2.3184377369034337e-06,0.9902554154396057,2.6450751000083983,Medium
15,III.10.19,0.0007128962315618992,0.0008356338948942721,0.9918811917304993,2.764544300036505,Hard
15,III.12.43,0.0005694944993592799,0.00045080643030814826,0.9905166029930115,0.9578008000389673,Easy
15,III.13.18,0.0005242755869403481,0.0004719204152934253,0.9925224184989929,2.2354731999803334,Medium
15,III.14.14,0.0004350973467808217,0.001450537471100688,0.9817803502082825,29.712899899983313,Medium
15,III.15.12,0.006260925438255072,0.006985785905271769,0.9918175935745239,1.5211284999968484,Medium
15,III.15.14,0.00039577725692652166,0.0005007784347981215,0.9902868866920471,1.832861699978821,Medium
15,III.15.27,0.03791394084692001,0.03307295963168144,0.9937175512313843,3.445867200032808,Easy
15,III.17.37,0.0011047730222344398,0.0013810723321512341,0.9903707504272461,2.1323460999992676,Medium
15,III.19.51,2.5166502837237203e-07,4.245013656145602e-07,0.27745866775512695,30.931565600039903,Medium
15,III.21.20,0.00016854416753631085,0.00018337744404561818,0.992327868938446,4.67279589996906,Hard
15,III.4.32,0.025378916412591934,0.03154103830456734,0.9901084303855896,1.107612599967979,Medium
15,III.4.33,0.005357377231121063,0.005565005354583263,0.9913756847381592,1.1348628000123426,Hard
15,III.7.38,0.001417212886735797,0.001200461178086698,0.9943782091140747,1.25861109996913,Easy
15,III.8.54,0.0003090238606091589,0.0012065833434462547,0.9901041984558105,11.424871299997903,Medium
15,III.9.52,0.00010816327994689345,0.000200750888325274,0.9902989864349365,28.08963619999122,Hard
20,I.10.7,3.5617918911157176e-05,0.0010558557696640491,0.9903807640075684,11.238226999994367,Medium
20,I.11.19,0.06377871334552765,0.11436296254396439,0.6425614356994629,39.29198630002793,Medium
20,I.12.11,0.009315846487879753,0.031439077109098434,0.7464417815208435,38.582353200006764,Medium
20,I.12.1,0.00046485569328069687,0.00046858337009325624,0.9954590797424316,1.384236800018698,Easy
20,I.12.2,3.706826100824401e-05,0.00010013551218435168,0.9090141654014587,39.12167680001585,Medium
20,I.12.4,1.918200905492995e-05,3.051776729989797e-05,0.9906463623046875,4.60440309997648,Easy
20,I.12.5,0.0009550271788612008,0.0010195148643106222,0.9901201725006104,2.936382899992168,Easy
20,I.13.12,5.7629207731224597e-05,0.00010854269203264266,0.9914554953575134,13.795631200016942,Medium
20,I.13.4,0.001566889462992549,0.00446438929066062,0.9557250142097473,38.2909348999965,Medium
20,I.14.3,0.00031178342760540545,0.000364560226444155,0.99095219373703,3.04449390002992,Easy
20,I.14.4,6.679441139567643e-05,6.423786544473842e-05,0.9924901723861694,1.5632300999714062,Easy
20,I.15.10,0.0012013418599963188,0.0018986834911629558,0.9823917746543884,38.96960420004325,Medium
20,I.15.3t,0.0012114305282011628,0.004526576492935419,0.9900543689727783,17.016207900014706,Hard
20,I.15.3x,0.002512254286557436,0.005196701269596815,0.9908081889152527,8.369553600030486,Hard
20,I.16.6,0.0036494131200015545,0.003556150710210204,0.9900577664375305,0.7570697999908589,Medium
20,I.18.12,0.00029296459979377687,0.0004490488499868661,0.9909794926643372,13.079295000003185,Easy
20,I.18.16,0.0001282625598832965,0.00017691176617518067,0.9905281066894531,19.34384270000737,Easy
20,I.18.4,0.0016496197786182165,0.0015304314438253641,0.9910548329353333,1.4965028000297025,Medium
20,I.24.6,1.682890251686331e-05,0.0001210880363942124,0.9292701482772827,39.72110040002735,Medium
20,I.25.13,0.001916589681059122,0.0020778251346200705,0.993375837802887,0.9548459000070579,Easy
20,I.26.2,0.0006798366666771472,0.0006059394218027592,0.9972087740898132,1.5773549000150524,Easy
20,I.27.6,0.0002598779392428696,0.00029189628548920155,0.9906885027885437,2.09905910002999,Easy
20,I.29.16,0.030354144051671028,0.09512010216712952,0.31301409006118774,37.92250649997732,Hard
20,I.29.4,0.0006618838524445891,0.0006545031210407615,0.9943124055862427,2.3727541000116616,Medium
20,I.30.3,0.005376943852752447,0.02139751799404621,0.8789574503898621,37.763119100010954,Hard
20,I.30.5,0.0014041170943528414,0.0013716013636440039,0.9913032650947571,1.6020118999877013,Easy
20,I.32.17,0.0024525602348148823,3.665721893310547,0.19507771730422974,37.6344280000194,Hard
20,I.32.5,0.007135340012609959,0.01671784371137619,0.888046145439148,37.73095120000653,Medium
20,I.34.10,0.0017856635386124253,0.001874585053883493,0.9929124712944031,2.539631699968595,Medium
20,I.34.14,0.0011969160987064242,0.0013822064502164721,0.9903427958488464,3.6401443000067957,Hard
20,I.34.27,0.0008402075618505478,0.0009921872988343239,0.9903849959373474,5.001304099976551,Medium
20,I.34.8,0.00014755562006030232,0.0003260243101976812,0.9901847839355469,11.139096900005825,Medium
20,I.37.4,0.005816272925585508,0.0071505955420434475,0.9910112023353577,4.484681600006297,Hard
20,I.38.12,0.10814231634140015,0.09653359651565552,0.990336537361145,5.688426700013224,Medium
20,I.39.10,0.0009518397855572402,0.0007298620184883475,0.9931761026382446,1.281899300054647,Medium
20,I.39.11,0.0005025706486776471,0.00048763694940134883,0.9919161796569824,2.137822500022594,Medium
20,I.39.22,0.00024722592206671834,0.00022602317039854825,0.9905436635017395,2.09861790004652,Hard
20,I.40.1,0.00044699598220176995,0.0019983642268925905,0.9765318632125854,37.97279680002248,Hard
20,I.41.16,4.434126822161488e-05,7.606751751154661e-05,0.9913895726203918,4.442959299951326,Hard
20,I.43.16,0.00023642342421226203,0.0002164062752854079,0.9909459948539734,4.422445000032894,Easy
20,I.43.31,0.0002250682155136019,0.00023639762366656214,0.990123987197876,1.7142723000142723,Medium
20,I.43.43,0.0005307719693519175,0.0006613348377868533,0.9907780885696411,2.484774800017476,Medium
20,I.44.4,8.664796769153327e-05,0.00012834559311158955,0.9901301264762878,6.3943689000443555,Hard
20,I.47.23,0.0003879575233440846,0.00039157559513114393,0.9907556176185608,1.729796500003431,Easy
20,I.50.26,0.001188310096040368,0.0022581759840250015,0.990233838558197,12.186403100029565,Hard
20,I.6.20a,0.0001823755883378908,0.00018401446868665516,0.9905423521995544,0.9206964999902993,Hard
20,I.6.20b,0.0001742144231684506,0.00017408360145054758,0.9902374744415283,2.1748282000189647,Hard
20,I.6.20,9.958580631064251e-05,0.00010435833246447146,0.9918085932731628,9.76300799997989,Hard
20,I.9.18,3.836475571006304e-06,7.865125553507823e-06,0.9900442361831665,13.321058200031985,Hard
20,II.10.9,0.0006030838703736663,0.0005920081166550517,0.9900962114334106,1.8483182999771088,Easy
20,II.11.17,0.0021327545400708914,0.01761949621140957,0.8175689578056335,39.68610539997462,Hard
20,II.11.20,1.1092248314525932e-05,1.6449243048555218e-05,0.9908648729324341,6.350396299967542,Hard
20,II.11.27,0.00022343975433614105,0.003047957783564925,0.9789648056030273,38.16636659996584,Hard
20,II.11.28,0.0077478899620473385,0.006782344076782465,0.9904846549034119,1.3747924999915995,Hard
20,II.11.3,2.5438579541514628e-05,3.865793769364245e-05,0.9900822043418884,6.839927399996668,Medium
20,II.13.17,0.00010685269808163866,7.660200935788453e-05,0.991106390953064,4.268688699987251,Easy
20,II.13.23,0.0005014209891669452,0.0010642224224284291,0.9903045296669006,3.9728475000010803,Hard
20,II.13.34,0.0005693118437193334,0.0007645554142072797,0.9906563758850098,2.838094100006856,Hard
20,II.15.4,0.00038144199061207473,0.0004803336341865361,0.9917347431182861,2.7687124999938533,Easy
20,II.15.5,0.00042197146103717387,0.000546367431525141,0.9905984401702881,13.090483200037852,Easy
20,II.2.42,5.3080533689353615e-05,0.00018693739548325539,0.9903824329376221,11.906055599974934,Easy
20,II.21.32,1.8246497347718105e-05,0.01313813403248787,0.5383514165878296,38.72210549999727,Medium
20,II.24.17,0.0005323980585671961,0.0005218195146881044,0.9922516942024231,1.3940089999814518,Hard
20,II.27.16,0.00013641288387589157,0.00016007013618946075,0.9907738566398621,2.864720400015358,Easy
20,II.27.18,0.0002742285723797977,0.00028736673993989825,0.991601288318634,2.6849017000058666,Easy
20,II.3.24,1.4633525097451638e-05,1.5990284737199545e-05,0.9918285012245178,2.539857600000687,Easy
20,II.34.11,6.87215942889452e-05,5.895227877772413e-05,0.9901342391967773,2.7433336000540294,Easy
20,II.34.29a,3.121797362837242e-06,3.2912173537624767e-06,0.990264356136322,3.0124693000107072,Medium
20,II.34.29b,7.641199044883251e-05,0.00011991603969363496,0.9902627468109131,5.8009362000157125,Easy
20,II.34.2a,1.536480885988567e-05,1.3451657650875859e-05,0.9900522828102112,3.0101852000225335,Medium
20,II.34.2,5.2144172514090315e-05,5.110820347908884e-05,0.9914594292640686,1.8655214000027627,Medium
20,II.35.18,0.00016120039799716324,0.0001858343748608604,0.9902212619781494,10.844434099970385,Hard
20,II.35.21,6.139983452158049e-05,9.127155499299988e-05,0.9912233352661133,3.325079199974425,Hard
20,II.36.38,0.0022647699806839228,0.012478158809244633,0.8894695043563843,38.39879939996172,Hard
20,II.37.1,0.0011701254406943917,0.0011861514067277312,0.9907141327857971,1.7686679000034928,Medium
20,II.38.14,8.890358003554866e-05,8.784692181507125e-05,0.9922107458114624,1.044416300021112,Easy
20,II.38.3,0.00027299977955408394,0.00023422717640642077,0.9902004599571228,2.0339429000159726,Easy
20,II.4.23,7.863286555220839e-06,6.78853166391491e-06,0.9919608235359192,2.0333585000480525,Easy
20,II.6.11,5.057262569607701e-06,1.9803801478701644e-05,0.9900313019752502,13.830746899999212,Medium
20,II.6.15a,0.0005911716143600643,0.0035398860927671194,0.9715251326560974,39.52341359999264,Hard
20,II.6.15b,0.0003025734913535416,0.0007069577695801854,0.9247299432754517,37.77423080004519,Hard
20,II.8.31,6.139803008409217e-05,5.5956905271159485e-05,0.9939709305763245,1.7914150999858975,Easy
20,II.8.7,1.2510223541539744e-06,1.8624167523739743e-06,0.992172122001648,4.894331499992404,Medium
20,III.10.19,0.0006142835482023656,0.0009785566944628954,0.990492582321167,5.523484099947382,Hard
20,III.12.43,0.0002990142093040049,0.0002587198687251657,0.9945574402809143,0.7514348999829963,Easy
20,III.13.18,0.0005823611281812191,0.0006020484142936766,0.9904605150222778,3.433035300055053,Medium
20,III.14.14,0.00027342874091118574,0.002919271355494857,0.9633321166038513,37.945522999973036,Medium
20,III.15.12,0.007198801729828119,0.008411037735641003,0.9901481866836548,2.443442599964328,Medium
20,III.15.14,0.00020526029402390122,0.00030131233506835997,0.994155764579773,4.7180480000097305,Medium
20,III.15.27,0.06104100123047829,0.04839252680540085,0.9908074736595154,2.0919511999818496,Easy
20,III.17.37,0.0009979760507121682,0.0012977890437468886,0.990951418876648,3.422275199962314,Medium
20,III.19.51,1.363697833767219e-06,1.6762409131843015e-06,-1.8531200885772705,38.99017870001262,Medium
20,III.21.20,0.00021949126676190645,0.00022145884577184916,0.9907346367835999,4.104244699992705,Hard
20,III.4.32,0.019721435382962227,0.02268730290234089,0.9928850531578064,1.8082572999992408,Medium
20,III.4.33,0.003798366291448474,0.004150147549808025,0.9935683608055115,1.8990997000364587,Hard
20,III.7.38,0.0016947382828220725,0.0018710523145273328,0.9912377595901489,2.6874050000333227,Easy
20,III.8.54,0.0006830166676081717,0.0012045690091326833,0.9901207089424133,15.721090400009416,Medium
20,III.9.52,0.00030015240190550685,0.0004233376239426434,0.9795428514480591,39.33402780001052,Hard
