Grid Size,Function,train MSE,test MSE,R2 Score,time,Level
2,I.10.7,0.0037203622050583363,0.0026686997152864933,0.9756872057914734,3.056445399997756,Medium
2,I.11.19,0.11886618286371231,0.12842169404029846,0.5986212491989136,3.028091800006223,Medium
2,I.12.11,0.021294614300131798,0.020687632262706757,0.8331528902053833,2.7096725000010338,Medium
2,I.12.1,0.0013216986553743482,0.0009978488087654114,0.990330159664154,2.418082299991511,Easy
2,I.12.2,0.0003876767004840076,0.0004869480908382684,0.5575457215309143,2.640646600004402,Medium
2,I.12.4,0.00019441625045146793,0.0001928624405991286,0.9408881664276123,2.644926699998905,Easy
2,I.12.5,0.0019613378681242466,0.0015747931320220232,0.9847391843795776,2.57596509999712,Easy
2,I.13.12,0.0012073458638042212,0.0011652841931208968,0.9082685708999634,2.6022878999938257,Medium
2,I.13.4,0.0010971855372190475,0.0010026540840044618,0.9900563359260559,2.3953803000040352,Medium
2,I.14.3,0.0013288903282955289,0.0013366745552048087,0.9668257832527161,2.6792055999976583,Easy
2,I.14.4,0.00010581900278339162,8.366995461983606e-05,0.990218460559845,2.2058145999908447,Easy
2,I.15.10,0.0012660613283514977,0.001190096721984446,0.9889631271362305,2.7410750999988522,Medium
2,I.15.3t,0.028844604268670082,0.023460878059267998,0.9484525918960571,2.680672999995295,Hard
2,I.15.3x,0.01900661736726761,0.01634351722896099,0.9710919857025146,2.6415719000069657,Hard
2,I.16.6,0.003919723443686962,0.003530550515279174,0.990129292011261,0.4802427999966312,Medium
2,I.18.12,0.019762195646762848,0.020604075863957405,0.5861057043075562,2.6331927999999607,Easy
2,I.18.16,0.016578156501054764,0.02037184312939644,-0.09071004390716553,2.656544600002235,Easy
2,I.18.4,0.0018245811806991696,0.0016953954473137856,0.9900906682014465,0.7020320000010543,Medium
2,I.24.6,0.00024068617494776845,0.00020270740787964314,0.881594717502594,2.649189200004912,Medium
2,I.25.13,0.004218196962028742,0.0030843750573694706,0.9901669025421143,1.6848465999937616,Easy
2,I.26.2,0.003946470562368631,0.0034732476342469454,0.9840008020401001,2.6498627999972086,Easy
2,I.27.6,0.0003130850673187524,0.0003092433325946331,0.990135133266449,2.379471600012039,Easy
2,I.29.16,0.07666848599910736,0.07244186848402023,0.4768030643463135,2.663674900002661,Hard
2,I.29.4,0.0012617077445611358,0.0010655672522261739,0.9907402992248535,1.1060195999889402,Medium
2,I.30.3,0.09677494317293167,0.09456410259008408,0.465065062046051,2.646399900011602,Hard
2,I.30.5,0.0019063751678913832,0.0015321173705160618,0.9902855157852173,0.7964416999893729,Easy
2,I.32.17,0.12933562695980072,3.8452839851379395,0.1556493043899536,2.7054739000013797,Hard
2,I.32.5,0.0983622744679451,0.09362795948982239,0.3730047941207886,2.6948836999945343,Medium
2,I.34.10,0.00860277097672224,0.007004563231021166,0.9735167622566223,2.661682000005385,Medium
2,I.34.14,0.0015098234871402383,0.001399664906784892,0.990220844745636,1.5819042999937665,Hard
2,I.34.27,0.001215637312270701,0.0010116423945873976,0.9901964664459229,1.2693087999941781,Medium
2,I.34.8,0.012421674095094204,0.011125264689326286,0.6650649309158325,2.641958899999736,Medium
2,I.37.4,0.008492501452565193,0.008584474213421345,0.9892086982727051,2.6419126000109827,Hard
2,I.38.12,0.7999350428581238,0.6787900924682617,0.9320499300956726,2.648131199995987,Medium
2,I.39.10,0.0011002097744494677,0.0009915536502376199,0.9907293915748596,0.9122205000021495,Medium
2,I.39.11,0.0008192639797925949,0.0007316744304262102,0.9878706336021423,2.5796408000023803,Medium
2,I.39.22,0.0005640400340780616,0.0005562797305174172,0.9767264127731323,2.581652600012603,Hard
2,I.40.1,0.0034984778612852097,0.0031106953974813223,0.9634689688682556,2.575586499995552,Hard
2,I.41.16,0.0003170366690028459,0.0003271384921390563,0.9629697799682617,2.6193690999934915,Hard
2,I.43.16,0.0006582790520042181,0.0007257432444021106,0.9696364402770996,2.536986799997976,Easy
2,I.43.31,0.00039188520167954266,0.0003732723416760564,0.9844058156013489,2.6004038999963086,Medium
2,I.43.43,0.002058346988633275,0.0021573633421212435,0.969916820526123,2.616288799996255,Medium
2,I.44.4,0.001447978662326932,0.0014616163680329919,0.887600302696228,2.6893907000048785,Hard
2,I.47.23,0.0005595680559054017,0.0005151338409632444,0.9878386855125427,2.628326999998535,Easy
2,I.50.26,0.021677982062101364,0.025944484397768974,0.8877950310707092,2.669595699990168,Hard
2,I.6.20a,0.0003642934316303581,0.00034010320086963475,0.9825199842453003,2.6464341999962926,Hard
2,I.6.20b,0.0057772123254835606,0.0057504852302372456,0.6775161027908325,2.634714299987536,Hard
2,I.6.20,0.0006741982069797814,0.0005475228535942733,0.9570232033729553,2.582248899998376,Hard
2,I.9.18,0.0008139266865327954,0.0008057642844505608,-0.019944429397583008,2.8141101999935927,Hard
2,II.10.9,0.0008799367933534086,0.0005964207230135798,0.9900224208831787,1.1518286999926204,Easy
2,II.11.17,0.018884992226958275,0.017682908102869987,0.8169123530387878,2.655621900004917,Hard
2,II.11.20,8.754280133871362e-05,9.277249773731455e-05,0.9484784603118896,2.628358299989486,Hard
2,II.11.27,0.004734492860734463,0.005970797035843134,0.9587931036949158,2.622119700012263,Hard
2,II.11.28,0.007645400706678629,0.006814105436205864,0.9904400706291199,0.6270079000096302,Hard
2,II.11.3,0.00011319506302243099,0.00013724909513257444,0.9647883772850037,2.641500800003996,Medium
2,II.13.17,0.0005136543768458068,0.0003365377488080412,0.9609275460243225,2.610445099999197,Easy
2,II.13.23,0.0021660823840647936,0.0014889078447595239,0.9864355325698853,2.6747660000110045,Hard
2,II.13.34,0.0020693892147392035,0.00157355354167521,0.9807696342468262,2.6360449000057997,Hard
2,II.15.4,0.009569968096911907,0.010897875763475895,0.8124764561653137,2.6272762999869883,Easy
2,II.15.5,0.004923178814351559,0.0056309690698981285,0.9031059741973877,2.595046199989156,Easy
2,II.2.42,0.0007784479530528188,0.0008103640866465867,0.9583083987236023,2.649645400000736,Easy
2,II.21.32,0.0009341986151412129,0.016116391867399216,0.4337012767791748,2.6354570999974385,Medium
2,II.24.17,0.0006452518282458186,0.0006691042799502611,0.9900646805763245,0.5795127999881515,Hard
2,II.27.16,0.0008501479751430452,0.0008218818693421781,0.9526281952857971,2.710751300008269,Easy
2,II.27.18,0.0003869648207910359,0.0003395969979465008,0.9900747537612915,1.6368373000004794,Easy
2,II.3.24,7.013023423496634e-05,6.549327372340485e-05,0.9665310382843018,2.6807327999995323,Easy
2,II.34.11,0.0006160886259749532,0.00046034794650040567,0.922960102558136,2.7558233000017935,Easy
2,II.34.29a,2.0484616470639594e-05,1.8917098714155145e-05,0.9440420269966125,2.6286721999931615,Medium
2,II.34.29b,0.002746877958998084,0.003870356595143676,0.6857243776321411,2.6228674999874784,Easy
2,II.34.2a,4.61151466879528e-05,4.537240965873934e-05,0.9664463996887207,2.603112800003146,Medium
2,II.34.2,0.00011757881293306127,0.0001118467771448195,0.9813095331192017,2.6002688000007765,Medium
2,II.35.18,0.00030488191987387836,0.000272350269369781,0.9856687188148499,2.7018070000049192,Hard
2,II.35.21,0.0002952372597064823,0.0003632099833339453,0.9650737643241882,2.5935424999915995,Hard
2,II.36.38,0.004650512244552374,0.006141836754977703,0.9455960988998413,2.666787399997702,Hard
2,II.37.1,0.0013458668254315853,0.0012509288499131799,0.9902070164680481,1.8974389000068186,Medium
2,II.38.14,0.00012163749488536268,0.00011214912228751928,0.9900559186935425,1.4520935000036843,Easy
2,II.38.3,0.00048158803838305175,0.0004419883480295539,0.9815081357955933,2.6147838000033516,Easy
2,II.4.23,7.924669625936076e-05,6.627224502153695e-05,0.9215183258056641,2.6133533000102034,Easy
2,II.6.11,0.000647717562969774,0.0008226733771152794,0.5858893990516663,2.627227799996035,Medium
2,II.6.15a,0.028858250007033348,0.026514051482081413,0.7867206931114197,2.629336500001955,Hard
2,II.6.15b,0.008590071462094784,0.008374511264264584,0.10836291313171387,2.642165799989016,Hard
2,II.8.31,9.195721213473007e-05,9.089014201890677e-05,0.9902070760726929,1.2831203999958234,Easy
2,II.8.7,2.4761719032539986e-05,2.117450458172243e-05,0.9110017418861389,2.6054851000080816,Medium
2,III.10.19,0.000834204547572881,0.0010110714938491583,0.9901766777038574,0.6803883999964455,Hard
2,III.12.43,0.0004932893789373338,0.0004693054361268878,0.990127444267273,0.5534896999888588,Easy
2,III.13.18,0.0011194172548130155,0.0010732363443821669,0.982994556427002,2.6150373999989824,Medium
2,III.14.14,0.006711173336952925,0.005600948352366686,0.9296485781669617,2.6426891000010073,Medium
2,III.15.12,0.05573226884007454,0.07288305461406708,0.9146324396133423,2.6237285999959568,Medium
2,III.15.14,0.001366612152196467,0.0012839966220781207,0.9750956296920776,2.6049706999910995,Medium
2,III.15.27,0.07620540261268616,0.0558822900056839,0.9893847107887268,2.5889200000092387,Easy
2,III.17.37,0.007831988856196404,0.00924511719495058,0.9355401396751404,2.6006245000025956,Medium
2,III.19.51,1.5909574813122163e-06,1.654275934015459e-06,-1.8157336711883545,2.596542600003886,Medium
2,III.21.20,0.0005300900666043162,0.0004935666220262647,0.979350209236145,2.579366999998456,Hard
2,III.4.32,0.030587809160351753,0.03170520067214966,0.9900569319725037,2.5981086999963736,Medium
2,III.4.33,0.005824957508593798,0.006186672952026129,0.9904122948646545,0.7543702000111807,Hard
2,III.7.38,0.003538399701938033,0.003230623435229063,0.9848708510398865,2.5780401000083657,Easy
2,III.8.54,0.05935191363096237,0.06120956316590309,0.49798935651779175,2.5837331999937305,Medium
2,III.9.52,0.0007164860726334155,0.0006869951612316072,0.9668020009994507,2.598918000003323,Hard
4,I.10.7,0.0015825871378183365,0.0010698779951781034,0.9902530312538147,0.5414901000040118,Medium
4,I.11.19,0.06543945521116257,0.07006850093603134,0.7810026407241821,2.7751664999959758,Medium
4,I.12.11,0.011893398128449917,0.012169492430984974,0.9018522500991821,2.7970143999991706,Medium
4,I.12.1,0.0014400742948055267,0.00101409200578928,0.9901727437973022,0.27769590000389144,Easy
4,I.12.2,0.00020938670786563307,0.00016786300693638623,0.8474751114845276,2.6026213000004645,Medium
4,I.12.4,5.256819713395089e-05,4.770393206854351e-05,0.9853788614273071,2.5764490000001388,Easy
4,I.12.5,0.0014311261475086212,0.000943817081861198,0.9908537268638611,0.2540931000112323,Easy
4,I.13.12,0.00012498155410867184,0.00011919553799089044,0.9906169176101685,1.8853874999913387,Medium
4,I.13.4,0.0011240571038797498,0.0009577963501214981,0.9905011653900146,0.27000089999637567,Medium
4,I.14.3,0.00032271197414956987,0.00038351371767930686,0.9904817938804626,1.0764323999901535,Easy
4,I.14.4,0.00010195537470281124,8.283012721221894e-05,0.99031662940979,0.7823580999975093,Easy
4,I.15.10,0.0013517184415832162,0.0010771960951387882,0.990010142326355,0.7881341000029352,Medium
4,I.15.3t,0.011393633671104908,0.01373186707496643,0.9698288440704346,2.583824100001948,Hard
4,I.15.3x,0.0076891290955245495,0.00679190456867218,0.9879866242408752,2.6094220999948448,Hard
4,I.16.6,0.0033473812509328127,0.0034172034356743097,0.9904462099075317,0.10343630000716075,Medium
4,I.18.12,0.005240258295089006,0.005045623052865267,0.8986436128616333,2.5682211999956053,Easy
4,I.18.16,0.006113018840551376,0.007274228148162365,0.6105372905731201,2.6572821000008844,Easy
4,I.18.4,0.001588949584402144,0.0016314442036673427,0.990464448928833,0.18621430000348482,Medium
4,I.24.6,5.597448398475535e-05,5.0105401896871626e-05,0.9707324504852295,2.640701300013461,Medium
4,I.25.13,0.004516869317740202,0.0030841713305562735,0.9901675581932068,0.1778036999894539,Easy
4,I.26.2,0.0023834705352783203,0.002077590674161911,0.9904297590255737,0.4924919999903068,Easy
4,I.27.6,0.0003018055867869407,0.00030164848431013525,0.9903773665428162,0.41980709999916144,Easy
4,I.29.16,0.06693185120820999,0.07772093266248703,0.438676118850708,2.6825966000033077,Hard
4,I.29.4,0.0014405131805688143,0.0010798900621011853,0.9906158447265625,0.2563213999965228,Medium
4,I.30.3,0.05068375542759895,0.05351157486438751,0.6972930431365967,2.6550636000029044,Hard
4,I.30.5,0.0018339409725740552,0.0014241631142795086,0.9909699559211731,0.2892263000103412,Easy
4,I.32.17,0.0004183308919891715,3.4260387420654297,0.24770748615264893,2.8398564999952214,Hard
4,I.32.5,0.0021474335808306932,0.005944577977061272,0.9601911306381226,2.6326269000128377,Medium
4,I.34.10,0.003396715270355344,0.002595800906419754,0.9901856780052185,0.2307414999959292,Medium
4,I.34.14,0.0017679857555776834,0.001427886658348143,0.990023672580719,0.399155699997209,Hard
4,I.34.27,0.0013412224361672997,0.0009442901355214417,0.9908491969108582,0.2575241000013193,Medium
4,I.34.8,0.00434100441634655,0.004382751882076263,0.8680537343025208,2.6561674999975367,Medium
4,I.37.4,0.006605897564440966,0.007536403369158506,0.9905261993408203,0.2628077999979723,Hard
4,I.38.12,0.11742077767848969,0.0939093679189682,0.9905992150306702,1.060645299992757,Medium
4,I.39.10,0.0010900695342570543,0.0008888968150131404,0.9916892051696777,0.22270840000419412,Medium
4,I.39.11,0.000702464603818953,0.0005995003157295287,0.9900617599487305,0.6896784999989904,Medium
4,I.39.22,0.00029885690310038626,0.000231812140555121,0.9903014898300171,0.8597147999971639,Hard
4,I.40.1,0.0020515138749033213,0.0030673204455524683,0.9639783501625061,2.8255733999976655,Hard
4,I.41.16,7.03019613865763e-05,7.74212894611992e-05,0.9912363290786743,0.8013901999947848,Hard
4,I.43.16,0.00030051899375393987,0.00023294446873478591,0.9902541041374207,0.5009041999874171,Easy
4,I.43.31,0.00025533256120979786,0.00023117555247154087,0.9903421998023987,0.9563487999985227,Medium
4,I.43.43,0.0007333450485020876,0.0007052670698612928,0.9901654720306396,0.44951039999432396,Medium
4,I.44.4,0.00012663909001275897,0.00012915677507407963,0.990067720413208,2.587815699997009,Hard
4,I.47.23,0.00042138033313676715,0.00039571302477270365,0.9906579852104187,0.2348848999972688,Easy
4,I.50.26,0.0041718450374901295,0.005247847177088261,0.9773040413856506,2.6374803999933647,Hard
4,I.6.20a,0.00017567553732078522,0.0001837597374105826,0.990555465221405,0.2561537000001408,Hard
4,I.6.20b,0.0014823266537860036,0.0015390310436487198,0.9136919975280762,2.649904500009143,Hard
4,I.6.20,0.0001376057625748217,0.00012580915063153952,0.9901248216629028,0.8828186000027927,Hard
4,I.9.18,0.00011708639067364857,0.0001290922809857875,0.836593747138977,2.883430700007011,Hard
4,II.10.9,0.0008479253738187253,0.0005713510327041149,0.9904417991638184,0.22646350000286475,Easy
4,II.11.17,0.009059365838766098,0.00925477035343647,0.9041767120361328,2.8313628000032622,Hard
4,II.11.20,1.549911030451767e-05,1.6909429177758284e-05,0.9906092882156372,1.3996096000046236,Hard
4,II.11.27,0.0005420451052486897,0.0014085842994973063,0.9902787804603577,0.8959796999988612,Hard
4,II.11.28,0.010596651583909988,0.006617783568799496,0.990715503692627,0.23232899999129586,Hard
4,II.11.3,5.11595317220781e-05,5.839749792357907e-05,0.9850179553031921,2.85612840000249,Medium
4,II.13.17,0.0001491569128120318,8.445420098723844e-05,0.9901947379112244,0.6992436000000453,Easy
4,II.13.23,0.0016959375934675336,0.0010781030869111419,0.990178108215332,0.964124999998603,Hard
4,II.13.34,0.0011092359200119972,0.0007804240449331701,0.9904624819755554,1.0825958999921568,Hard
4,II.15.4,0.0005582932499237359,0.0005748263793066144,0.9901087880134583,0.6107418000028701,Easy
4,II.15.5,0.0006159251788631082,0.0005786045803688467,0.9900437593460083,0.7177217999997083,Easy
4,II.2.42,0.00013619386299978942,0.00019294522644486278,0.9900733828544617,1.8479621000005864,Easy
4,II.21.32,0.00011444240954006091,0.011506359092891216,0.5956888198852539,2.810731699995813,Medium
4,II.24.17,0.0005731586716137826,0.0006633781013078988,0.990149736404419,0.3533995000034338,Hard
4,II.27.16,0.00019632151816040277,0.0001672977232374251,0.9903572797775269,0.6186776000104146,Easy
4,II.27.18,0.00048159557627514005,0.0003351868945173919,0.9902036190032959,0.271517600005609,Easy
4,II.3.24,2.3587464966112748e-05,1.9142584278597496e-05,0.9902175664901733,1.0313632000033977,Easy
4,II.34.11,7.184361311374232e-05,5.9349022194510326e-05,0.9900678396224976,1.4769652999966638,Easy
4,II.34.29a,7.480653948732652e-06,6.6106217673223e-06,0.980445384979248,2.636349100008374,Medium
4,II.34.29b,0.00010447877866681665,0.00012018719280604273,0.9902406930923462,2.468833699997049,Easy
4,II.34.2a,1.5201399037323426e-05,1.3511999895854387e-05,0.9900076389312744,1.37335599999642,Medium
4,II.34.2,6.713519542245194e-05,5.646845602313988e-05,0.990563690662384,0.4446989999996731,Medium
4,II.35.18,0.00020889862207695842,0.00017951970221474767,0.9905535578727722,0.44104970000626054,Hard
4,II.35.21,8.303475624416023e-05,0.00010337615094613284,0.9900593757629395,1.1188298999913968,Hard
4,II.36.38,0.0005010873428545892,0.0012467477936297655,0.9889563918113708,2.79502190000494,Hard
4,II.37.1,0.0013518024934455752,0.001243972103111446,0.990261435508728,0.19320799999695737,Medium
4,II.38.14,0.00011808628914877772,0.00011029222514480352,0.9902206063270569,0.25527639999927487,Easy
4,II.38.3,0.00027068532654084265,0.00023178785340860486,0.9903025031089783,0.37953160000324715,Easy
4,II.4.23,1.5541803804808296e-05,1.2479066754167434e-05,0.9852219223976135,2.6378803999978118,Easy
4,II.6.11,5.918158058193512e-05,0.00010183874110225588,0.9487372636795044,2.619195799998124,Medium
4,II.6.15a,0.0018887580372393131,0.0053421990014612675,0.9570273160934448,2.811082800006261,Hard
4,II.6.15b,0.0006048274226486683,0.0009893233655020595,0.8946664333343506,2.618184199993266,Hard
4,II.8.31,0.0001259285636479035,9.045261685969308e-05,0.9902542233467102,0.12215850000211503,Easy
4,II.8.7,3.2498019209015183e-06,2.866228214770672e-06,0.9879530072212219,2.6807724999962375,Medium
4,III.10.19,0.0008547164034098387,0.0010183431440964341,0.9901060461997986,0.6797987000027206,Hard
4,III.12.43,0.0004800652095582336,0.00046202438534237444,0.9902806282043457,0.3084966999886092,Easy
4,III.13.18,0.0008195875561796129,0.0006291327299550176,0.990031361579895,0.5622846000042045,Medium
4,III.14.14,0.0005653259577229619,0.0035288857761770487,0.9556750059127808,2.832121300001745,Medium
4,III.15.12,0.008045107126235962,0.008259253576397896,0.9903259873390198,0.915973800001666,Medium
4,III.15.14,0.0004590505559463054,0.0005004661506973207,0.9902929663658142,1.3047235999983968,Medium
4,III.15.27,0.07804504036903381,0.05060603469610214,0.990386962890625,0.43464469999889843,Easy
4,III.17.37,0.0012983533088117838,0.0014250606764107943,0.9900640249252319,0.9390929999935906,Medium
4,III.19.51,1.7539874761496321e-06,1.7568715975357918e-06,-1.990361213684082,2.8050977000093553,Medium
4,III.21.20,0.00033282869844697416,0.00020852846500929445,0.9912756085395813,0.6551569000002928,Hard
4,III.4.32,0.02239718846976757,0.02989644557237625,0.990624189376831,0.3078081999992719,Medium
4,III.4.33,0.005622063763439655,0.006067994050681591,0.9905961751937866,0.21290199999930337,Hard
4,III.7.38,0.0024234133306890726,0.002126054372638464,0.990043580532074,0.2891553999943426,Easy
4,III.8.54,0.012141993269324303,0.01514165848493576,0.8758155703544617,2.579933000000892,Medium
4,III.9.52,0.0001861536002252251,0.00023955806682351977,0.9884237051010132,2.8242516000027535,Hard
6,I.10.7,0.0018410321790724993,0.0010623399866744876,0.990321695804596,0.2918154999933904,Medium
6,I.11.19,0.05318703129887581,0.05423714593052864,0.8304831981658936,2.933264599996619,Medium
6,I.12.11,0.01419895514845848,0.015447904355823994,0.8754116296768188,2.8852951000008034,Medium
6,I.12.1,0.0010575291234999895,0.0007987539866007864,0.9922595024108887,0.19609190001210663,Easy
6,I.12.2,4.7075747716007754e-05,8.281211194116622e-05,0.9247546792030334,2.912744899993413,Medium
6,I.12.4,2.754624620138202e-05,3.171799471601844e-05,0.9902785420417786,1.5959839999995893,Easy
6,I.12.5,0.001163487322628498,0.0009075893322005868,0.9912047982215881,0.23318149999249727,Easy
6,I.13.12,0.00010533228487474844,0.00012373931531328708,0.9902592301368713,1.0858339999977034,Medium
6,I.13.4,0.0009236285113729537,0.0008974968804977834,0.9910991787910461,0.23923589999321848,Medium
6,I.14.3,0.00040554063161835074,0.0003847008047159761,0.9904522895812988,0.23498589999508113,Easy
6,I.14.4,0.00011696509318426251,8.260767936008051e-05,0.9903426766395569,0.13162549999833573,Easy
6,I.15.10,0.0011384100653231144,0.000939037767238915,0.9912914633750916,0.18893370000296272,Medium
6,I.15.3t,0.007110634818673134,0.011795628815889359,0.9740830659866333,2.897289400003501,Hard
6,I.15.3x,0.00454303715378046,0.005588666070252657,0.9901149272918701,1.389508599997498,Hard
6,I.16.6,0.0027258875779807568,0.002559490967541933,0.9928442239761353,0.09009680000599474,Medium
6,I.18.12,0.003958513494580984,0.004350921139121056,0.9125987887382507,2.879694599992945,Easy
6,I.18.16,0.0017699736636132002,0.00220889993943274,0.8817353248596191,2.895691900004749,Easy
6,I.18.4,0.0014644153416156769,0.001586258178576827,0.9907285571098328,0.37806950000231154,Medium
6,I.24.6,2.5899711545207538e-05,2.7532034437172115e-05,0.9839180111885071,2.8700207000074442,Medium
6,I.25.13,0.0034909399691969156,0.002568521536886692,0.9918114542961121,0.14156559998809826,Easy
6,I.26.2,0.0023930808529257774,0.002124199876561761,0.9902150630950928,0.2078215000074124,Easy
6,I.27.6,0.00031863554613664746,0.0002942475548479706,0.9906134605407715,0.20294770000327844,Easy
6,I.29.16,0.04086175560951233,0.05338636413216591,0.6144276857376099,2.860692600006587,Hard
6,I.29.4,0.001283738180063665,0.0010399570455774665,0.9909628629684448,0.13014529999054503,Medium
6,I.30.3,0.026187391951680183,0.03370852395892143,0.8093159198760986,2.8696101999958046,Hard
6,I.30.5,0.001717904582619667,0.0014689271338284016,0.9906861782073975,0.1235519000038039,Easy
6,I.32.17,0.000279038940789178,3.6346042156219482,0.20191055536270142,2.932126799991238,Hard
6,I.32.5,0.0008353470475412905,0.00928608700633049,0.9378141760826111,2.884007400003611,Medium
6,I.34.10,0.0036181961186230183,0.0024545732885599136,0.9907196164131165,0.22295429999940097,Medium
6,I.34.14,0.0018529356457293034,0.0014052477199584246,0.9901818037033081,0.2007439000008162,Hard
6,I.34.27,0.0014886920107528567,0.0010204961290583014,0.9901106953620911,0.10661119999713264,Medium
6,I.34.8,0.003368223551660776,0.003807976609095931,0.8853577971458435,2.8467442999972263,Medium
6,I.37.4,0.006613222882151604,0.007477836217731237,0.9905998110771179,0.29484690001117997,Hard
6,I.38.12,0.11912094056606293,0.0903148427605629,0.9909590482711792,1.0632500000065193,Medium
6,I.39.10,0.0011667512590065598,0.0009614833979867399,0.9910105466842651,0.1195783000002848,Medium
6,I.39.11,0.0005717407329939306,0.0005820944788865745,0.9903503060340881,0.21300460000929888,Medium
6,I.39.22,0.0002409714797977358,0.00023239958682097495,0.9902768731117249,0.3862551999918651,Hard
6,I.40.1,0.000861049338709563,0.0008283641654998064,0.9902719259262085,1.6533150999894133,Hard
6,I.41.16,8.011305908439681e-05,8.571448415750638e-05,0.9902976155281067,0.5333261000050697,Hard
6,I.43.16,0.00031103118089959025,0.00022527911642100662,0.9905747771263123,0.3470140999997966,Easy
6,I.43.31,0.0002217212604591623,0.00022700088447891176,0.9905166029930115,0.29302939999615774,Medium
6,I.43.43,0.0007169637829065323,0.0006907280767336488,0.9903681874275208,0.31933059998846147,Medium
6,I.44.4,7.528731657657772e-05,0.00012985424837097526,0.9900140762329102,1.015539699990768,Hard
6,I.47.23,0.0004783530894201249,0.00040868038195185363,0.9903518557548523,0.23503149999305606,Easy
6,I.50.26,0.002720348071306944,0.0030879478435963392,0.9866452217102051,2.8325420999899507,Hard
6,I.6.20a,0.00012671669537667185,0.00014715547149535269,0.9924367666244507,0.15698700000939425,Hard
6,I.6.20b,0.0011316733434796333,0.0011048291344195604,0.9380418062210083,2.8086608000012347,Hard
6,I.6.20,0.00011450763122411445,0.00011877785436809063,0.990676760673523,0.2820815000013681,Hard
6,I.9.18,3.7258014344843104e-05,5.602609599009156e-05,0.9290816187858582,2.93817740000668,Hard
6,II.10.9,0.0008345589158125222,0.0005672448896802962,0.9905105233192444,0.12298329999612179,Easy
6,II.11.17,0.007183617912232876,0.008636275306344032,0.910580575466156,2.9612198999966495,Hard
6,II.11.20,1.0154794836125802e-05,1.707345109025482e-05,0.9905182123184204,1.8069771000009496,Hard
6,II.11.27,0.00024272057635243982,0.0014460098464041948,0.9900205135345459,0.8247981000022264,Hard
6,II.11.28,0.011028021574020386,0.00626867450773716,0.9912052750587463,0.17380129999946803,Hard
6,II.11.3,2.3555063307867385e-05,3.800813647103496e-05,0.9902489185333252,1.177364300005138,Medium
6,II.13.17,0.00013311640941537917,8.465521386824548e-05,0.9901714324951172,0.6871814000041923,Easy
6,II.13.23,0.0020676141139119864,0.0010693679796531796,0.9902576804161072,0.47956530000374187,Hard
6,II.13.34,0.001342500327154994,0.0007042776560410857,0.9913930296897888,0.44906109999283217,Hard
6,II.15.4,0.0004900072235614061,0.0005741366185247898,0.9901206493377686,0.7509493999968981,Easy
6,II.15.5,0.00045031256740912795,0.0005557726253755391,0.9904366135597229,1.1469395999884,Easy
6,II.2.42,0.00013431299885269254,0.0001922504889080301,0.9901090860366821,0.7023409000103129,Easy
6,II.21.32,3.773123171413317e-05,0.009754476137459278,0.6572465896606445,2.8825383999937912,Medium
6,II.24.17,0.000608945032581687,0.0005966860335320234,0.9911400079727173,0.1686489999992773,Hard
6,II.27.16,0.00015713382163085043,0.00016846584912855178,0.9902899265289307,0.25679099999251775,Easy
6,II.27.18,0.000376184907509014,0.000310754548991099,0.9909177422523499,0.22559060000639874,Easy
6,II.3.24,2.0180143110337667e-05,1.9418814190430567e-05,0.9900764226913452,1.0033669999975245,Easy
6,II.34.11,8.077083475654945e-05,5.4516644013347104e-05,0.9908765554428101,0.8919593000027817,Easy
6,II.34.29a,2.9937091312604025e-06,3.809336476479075e-06,0.9887317419052124,2.8039278000069316,Medium
6,II.34.29b,4.2308627598686144e-05,0.00012054335820721462,0.9902117848396301,1.4319916999957059,Easy
6,II.34.2a,1.5145789802772924e-05,1.3476870662998408e-05,0.9900336265563965,2.289725800001179,Medium
6,II.34.2,5.6741544540273026e-05,5.582808444160037e-05,0.9906706809997559,0.34209499999997206,Medium
6,II.35.18,0.00018630253907758743,0.0001831548725022003,0.990362286567688,0.4433257000055164,Hard
6,II.35.21,6.701140955556184e-05,0.00010149503214051947,0.9902402758598328,0.3624589999963064,Hard
6,II.36.38,0.0006464403122663498,0.0011239760788157582,0.9900439381599426,1.2549105000070995,Hard
6,II.37.1,0.0011058396194130182,0.001049810671247542,0.99178147315979,0.1121393000066746,Medium
6,II.38.14,0.00011336097668390721,9.733083425089717e-05,0.9913698434829712,0.13938700000289828,Easy
6,II.38.3,0.0002748270344454795,0.0002203950862167403,0.9907791614532471,0.49843110000074375,Easy
6,II.4.23,1.1870177331729792e-05,8.32352634461131e-06,0.9901430010795593,1.7196060999995098,Easy
6,II.6.11,1.865126978373155e-05,2.83827703242423e-05,0.9857128858566284,2.8615228999988176,Medium
6,II.6.15a,0.0007326246704906225,0.007548470515757799,0.9392800331115723,2.9522093999985373,Hard
6,II.6.15b,9.170344128506258e-05,0.0002255720755783841,0.9759832620620728,2.867069999992964,Hard
6,II.8.31,8.504393917974085e-05,8.8778993813321e-05,0.9904345273971558,0.22724059999745805,Easy
6,II.8.7,2.282692776134354e-06,2.0918923837598413e-06,0.9912075996398926,0.7694043000083184,Medium
6,III.10.19,0.0007507572881877422,0.000990031287074089,0.990381121635437,0.49540139999589883,Hard
6,III.12.43,0.00045819528168067336,0.0003951254766434431,0.9916879534721375,0.10621439998794813,Easy
6,III.13.18,0.0008163215825334191,0.0006012101075612009,0.9904738068580627,0.1582161999976961,Medium
6,III.14.14,0.0001364034687867388,0.0015995809808373451,0.979908287525177,2.92679529999441,Medium
6,III.15.12,0.0072161112911999226,0.008389992639422417,0.9901728630065918,0.4576000999950338,Medium
6,III.15.14,0.00044953179894946516,0.0004898056504316628,0.99049973487854,0.36852870001166593,Medium
6,III.15.27,0.07824448496103287,0.052008628845214844,0.990120530128479,0.4263515000056941,Easy
6,III.17.37,0.0011005671694874763,0.0013018551981076598,0.9909230470657349,0.18832790000305977,Medium
6,III.19.51,4.205059553896717e-07,6.980582725191198e-07,-0.18816101551055908,2.8767634999967413,Medium
6,III.21.20,0.0002571504155639559,0.0002359363716095686,0.9901289343833923,0.6681532000075094,Hard
6,III.4.32,0.022199831902980804,0.03012876585125923,0.9905512928962708,0.169734499999322,Medium
6,III.4.33,0.005263898987323046,0.005627117585390806,0.9912794232368469,0.11342049999802839,Hard
6,III.7.38,0.0029498061630874872,0.002112689660862088,0.9901061654090881,0.1228763999970397,Easy
6,III.8.54,0.005073715001344681,0.007164416369050741,0.9412409663200378,2.846837000004598,Medium
6,III.9.52,0.0001804988569347188,0.0003789249458350241,0.9816890358924866,2.968330900010187,Hard
8,I.10.7,0.001310962368734181,0.001022178097628057,0.9906876087188721,0.2054816000018036,Medium
8,I.11.19,0.07534929364919662,0.09753654152154922,0.6951520442962646,2.9586889000056544,Medium
8,I.12.11,0.01727796159684658,0.0244888998568058,0.8024954199790955,3.123086699997657,Medium
8,I.12.1,0.0011141463182866573,0.0010046235984191298,0.9902644753456116,0.10209460000623949,Easy
8,I.12.2,3.883727185893804e-05,7.427023956552148e-05,0.9325160384178162,3.019267099996796,Medium
8,I.12.4,2.4104680051095784e-05,3.0273760785348713e-05,0.9907211661338806,1.5383335999940755,Easy
8,I.12.5,0.0009541711187921464,0.0008599153952673078,0.9916667938232422,0.13579639999079518,Easy
8,I.13.12,0.00011096290836576372,0.0001156134603661485,0.9908989071846008,0.6461091999954078,Medium
8,I.13.4,0.0008417217759415507,0.0008941609412431717,0.9911322593688965,0.1809998000098858,Medium
8,I.14.3,0.0003522154001984745,0.0004023329238407314,0.9900147318840027,0.5766958000021987,Easy
8,I.14.4,8.099097613012418e-05,7.75694425101392e-05,0.9909316301345825,0.21138749999227002,Easy
8,I.15.10,0.0012094691628590226,0.0010317704873159528,0.9904314279556274,0.20986960000300314,Medium
8,I.15.3t,0.010429768823087215,0.016485409811139107,0.9637788534164429,2.833966900012456,Hard
8,I.15.3x,0.004594346974045038,0.005614181514829397,0.9900698065757751,2.658425999994506,Hard
8,I.16.6,0.002577810548245907,0.0027167964726686478,0.9924044013023376,0.08432019999600016,Medium
8,I.18.12,0.0014032479375600815,0.001647216035053134,0.966910719871521,3.006198900009622,Easy
8,I.18.16,0.002737381961196661,0.0039072185754776,0.7908071875572205,2.900271700011217,Easy
8,I.18.4,0.001633079256862402,0.0016915702726691961,0.9901130199432373,0.10334190000139643,Medium
8,I.24.6,1.953422361111734e-05,2.5555586034897715e-05,0.9850724935531616,2.9322668999957386,Medium
8,I.25.13,0.00431597838178277,0.002931958995759487,0.9906527996063232,0.10956420000002254,Easy
8,I.26.2,0.0018996982835233212,0.0019083213992416859,0.9912094473838806,0.15380319999530911,Easy
8,I.27.6,0.000266650429693982,0.0003072451218031347,0.9901988506317139,0.24816809999174438,Easy
8,I.29.16,0.02953982539474964,0.03749079257249832,0.7292302846908569,3.02580719999969,Hard
8,I.29.4,0.0012335989158600569,0.0008692274568602443,0.9924464821815491,0.09284240000124555,Medium
8,I.30.3,0.026370856910943985,0.03361542522907257,0.809842586517334,2.88780530000804,Hard
8,I.30.5,0.001496356911957264,0.0014268917730078101,0.9909526705741882,0.12524670000129845,Easy
8,I.32.17,0.00026288203662261367,3.1883246898651123,0.299905002117157,2.9802525999984937,Hard
8,I.32.5,0.00010982527601299807,0.004949428141117096,0.9668553471565247,2.903187199990498,Medium
8,I.34.10,0.0038412283174693584,0.0025598241481930017,0.990321695804596,0.18234160001156852,Medium
8,I.34.14,0.0017220921581611037,0.00125790829770267,0.9912112355232239,0.2523314999998547,Hard
8,I.34.27,0.0012268180726096034,0.0009981438051909208,0.9903272986412048,0.1647435999911977,Medium
8,I.34.8,0.0026871676091104746,0.004021738190203905,0.8789223432540894,2.953479100004188,Medium
8,I.37.4,0.006238007918000221,0.006566339638084173,0.99174565076828,0.11561229999642819,Hard
8,I.38.12,0.0908089205622673,0.09765567630529404,0.9902241826057434,0.9777252999920165,Medium
8,I.39.10,0.0012388428440317512,0.0009076707647182047,0.9915136694908142,0.10009970000828616,Medium
8,I.39.11,0.000588018330745399,0.0005728679825551808,0.9905032515525818,0.18307299999287352,Medium
8,I.39.22,0.00023056937789078802,0.00023863914248067886,0.9900158643722534,0.42383159999735653,Hard
8,I.40.1,0.0009670977015048265,0.0024277647025883198,0.9714890718460083,3.0080705000000307,Hard
8,I.41.16,8.718296885490417e-05,8.207072096411139e-05,0.9907100796699524,0.541034200010472,Hard
8,I.43.16,0.0002493082720320672,0.00023221661103889346,0.9902845621109009,0.38422689998697024,Easy
8,I.43.31,0.0002461871481500566,0.00023746726219542325,0.9900793433189392,0.23910910000267904,Medium
8,I.43.43,0.0006633106386289,0.0006853550439700484,0.9904431104660034,0.20671529999526683,Medium
8,I.44.4,0.00011216295388294384,0.00012987149239052087,0.9900127649307251,1.0295785999915097,Hard
8,I.47.23,0.0004440890916157514,0.00041440525092184544,0.9902166724205017,0.16053129998908844,Easy
8,I.50.26,0.004999264609068632,0.006730823311954737,0.970890462398529,2.902977200006717,Hard
8,I.6.20a,0.00015167832316365093,0.00017747819947544485,0.9908782839775085,0.09966049999638926,Hard
8,I.6.20b,0.00022211571922525764,0.0002878049563150853,0.9838600754737854,2.8821138000057545,Hard
8,I.6.20,0.00014000787632539868,0.00012475544644985348,0.9902075529098511,0.26513729999714997,Hard
8,I.9.18,6.367585592670366e-05,9.154070721706375e-05,0.8841268420219421,2.975965499994345,Hard
8,II.10.9,0.0006573231075890362,0.000576556718442589,0.9903547167778015,0.3535676999890711,Easy
8,II.11.17,0.006834224332123995,0.01890920288860798,0.8042154312133789,2.9642276000085985,Hard
8,II.11.20,9.010353096527979e-06,1.6624941054033116e-05,0.9907673001289368,0.9348095000023022,Hard
8,II.11.27,0.00020362295617815107,0.0014109766343608499,0.9902622699737549,0.7437808999966364,Hard
8,II.11.28,0.008784979581832886,0.006545393727719784,0.9908170700073242,0.20925649999117013,Hard
8,II.11.3,2.8815176847274415e-05,3.7837355193914846e-05,0.9902927279472351,0.837024599997676,Medium
8,II.13.17,0.0001031793508445844,8.425865962635726e-05,0.9902174472808838,0.2284860999934608,Easy
8,II.13.23,0.0014864463591948152,0.0009883249877020717,0.9909960031509399,0.25428789999568835,Hard
8,II.13.34,0.0010970665607601404,0.0007975500193424523,0.9902531504631042,0.3693901999940863,Hard
8,II.15.4,0.00046874090912751853,0.0005595151451416314,0.9903722405433655,0.26155009999638423,Easy
8,II.15.5,0.00046610867138952017,0.0005797260673716664,0.9900244474411011,0.29728220000106376,Easy
8,II.2.42,0.00015922581951599568,0.00019406716455705464,0.9900156259536743,0.3859985000017332,Easy
8,II.21.32,2.6938698283629492e-05,0.010803570970892906,0.6203835010528564,2.909490200006985,Medium
8,II.24.17,0.0005028540035709739,0.0005798796191811562,0.9913895726203918,0.11332360000233166,Hard
8,II.27.16,0.0001372639962937683,0.00016730374773032963,0.9903569221496582,0.5842475000099512,Easy
8,II.27.18,0.0003202287189196795,0.000294325320282951,0.9913979172706604,0.1425803000020096,Easy
8,II.3.24,2.7267618861515075e-05,1.937336492119357e-05,0.9900996685028076,0.4265171000006376,Easy
8,II.34.11,6.454769754782319e-05,5.5099062592489645e-05,0.9907791018486023,0.30458319999161176,Easy
8,II.34.29a,2.822504484356614e-06,3.3552757940924494e-06,0.990074872970581,2.311982100000023,Medium
8,II.34.29b,6.307524745352566e-05,0.00011805458780145273,0.9904139041900635,0.4964019000035478,Easy
8,II.34.2a,1.1113241271232255e-05,1.3359085642150603e-05,0.9901207685470581,0.8701502000039909,Medium
8,II.34.2,5.6130666052922606e-05,5.86237438255921e-05,0.9902034997940063,0.15813019999768585,Medium
8,II.35.18,0.0001789691741578281,0.00018317537615075707,0.990361213684082,0.3253963000024669,Hard
8,II.35.21,8.451625762972981e-05,0.0001035425957525149,0.9900433421134949,0.2836981000000378,Hard
8,II.36.38,0.00044474119204096496,0.0009906046325340867,0.9912253022193909,0.6944680000015069,Hard
8,II.37.1,0.0011397197376936674,0.0012047827476635575,0.9905682802200317,0.20829149999190122,Medium
8,II.38.14,9.382894495502114e-05,9.31688045966439e-05,0.9917388558387756,0.11915610000141896,Easy
8,II.38.3,0.00022039187024347484,0.00023895410413388163,0.9900026917457581,0.2503443000023253,Easy
8,II.4.23,9.156406122201588e-06,8.035469363676384e-06,0.9904841184616089,0.42029829999955837,Easy
8,II.6.11,1.0582517461443786e-05,1.965955743798986e-05,0.9901039600372314,1.7704137999971863,Medium
8,II.6.15a,0.0030268344562500715,0.02523985132575035,0.7969703674316406,2.9811558000074,Hard
8,II.6.15b,4.6884233597666025e-05,0.00017887387366499752,0.9809552431106567,2.9040179000003263,Hard
8,II.8.31,8.366590191144496e-05,8.317995525430888e-05,0.9910377860069275,0.11047040000266861,Easy
8,II.8.7,2.070570189971477e-06,2.3635516299691517e-06,0.9900658130645752,1.9011312999937218,Medium
8,III.10.19,0.0007740513538010418,0.0009207133552990854,0.9910545945167542,0.28327230000286363,Hard
8,III.12.43,0.00045571112423203886,0.0004220122063998133,0.9911223649978638,0.1316179999994347,Easy
8,III.13.18,0.0007388177909888327,0.0005898212548345327,0.9906542301177979,0.26058780000312254,Medium
8,III.14.14,0.0003026400809176266,0.0021299943327903748,0.9732459187507629,2.9147469000017736,Medium
8,III.15.12,0.005615252535790205,0.008152156136929989,0.9904513955116272,0.6017524999915622,Medium
8,III.15.14,0.0003963707131333649,0.00048335944302380085,0.9906247854232788,0.2857210999936797,Medium
8,III.15.27,0.06914370507001877,0.04921428859233856,0.9906513690948486,0.23929510000743903,Easy
8,III.17.37,0.0011201045708730817,0.0014007993740960956,0.9902331829071045,0.48637919999600854,Medium
8,III.19.51,3.376165125246189e-07,5.967629022052279e-07,-0.015746712684631348,2.985842499998398,Medium
8,III.21.20,0.00017092253256123513,0.00021479658607859164,0.9910133481025696,0.3780092999950284,Hard
8,III.4.32,0.019413724541664124,0.026528073474764824,0.9916805028915405,0.15557049999188166,Medium
8,III.4.33,0.0058897859416902065,0.005687801167368889,0.9911854267120361,0.14032930000394117,Hard
8,III.7.38,0.0025039901956915855,0.0018928841454908252,0.9911355376243591,0.1610064999986207,Easy
8,III.8.54,0.0006198521587066352,0.00133648538030684,0.9890388250350952,2.841630900002201,Medium
8,III.9.52,0.00011672242544591427,0.00020248422515578568,0.9902152419090271,1.6465315999957966,Hard
10,I.10.7,0.0015362437115982175,0.0010892122518271208,0.9900768995285034,0.22984299999370705,Medium
10,I.11.19,0.03765119984745979,0.06617751717567444,0.7931638360023499,3.0488133000035305,Medium
10,I.12.11,0.013281608000397682,0.030627069994807243,0.7529906630516052,3.013505399998394,Medium
10,I.12.1,0.0007420788169838488,0.0006644786335527897,0.9935607314109802,0.11228560000017751,Easy
10,I.12.2,4.6176399337127805e-05,0.00015784097195137292,0.8565813899040222,2.950213200005237,Medium
10,I.12.4,2.459515235386789e-05,2.9963674023747444e-05,0.9908162355422974,0.6320190999977058,Easy
10,I.12.5,0.0007618271047249436,0.0007132357568480074,0.9930882453918457,0.11448220000602305,Easy
10,I.13.12,7.329098298214376e-05,0.00012571447587106377,0.9901037216186523,0.36459349999495316,Medium
10,I.13.4,0.0022409537341445684,0.0034692310728132725,0.9655943512916565,2.9649155999941286,Medium
10,I.14.3,0.0002931740309577435,0.0003492319956421852,0.9913325905799866,0.16040999999677297,Easy
10,I.14.4,7.486718095606193e-05,7.9768942669034e-05,0.9906744956970215,0.3228298000030918,Easy
10,I.15.10,0.0011212308891117573,0.0010016104206442833,0.9907111525535583,0.17108569999982137,Medium
10,I.15.3t,0.008167761377990246,0.0374717190861702,0.9176684617996216,2.9458767999894917,Hard
10,I.15.3x,0.005464129149913788,0.012222233228385448,0.9783816337585449,2.9289554999995744,Hard
10,I.16.6,0.003104087198153138,0.0032232312951236963,0.9909884929656982,0.06944260001182556,Medium
10,I.18.12,0.0011295470176264644,0.0013117003254592419,0.9736505746841431,2.892348800000036,Easy
10,I.18.16,0.003552827285602689,0.0058533125557005405,0.6866132020950317,3.096937700000126,Easy
10,I.18.4,0.001481340965256095,0.0016745231114327908,0.9902126789093018,0.28213839999807533,Medium
10,I.24.6,9.549765309202485e-06,1.3393114386417437e-05,0.9921768307685852,1.1482842999976128,Medium
10,I.25.13,0.004172101616859436,0.0029069767333567142,0.9907324910163879,0.09544809999351855,Easy
10,I.26.2,0.0016179883386939764,0.0016040765913203359,0.9926109313964844,0.12901309999870136,Easy
10,I.27.6,0.00027442185091786087,0.0002931960334535688,0.99064701795578,0.18322730000363663,Easy
10,I.29.16,0.0364995077252388,0.06785028427839279,0.5099649429321289,3.035974200000055,Hard
10,I.29.4,0.0015191716374829412,0.0010358066065236926,0.9909989237785339,0.13575580000178888,Medium
10,I.30.3,0.02546651102602482,0.036171309649944305,0.7953842878341675,2.9134126999997534,Hard
10,I.30.5,0.0011738106841221452,0.0013178830267861485,0.9916438460350037,0.1650599999993574,Easy
10,I.32.17,0.0006141896592453122,3.1847007274627686,0.30070072412490845,3.0666473000019323,Hard
10,I.32.5,0.00019457307644188404,0.010005111806094646,0.9329991340637207,3.014005899996846,Medium
10,I.34.10,0.0034548244439065456,0.0024519541766494513,0.9907295107841492,0.1473680999915814,Medium
10,I.34.14,0.0014650666853412986,0.0013904215302318335,0.9902853965759277,0.17120609999983571,Hard
10,I.34.27,0.0012954204576089978,0.001002793782390654,0.9902822375297546,0.1933712000027299,Medium
10,I.34.8,0.006739142816513777,0.009278654120862484,0.7206586599349976,2.9196679999877233,Medium
10,I.37.4,0.00732989888638258,0.007895681075751781,0.9900745749473572,0.2687764000002062,Hard
10,I.38.12,0.1210748702287674,0.14397266507148743,0.9855876564979553,2.9728363000031095,Medium
10,I.39.10,0.0008832431631162763,0.0008585368050262332,0.9919730424880981,0.07958560000406578,Medium
10,I.39.11,0.00042511316132731736,0.0005716239102184772,0.9905238747596741,0.2498660999990534,Medium
10,I.39.22,0.00025839274167083204,0.00022612175962422043,0.99053955078125,0.6861136000079568,Hard
10,I.40.1,0.0007449562544934452,0.002647791523486376,0.9689051508903503,2.955294800005504,Hard
10,I.41.16,4.5508353650802746e-05,8.572830120101571e-05,0.9902960658073425,0.579563599996618,Hard
10,I.43.16,0.00023058950318954885,0.00023380624770652503,0.9902180433273315,0.29251210000074934,Easy
10,I.43.31,0.0001885410601971671,0.00022991526930127293,0.9903948307037354,0.33260140000493266,Medium
10,I.43.43,0.0005608421633951366,0.0006985453655943274,0.9902591705322266,0.1514649000018835,Medium
10,I.44.4,5.118792978464626e-05,0.00012672197772189975,0.9902549386024475,0.3141627000004519,Hard
10,I.47.23,0.00042300185305066407,0.0003786675806622952,0.9910603761672974,0.11622130000614561,Easy
10,I.50.26,0.002430875087156892,0.0037650626618415117,0.9837168455123901,3.0131439000106184,Hard
10,I.6.20a,0.00017396615294273943,0.0001571041066199541,0.9919254779815674,0.10175629999139346,Hard
10,I.6.20b,0.0022192983888089657,0.0030115111730992794,0.8311161994934082,2.9647592999972403,Hard
10,I.6.20,0.00013796798884868622,0.0001214520598296076,0.990466833114624,0.1638200000015786,Hard
10,I.9.18,0.00020753512217197567,0.000461289455415681,0.41609519720077515,3.0120089999982156,Hard
10,II.10.9,0.0008745968225412071,0.0005589688080362976,0.9906489253044128,0.2630721000023186,Easy
10,II.11.17,0.00485290726646781,0.012063023634254932,0.8751002550125122,3.0028378999995766,Hard
10,II.11.20,1.0185603059653658e-05,1.716966653475538e-05,0.9904647469520569,1.2308376000000862,Hard
10,II.11.27,0.00015140879258979112,0.0014360604109242558,0.9900891780853271,1.9211134999932256,Hard
10,II.11.28,0.011658035218715668,0.0063338433392345905,0.9911138415336609,0.13754790001257788,Hard
10,II.11.3,2.6945564968627878e-05,3.844487218884751e-05,0.9901368618011475,0.720692400005646,Medium
10,II.13.17,2.4086237317533232e-05,8.0521494965069e-05,0.9906513690948486,0.9115048999956343,Easy
10,II.13.23,0.0017585661262273788,0.001029260572977364,0.9906230568885803,0.31241579999914393,Hard
10,II.13.34,0.0014166224282234907,0.0007737422129139304,0.9905441403388977,0.24281660000269767,Hard
10,II.15.4,0.0005047440645284951,0.0005159156280569732,0.9911224842071533,0.22798370000964496,Easy
10,II.15.5,0.00045724373194389045,0.0005018103984184563,0.9913651943206787,0.18440149999514688,Easy
10,II.2.42,7.5364820077084e-05,0.00019104930106550455,0.9901708960533142,0.42412689999036957,Easy
10,II.21.32,1.5879961210885085e-05,0.01185686606913805,0.5833727121353149,2.9263628000044264,Medium
10,II.24.17,0.0005159740103408694,0.0005814111791551113,0.9913668036460876,0.14947590000519995,Hard
10,II.27.16,0.00013039626355748624,0.00017280258180107921,0.9900399446487427,0.3966752999986056,Easy
10,II.27.18,0.00035551158362068236,0.0003210049762856215,0.990618109703064,0.105710400006501,Easy
10,II.3.24,1.8829201508197002e-05,1.9404553313506767e-05,0.9900836944580078,0.4057182999968063,Easy
10,II.34.11,5.144572423887439e-05,5.3098683565622196e-05,0.9911138415336609,0.22492790000978857,Easy
10,II.34.29a,2.773159621938248e-06,3.3774508665374015e-06,0.9900093078613281,1.693346100000781,Medium
10,II.34.29b,5.012641486246139e-05,0.00011549313057912514,0.9906218647956848,0.6372508000058588,Easy
10,II.34.2a,1.0867037417483516e-05,1.1386288861103822e-05,0.9915796518325806,0.2524390000035055,Medium
10,II.34.2,5.042707562097348e-05,5.8130106481257826e-05,0.9902859926223755,0.25025040000036824,Medium
10,II.35.18,0.00012417657126206905,0.00017982354620471597,0.9905375838279724,0.31020589999388903,Hard
10,II.35.21,5.458498708321713e-05,0.00010348917567171156,0.9900484681129456,0.6491801000083797,Hard
10,II.36.38,0.00033783941762521863,0.0011256866855546832,0.9900287389755249,0.4800577999994857,Hard
10,II.37.1,0.0010454158764332533,0.001175493816845119,0.9907975196838379,0.17237440000462811,Medium
10,II.38.14,0.00010193367779720575,0.00010040357301477343,0.9910973906517029,0.18385119999584276,Easy
10,II.38.3,0.00024999488960020244,0.00022283838188741356,0.9906769394874573,0.15127919999940787,Easy
10,II.4.23,7.773866855131928e-06,8.107058420137037e-06,0.9903993606567383,1.2946689999953378,Easy
10,II.6.11,1.2300263733777683e-05,1.943280949490145e-05,0.9902180433273315,0.4570313000003807,Medium
10,II.6.15a,0.0016112502198666334,0.011034881696105003,0.9112352728843689,3.0343774000066333,Hard
10,II.6.15b,0.0001589619496371597,0.00030115689150989056,0.9679357409477234,2.992719300003955,Hard
10,II.8.31,7.432651182170957e-05,8.063285349635407e-05,0.9913122653961182,0.18466579999949317,Easy
10,II.8.7,1.6536864677618723e-06,2.1529485820792615e-06,0.9909509420394897,1.8959861999901477,Medium
10,III.10.19,0.0005771279102191329,0.0010275854729115963,0.9900162220001221,0.37318429999868385,Hard
10,III.12.43,0.00040904516936279833,0.00041340687312185764,0.9913033843040466,0.08197759999893606,Easy
10,III.13.18,0.0009694487089291215,0.0006147425156086683,0.9902594089508057,0.28057029999035876,Medium
10,III.14.14,0.00014065380673855543,0.0013583044055849314,0.982938826084137,2.9864510000043083,Medium
10,III.15.12,0.005046590231359005,0.007968750782310963,0.9906662702560425,0.4479812000063248,Medium
10,III.15.14,0.0003406608593650162,0.0005041472031734884,0.9902215600013733,0.39326559999608435,Medium
10,III.15.27,0.07609142363071442,0.05130484327673912,0.9902542233467102,0.17280059999029618,Easy
10,III.17.37,0.0010475617600604892,0.0014201621524989605,0.9900981783866882,0.5576563000067836,Medium
10,III.19.51,2.8757236236742756e-07,6.538645038745017e-07,-0.11293911933898926,3.011215099992114,Medium
10,III.21.20,0.00016398676962126046,0.00023818769841454923,0.9900347590446472,0.208705099998042,Hard
10,III.4.32,0.016805479303002357,0.028583887964487076,0.9910358190536499,0.19949060000362806,Medium
10,III.4.33,0.005437524989247322,0.005581963341683149,0.9913493990898132,0.1517539000051329,Hard
10,III.7.38,0.002802989911288023,0.002011665375903249,0.9905793070793152,0.33489080000435933,Easy
10,III.8.54,0.0006977629382163286,0.0011848739814013243,0.9902822375297546,2.9247813999973005,Medium
10,III.9.52,6.886516348458827e-05,0.0002051775809377432,0.9900851249694824,2.936154399998486,Hard
12,I.10.7,0.0010940383654087782,0.0010558264330029488,0.9903810620307922,0.3301447999983793,Medium
12,I.11.19,0.03668367862701416,0.06294475495815277,0.803267776966095,3.1382483999914257,Medium
12,I.12.11,0.008039482869207859,0.013122789561748505,0.8941638469696045,3.0334510000102455,Medium
12,I.12.1,0.0010915339225903153,0.0009687597630545497,0.9906120300292969,0.11664579999342095,Easy
12,I.12.2,0.00026850446010939777,0.00031581614166498184,0.713040828704834,3.0294197000039276,Medium
12,I.12.4,2.113779009960126e-05,3.0851460905978456e-05,0.9905440807342529,1.2348490000003949,Easy
12,I.12.5,0.0008101806160993874,0.0009009567438624799,0.9912691116333008,0.11722290000761859,Easy
12,I.13.12,7.163196278270334e-05,0.0006744212005287409,0.9469094276428223,3.0654200999997556,Medium
12,I.13.4,0.0009284769184887409,0.000986083410680294,0.9902206659317017,0.1095253999956185,Medium
12,I.14.3,0.00041574795613996685,0.0003648343845270574,0.9909453392028809,0.3456153000006452,Easy
12,I.14.4,7.341249147430062e-05,7.351576641667634e-05,0.9914055466651917,0.1614811000035843,Easy
12,I.15.10,0.0009955717250704765,0.0010245697339996696,0.9904982447624207,0.20283550000749528,Medium
12,I.15.3t,0.008103261701762676,0.018993370234966278,0.958268404006958,3.0472024000046076,Hard
12,I.15.3x,0.0025675867218524218,0.009926173835992813,0.9824428558349609,3.051673200010555,Hard
12,I.16.6,0.0032933757174760103,0.0033232346177101135,0.9907089471817017,0.08441369999491144,Medium
12,I.18.12,0.0008556560496799648,0.0011076133232563734,0.977750301361084,3.0222422999941045,Easy
12,I.18.16,0.0041954657062888145,0.010993250645697117,0.41142046451568604,3.0808568999927957,Easy
12,I.18.4,0.0014012352330610156,0.0016842844197526574,0.9901556372642517,0.3110556000028737,Medium
12,I.24.6,8.659102604724467e-06,1.7038055375451222e-05,0.9900477528572083,2.080602500005625,Medium
12,I.25.13,0.003339858027175069,0.0031142758671194315,0.9900715947151184,0.21125279999978375,Easy
12,I.26.2,0.0017162084113806486,0.0019812819082289934,0.990873396396637,0.17618640000000596,Easy
12,I.27.6,0.000256175670074299,0.0003058045112993568,0.9902448058128357,0.40150500000163447,Easy
12,I.29.16,0.013120544143021107,0.02057988941669464,0.851365864276886,3.0912207000073977,Hard
12,I.29.4,0.0014792137080803514,0.0011238352162763476,0.9902339577674866,0.1574702000070829,Medium
12,I.30.3,0.026316562667489052,0.05900808051228523,0.6662001609802246,3.0248237999912817,Hard
12,I.30.5,0.0015535891288891435,0.0015366226434707642,0.9902569055557251,0.1939564999920549,Easy
12,I.32.17,8.728635293664411e-05,3.1996004581451416,0.29742908477783203,3.2127539000066463,Hard
12,I.32.5,6.0786107496824116e-05,0.005601061973720789,0.9624915719032288,3.195545399998082,Medium
12,I.34.10,0.003403381910175085,0.0025736589450389147,0.9902693629264832,0.267509399986011,Medium
12,I.34.14,0.0012317294022068381,0.0014002249808982015,0.9902169108390808,0.1705871999874944,Hard
12,I.34.27,0.0011050906032323837,0.000912373885512352,0.9911584854125977,0.14413679999415763,Medium
12,I.34.8,0.005150950979441404,0.0069844285026192665,0.7897281646728516,3.050174000003608,Medium
12,I.37.4,0.00618002051487565,0.007214366924017668,0.9909310340881348,0.14365499999257736,Hard
12,I.38.12,0.12470202893018723,0.09418093413114548,0.9905720353126526,0.7193152000108967,Medium
12,I.39.10,0.00105368928052485,0.0010201646946370602,0.9904618859291077,0.10438639999483712,Medium
12,I.39.11,0.00047064750106073916,0.000506723066791892,0.9915997982025146,0.13853240000025835,Medium
12,I.39.22,0.00022739906853530556,0.00022545766842085868,0.9905673265457153,0.32249570000567473,Hard
12,I.40.1,0.0011268999660387635,0.006420036777853966,0.924605131149292,3.079720099995029,Hard
12,I.41.16,5.316367605701089e-05,8.171037916326895e-05,0.9907508492469788,0.4868395999947097,Hard
12,I.43.16,0.0001820973411668092,0.0002315039309905842,0.9903143644332886,0.23719569999957457,Easy
12,I.43.31,0.00019587935821618885,0.00019778295245487243,0.9917372465133667,0.130381099996157,Medium
12,I.43.43,0.0006235432811081409,0.000686790095642209,0.9904230833053589,0.15474620000168215,Medium
12,I.44.4,4.933351738145575e-05,0.00013001658953726292,0.9900016188621521,0.659360799996648,Hard
12,I.47.23,0.00027401710394769907,0.00023943299311213195,0.9943474531173706,0.08144290000200272,Easy
12,I.50.26,0.0030682291835546494,0.006762268953025341,0.9707545042037964,3.0642720999894664,Hard
12,I.6.20a,0.00017791079881135374,0.00017342901264782995,0.9910864233970642,0.11002360000566114,Hard
12,I.6.20b,0.00019933377916458994,0.00027823058189824224,0.9843969941139221,2.98552689999633,Hard
12,I.6.20,0.0001125140770454891,0.00012152715498814359,0.9904609322547913,0.5694654999970226,Hard
12,I.9.18,0.0002809609577525407,0.0014482534024864435,-0.8332135677337646,3.1594728999916697,Hard
12,II.10.9,0.0006134615396149457,0.000517549691721797,0.9913418292999268,0.1669530999934068,Easy
12,II.11.17,0.008969148620963097,0.03273145854473114,0.6611007452011108,3.126007600003504,Hard
12,II.11.20,4.630540388461668e-06,1.725043694023043e-05,0.9904199242591858,1.9709887000062736,Hard
12,II.11.27,0.00014391203876584768,0.001422426663339138,0.9901832342147827,0.8400931999931345,Hard
12,II.11.28,0.009617174975574017,0.006906365510076284,0.9903106689453125,0.5742464999930235,Hard
12,II.11.3,1.922776755236555e-05,3.7341775168897584e-05,0.990419864654541,0.4346800000057556,Medium
12,II.13.17,5.230956230661832e-05,8.492450433550403e-05,0.9901401400566101,0.7999951000092551,Easy
12,II.13.23,0.00152346130926162,0.0010833332780748606,0.9901304244995117,0.2616435999952955,Hard
12,II.13.34,0.0009149060933850706,0.0007967424462549388,0.990263044834137,0.2477153000072576,Hard
12,II.15.4,0.00043858709977939725,0.0005471021868288517,0.9905858039855957,0.17872699999134056,Easy
12,II.15.5,0.0004164724668953568,0.0005746444221585989,0.9901118874549866,0.3798308000114048,Easy
12,II.2.42,9.408611367689446e-05,0.00017609447240829468,0.990940272808075,0.5697720000025583,Easy
12,II.21.32,4.605963113135658e-05,0.012867031618952751,0.5478774309158325,3.0437528000038583,Medium
12,II.24.17,0.0005585961625911295,0.0006277674692682922,0.9906784892082214,0.15828529999998864,Hard
12,II.27.16,0.00014946052397135645,0.0001697586994851008,0.9902154207229614,0.34850469999946654,Easy
12,II.27.18,0.0003629467391874641,0.0003398830012883991,0.990066409111023,0.20999380000284873,Easy
12,II.3.24,1.838263233366888e-05,1.9025212168344297e-05,0.9902775883674622,0.3321286999998847,Easy
12,II.34.11,5.427105861599557e-05,5.706328738597222e-05,0.990450382232666,0.43089180000242777,Easy
12,II.34.29a,3.2202733564190567e-06,3.315612730148132e-06,0.9901922345161438,1.4689575000084005,Medium
12,II.34.29b,3.4501252230256796e-05,0.00012294971384108067,0.9900164008140564,0.6361547999986215,Easy
12,II.34.2a,1.0853551430045627e-05,1.3301359103934374e-05,0.9901634454727173,0.8293840000114869,Medium
12,II.34.2,4.9377365940017626e-05,5.89128139836248e-05,0.9901552200317383,0.44802749999507796,Medium
12,II.35.18,0.0001305699988733977,0.00018144985369872302,0.990451991558075,0.5476732999959495,Hard
12,II.35.21,4.8319216148229316e-05,0.00010379608283983544,0.9900189638137817,0.4966091999958735,Hard
12,II.36.38,0.00032235003891400993,0.0011222311295568943,0.9900593757629395,2.710243800000171,Hard
12,II.37.1,0.001144860521890223,0.0011937347007915378,0.9906547665596008,0.09651730000041425,Medium
12,II.38.14,0.00010479590127943084,0.00010491514694876969,0.9906973838806152,0.14188159999321215,Easy
12,II.38.3,0.00017755813314579427,0.00021435011876747012,0.991032063961029,0.19263299999875017,Easy
12,II.4.23,7.368432306975592e-06,8.182091733033303e-06,0.9903104901313782,0.5191531999880681,Easy
12,II.6.11,5.769064046035055e-06,1.8683353118831292e-05,0.9905953407287598,1.457328200005577,Medium
12,II.6.15a,0.0031352760270237923,0.016623692587018013,0.8662788271903992,3.1098425000091083,Hard
12,II.6.15b,1.7732820197124965e-05,9.309675806434825e-05,0.9900879859924316,1.4832968000118854,Hard
12,II.8.31,8.236537541961297e-05,9.028717613546178e-05,0.990272045135498,0.22146049998991657,Easy
12,II.8.7,2.3350188712356612e-05,2.5074345103348605e-05,0.8946103453636169,2.9959528999897884,Medium
12,III.10.19,0.000706033781170845,0.0009895446710288525,0.9903858304023743,0.29946490000293124,Hard
12,III.12.43,0.00046494585694745183,0.00044626498129218817,0.9906121492385864,0.11701760000141803,Easy
12,III.13.18,0.000813236809335649,0.0005820287042297423,0.9907777309417725,0.3144757000118261,Medium
12,III.14.14,0.0002326358517166227,0.012008625082671642,0.8491641879081726,3.1872027999925194,Medium
12,III.15.12,0.005727298092097044,0.008168205618858337,0.990432620048523,0.25624519999837503,Medium
12,III.15.14,0.000359630910679698,0.0004948070854879916,0.9904027581214905,0.2458654999936698,Medium
12,III.15.27,0.07412564009428024,0.0515441969037056,0.9902088046073914,0.5073373000050196,Easy
12,III.17.37,0.0010757028358057141,0.0013464154908433557,0.9906123876571655,0.2983964000013657,Medium
12,III.19.51,4.0953608504423755e-07,9.57666202339169e-07,-0.6300382614135742,3.100174799998058,Medium
12,III.21.20,0.0002959995763376355,0.0002146930928574875,0.9910176992416382,0.25288779998663813,Hard
12,III.4.32,0.01876816526055336,0.031316127628088,0.9901789426803589,0.14558160000888165,Medium
12,III.4.33,0.004704700782895088,0.005540467333048582,0.9914137125015259,0.13305160000163596,Hard
12,III.7.38,0.002886892296373844,0.0021241505164653063,0.9900525212287903,0.12163169999257661,Easy
12,III.8.54,0.005286600906401873,0.012950309552252293,0.8937879800796509,3.1332290999998804,Medium
12,III.9.52,0.00018359509704168886,0.0006007074262015522,0.9709717035293579,3.00558449998789,Hard
14,I.10.7,0.001745771267451346,0.0010565768461674452,0.9903742074966431,0.2337548999930732,Medium
14,I.11.19,0.03169490024447441,0.0676344484090805,0.7886102795600891,3.1186415999982273,Medium
14,I.12.11,0.012141162529587746,0.02838551253080368,0.7710689902305603,3.0862965999986045,Medium
14,I.12.1,0.0009350496693514287,0.0010256882524117827,0.9900603890419006,0.30531330000667367,Easy
14,I.12.2,0.00019009734387509525,0.0003354053187649697,0.6952415704727173,3.144550099998014,Medium
14,I.12.4,2.1227322577033192e-05,3.130302866338752e-05,0.9904056787490845,0.908943399990676,Easy
14,I.12.5,0.00110157229937613,0.0010117861675098538,0.990195095539093,0.13435469999967609,Easy
14,I.13.12,2.2666041331831366e-05,0.00012680701911449432,0.9900177121162415,2.9649932000029366,Medium
14,I.13.4,0.0008445455459877849,0.0008931552292779088,0.9911422729492188,0.19011879999015946,Medium
14,I.14.3,0.00035585826844908297,0.0003745495341718197,0.9907042384147644,0.5063088000024436,Easy
14,I.14.4,6.938959995750338e-05,8.133260416798294e-05,0.9904917478561401,0.4249024000018835,Easy
14,I.15.10,0.0011222148314118385,0.0010466641979292035,0.9902933239936829,0.24838309999904595,Medium
14,I.15.3t,0.00775180384516716,0.02569669485092163,0.943540096282959,3.168299400000251,Hard
14,I.15.3x,0.04428497329354286,0.08852401375770569,0.8434209823608398,3.1390096999966772,Hard
14,I.16.6,0.0026902989484369755,0.0026022433303296566,0.9927246570587158,0.08582710000337102,Medium
14,I.18.12,0.003222087398171425,0.005093846004456282,0.8976749181747437,3.080186999999569,Easy
14,I.18.16,0.0028575826436281204,0.004638810642063618,0.7516376972198486,3.1165170000022044,Easy
14,I.18.4,0.0012683349195867777,0.0015836338279768825,0.99074387550354,0.6888706000027014,Medium
14,I.24.6,1.2981218787899707e-05,3.157521859975532e-05,0.9815562963485718,3.0961561000003712,Medium
14,I.25.13,0.003078196197748184,0.00231295358389616,0.9926262497901917,0.11895269999513403,Easy
14,I.26.2,0.0020600310526788235,0.0019739423878490925,0.9909071922302246,0.108502100003534,Easy
14,I.27.6,0.0002455105714034289,0.0003069050144404173,0.990209698677063,0.5782223000132944,Easy
14,I.29.16,0.02183278650045395,0.05173220857977867,0.6263744831085205,3.1574069000052987,Hard
14,I.29.4,0.0014581334544345737,0.0010725543834269047,0.9906796216964722,0.15826949999609496,Medium
14,I.30.3,0.02112409844994545,0.03859568387269974,0.7816699743270874,3.0982954000064638,Hard
14,I.30.5,0.0014996775425970554,0.0014295871369540691,0.9909355640411377,0.1341814999905182,Easy
14,I.32.17,0.00033010312472470105,3.297123908996582,0.2760147452354431,3.2677994000114268,Hard
14,I.32.5,0.0028781634755432606,0.018521040678024292,0.8759707808494568,3.1503716000006534,Medium
14,I.34.10,0.0034412103705108166,0.002624057698994875,0.9900788068771362,0.36515529999451246,Medium
14,I.34.14,0.0012996511068195105,0.0013412795960903168,0.9906287789344788,0.1096737000043504,Hard
14,I.34.27,0.000801115995272994,0.0009125912329182029,0.9911563396453857,0.11805089999688789,Medium
14,I.34.8,0.004887579008936882,0.00752183236181736,0.7735491991043091,3.1393723000073805,Medium
14,I.37.4,0.006663397420197725,0.007152398582547903,0.9910089373588562,0.15850960000534542,Hard
14,I.38.12,0.7783318758010864,0.09923040866851807,0.9900665879249573,0.6851613000035286,Medium
14,I.39.10,0.0009565083892084658,0.000906018540263176,0.991529107093811,0.0945079000084661,Medium
14,I.39.11,0.0005383394309319556,0.000566067174077034,0.9906160235404968,0.15709760000754613,Medium
14,I.39.22,0.0001611444167792797,0.00023307943774852902,0.990248441696167,0.4151784999994561,Hard
14,I.40.1,0.0013084268430247903,0.002797103486955166,0.9671517014503479,3.226513599991449,Hard
14,I.41.16,4.9368834879714996e-05,8.724460349185392e-05,0.9901244044303894,0.4329413000086788,Hard
14,I.43.16,0.00022955900931265205,0.00023374079319182783,0.9902207851409912,0.24798919999739155,Easy
14,I.43.31,0.00019116027397103608,0.000235005805734545,0.9901821613311768,0.3470402999955695,Medium
14,I.43.43,0.00034965050872415304,0.0006112674018368125,0.9914762377738953,0.17267799998808187,Medium
14,I.44.4,4.4304313632892445e-05,0.00012423100997693837,0.9904465079307556,1.6861460000072839,Hard
14,I.47.23,0.00027167971711605787,0.0003021244774572551,0.9928674101829529,0.11090770000009798,Easy
14,I.50.26,0.002062335843220353,0.004105980508029461,0.9822424054145813,3.0777712000126485,Hard
14,I.6.20a,0.0001070766884367913,9.739744564285502e-05,0.9949941635131836,0.10982460000377614,Hard
14,I.6.20b,0.00012414994125720114,0.00016648342716507614,0.9906637072563171,0.581378599992604,Hard
14,I.6.20,0.00011187778000021353,0.00012687775597441941,0.9900409579277039,0.9085113000037381,Hard
14,I.9.18,0.00035883806413039565,0.001587480423040688,-1.009448528289795,3.2994408999948064,Hard
14,II.10.9,0.0004943864769302309,0.0005429912125691772,0.9909162521362305,0.19096250001166482,Easy
14,II.11.17,0.005161513574421406,0.017617156729102135,0.8175931572914124,3.302501199999824,Hard
14,II.11.20,9.959644557966385e-06,1.757712561811786e-05,0.9902384877204895,1.1510581000038655,Hard
14,II.11.27,4.187425292911939e-05,0.0014320967020466924,0.990116536617279,2.5840810000081547,Hard
14,II.11.28,0.008452648296952248,0.006919774692505598,0.9902918338775635,0.16615099999762606,Hard
14,II.11.3,1.9905877707060426e-05,3.738735176739283e-05,0.990408182144165,0.7206761999987066,Medium
14,II.13.17,0.00010266983008477837,7.951127190608531e-05,0.9907686710357666,0.27102060000470374,Easy
14,II.13.23,0.001763282809406519,0.0010088072158396244,0.9908093810081482,0.18186759999662172,Hard
14,II.13.34,0.001504893763922155,0.0008015453349798918,0.9902043342590332,0.31296510000538547,Hard
14,II.15.4,0.00045049111940898,0.000551205943338573,0.9905152320861816,0.19669189999694936,Easy
14,II.15.5,0.000468066253233701,0.0005691523547284305,0.9902064204216003,0.5711603999952786,Easy
14,II.2.42,6.904420297360048e-05,0.00019034177239518613,0.990207314491272,1.5067453999945428,Easy
14,II.21.32,0.00037250472814776003,0.016569964587688446,0.4177635908126831,3.148648400005186,Medium
14,II.24.17,0.000548683397937566,0.0006260834052227437,0.9907035231590271,0.13339009998890106,Hard
14,II.27.16,0.0001105452174670063,0.0001726650953060016,0.9900478720664978,0.3673352000041632,Easy
14,II.27.18,0.0002324829256394878,0.0003393673396203667,0.9900814890861511,0.3974030999961542,Easy
14,II.3.24,1.794970921764616e-05,1.9180133676854894e-05,0.9901983737945557,0.36800790000415873,Easy
14,II.34.11,3.819678022409789e-05,5.955730375717394e-05,0.990032970905304,0.7446057999914046,Easy
14,II.34.29a,2.9014208848821e-06,3.3522242119943257e-06,0.9900839328765869,0.936123099992983,Medium
14,II.34.29b,3.1261133699445054e-05,0.00012234073074068874,0.99006587266922,1.8152598000015132,Easy
14,II.34.2a,1.0307628144801129e-05,1.316479938395787e-05,0.9902644157409668,0.8910510999994585,Medium
14,II.34.2,5.780828360002488e-05,5.6518798373872414e-05,0.9905552268028259,0.18072840000968426,Medium
14,II.35.18,0.00016059240442700684,0.0001829799439292401,0.9903714656829834,0.9336861000047065,Hard
14,II.35.21,3.653918975032866e-05,0.00010377704893471673,0.9900208115577698,0.499028600010206,Hard
14,II.36.38,0.0025628218427300453,0.02515791542828083,0.7771532535552979,3.26701269998739,Hard
14,II.37.1,0.0010368259390816092,0.0012394331861287355,0.9902969598770142,0.08500270001241006,Medium
14,II.38.14,9.509054507361725e-05,0.00010106673289556056,0.9910385608673096,0.19244080000498798,Easy
14,II.38.3,0.0001786354841897264,0.0002388029679423198,0.9900090098381042,0.43333759999950416,Easy
14,II.4.23,7.005533007031772e-06,7.551894213975174e-06,0.9910567998886108,0.6332665000081761,Easy
14,II.6.11,5.424972187029198e-06,1.969571712834295e-05,0.9900857210159302,1.4886791000026278,Medium
14,II.6.15a,0.000590152689255774,0.004728348925709724,0.9619650840759277,3.2049370000022464,Hard
14,II.6.15b,0.0009286315180361271,0.002077596727758646,0.7787975668907166,3.223916000002646,Hard
14,II.8.31,7.25369100109674e-05,8.33799276733771e-05,0.9910162687301636,0.21751909999875352,Easy
14,II.8.7,1.6238766420428874e-06,2.329230710529373e-06,0.9902100563049316,2.3515680999989854,Medium
14,III.10.19,0.0006512085092253983,0.00098703324329108,0.9904102087020874,0.28471589999389835,Hard
14,III.12.43,0.00047364961938001215,0.0004703312588389963,0.9901058673858643,0.1405302000057418,Easy
14,III.13.18,0.0004991837777197361,0.0006145144579932094,0.9902629852294922,0.23281069999211468,Medium
14,III.14.14,0.00013060725177638233,0.0059496755711734295,0.9252683520317078,3.2119908000022406,Medium
14,III.15.12,0.0022436368744820356,0.008972043171525002,0.9894911050796509,3.1720213999942644,Medium
14,III.15.14,0.00027225271333009005,0.0004909664858132601,0.9904772043228149,0.2897415000043111,Medium
14,III.15.27,0.03796307370066643,0.04715249314904213,0.9910430312156677,0.41600530000869185,Easy
14,III.17.37,0.0011656124843284488,0.0013511513825505972,0.99057936668396,0.3666951999912271,Medium
14,III.19.51,3.688172114379995e-07,8.054502700360899e-07,-0.3709522485733032,3.1970647999987705,Medium
14,III.21.20,0.00011816600454039872,0.00021057840785942972,0.9911898374557495,0.22473509999690577,Hard
14,III.4.32,0.018424054607748985,0.03047449328005314,0.9904428720474243,0.31216679999488406,Medium
14,III.4.33,0.004748780746012926,0.005009268410503864,0.9922369718551636,0.12290980000398122,Hard
14,III.7.38,0.0025613780599087477,0.00195485376752913,0.9908453226089478,0.1834824999968987,Easy
14,III.8.54,0.00052791548660025,0.001204797183163464,0.9901188611984253,2.7424843000044348,Medium
14,III.9.52,0.0001680621935520321,0.0011305074440315366,0.9453698992729187,3.2501253000082215,Hard
16,I.10.7,0.0002280558255733922,0.001078255707398057,0.9901766777038574,1.3237302000052296,Medium
16,I.11.19,0.047073133289813995,0.15246059000492096,0.5234882831573486,3.3308625999925425,Medium
16,I.12.11,0.015001933090388775,0.04390997439622879,0.6458631753921509,3.2578153000067687,Medium
16,I.12.1,0.0009891322115436196,0.0009923044126480818,0.9903838634490967,0.14485090000380296,Easy
16,I.12.2,0.00017785385716706514,0.0003642794326879084,0.669005811214447,3.2848200000007637,Medium
16,I.12.4,2.1894144083489664e-05,3.231305890949443e-05,0.9900961518287659,1.9878057000023546,Easy
16,I.12.5,0.0009309432352893054,0.0009554208954796195,0.9907413125038147,0.21850940000149421,Easy
16,I.13.12,0.0006884963368065655,0.0014677451690658927,0.8844587802886963,3.265784600007464,Medium
16,I.13.4,0.000917539291549474,0.0008694333955645561,0.9913775324821472,0.21311319999222178,Medium
16,I.14.3,0.00023893460456747562,0.00034523525391705334,0.9914317727088928,0.3962127000122564,Easy
16,I.14.4,7.072345761116594e-05,8.123741281451657e-05,0.9905028343200684,0.2430846999923233,Easy
16,I.15.10,0.0010131218004971743,0.001059089438058436,0.990178108215332,0.3910953000013251,Medium
16,I.15.3t,0.01519654132425785,0.04002799093723297,0.9120519161224365,3.190516500006197,Hard
16,I.15.3x,0.00412692129611969,0.014219329692423344,0.9748492240905762,3.1977448999969056,Hard
16,I.16.6,0.002696378156542778,0.0029234804678708315,0.9918265342712402,0.09735729999374598,Medium
16,I.18.12,0.0026302053593099117,0.0041655669920146465,0.9163221716880798,3.0834862000046996,Easy
16,I.18.16,0.0037977281026542187,0.008477259427309036,0.5461268424987793,3.1985011999931885,Easy
16,I.18.4,0.0008094304939731956,0.002058386104181409,0.9879690408706665,3.171667600006913,Medium
16,I.24.6,2.8617008865694515e-05,6.10004281043075e-05,0.964368462562561,3.1220541000075173,Medium
16,I.25.13,0.0029787698294967413,0.002335598226636648,0.9925540685653687,0.10919490001106169,Easy
16,I.26.2,0.0019220815738663077,0.0020312629640102386,0.9906431436538696,0.1201734999922337,Easy
16,I.27.6,0.00021802533592563123,0.0003076406428590417,0.9901862144470215,0.304801000005682,Easy
16,I.29.16,0.024823082610964775,0.06247841939330101,0.5487620830535889,3.3043964999960735,Hard
16,I.29.4,0.0010538895148783922,0.0010658585233613849,0.990737795829773,0.1577460999978939,Medium
16,I.30.3,0.02186698466539383,0.05913349613547325,0.6654906868934631,3.1392915999895195,Hard
16,I.30.5,0.0016479463083669543,0.0015666524413973093,0.9900665283203125,0.21101489999273326,Easy
16,I.32.17,0.0004597177030518651,3.4404313564300537,0.24454718828201294,3.329573299997719,Hard
16,I.32.5,8.461595280095935e-05,0.022846614941954613,0.8470038175582886,3.2994015000003856,Medium
16,I.34.10,0.003262254176661372,0.0024943985044956207,0.9905690550804138,0.16341699998883996,Medium
16,I.34.14,0.001326515106484294,0.001414468395523727,0.9901173710823059,0.18499510000401642,Hard
16,I.34.27,0.000902269734069705,0.0009884715545922518,0.9904209971427917,0.1073986999981571,Medium
16,I.34.8,0.0014113147044554353,0.0029244550969451666,0.9119569063186646,3.2018779999925755,Medium
16,I.37.4,0.005891936831176281,0.00709818210452795,0.9910770654678345,0.17305800000031013,Hard
16,I.38.12,0.22342054545879364,0.09808986634016037,0.9901807308197021,1.323647199998959,Medium
16,I.39.10,0.0009564358042553067,0.0010524167446419597,0.990160346031189,0.10705979999329429,Medium
16,I.39.11,0.00048407239955849946,0.0005463821580633521,0.9909423589706421,0.14932620000035968,Medium
16,I.39.22,0.00016474408039357513,0.00022314921079669148,0.9906638860702515,0.4061671999952523,Hard
16,I.40.1,0.0013766443589702249,0.0065915402956306934,0.9225910305976868,3.324559600005159,Hard
16,I.41.16,3.012660818058066e-05,8.693350537214428e-05,0.9901596307754517,0.6880903999990551,Hard
16,I.43.16,0.000153550980030559,0.00022980221547186375,0.9903855919837952,0.3372081999987131,Easy
16,I.43.31,0.00015167878882493824,0.00021169375395402312,0.9911560416221619,0.31224549999751616,Medium
16,I.43.43,0.0005023910198360682,0.00070603919448331,0.9901546835899353,0.16566329999477603,Medium
16,I.44.4,5.1326282118679956e-05,0.00011975434608757496,0.9907907843589783,0.9962789999990491,Hard
16,I.47.23,0.00029772560810670257,0.0003676593769341707,0.9913202524185181,0.12294260000635404,Easy
16,I.50.26,0.0023434471804648638,0.005624787416309118,0.9756738543510437,3.1660716999904253,Hard
16,I.6.20a,0.00010449264664202929,0.00010166750871576369,0.9947746992111206,0.11611240000638645,Hard
16,I.6.20b,0.0018595526926219463,0.0025074887089431286,0.8593814969062805,3.1885747000051197,Hard
16,I.6.20,0.00012566588702611625,0.00011875871132360771,0.9906782507896423,0.3568985000019893,Hard
16,I.9.18,0.0002796038461383432,0.0019189820159226656,-1.4290666580200195,3.5026378000038676,Hard
16,II.10.9,0.0005506627494469285,0.0005679320311173797,0.9904990196228027,0.2168361000076402,Easy
16,II.11.17,0.008875364437699318,0.036482810974121094,0.6222594976425171,3.3091843000001973,Hard
16,II.11.20,7.04074363966356e-06,1.549185071780812e-05,0.9913965463638306,1.8114855000021635,Hard
16,II.11.27,0.00035866594407707453,0.002783688483759761,0.9807886481285095,3.2454565999942133,Hard
16,II.11.28,0.006418060511350632,0.004933428484946489,0.9930785894393921,0.21265060000587255,Hard
16,II.11.3,1.34031497509568e-05,3.8776895962655544e-05,0.9900516867637634,1.0245471999951405,Medium
16,II.13.17,9.508529910817742e-05,8.239989256253466e-05,0.9904332756996155,0.30593689999659546,Easy
16,II.13.23,0.0006788424798287451,0.002143541816622019,0.9804715514183044,3.281546400001389,Hard
16,II.13.34,0.0015454741660505533,0.0008055678918026388,0.9901551604270935,0.2090874999994412,Hard
16,II.15.4,0.002547125332057476,0.0038014582823961973,0.9345870018005371,3.1279676999984076,Easy
16,II.15.5,0.00036725637619383633,0.0005534809897653759,0.9904760718345642,0.2689652999979444,Easy
16,II.2.42,7.194315548986197e-05,0.0001889861305244267,0.9902770519256592,0.34277279999514576,Easy
16,II.21.32,0.00010876631858991459,0.014013278298079967,0.5076006054878235,3.279403900000034,Medium
16,II.24.17,0.0005604233592748642,0.0006598802865482867,0.9902016520500183,0.14881769999919925,Hard
16,II.27.16,0.00010830971586983651,0.00017088002641685307,0.9901507496833801,0.5174241000058828,Easy
16,II.27.18,0.0002990132197737694,0.00032399132032878697,0.9905308485031128,0.35588400000415277,Easy
16,II.3.24,1.4844268662272952e-05,1.8880948118749075e-05,0.9903513193130493,1.0252684999868507,Easy
16,II.34.11,4.611016629496589e-05,5.877029980183579e-05,0.9901646971702576,1.2065674000041327,Easy
16,II.34.29a,2.74140643341525e-06,3.371741058799671e-06,0.9900261759757996,2.2851425999979256,Medium
16,II.34.29b,5.714190410799347e-05,0.00012048870848957449,0.9902162551879883,0.5016632000042591,Easy
16,II.34.2a,5.691318619938102e-06,1.3456889064400457e-05,0.9900484085083008,1.7334654000005685,Medium
16,II.34.2,4.9019734433386475e-05,5.596668415819295e-05,0.9906474947929382,0.24568740000540856,Medium
16,II.35.18,0.0002537315303925425,0.0004184961726423353,0.9779784679412842,3.277488899999298,Hard
16,II.35.21,2.7503736419021152e-05,0.00010183087579207495,0.9902079701423645,0.5601936999883037,Hard
16,II.36.38,0.0006051226519048214,0.002861945191398263,0.9746491312980652,3.36068250000244,Hard
16,II.37.1,0.0009551977273076773,0.0011848099529743195,0.9907246232032776,0.14757830000598915,Medium
16,II.38.14,9.110968676395714e-05,9.26651555346325e-05,0.9917835593223572,0.09758880001027137,Easy
16,II.38.3,0.00013886958186049014,0.00021045529865659773,0.991195023059845,0.31057079999300186,Easy
16,II.4.23,6.730898348905612e-06,8.198473551601637e-06,0.9902911186218262,1.3515133000037167,Easy
16,II.6.11,4.0794830056256615e-06,1.8841443306882866e-05,0.9905157685279846,1.5521949999965727,Medium
16,II.6.15a,0.0006820972193963826,0.010013595223426819,0.9194505214691162,3.3754943999956595,Hard
16,II.6.15b,1.92109164345311e-05,8.909383905120194e-05,0.9905141592025757,1.6525930000061635,Hard
16,II.8.31,8.140316640492529e-05,9.195948950946331e-05,0.990091860294342,0.29522040000301786,Easy
16,II.8.7,1.4017492730999948e-06,2.3569236873299815e-06,0.9900936484336853,1.302627199998824,Medium
16,III.10.19,0.0005631447420455515,0.0009764687856659293,0.9905129075050354,0.2145596999907866,Hard
16,III.12.43,0.00048739826888777316,0.0004702470905613154,0.9901076555252075,0.17194660000677686,Easy
16,III.13.18,0.000557744293473661,0.0006280629895627499,0.9900482892990112,0.20165379998798016,Medium
16,III.14.14,0.002496829954907298,0.009759347885847092,0.8774164915084839,3.2963450999959605,Medium
16,III.15.12,0.0059235477820038795,0.008343992754817009,0.9902267456054688,0.3128541000041878,Medium
16,III.15.14,0.00023753104323986918,0.00048019824316725135,0.9906860589981079,0.30425269999250304,Medium
16,III.15.27,0.0692620724439621,0.05110127106308937,0.9902929067611694,0.2026627000013832,Easy
16,III.17.37,0.0008970146300271153,0.0013867182424291968,0.9903313517570496,0.4162432000011904,Medium
16,III.19.51,3.6378980894369306e-07,6.306917725851235e-07,-0.07349681854248047,3.261915000010049,Medium
16,III.21.20,0.0001585827412782237,0.00016656330262776464,0.9930313229560852,0.4104839999927208,Hard
16,III.4.32,0.019831329584121704,0.027569778263568878,0.9913538098335266,0.11304589999781456,Medium
16,III.4.33,0.004885889124125242,0.005972817074507475,0.9907436966896057,0.2109372999984771,Hard
16,III.7.38,0.0021146577782928944,0.0018233339069411159,0.9914612770080566,0.18290390000038315,Easy
16,III.8.54,0.010077003389596939,0.02382138930261135,0.8046287298202515,3.1877021999971475,Medium
16,III.9.52,7.383381307590753e-05,0.0007318147690966725,0.9646361470222473,3.3528742999915266,Hard
18,I.10.7,0.0015439328271895647,0.0010877680033445358,0.990090012550354,0.3993918000051053,Medium
18,I.11.19,0.0344049446284771,0.13012360036373138,0.5933020114898682,3.386450399993919,Medium
18,I.12.11,0.012636845000088215,0.03867724910378456,0.6880654096603394,3.3302238000032958,Medium
18,I.12.1,0.0008339959313161671,0.001003503450192511,0.9902753233909607,0.8398274000064703,Easy
18,I.12.2,4.6738754463149235e-05,0.00033139754668809474,0.6988831758499146,3.409353800001554,Medium
18,I.12.4,2.1072371964692138e-05,3.105969517491758e-05,0.9904803037643433,1.1042948000103934,Easy
18,I.12.5,0.0008242435287684202,0.000994515256024897,0.9903624653816223,0.6430189000093378,Easy
18,I.13.12,6.89071457600221e-05,0.0002667005464900285,0.9790052771568298,3.3084263000055216,Medium
18,I.13.4,0.0006025375332683325,0.000938883051276207,0.9906887412071228,0.3653316999989329,Medium
18,I.14.3,0.00028006191132590175,0.00038788694655522704,0.9903732538223267,0.4040629000082845,Easy
18,I.14.4,6.608232069993392e-05,7.936722977319732e-05,0.9907214641571045,0.2300299000053201,Easy
18,I.15.10,0.0009584937943145633,0.001019565388560295,0.9905446171760559,0.36633779999101534,Medium
18,I.15.3t,0.015055117197334766,0.031068746000528336,0.9317368268966675,3.3086470999987796,Hard
18,I.15.3x,0.0028913216665387154,0.010578035376966,0.9812898635864258,3.310861499994644,Hard
18,I.16.6,0.0029183553997427225,0.0030397139489650726,0.9915015697479248,0.1209112000069581,Medium
18,I.18.12,0.00094124412862584,0.001404586131684482,0.9717847108840942,3.250991199995042,Easy
18,I.18.16,0.005310065113008022,0.017326533794403076,0.07233601808547974,3.297894200004521,Easy
18,I.18.4,0.0012894012033939362,0.0016461899504065514,0.9903782606124878,0.21825910000188742,Medium
18,I.24.6,6.488059170806082e-06,1.6989122741506435e-05,0.9900763034820557,3.3268539999990026,Medium
18,I.25.13,0.003186535555869341,0.0027322445530444384,0.991289496421814,0.08964580000611022,Easy
18,I.26.2,0.0017850485164672136,0.0017627213383093476,0.9918801784515381,0.1701782999880379,Easy
18,I.27.6,0.00017324894724879414,0.00030929510830901563,0.9901334643363953,0.5827148999960627,Easy
18,I.29.16,0.04155087098479271,0.121132493019104,0.1251448392868042,3.3235308000002988,Hard
18,I.29.4,0.0010961157968267798,0.0010452248388901353,0.9909170866012573,0.17788640000799205,Medium
18,I.30.3,0.0200412068516016,0.05552353709936142,0.6859116554260254,3.303057799988892,Hard
18,I.30.5,0.001047568628564477,0.0015563899651169777,0.9901316165924072,0.2991362999891862,Easy
18,I.32.17,0.0003771170449908823,3.4502594470977783,0.24238908290863037,3.418438900000183,Hard
18,I.32.5,0.00040636121411807835,0.02275037206709385,0.8476483821868896,3.1970162999932654,Medium
18,I.34.10,0.002682209713384509,0.0023502870462834835,0.9911139011383057,0.2087077999894973,Medium
18,I.34.14,0.0010605157585814595,0.0014036712236702442,0.9901928305625916,0.2607642999937525,Hard
18,I.34.27,0.00100709218531847,0.001019091927446425,0.9901242852210999,0.2099681999970926,Medium
18,I.34.8,0.004282951820641756,0.014011003077030182,0.5781874656677246,3.175539200005005,Medium
18,I.37.4,0.00578179769217968,0.007469335570931435,0.9906105399131775,0.18966180000279564,Hard
18,I.38.12,0.0811646431684494,0.09865447878837585,0.9901242256164551,0.904550699997344,Medium
18,I.39.10,0.0010055493330582976,0.0009754751808941364,0.9908797144889832,0.09064180000859778,Medium
18,I.39.11,0.0004809428355656564,0.0005585007020272315,0.9907414317131042,0.24199299998872448,Medium
18,I.39.22,0.0001102511741919443,0.00020094819774385542,0.9915927648544312,0.27394110000750516,Hard
18,I.40.1,0.00091029197210446,0.006630870047956705,0.9221291542053223,3.485445400001481,Hard
18,I.41.16,4.3544903746806085e-05,8.55030448292382e-05,0.9903215169906616,0.34437310000066645,Hard
18,I.43.16,0.00016180150851141661,0.00022338438429869711,0.9906540513038635,0.36194740000064485,Easy
18,I.43.31,0.00015917298151180148,0.0002209197118645534,0.9907706379890442,0.24565520000760444,Medium
18,I.43.43,0.0002236189611721784,0.0006560963811352849,0.990851104259491,0.4228854999964824,Medium
18,I.44.4,4.7946949052857235e-05,0.00012656222679652274,0.9902672171592712,1.4111819000099786,Hard
18,I.47.23,0.0002891838375944644,0.0004111243470106274,0.9902941584587097,0.25907259999075904,Easy
18,I.50.26,0.010657922364771366,0.024256091564893723,0.895097017288208,3.2504947999987053,Hard
18,I.6.20a,0.00016771115770097822,0.00017695667338557541,0.9909051060676575,0.09925879999354947,Hard
18,I.6.20b,0.0013527809642255306,0.0024989922530949116,0.859857976436615,3.187342900011572,Hard
18,I.6.20,7.933959568617865e-05,0.0001231759670190513,0.9903315305709839,0.4649516999925254,Hard
18,I.9.18,0.00025799067225307226,0.0016889194957911968,-1.1378512382507324,3.645136499995715,Hard
18,II.10.9,0.00041439343476668,0.0005790400900878012,0.9903131723403931,0.2712102000077721,Easy
18,II.11.17,0.009609144181013107,0.02934150956571102,0.6962000131607056,3.3732228000008035,Hard
18,II.11.20,8.720886398805305e-06,3.564077633200213e-05,0.9802067875862122,3.3256994999974268,Hard
18,II.11.27,0.00017210181977134198,0.0037860525771975517,0.9738709330558777,3.2988779000006616,Hard
18,II.11.28,0.007063139230012894,0.0058262404054403305,0.9918259978294373,0.19032480000169016,Hard
18,II.11.3,1.424152469553519e-05,5.128043267177418e-05,0.9868438839912415,3.3177974999998696,Medium
18,II.13.17,4.960919250152074e-05,8.339370833709836e-05,0.9903178811073303,0.7078964999964228,Easy
18,II.13.23,0.0003247559070587158,0.0010821317555382848,0.9901413917541504,0.6742438000073889,Hard
18,II.13.34,0.0007341424352489412,0.0007840367034077644,0.9904183149337769,0.40594599999894854,Hard
18,II.15.4,0.0005987545009702444,0.0013996576890349388,0.9759156107902527,3.2277490999986185,Easy
18,II.15.5,0.00035219331039115787,0.0005295055452734232,0.9908885955810547,0.420809699993697,Easy
18,II.2.42,8.011070895008743e-05,0.00017564892186783254,0.9909632205963135,0.903959200004465,Easy
18,II.21.32,4.5184846385382116e-05,0.01471509225666523,0.4829401969909668,3.4816391999920597,Medium
18,II.24.17,0.0004016573366243392,0.0006656099576503038,0.9901165962219238,0.4102102000033483,Hard
18,II.27.16,0.0001246383471880108,0.00016876515292096883,0.9902727007865906,0.2189312999980757,Easy
18,II.27.18,0.0003428758354857564,0.0003160417836625129,0.9907631874084473,0.25130190000345465,Easy
18,II.3.24,1.5701079973950982e-05,1.893100852612406e-05,0.9903256893157959,1.8185881999961566,Easy
18,II.34.11,3.9193659176817164e-05,5.61680099053774e-05,0.9906002283096313,0.6453080000064801,Easy
18,II.34.29a,2.170429979742039e-06,3.3450894534325926e-06,0.9901050329208374,2.289908699996886,Medium
18,II.34.29b,1.97097997443052e-05,0.00022466391965281218,0.9817571640014648,3.457717400000547,Easy
18,II.34.2a,8.896971849026158e-06,1.2644906746572815e-05,0.9906488656997681,0.5369635999959428,Medium
18,II.34.2,3.828409899142571e-05,4.650911068893038e-05,0.9922279715538025,0.3310127000004286,Medium
18,II.35.18,9.402356954524294e-05,0.00018350790196564049,0.9903436899185181,0.6383934000041336,Hard
18,II.35.21,2.105495696014259e-05,0.0001014546724036336,0.9902441501617432,1.9715136000013445,Hard
18,II.36.38,0.00016942163347266614,0.001090604579076171,0.9903395175933838,2.058935199995176,Hard
18,II.37.1,0.0006832455983385444,0.0011860139202326536,0.9907152056694031,0.19151950000377838,Medium
18,II.38.14,8.297952444991097e-05,0.00010932480654446408,0.9903063774108887,0.2575212000083411,Easy
18,II.38.3,0.0002299111511092633,0.0002333339216420427,0.990237832069397,0.3544308000127785,Easy
18,II.4.23,9.281023812945932e-05,0.0001595876965438947,0.8110112547874451,3.320904200008954,Easy
18,II.6.11,0.0002622676838655025,0.0006044293404556811,0.6957472562789917,3.290984399995068,Medium
18,II.6.15a,0.0012271455489099026,0.010411998257040977,0.9162457585334778,3.3814246999972966,Hard
18,II.6.15b,8.032156620174646e-05,0.0001500817306805402,0.9840207695960999,3.2587373000133084,Hard
18,II.8.31,6.263411341933534e-05,8.79046565387398e-05,0.9905287623405457,0.4576193999964744,Easy
18,II.8.7,1.7328956118944916e-06,2.2968367829889758e-06,0.9903461933135986,1.2037455000099726,Medium
18,III.10.19,0.0003812825889326632,0.0010144885163754225,0.9901434779167175,0.9174246000038693,Hard
18,III.12.43,0.00040200029616244137,0.0004208907193969935,0.99114590883255,0.17289570000139065,Easy
18,III.13.18,0.0004321150481700897,0.0005875556380487978,0.9906901717185974,0.32475240000349004,Medium
18,III.14.14,0.0002281459455844015,0.0020229159854352474,0.9745908975601196,3.3093848999997135,Medium
18,III.15.12,0.005440463311970234,0.008127553388476372,0.9904802441596985,0.27801179999369197,Medium
18,III.15.14,0.0002784575044643134,0.0005102325812913477,0.990103542804718,0.151526500005275,Medium
18,III.15.27,0.04568908363580704,0.051822081208229065,0.9901559948921204,0.47871159999340307,Easy
18,III.17.37,0.0009391385829076171,0.0014284605858847499,0.9900403022766113,0.39091390000248794,Medium
18,III.19.51,5.466770289785927e-07,1.7202864910359494e-05,-28.280899047851562,3.3637924999929965,Medium
18,III.21.20,0.00016585479897912592,0.00021269578428473324,0.9911012649536133,0.24157260000356473,Hard
18,III.4.32,0.016465794295072556,0.030771788209676743,0.9903496503829956,0.27306019999377895,Medium
18,III.4.33,0.005431718658655882,0.005815322045236826,0.9909877777099609,0.1271501999872271,Hard
18,III.7.38,0.004914540797472,0.026211371645331383,0.8772510886192322,3.216455899993889,Easy
18,III.8.54,0.0005229788948781788,0.0032770689576864243,0.9731230735778809,3.2266375000035623,Medium
18,III.9.52,0.00013526984548661858,0.0009034702670760453,0.9563411474227905,3.367563499996322,Hard
20,I.10.7,0.00026965668075717986,0.0010892855934798717,0.9900761842727661,1.3888607999979286,Medium
20,I.11.19,0.05047092214226723,0.32350659370422363,-0.011111617088317871,3.765079299992067,Medium
20,I.12.11,0.012991886585950851,0.05137891322374344,0.5856257081031799,3.3180306000140263,Medium
20,I.12.1,0.000704250589478761,0.0010296190157532692,0.9900223016738892,0.34400660000392236,Easy
20,I.12.2,0.000233472790569067,0.0007595748757012188,0.30982959270477295,3.636974100008956,Medium
20,I.12.4,1.9358563804416917e-05,3.1145111279329285e-05,0.9904540777206421,1.6379300999979023,Easy
20,I.12.5,0.000649892957881093,0.0010058711050078273,0.9902524352073669,0.5022727999894414,Easy
20,I.13.12,3.6875411751680076e-05,0.0001097900967579335,0.9913573265075684,1.5241978999983985,Medium
20,I.13.4,0.0006449715001508594,0.000901688530575484,0.9910576343536377,0.2558375999942655,Medium
20,I.14.3,0.00023798907932359725,0.00034036210854537785,0.9915527105331421,0.23471990000689402,Easy
20,I.14.4,6.48847853881307e-05,8.095434168353677e-05,0.9905359148979187,0.2904431999922963,Easy
20,I.15.10,0.004489224404096603,0.007812507450580597,0.9275473952293396,3.35915930000192,Medium
20,I.15.3t,0.013309207744896412,0.039737358689308167,0.9126904606819153,3.339293099998031,Hard
20,I.15.3x,0.0021727692801505327,0.010105019435286522,0.9821264743804932,3.331560400009039,Hard
20,I.16.6,0.0030332892201840878,0.003122676396742463,0.9912696480751038,0.0778169999975944,Medium
20,I.18.12,0.0030532372184097767,0.005502915009856224,0.8894575238227844,3.408158199992613,Easy
20,I.18.16,0.005133906379342079,0.015048286877572536,0.19431358575820923,3.3959723000007216,Easy
20,I.18.4,0.0011552940122783184,0.001608413876965642,0.9905990362167358,0.317295800006832,Medium
20,I.24.6,3.894633846357465e-05,7.753921818220988e-05,0.9547078609466553,3.333546699999715,Medium
20,I.25.13,0.0020066765137016773,0.002753147156909108,0.9912228584289551,0.19184840000525583,Easy
20,I.26.2,0.0018066699849441648,0.0021155085414648056,0.9902550578117371,0.13093020000087563,Easy
20,I.27.6,0.0002306667302036658,0.0002890631149057299,0.9907788634300232,0.1703683999949135,Easy
20,I.29.16,0.012795274145901203,0.02951897121965885,0.7868051528930664,3.3940995000011753,Hard
20,I.29.4,0.0009031963418237865,0.0008579177665524185,0.9925447702407837,0.10733660000551026,Medium
20,I.30.3,0.015974318608641624,0.042402684688568115,0.7601343989372253,3.2715128999989247,Hard
20,I.30.5,0.0013889216352254152,0.0015535257989540696,0.990149736404419,0.17583219999505673,Easy
20,I.32.17,0.003439908614382148,3.0238094329833984,0.33602941036224365,3.496827700000722,Hard
20,I.32.5,0.0012114375131204724,0.010161032900214195,0.9319549798965454,3.3297314000083134,Medium
20,I.34.10,0.0031792051158845425,0.0026414943858981133,0.9900128841400146,0.29417979999561794,Medium
20,I.34.14,0.001031902153044939,0.001351208076812327,0.9905593991279602,0.3111769000097411,Hard
20,I.34.27,0.0005092555074952543,0.0010273591615259647,0.9900441765785217,0.34045940000214614,Medium
20,I.34.8,0.0028591074515134096,0.009294906631112099,0.7201693654060364,3.3372975000092993,Medium
20,I.37.4,0.005508967209607363,0.007708997931331396,0.9903092384338379,0.29553680001117755,Hard
20,I.38.12,0.058360300958156586,0.381510466337204,0.9618090391159058,3.3498764999967534,Medium
20,I.39.10,0.0008793332381173968,0.0009011518559418619,0.9915746450424194,0.11514850000094157,Medium
20,I.39.11,0.0004758347640745342,0.0005290276603773236,0.9912300109863281,0.20913359998667147,Medium
20,I.39.22,0.00013446724915411323,0.00021704820392187685,0.9909191727638245,0.2528030999965267,Hard
20,I.40.1,0.0012618385953828692,0.007308656815439463,0.914169430732727,3.4414251999987755,Hard
20,I.41.16,2.5818586436798796e-05,8.4631574281957e-05,0.9904201626777649,0.5523438000091119,Hard
20,I.43.16,5.1118458941346034e-05,0.00023029492876958102,0.9903649687767029,1.1205650000047171,Easy
20,I.43.31,0.00014376896433532238,0.00022221832477953285,0.9907163977622986,0.48496450000675395,Medium
20,I.43.43,0.0002902830601669848,0.0006584874936379492,0.9908177852630615,0.3628284000005806,Medium
20,I.44.4,2.0399951608851552e-05,0.00012371399498078972,0.9904862642288208,2.0576979000034044,Hard
20,I.47.23,0.00029778407770209014,0.0003876607515849173,0.9908480644226074,0.156041299997014,Easy
20,I.50.26,0.007330778054893017,0.018188942223787308,0.92133629322052,3.306125899995095,Hard
20,I.6.20a,0.00016590933955740184,0.00017656999989412725,0.9909250140190125,0.0994319000019459,Hard
20,I.6.20b,0.001659251400269568,0.0033635692670941353,0.8113729953765869,3.2958969000028446,Hard
20,I.6.20,6.99015217833221e-05,0.00012680774671025574,0.9900464415550232,1.6387953999947058,Hard
20,I.9.18,0.00020799762569367886,0.001703872112557292,-1.156778335571289,3.7137703000043985,Hard
20,II.10.9,0.0005061830161139369,0.0005952559295110404,0.9900419116020203,0.2066602000122657,Easy
20,II.11.17,0.005571217276155949,0.037670791149139404,0.6099591851234436,3.5430942999955732,Hard
20,II.11.20,3.5714150726562366e-05,7.74614090914838e-05,0.9569815397262573,3.4905395999958273,Hard
20,II.11.27,0.00010342853056499735,0.002733230125159025,0.9811368584632874,3.3242204999987734,Hard
20,II.11.28,0.007446972653269768,0.005964306648820639,0.991632342338562,0.19161730000632815,Hard
20,II.11.3,2.1621506675728597e-05,3.5675922845257446e-05,0.9908472299575806,0.4682530999998562,Medium
20,II.13.17,4.064262247993611e-05,8.523769793100655e-05,0.9901037812232971,0.4968192999949679,Easy
20,II.13.23,0.0005263732746243477,0.0010684810113161802,0.9902657270431519,0.46609089999401476,Hard
20,II.13.34,0.0003187296388205141,0.0012198000913485885,0.9850928783416748,3.3095002000045497,Hard
20,II.15.4,0.0003404284652788192,0.00055214500753209,0.9904990196228027,0.2443860999919707,Easy
20,II.15.5,0.0003223064122721553,0.0005738234031014144,0.9901260137557983,0.23157740000169724,Easy
20,II.2.42,9.439069253858179e-05,0.00019280191918369383,0.990080714225769,1.0906840999959968,Easy
20,II.21.32,0.0002329791459487751,0.013845325447618961,0.5135021209716797,3.4434037000028184,Medium
20,II.24.17,0.0005469972966238856,0.0006501376628875732,0.9903463125228882,0.1427387000003364,Hard
20,II.27.16,8.487558079650626e-05,0.0001699862041277811,0.9902023077011108,0.6070686000020942,Easy
20,II.27.18,0.00025574147002771497,0.0003388684126548469,0.9900960326194763,0.28136280000035185,Easy
20,II.3.24,1.4627054042648524e-05,1.916076143970713e-05,0.9902083277702332,1.7848921999975573,Easy
20,II.34.11,4.059409548062831e-05,5.419986700871959e-05,0.9909295439720154,0.4989519999944605,Easy
20,II.34.29a,2.1192640815570485e-06,3.2526306767977076e-06,0.9903784990310669,2.4030085999984294,Medium
20,II.34.29b,5.114174200571142e-05,0.00021383591229096055,0.9826363921165466,3.4158422999898903,Easy
20,II.34.2a,7.526311037509004e-06,1.3271468560560606e-05,0.990185558795929,1.5646921000006841,Medium
20,II.34.2,3.619026756496169e-05,5.7173394452547655e-05,0.9904458522796631,0.49176649999571964,Medium
20,II.35.18,0.00012334150960668921,0.0011730141704902053,0.938275158405304,3.4170728999888524,Hard
20,II.35.21,6.327182927634567e-05,0.00017759243200998753,0.9829227328300476,3.384206399990944,Hard
20,II.36.38,0.0021304276306182146,0.020329192280769348,0.8199256658554077,3.5544024999981048,Hard
20,II.37.1,0.0008361507789231837,0.0010522585362195969,0.9917622804641724,0.22773230000166222,Medium
20,II.38.14,7.835426367819309e-05,0.00010612602636683732,0.99058997631073,0.3429219999961788,Easy
20,II.38.3,0.00017449150618631393,0.0002389248547842726,0.9900038838386536,0.3391799999953946,Easy
20,II.4.23,5.853744823980378e-06,8.431728019786533e-06,0.990014910697937,2.0427975999919,Easy
20,II.6.11,1.7148333427030593e-05,3.441857916186564e-05,0.9826746582984924,3.35749370000849,Medium
20,II.6.15a,0.000970048422459513,0.012442042119801044,0.8999160528182983,3.421603900002083,Hard
20,II.6.15b,0.001289914594963193,0.004361538682132959,0.5356254577636719,3.3604523000103654,Hard
20,II.8.31,7.086510595399886e-05,8.988860645331442e-05,0.9903149604797363,0.5432313000055728,Easy
20,II.8.7,1.5766285059726215e-06,2.37018116422405e-06,0.9900379180908203,1.7660206000000471,Medium
20,III.10.19,0.00040130698471330106,0.0010049890261143446,0.9902358055114746,1.077930400002515,Hard
20,III.12.43,0.00040890794480219483,0.00046721703256480396,0.9901713728904724,0.21734550000110175,Easy
20,III.13.18,0.00037845823680981994,0.0006105159991420805,0.9903263449668884,0.5154520000069169,Medium
20,III.14.14,0.0006542929331772029,0.0028970364946871996,0.9636114239692688,3.4344931000086945,Medium
20,III.15.12,0.011255159974098206,0.0397644117474556,0.9534241557121277,3.333349599997746,Medium
20,III.15.14,0.0003258701181039214,0.0004905936657451093,0.9904844760894775,0.18119459999434184,Medium
20,III.15.27,0.02767934836447239,0.051377132534980774,0.9902405142784119,0.7706147999997484,Easy
20,III.17.37,0.0010024621151387691,0.002112814923748374,0.985268771648407,3.384895899987896,Medium
20,III.19.51,9.260988917958457e-07,4.903947228740435e-06,-7.346980094909668,3.3611176000122214,Medium
20,III.21.20,0.0001611150219105184,0.00020945334108546376,0.9912369251251221,0.3410738999955356,Hard
20,III.4.32,0.01934598945081234,0.03176072984933853,0.9900395274162292,0.16121070001099724,Medium
20,III.4.33,0.0036298916675150394,0.005554493982344866,0.9913920164108276,0.19258019998960663,Hard
20,III.7.38,0.0018468981143087149,0.0018446652684360743,0.9913613796234131,0.2519476999877952,Easy
20,III.8.54,0.0006899432046338916,0.002603586297482252,0.9786466956138611,3.4024070000014035,Medium
20,III.9.52,0.00017902746913023293,0.0008342585642822087,0.9596856832504272,3.48574550000194,Hard
