Grid Size,Function,train MSE,test MSE,R2 Score (Test),R2 Score (Train),time,Level
2,I.10.7,0.004800412803888321,0.0032738768495619297,0.9701737761497498,0.9605984091758728,9.838357699998596,Medium
2,I.11.19,0.12739983201026917,0.1351822465658188,0.577491283416748,0.6386140584945679,6.929986700000882,Medium
2,I.12.11,0.02061699517071247,0.02016367018222809,0.8373786807060242,0.841047465801239,7.164722900000925,Medium
2,I.12.1,0.00035645440220832825,0.00027707000845111907,0.997314989566803,0.9968724846839905,7.469917500005977,Easy
2,I.12.2,0.00031299033435061574,0.00023629135102964938,0.7852992415428162,0.7501372694969177,6.554900700000871,Medium
2,I.12.4,0.0001630791084608063,0.00016784784384071827,0.948555052280426,0.9549298286437988,6.559223499993095,Easy
2,I.12.5,0.0009058029972948134,0.0008519443217664957,0.9917440414428711,0.9920524954795837,6.512214499998663,Easy
2,I.13.12,0.0007231163326650858,0.0006331659387797117,0.9501570463180542,0.949960470199585,6.5287947000033455,Medium
2,I.13.4,0.009427814744412899,0.00977244321256876,0.903083086013794,0.9134316444396973,6.40351450000162,Medium
2,I.14.3,0.0010343348840251565,0.0011128901969641447,0.972379744052887,0.9729541540145874,6.483103699996718,Easy
2,I.14.4,0.001958729699254036,0.0016357386484742165,0.808772087097168,0.7925742864608765,6.443811600001936,Easy
2,I.15.10,0.0015638801269233227,0.0013660801341757178,0.9873310923576355,0.9871273040771484,6.428291299998818,Medium
2,I.15.3t,0.03328798711299896,0.028990518301725388,0.9363030195236206,0.9332321882247925,6.534664700004214,Hard
2,I.15.3x,0.018755413591861725,0.016777651384472847,0.9703240990638733,0.968645453453064,6.463043100004143,Hard
2,I.16.6,0.00035295457928441465,0.0003493823460303247,0.9990231990814209,0.99900883436203,4.966625000000931,Medium
2,I.18.12,0.05754178389906883,0.04991436004638672,-0.0026788711547851562,0.0032531023025512695,6.408946000003198,Easy
2,I.18.16,0.01708383485674858,0.019279882311820984,-0.03224635124206543,0.002690434455871582,6.417600699998729,Easy
2,I.18.4,0.0001777154830051586,0.000162095035193488,0.9990525841712952,0.9989989995956421,1.3202919000032125,Medium
2,I.24.6,0.0011905980063602328,0.0011019407538697124,0.3563351631164551,0.38825660943984985,6.4329257999997935,Medium
2,I.25.13,0.0016254575457423925,0.0013100518845021725,0.9958235025405884,0.9950519800186157,6.407374100002926,Easy
2,I.26.2,0.002329114591702819,0.002419521566480398,0.9888546466827393,0.9884500503540039,6.444448200003535,Easy
2,I.27.6,5.910252730245702e-05,6.050591036910191e-05,0.9980698823928833,0.9981600642204285,6.852312400005758,Easy
2,I.29.16,0.08348771929740906,0.07910647243261337,0.4286693334579468,0.40732520818710327,7.9142637999975705,Hard
2,I.29.4,0.00027466699248179793,0.00023560896806884557,0.9979525804519653,0.9975758790969849,7.590773700001591,Medium
2,I.30.3,0.07979204505681992,0.08271294087171555,0.5321052670478821,0.5357595682144165,7.13776869999856,Hard
2,I.30.5,0.0002666100626811385,0.000156507026986219,0.9990076422691345,0.9984127879142761,2.741240800001833,Easy
2,I.32.17,0.2335321307182312,4.378271102905273,0.03861558437347412,0.2032564878463745,8.228234399997746,Hard
2,I.32.5,0.09913252294063568,0.10124106705188751,0.32202237844467163,0.5249794721603394,7.914232000002812,Medium
2,I.34.10,0.003031607950106263,0.0021561586763709784,0.9918478727340698,0.9898894429206848,7.454080100003921,Medium
2,I.34.14,0.001008136780001223,0.0008607408381067216,0.993986189365387,0.9936708211898804,7.250032199997804,Hard
2,I.34.27,0.00020974354993086308,0.00016743129526730627,0.9983775019645691,0.9981597065925598,7.380927099999099,Medium
2,I.34.8,0.028853805735707283,0.022343389689922333,0.32733428478240967,0.30199354887008667,7.303653299997677,Medium
2,I.37.4,0.00465201772749424,0.0045482087880373,0.994282603263855,0.9936240315437317,7.109667600001558,Hard
2,I.38.12,0.4136334955692291,0.19014224410057068,0.9809658527374268,0.9703158736228943,6.627852300000086,Medium
2,I.39.10,0.00010792103421408683,9.522915206616744e-05,0.9991096258163452,0.9990179538726807,0.5914317999995546,Medium
2,I.39.11,0.0006825426244176924,0.0007372862310148776,0.987777590751648,0.988486647605896,6.504382500002976,Medium
2,I.39.22,0.0008873225888237357,0.0008362051448784769,0.9650149345397949,0.969925582408905,6.505216999998083,Hard
2,I.40.1,0.0034734392538666725,0.0032903137616813183,0.9613596200942993,0.9615863561630249,6.588040599999658,Hard
2,I.41.16,0.002661016071215272,0.002523314207792282,0.7143752574920654,0.7195658683776855,6.82604849999916,Hard
2,I.43.16,0.0008494753274135292,0.0008023282862268388,0.9664322733879089,0.9712083339691162,7.005478499995661,Easy
2,I.43.31,0.000290128227788955,0.00028666292200796306,0.9880240559577942,0.9869309067726135,7.015070800000103,Medium
2,I.43.43,0.0016566739650443196,0.00179720064625144,0.9749390482902527,0.9735663533210754,7.2230082000023685,Medium
2,I.44.4,0.0011004575062543154,0.0010868951212614775,0.9164167046546936,0.919338583946228,7.002117000003636,Hard
2,I.47.23,0.0002959944831673056,0.0002894218487199396,0.9931672811508179,0.9932060837745667,6.8853683000052115,Easy
2,I.50.26,0.020518124103546143,0.023449789732694626,0.8985841274261475,0.9103600978851318,6.95528049999848,Hard
2,I.6.20a,1.5007616639195476e-05,1.4945628208806738e-05,0.9992318749427795,0.9991745352745056,5.423705900000641,Hard
2,I.6.20b,0.0005998968845233321,0.0006075710407458246,0.96592777967453,0.9675261974334717,6.926904599997215,Hard
2,I.6.20,0.0007924886886030436,0.0006899219588376582,0.945845901966095,0.9326167106628418,6.943684500001837,Hard
2,I.9.18,0.0008487868472002447,0.0007947185076773167,-0.0059626102447509766,-0.004415154457092285,7.0722500999982,Hard
2,II.10.9,0.0005446519935503602,0.00048506309394724667,0.9918853044509888,0.9911214113235474,6.952083799995307,Easy
2,II.11.17,0.021246688440442085,0.018159201368689537,0.8119808435440063,0.7975158095359802,7.170686699995713,Hard
2,II.11.20,0.00015559727034997195,0.000175283697899431,0.9026555418968201,0.9258127212524414,7.330467399995541,Hard
2,II.11.27,0.005098733119666576,0.0067076608538627625,0.9537076950073242,0.9518496990203857,7.179047699995863,Hard
2,II.11.28,0.0007802057662047446,0.0006793092470616102,0.9990469813346863,0.9990347623825073,5.243497499999648,Hard
2,II.11.3,0.00016314901586156338,0.00016763400344643742,0.956993043422699,0.9681697487831116,7.086270199994033,Medium
2,II.13.17,0.0009224489913322031,0.0006007473566569388,0.9302524924278259,0.9295799732208252,6.978388800001994,Easy
2,II.13.23,0.0015203796792775393,0.00103829987347126,0.9905406832695007,0.9875208139419556,7.171914200000174,Hard
2,II.13.34,0.0035080891102552414,0.002463515615090728,0.9698934555053711,0.9619735479354858,7.008734100003494,Hard
2,II.15.4,0.004012462217360735,0.004026797134429216,0.9307094812393188,0.917635977268219,6.928049099995405,Easy
2,II.15.5,0.02440236695110798,0.029096532613039017,0.49932581186294556,0.4990914463996887,7.241417299999739,Easy
2,II.2.42,0.0009195181191898882,0.0009571401169523597,0.9507570266723633,0.9497372508049011,6.958360399999947,Easy
2,II.21.32,0.0007674965891055763,0.013771915808320045,0.5160815715789795,0.908195436000824,6.9688321000066935,Medium
2,II.24.17,5.1584931497927755e-05,6.315232894849032e-05,0.9990622997283936,0.9992559552192688,3.920862200000556,Hard
2,II.27.16,0.0014542840654030442,0.0013619068777188659,0.9215021133422852,0.9072098135948181,7.481818699998257,Easy
2,II.27.18,0.0008740735938772559,0.0007762780296616256,0.9773120880126953,0.9768593311309814,7.056129700002202,Easy
2,II.3.24,6.761637632735074e-05,6.482067692559212e-05,0.9668747782707214,0.9642999768257141,7.160562900004152,Easy
2,II.34.11,0.0006106822402216494,0.0005901624681428075,0.9012354016304016,0.9172074198722839,6.741774699999951,Easy
2,II.34.29a,8.067142516665626e-06,7.713469130976591e-06,0.9771830439567566,0.977890133857727,6.671891999998479,Medium
2,II.34.29b,0.0006463434547185898,0.000591263931710273,0.951988935470581,0.9367077946662903,6.651219200000924,Easy
2,II.34.2a,8.655330748297274e-05,7.935912435641512e-05,0.9413126707077026,0.9406952261924744,6.751789800000552,Medium
2,II.34.2,0.00010998167999787256,0.00010952966840704903,0.9816967248916626,0.9801830649375916,6.908237499999814,Medium
2,II.35.18,8.581018482800573e-05,8.851059101289138e-05,0.995342493057251,0.9956052303314209,6.7501556999995955,Hard
2,II.35.21,0.00044066994450986385,0.00047655781963840127,0.9541742205619812,0.9586238861083984,6.578096100005496,Hard
2,II.36.38,0.007766686379909515,0.008326227776706219,0.9262469410896301,0.9462471008300781,6.644349900001544,Hard
2,II.37.1,0.00035983248380944133,0.0003508124209474772,0.9972536563873291,0.9970335960388184,6.511025300002075,Medium
2,II.38.14,1.0925758942903485e-05,9.656302609073464e-06,0.9991437792778015,0.9990441203117371,3.5098354000001564,Easy
2,II.38.3,0.00037808320485055447,0.0003655925393104553,0.9847043752670288,0.9871854782104492,6.754656800003431,Easy
2,II.4.23,3.9988619391806424e-05,3.178863335051574e-05,0.9623548984527588,0.954933762550354,6.459623900002043,Easy
2,II.6.11,0.00037897081347182393,0.0005533662624657154,0.7214510440826416,0.7546813488006592,6.632616800001415,Medium
2,II.6.15a,0.048663292080163956,0.02293248660862446,0.8155308365821838,0.7522724866867065,6.630396100001235,Hard
2,II.6.15b,0.01011926494538784,0.009985285811126232,-0.06313669681549072,-0.07598423957824707,6.988356000001659,Hard
2,II.8.31,0.0003979748289566487,0.00041917304042726755,0.954836368560791,0.959589421749115,6.899637700000312,Easy
2,II.8.7,1.1152004844916519e-05,1.0402572115708608e-05,0.956277072429657,0.955392599105835,6.650969900001655,Medium
2,III.10.19,0.0004516156332101673,0.00043141571222804487,0.995808482170105,0.9956310987472534,6.966281200002413,Hard
2,III.12.43,5.375336331781e-05,4.4528751459438354e-05,0.99906325340271,0.9988994598388672,0.9990433999992092,Easy
2,III.13.18,0.0031831369269639254,0.0029431141447275877,0.953366219997406,0.9602810144424438,6.825742799999716,Medium
2,III.14.14,0.025162776932120323,0.008723712526261806,0.8904247283935547,0.8166530728340149,6.73209350000252,Medium
2,III.15.12,0.029667772352695465,0.028879649937152863,0.9661734104156494,0.9625155925750732,6.6969447000010405,Medium
2,III.15.14,0.0009266496635973454,0.0008975407690741122,0.9825913310050964,0.9827300906181335,6.662647400000424,Medium
2,III.15.27,0.09900825470685959,0.07148359715938568,0.9864211082458496,0.9821019172668457,6.922276999997848,Easy
2,III.17.37,0.005183549597859383,0.005475490354001522,0.9618231654167175,0.9626122713088989,7.075072499996168,Medium
2,III.19.51,2.795904492813861e-06,2.887372147597489e-06,-3.9145798683166504,-7.012528419494629,6.810328799998388,Medium
2,III.21.20,0.0009766753064468503,0.0009121769107878208,0.9618364572525024,0.9668970704078674,6.948886099999072,Hard
2,III.4.32,0.009421049617230892,0.010670305229723454,0.99665367603302,0.9968630075454712,6.97266479999962,Medium
2,III.4.33,0.0017326511442661285,0.0015527958748862147,0.9975935816764832,0.9971486926078796,6.823878000002878,Hard
2,III.7.38,0.0017409102292731404,0.0014454812044277787,0.9932307600975037,0.99244624376297,6.923332700003812,Easy
2,III.8.54,0.03182374686002731,0.034125108271837234,0.7201226949691772,0.743864893913269,6.9496433999956935,Medium
2,III.9.52,0.0018543474143370986,0.0017605242319405079,0.9149253368377686,0.9277886748313904,6.817501400000765,Hard
5,I.10.7,0.0007567433058284223,0.0010594214545562863,0.9903482794761658,0.9937886595726013,6.624282199998561,Medium
5,I.11.19,0.06360373646020889,0.06711051613092422,0.7902477979660034,0.8195798397064209,6.778505700000096,Medium
5,I.12.11,0.0196088794618845,0.02468542568385601,0.8009104132652283,0.8488197922706604,6.908195199997863,Medium
5,I.12.1,6.94987757015042e-05,6.783886055927724e-05,0.9993426203727722,0.9993902444839478,1.5157285000022966,Easy
5,I.12.2,0.00030634936410933733,0.00035917895729653537,0.673640251159668,0.7554388046264648,6.88986009999644,Medium
5,I.12.4,2.6482852263143286e-05,2.897547346947249e-05,0.9911190867424011,0.9926809072494507,6.625736300004064,Easy
5,I.12.5,0.00011365006503183395,8.526120655005798e-05,0.9991737604141235,0.9990028142929077,0.5331246999994619,Easy
5,I.13.12,0.00023386126849800348,0.0002750109997577965,0.9783510565757751,0.9838168621063232,6.787798299999849,Medium
5,I.13.4,0.005429413169622421,0.00704287039116025,0.9301532506942749,0.9501459002494812,6.691496699997515,Medium
5,I.14.3,3.604632001952268e-05,3.250687586842105e-05,0.9991932511329651,0.9990574717521667,5.203020200002356,Easy
5,I.14.4,8.196774615498725e-06,8.284791874757502e-06,0.9990314841270447,0.999131977558136,1.038032700002077,Easy
5,I.15.10,0.00043154944432899356,0.00037363325827755034,0.9965349435806274,0.9964478015899658,6.497798900003545,Medium
5,I.15.3t,0.0045960997231304646,0.01089024730026722,0.9760723114013672,0.990781307220459,6.54685089999839,Hard
5,I.15.3x,0.006686371751129627,0.008352181874215603,0.9852268695831299,0.9888219833374023,6.511556500001461,Hard
5,I.16.6,0.0002949933405034244,0.00032865299726836383,0.9990811347961426,0.9991716146469116,0.6944857999988017,Medium
5,I.18.12,0.0072590867057442665,0.007724445313215256,0.8448314666748047,0.8742570877075195,6.510880600006203,Easy
5,I.18.16,0.0034385686740279198,0.0044219656847417355,0.7632476091384888,0.7992653846740723,6.634376100002555,Easy
5,I.18.4,0.00016577100905124098,0.00016607526049483567,0.9990293383598328,0.9990662932395935,1.5593664000043646,Medium
5,I.24.6,4.811973121832125e-05,4.451916538528167e-05,0.9739955067634583,0.9752755165100098,6.634248400005163,Medium
5,I.25.13,0.000318769394652918,0.0003005873004440218,0.999041736125946,0.9990296363830566,0.39570390000153566,Easy
5,I.26.2,0.00021652437862940133,0.00020781400962732732,0.9990427494049072,0.9989262819290161,3.3691344000035315,Easy
5,I.27.6,2.931814015028067e-05,2.9171067581046373e-05,0.9990694522857666,0.9990872740745544,0.593255699997826,Easy
5,I.29.16,0.03558114543557167,0.03688924387097359,0.7335748076438904,0.7474113702774048,6.534055999996781,Hard
5,I.29.4,0.00012814131332561374,0.00010558725625742227,0.9990824460983276,0.9988690614700317,0.5053304999964894,Medium
5,I.30.3,0.0428248830139637,0.049280546605587006,0.7212272882461548,0.7508392930030823,6.5040708000015,Hard
5,I.30.5,0.00016117587802000344,0.00014780223136767745,0.9990628361701965,0.9990404844284058,0.48182050000468735,Easy
5,I.32.17,0.004092605318874121,3.4224376678466797,0.24849826097488403,0.9860372543334961,6.538321400003042,Hard
5,I.32.5,0.0015629761619493365,0.007032168563455343,0.952907919883728,0.9925105571746826,6.470866199997545,Medium
5,I.34.10,0.00030000333208590746,0.00026132608763873577,0.9990119934082031,0.9989994764328003,2.4469233000054373,Medium
5,I.34.14,0.0001194484721054323,0.0001020656491164118,0.9992868900299072,0.9992501139640808,0.9441816999969888,Hard
5,I.34.27,0.00010297186963725835,9.805450827116147e-05,0.9990497827529907,0.9990965127944946,0.7520055000059074,Medium
5,I.34.8,0.0038733668625354767,0.003930317237973213,0.8816746473312378,0.906298816204071,6.646669299996574,Medium
5,I.37.4,0.0007189985481090844,0.0007728108903393149,0.9990285038948059,0.9990145564079285,1.000668400003633,Hard
5,I.38.12,0.07215114682912827,0.07116885483264923,0.9928756356239319,0.9948221445083618,6.621520599997893,Medium
5,I.39.10,0.00010271649080095813,7.982821261975914e-05,0.9992536306381226,0.9990653395652771,0.17941119999886723,Medium
5,I.39.11,5.18664310220629e-05,5.013867485104129e-05,0.9991688132286072,0.9991251230239868,1.6646273999940604,Medium
5,I.39.22,0.0005746491951867938,0.0005792134325020015,0.9757669568061829,0.9805231690406799,6.512127299996791,Hard
5,I.40.1,0.0013920554192736745,0.0012833783403038979,0.9849284291267395,0.9846048951148987,6.58788430000277,Hard
5,I.41.16,8.010100282263011e-05,8.048673771554604e-05,0.9908893704414368,0.9915584921836853,6.465272900000855,Hard
5,I.43.16,0.0010211656335741282,0.0010468070395290852,0.956203818321228,0.9653891324996948,6.721168399999442,Easy
5,I.43.31,2.4974871848826297e-05,2.3123855498852208e-05,0.9990339279174805,0.9988749623298645,2.3972972000046866,Medium
5,I.43.43,5.806293847854249e-05,6.952419062145054e-05,0.9990305304527283,0.9990735650062561,4.778372300002957,Medium
5,I.44.4,0.00023602735018357635,0.00024829249014146626,0.980906069278717,0.9826996326446533,6.522718699998222,Hard
5,I.47.23,4.0322833228856325e-05,4.059170532855205e-05,0.999041736125946,0.9990744590759277,0.7476813000030234,Easy
5,I.50.26,0.003492124145850539,0.004921101965010166,0.9787171483039856,0.9847435355186462,6.5795753999991575,Hard
5,I.6.20a,1.7103862774092704e-05,1.7553787984070368e-05,0.9990978240966797,0.9990592002868652,0.47207129999878816,Hard
5,I.6.20b,0.0006638061604462564,0.0006284886039793491,0.9647547006607056,0.9640666246414185,6.572859500003688,Hard
5,I.6.20,7.492399618058698e-06,9.30907299334649e-06,0.9992693066596985,0.9993629455566406,5.149704199997359,Hard
5,I.9.18,7.914946036180481e-05,8.573658851673827e-05,0.8914737701416016,0.9063382148742676,6.759822599997278,Hard
5,II.10.9,6.409809429896995e-05,5.6692122598178685e-05,0.999051570892334,0.9989551305770874,1.557987399995909,Easy
5,II.11.17,0.008694956079125404,0.01773061603307724,0.8164184093475342,0.9171357154846191,6.796788300001936,Hard
5,II.11.20,1.1662403267109767e-05,1.1108984836027957e-05,0.9938305616378784,0.9944394826889038,6.7430303000001,Hard
5,II.11.27,0.00029404324595816433,0.0007616160437464714,0.9947437644004822,0.9972231984138489,6.507829199996195,Hard
5,II.11.28,0.000989127904176712,0.0006584561779163778,0.9990761876106262,0.9987762570381165,0.40391839999938384,Hard
5,II.11.3,7.144920527935028e-05,7.344692130573094e-05,0.9811570048332214,0.9860603213310242,6.400183600002492,Medium
5,II.13.17,0.0001132207689806819,0.00013267846952658147,0.9845958948135376,0.9913566708564758,6.383302599999297,Easy
5,II.13.23,9.722988761495799e-05,0.00025272706989198923,0.9976975917816162,0.9992019534111023,6.448372600003495,Hard
5,II.13.34,0.0005713055725209415,0.0006257199565880001,0.992353081703186,0.9938072562217712,6.6942437999969115,Hard
5,II.15.4,0.00025611641467548907,0.00027420237893238664,0.9952816963195801,0.9947426915168762,6.6482276000024285,Easy
5,II.15.5,0.0010585368145257235,0.0010628338204696774,0.9817114472389221,0.9782713651657104,8.149845499996445,Easy
5,II.2.42,0.00012069125659763813,0.00015732692554593086,0.9919058680534363,0.9934027791023254,7.4662954000014,Easy
5,II.21.32,0.0001280156575376168,0.01071608904749155,0.6234574317932129,0.984687328338623,7.541753299999982,Medium
5,II.24.17,4.370724855107255e-05,5.740233609685674e-05,0.9991476535797119,0.9993695616722107,0.8893416000064462,Hard
5,II.27.16,0.0001457604084862396,0.00015890887880232185,0.9908407926559448,0.9906997680664062,7.384685199998785,Easy
5,II.27.18,4.5401691750157624e-05,3.281988756498322e-05,0.9990407824516296,0.9987980127334595,1.51881560000038,Easy
5,II.3.24,1.6957407069639885e-06,1.622241256882262e-06,0.9991709589958191,0.9991046786308289,3.646783800002595,Easy
5,II.34.11,5.728486030420754e-06,5.91468915445148e-06,0.9990101456642151,0.9992233514785767,4.1118605000010575,Easy
5,II.34.29a,6.100454265833832e-05,5.9615664213197306e-05,0.8236531019210815,0.8328030705451965,6.990133200000855,Medium
5,II.34.29b,9.906435298034921e-05,0.00012319367669988424,0.989996612071991,0.9902992844581604,7.314078700001119,Easy
5,II.34.2a,1.3451509630613145e-06,1.1958564982705866e-06,0.9991156458854675,0.9990783333778381,6.338812199996028,Medium
5,II.34.2,5.033036359236576e-06,5.625473022519145e-06,0.9990599155426025,0.9990931153297424,3.4984642999988864,Medium
5,II.35.18,1.2513973160821479e-05,1.8375714716967195e-05,0.9990330338478088,0.9993590712547302,1.747652999998536,Hard
5,II.35.21,8.50327851367183e-05,0.00011755042214645073,0.9886963367462158,0.9920159578323364,6.971709799996461,Hard
5,II.36.38,0.0026599725242704153,0.0040207416750490665,0.9643846154212952,0.9815904498100281,7.1780347999956575,Hard
5,II.37.1,0.0001370787067571655,0.00012535716814454645,0.9990186095237732,0.9988699555397034,0.5647774000026402,Medium
5,II.38.14,1.0627820302033797e-05,9.609283551981207e-06,0.9991479516029358,0.9990701675415039,0.4018486999993911,Easy
5,II.38.3,2.4779497834970243e-05,2.3372740542981774e-05,0.9990221261978149,0.99916011095047,5.876955800005817,Easy
5,II.4.23,8.491930998388852e-07,7.529230856562208e-07,0.9991083741188049,0.9990429878234863,3.1252322000000277,Easy
5,II.6.11,1.3465188203554135e-05,1.7026237401296385e-05,0.9914294481277466,0.9912835955619812,7.120402799999283,Medium
5,II.6.15a,0.0031507951207458973,0.006253719795495272,0.9496949911117554,0.9839604496955872,7.050807599996915,Hard
5,II.6.15b,0.00045693301944993436,0.0006949563976377249,0.9260077476501465,0.951414167881012,6.872497000003932,Hard
5,II.8.31,1.0432248927827459e-05,9.25604035728611e-06,0.9990026950836182,0.9989407062530518,0.8235496999986935,Easy
5,II.8.7,6.2847448134562e-07,5.318585181157687e-07,0.997764527797699,0.9974861145019531,7.1767932000002475,Medium
5,III.10.19,0.00034893746487796307,0.00042063198634423316,0.9959132671356201,0.9966244101524353,7.1579113000043435,Hard
5,III.12.43,3.8032707379898056e-05,3.990533514297567e-05,0.9991605281829834,0.9992213249206543,0.31622210000205087,Easy
5,III.13.18,0.00043635611655190587,0.00041350178071297705,0.99344801902771,0.9945551753044128,7.274000399993383,Medium
5,III.14.14,0.00038770149694755673,0.0011345105012878776,0.9857498407363892,0.9971750378608704,7.0444360000037705,Medium
5,III.15.12,0.0007933190790936351,0.0008379460778087378,0.9990184903144836,0.998997688293457,3.500923999999941,Medium
5,III.15.14,4.501106377574615e-05,4.589931631926447e-05,0.9991097450256348,0.9991611242294312,6.761283799998637,Medium
5,III.15.27,0.006312141194939613,0.0048651546239852905,0.9990758299827576,0.9988589286804199,1.241992500006745,Easy
5,III.17.37,0.0020607057958841324,0.0024169827811419964,0.9831480383872986,0.9851366281509399,6.978076699997473,Medium
5,III.19.51,3.264855877205264e-06,3.5288787785248132e-06,-5.006484508514404,-8.356453895568848,7.024621500000649,Medium
5,III.21.20,2.329141898371745e-05,2.261995723529253e-05,0.9990536570549011,0.9992105960845947,4.3762913000027766,Hard
5,III.4.32,0.0016624953132122755,0.002610823605209589,0.9991812109947205,0.999446451663971,0.7149229999995441,Medium
5,III.4.33,0.0006375752855092287,0.0006285469862632453,0.9990259408950806,0.9989507794380188,0.4641962000023341,Hard
5,III.7.38,0.0001463402295485139,0.0001939880894497037,0.9990915656089783,0.9993650317192078,3.422671000000264,Easy
5,III.8.54,0.0013510807184502482,0.0021926071494817734,0.9820173382759094,0.9891257286071777,6.992250799994508,Medium
5,III.9.52,0.00016313559899572283,0.00022023773635737598,0.9893573522567749,0.9936472177505493,7.160672499994689,Hard
8,I.10.7,4.076166442246176e-05,0.00010925562673946843,0.9990046620368958,0.9996654391288757,2.345314699996379,Medium
8,I.11.19,0.052195653319358826,0.07087241858243942,0.7784900665283203,0.8519403338432312,7.197077099997841,Medium
8,I.12.11,0.02313707023859024,0.028567012399435043,0.7696051597595215,0.8216181993484497,7.163195699999051,Medium
8,I.12.1,0.0001045342069119215,8.206778147723526e-05,0.999204695224762,0.9990828037261963,0.30626260000281036,Easy
8,I.12.2,0.00011569818889256567,0.00022730288037564605,0.7934664487838745,0.9076371788978577,7.026311400004488,Medium
8,I.12.4,2.6227942271361826e-06,3.000310016432195e-06,0.9990804195404053,0.9992751479148865,2.6358132000023033,Easy
8,I.12.5,0.00010280570859322324,8.753864676691592e-05,0.9991517066955566,0.999098002910614,0.5055116000003181,Easy
8,I.13.12,5.918871465837583e-05,9.296527423430234e-05,0.9926817417144775,0.9959041476249695,7.104523499998322,Medium
8,I.13.4,0.00010216476221103221,9.768954623723403e-05,0.9990311861038208,0.9990618824958801,0.7839920999977039,Medium
8,I.14.3,3.985051444033161e-05,3.8600344851147383e-05,0.9990419745445251,0.9989579916000366,1.623228599994036,Easy
8,I.14.4,6.873655820527347e-06,7.09171945345588e-06,0.9991709589958191,0.9992721080780029,1.115514400000393,Easy
8,I.15.10,0.0010147581342607737,0.0009666697005741298,0.9910351634025574,0.9916473031044006,7.139989900002547,Medium
8,I.15.3t,0.007371905259788036,0.015532371588051319,0.9658728241920471,0.9852136969566345,6.8442897999993875,Hard
8,I.15.3x,0.006322351284325123,0.010468053631484509,0.9814843535423279,0.9894305467605591,7.0644739999988815,Hard
8,I.16.6,0.0003448608913458884,0.0003565606602933258,0.9990031123161316,0.9990316033363342,0.22455279999849154,Medium
8,I.18.12,0.0015182775678113103,0.0016961810179054737,0.9659271240234375,0.9737001657485962,6.879233600004227,Easy
8,I.18.16,0.0020605484023690224,0.002538003958761692,0.8641150593757629,0.8797106146812439,7.081496600003447,Easy
8,I.18.4,0.00013835755817126483,0.00016047607641667128,0.9990620613098145,0.9992207288742065,1.2051266999988002,Medium
8,I.24.6,5.2604467782657593e-05,5.120104469824582e-05,0.9700924754142761,0.9729712009429932,6.960878400001093,Medium
8,I.25.13,0.0002385264087934047,0.00023245489865075797,0.9992589354515076,0.9992738962173462,0.22492749999946682,Easy
8,I.26.2,0.0002292025019414723,0.0002037341328104958,0.9990615248680115,0.9988633990287781,0.8335199999928591,Easy
8,I.27.6,2.2667456505587325e-05,2.3051337848301046e-05,0.999264657497406,0.9992943406105042,0.5854018999962136,Easy
8,I.29.16,0.008976737968623638,0.011457376182079315,0.9172514081001282,0.9362746477127075,7.160200599995733,Hard
8,I.29.4,0.00013497984036803246,9.846475586527959e-05,0.9991443753242493,0.998808741569519,0.37783910000143806,Medium
8,I.30.3,0.03068654239177704,0.04203889146447182,0.7621923089027405,0.8214617371559143,6.94370770000387,Hard
8,I.30.5,0.00012955446436535567,0.00011610698857111856,0.9992638230323792,0.9992287158966064,0.4082909999997355,Easy
8,I.32.17,0.012951565906405449,3.0862202644348145,0.3223251700401306,0.9558130502700806,7.255475199999637,Hard
8,I.32.5,0.017751533538103104,0.02432531677186489,0.8371014595031738,0.9149386882781982,6.82460490000085,Medium
8,I.34.10,0.0001843782956711948,0.00020203387248329818,0.9992361664772034,0.9993851184844971,1.6140783000009833,Medium
8,I.34.14,0.00014143067528493702,0.00012256218178663403,0.999143660068512,0.999112069606781,0.5141150999988895,Hard
8,I.34.27,0.00012069731019437313,9.113124542636797e-05,0.9991168975830078,0.9989410042762756,0.431428900003084,Medium
8,I.34.8,0.0022312758956104517,0.002679508412256837,0.9193312525749207,0.9460228681564331,6.800103800000215,Medium
8,I.37.4,0.0006557253655046225,0.000758709036745131,0.999046266078949,0.9991012811660767,1.5298882000060985,Hard
8,I.38.12,0.33094990253448486,0.46342647075653076,0.9536088109016418,0.9762495756149292,6.876505600004748,Medium
8,I.39.10,9.080704330699518e-05,9.628685802454129e-05,0.9990997314453125,0.9991737008094788,0.1976236999980756,Medium
8,I.39.11,5.178285937290639e-05,5.832525857840665e-05,0.9990330934524536,0.9991264939308167,0.4807706000065082,Medium
8,I.39.22,0.0001472508884035051,0.0001400136825395748,0.9941421151161194,0.995009183883667,6.904432700001053,Hard
8,I.40.1,0.001303995493799448,0.0015428337501361966,0.9818814396858215,0.9855787754058838,6.86116729999776,Hard
8,I.41.16,8.755414455663413e-06,6.9694324338342994e-06,0.9992110729217529,0.999077320098877,1.8266480999955093,Hard
8,I.43.16,1.5243854250002187e-05,2.3431519366567954e-05,0.9990196824073792,0.9994833469390869,2.018067600001814,Easy
8,I.43.31,2.0958286768291146e-05,2.3271681129699573e-05,0.9990277886390686,0.9990559220314026,1.0376156000056653,Medium
8,I.43.43,6.112384289735928e-05,6.625781679758802e-05,0.9990760684013367,0.9990246891975403,2.0066377999974065,Medium
8,I.44.4,8.22556612547487e-05,0.00035676726838573813,0.9725642800331116,0.9939708113670349,7.0631511000028695,Hard
8,I.47.23,3.789874608628452e-05,3.7000489101046696e-05,0.9991264939308167,0.999130129814148,0.28154190000350354,Easy
8,I.50.26,0.004251402802765369,0.005719945300370455,0.9752623438835144,0.9814264178276062,6.874363199996878,Hard
8,I.6.20a,8.843957402859814e-06,1.0119734724867158e-05,0.9994798898696899,0.999513566493988,0.10491979999642354,Hard
8,I.6.20b,0.0009345688740722835,0.001109679345972836,0.9377698302268982,0.9494096636772156,7.255424900002254,Hard
8,I.6.20,1.1868115507240873e-05,1.2325938769208733e-05,0.9990324974060059,0.9989908933639526,1.0107796000011149,Hard
8,I.9.18,9.044972830452025e-05,0.00010242367716273293,0.8703510761260986,0.8929659724235535,8.0233711999972,Hard
8,II.10.9,5.691751721315086e-05,5.348185368347913e-05,0.9991052746772766,0.9990721344947815,0.48110580000502523,Easy
8,II.11.17,0.006205611862242222,0.014058197848498821,0.8544423580169678,0.9408595561981201,7.230632300001162,Hard
8,II.11.20,0.0002247569354949519,0.00022231107868719846,0.8765386939048767,0.8928380012512207,7.1205416999946465,Hard
8,II.11.27,0.00015703830285929143,0.001581409014761448,0.9890860319137573,0.9985169768333435,7.011326799998642,Hard
8,II.11.28,0.0008082583080977201,0.0005112240905873477,0.9992827773094177,0.999000072479248,0.38500189999467693,Hard
8,II.11.3,3.25191103911493e-05,3.861762161250226e-05,0.9900925159454346,0.9936555624008179,7.207400100000086,Medium
8,II.13.17,3.548396853148006e-05,3.622375152190216e-05,0.9957943558692932,0.9972911477088928,7.074427300001844,Easy
8,II.13.23,0.0006658626371063292,0.000844219175633043,0.9923088550567627,0.9945346117019653,6.979607399996894,Hard
8,II.13.34,0.0007863047649152577,0.0008695609285496175,0.9893731474876404,0.9914767146110535,7.047006000000692,Hard
8,II.15.4,0.00212046317756176,0.0023540868423879147,0.9594923853874207,0.956473171710968,7.0386016000047675,Easy
8,II.15.5,4.4908312702318653e-05,5.2367231546668336e-05,0.9990988969802856,0.9990781545639038,1.5141027999998187,Easy
8,II.2.42,0.00010730400390457362,0.00011732581333490089,0.9939638376235962,0.9941345453262329,7.185174800004461,Easy
8,II.21.32,0.0006081308238208294,0.01440957561135292,0.49367547035217285,0.9272580742835999,7.908466100001533,Medium
8,II.24.17,5.08349621668458e-05,6.717225187458098e-05,0.9990025758743286,0.9992667436599731,0.3838897999958135,Hard
8,II.27.16,1.09885049823788e-05,1.5056848496897146e-05,0.9991321563720703,0.9992988705635071,2.9296689000038896,Easy
8,II.27.18,2.7997275537927635e-05,2.8878814191557467e-05,0.9991559982299805,0.9992587566375732,0.5750013000069885,Easy
8,II.3.24,1.6077799500635592e-06,1.5957151617840282e-06,0.9991845488548279,0.9991511106491089,1.56335680000484,Easy
8,II.34.11,3.825982730631949e-06,3.737698989425553e-06,0.999374508857727,0.9994813203811646,4.2501482000006945,Easy
8,II.34.29a,1.2274519576749299e-05,1.2845598575950135e-05,0.9620019197463989,0.9663588404655457,7.113132300000871,Medium
8,II.34.29b,8.789651474216953e-06,1.1494681530166417e-05,0.9990666508674622,0.9991393089294434,2.2358601999949315,Easy
8,II.34.2a,9.762268291524379e-07,1.0257980420647073e-06,0.9992414116859436,0.9993311166763306,3.8645312000007834,Medium
8,II.34.2,4.391039510664996e-06,4.655530119634932e-06,0.9992220401763916,0.9992088079452515,1.1979590999981156,Medium
8,II.35.18,8.074098332144786e-06,1.496309141657548e-05,0.9992126226425171,0.9995864629745483,0.8110512999992352,Hard
8,II.35.21,6.931316602276638e-05,0.00011712215928127989,0.9887375235557556,0.9934919476509094,7.0633469999957015,Hard
8,II.36.38,0.005403182934969664,0.006090490613132715,0.9460509419441223,0.962604820728302,7.023622399996384,Hard
8,II.37.1,0.0001245066523551941,0.00012548726226668805,0.999017596244812,0.9989736080169678,0.27081149999867193,Medium
8,II.38.14,9.294594747188967e-06,9.737930668052286e-06,0.9991365671157837,0.9991868138313293,0.5190437999990536,Easy
8,II.38.3,8.894123311620206e-05,9.79198157438077e-05,0.9959032535552979,0.9969854950904846,6.707816100002674,Easy
8,II.4.23,7.137538773349661e-07,7.945927222863247e-07,0.9990590214729309,0.9991956353187561,2.5009770000033313,Easy
8,II.6.11,2.0623130694730207e-05,2.9865581382182427e-05,0.984966516494751,0.9866500496864319,6.5639439999940805,Medium
8,II.6.15a,0.00490284850820899,0.013427401892840862,0.8919898271560669,0.9750413298606873,6.615384099997755,Hard
8,II.6.15b,0.00037855960545130074,0.000701913028024137,0.9252671003341675,0.9597476720809937,6.472001199996157,Hard
8,II.8.31,7.239020760607673e-06,7.856641786929686e-06,0.9991534948348999,0.9992649555206299,0.33404480000172043,Easy
8,II.8.7,2.5448380256420933e-06,2.392553597019287e-06,0.9899438619613647,0.9898207783699036,6.886577299999772,Medium
8,III.10.19,0.00030794282793067396,0.0004438718897290528,0.9956874251365662,0.997020959854126,6.788011799995729,Hard
8,III.12.43,3.589572588680312e-05,4.115634146728553e-05,0.9991342425346375,0.9992650747299194,0.2610093000039342,Easy
8,III.13.18,5.657633664668538e-05,6.208913691807538e-05,0.9990161657333374,0.9992940425872803,3.8517127000013716,Medium
8,III.14.14,0.013023187406361103,0.017858725041151047,0.7756832838058472,0.9051073789596558,6.990735299994412,Medium
8,III.15.12,0.0007483792142011225,0.0007815929711796343,0.9990845322608948,0.9990544319152832,3.0037580999996862,Medium
8,III.15.14,3.947880759369582e-05,5.098132896819152e-05,0.9990111589431763,0.9992642402648926,2.6997237999967183,Medium
8,III.15.27,0.004431286361068487,0.00461272057145834,0.999123752117157,0.9991989135742188,1.3608029000024544,Easy
8,III.17.37,0.0011152587831020355,0.0011754136066883802,0.9918046593666077,0.9919558763504028,6.684354299999541,Medium
8,III.19.51,9.87495241133729e-07,1.1092424756498076e-06,-0.8880351781845093,-1.8299729824066162,6.7815279999995255,Medium
8,III.21.20,2.1349758753785864e-05,2.1408615793916397e-05,0.9991043210029602,0.9992763996124268,3.2994322999948054,Hard
8,III.4.32,0.001826781895942986,0.0023283432237803936,0.9992697834968567,0.9993917346000671,0.6138590000045951,Medium
8,III.4.33,0.0005456475773826241,0.000623817031737417,0.9990332722663879,0.9991020560264587,0.41542699999990873,Hard
8,III.7.38,0.00024897209368646145,0.00020479421073105186,0.999040961265564,0.9989197254180908,0.5621801000015694,Easy
8,III.8.54,0.0029613457154482603,0.005331933964043856,0.9562700986862183,0.9761654734611511,6.547330599998531,Medium
8,III.9.52,0.0003022227610927075,0.000616690085735172,0.9701993465423584,0.9882309436798096,6.915602100001706,Hard
11,I.10.7,0.0002929561014752835,0.00040987267857417464,0.9962658882141113,0.9975954294204712,6.7224762000041665,Medium
11,I.11.19,0.041699040681123734,0.07067583501338959,0.779104471206665,0.8817152976989746,7.756856299994979,Medium
11,I.12.11,0.021771835163235664,0.035231269896030426,0.7158575057983398,0.8321439027786255,6.841604399996868,Medium
11,I.12.1,0.00010052200377685949,8.933770732255653e-05,0.9991342425346375,0.9991180300712585,0.277555200002098,Easy
11,I.12.2,0.0001452854776289314,0.0003097133885603398,0.7185859680175781,0.8840174078941345,6.75273880000168,Medium
11,I.12.4,4.960671503795311e-05,6.175695307319984e-05,0.9810716509819031,0.9862901568412781,6.994241000000329,Easy
11,I.12.5,0.00010347407078370452,9.324147686129436e-05,0.9990964531898499,0.9990921020507812,0.571699100000842,Easy
11,I.13.12,0.0003038418071810156,0.00032235943945124745,0.9746237993240356,0.9789742231369019,7.007951200001116,Medium
11,I.13.4,9.034974937094375e-05,8.707195229362696e-05,0.9991364479064941,0.9991703629493713,1.292669800001022,Medium
11,I.14.3,3.122009366052225e-05,3.5089989978587255e-05,0.9991291165351868,0.9991836547851562,0.8347410000060336,Easy
11,I.14.4,7.65742970543215e-06,8.042095942073502e-06,0.9990598559379578,0.9991890788078308,0.7107340000002296,Easy
11,I.15.10,0.0010853700805455446,0.0011539591941982508,0.9892982840538025,0.991066038608551,6.924396900001739,Medium
11,I.15.3t,0.013877125456929207,0.028070297092199326,0.9383249282836914,0.9721657633781433,7.124609799997415,Hard
11,I.15.3x,0.017598556354641914,0.02671860344707966,0.9527407884597778,0.9705794453620911,6.9122268999999505,Hard
11,I.16.6,0.00027164944913238287,0.00032210987410508096,0.9990994334220886,0.9992371797561646,0.3507748999982141,Medium
11,I.18.12,0.0016311185900121927,0.0018419179832562804,0.9629995822906494,0.9717455506324768,6.859386899996025,Easy
11,I.18.16,0.003312028246000409,0.004476036410778761,0.7603526711463928,0.8066524863243103,7.786677600000985,Easy
11,I.18.4,0.00012887436605524272,0.00015504364273510873,0.999093770980835,0.9992741346359253,0.5307178999937605,Medium
11,I.24.6,7.97611937741749e-05,9.777837840374559e-05,0.9428857564926147,0.9590177536010742,7.186075800003891,Medium
11,I.25.13,0.00032720682793296874,0.0003067201469093561,0.9990221858024597,0.9990039467811584,0.4411289999989094,Easy
11,I.26.2,0.00019308294577058405,0.00019667479500640184,0.9990940093994141,0.9990425109863281,0.5728736999953981,Easy
11,I.27.6,1.1623801583482418e-05,2.9326734875212424e-05,0.9990644454956055,0.9996381402015686,0.5745094000012614,Easy
11,I.29.16,0.020863961428403854,0.03218114376068115,0.767578125,0.8518878221511841,6.81866849999642,Hard
11,I.29.4,0.00010164894047193229,0.00010024568473454565,0.9991288781166077,0.9991028904914856,0.18313079999643378,Medium
11,I.30.3,0.028909845277667046,0.048181235790252686,0.7274459600448608,0.831798791885376,7.14804830000503,Hard
11,I.30.5,0.00011129986523883417,0.00010328450298402458,0.9993451237678528,0.999337375164032,0.4831132000035723,Easy
11,I.32.17,0.004100606311112642,3.8588738441467285,0.15266525745391846,0.986009955406189,7.810910799998965,Hard
11,I.32.5,0.0012626986717805266,0.013224364258348942,0.9114408493041992,0.9939494132995605,6.906810799999221,Medium
11,I.34.10,0.00020645266340579838,0.0002564572496339679,0.999030351638794,0.9993114471435547,2.0497479000041494,Medium
11,I.34.14,0.00016288377810269594,0.00014141222345642745,0.9990119934082031,0.9989774227142334,1.6750142000018968,Hard
11,I.34.27,0.00011161289876326919,9.876472904579714e-05,0.9990429282188416,0.9990206956863403,0.5309198999966611,Medium
11,I.34.8,0.013087275438010693,0.024884764105081558,0.2508241534233093,0.6834038496017456,7.04598999999871,Medium
11,I.37.4,0.0005955189699307084,0.0006692276219837368,0.9991587400436401,0.9991837739944458,0.7933942999952706,Hard
11,I.38.12,0.03675484284758568,0.09442242234945297,0.9905478954315186,0.9973623156547546,7.462197399996512,Medium
11,I.39.10,0.00010218151146546006,0.0001056571927620098,0.9990121722221375,0.9990701675415039,0.13848660000076052,Medium
11,I.39.11,4.848156459047459e-05,5.369638529373333e-05,0.9991098642349243,0.9991822242736816,0.756424799998058,Medium
11,I.39.22,0.00019656984659377486,0.0003097192966379225,0.9870420098304749,0.9933375716209412,6.945278500003042,Hard
11,I.40.1,0.002197765978053212,0.0026672068051993847,0.9686771631240845,0.9756943583488464,8.043028699998104,Hard
11,I.41.16,4.797982546733692e-05,5.172676173970103e-05,0.9941447973251343,0.9949436187744141,6.989434900002379,Hard
11,I.43.16,0.0006534572457894683,0.0006513495463877916,0.9727489352226257,0.9778520464897156,6.970714199997019,Easy
11,I.43.31,2.002066139539238e-05,2.1601736079901457e-05,0.9990975260734558,0.9990981221199036,0.8826531000013347,Medium
11,I.43.43,4.3031559471273795e-05,5.759710620623082e-05,0.9991968274116516,0.9993134140968323,1.261107999998785,Medium
11,I.44.4,0.0002293242869200185,0.00024305579427164048,0.9813087582588196,0.9831909537315369,7.4532374999980675,Hard
11,I.47.23,4.427618478075601e-05,4.061981235281564e-05,0.9990410208702087,0.9989837408065796,0.25684069999988424,Easy
11,I.50.26,0.009827378205955029,0.017632778733968735,0.9237415790557861,0.957065999507904,7.3589292999968166,Hard
11,I.6.20a,1.8098386135534383e-05,1.8956019630422816e-05,0.9990257620811462,0.9990045428276062,0.10694189999776427,Hard
11,I.6.20b,0.0013900842750445008,0.0030826835427433252,0.8271248936653137,0.9247515201568604,6.8583399999988615,Hard
11,I.6.20,1.0516117072256748e-05,1.2342464287939947e-05,0.9990311861038208,0.9991058707237244,1.0227213999969536,Hard
11,I.9.18,0.00035442813532426953,0.0004148271691519767,0.47490763664245605,0.5805860757827759,7.94935550000082,Hard
11,II.10.9,4.480894131120294e-05,5.4431333410320804e-05,0.9990894198417664,0.9992695450782776,0.5480941999994684,Easy
11,II.11.17,0.008773170411586761,0.016968483105301857,0.8243094682693481,0.9163903594017029,7.57849740000529,Hard
11,II.11.20,0.00010230189218418673,8.642725879326463e-05,0.9520022869110107,0.9512234330177307,6.818678700001328,Hard
11,II.11.27,0.0009288533474318683,0.004150314722210169,0.971356987953186,0.9912282824516296,6.859828799999377,Hard
11,II.11.28,0.000769446138292551,0.0006997957243584096,0.9990181922912598,0.9990480542182922,0.6451552000071388,Hard
11,II.11.3,6.959224992897362e-05,8.554571832064539e-05,0.9780529737472534,0.986422598361969,6.9721203000008245,Medium
11,II.13.17,6.836606189608574e-06,7.200709660537541e-06,0.9991639852523804,0.9994781017303467,5.895174400000542,Easy
11,II.13.23,0.000135374502860941,0.0003014872199855745,0.9972533583641052,0.9988888502120972,6.842644299998938,Hard
11,II.13.34,0.000167808510013856,0.0003161695203743875,0.9961361289024353,0.9981810450553894,7.52220070000476,Hard
11,II.15.4,2.692491761990823e-05,3.5384990042075515e-05,0.9993911385536194,0.9994472861289978,5.408444100001361,Easy
11,II.15.5,3.732872210093774e-05,5.123398659634404e-05,0.9991183876991272,0.9992337226867676,1.8584238000039477,Easy
11,II.2.42,0.0007652280619367957,0.0009104282944463193,0.953160285949707,0.9581710696220398,7.639160799997626,Easy
11,II.21.32,0.00011887348227901384,0.01417636964470148,0.5018699169158936,0.9857808947563171,7.272369999998773,Medium
11,II.24.17,4.798828740604222e-05,6.660654617007822e-05,0.9990109801292419,0.9993078112602234,0.6443204000024707,Hard
11,II.27.16,1.7104608559748158e-05,1.70213716046419e-05,0.9990189075469971,0.9989086389541626,2.877441099997668,Easy
11,II.27.18,2.7463082005851902e-05,2.726192724367138e-05,0.9992032051086426,0.9992729425430298,0.3478837000002386,Easy
11,II.3.24,1.4008722928338102e-06,1.5501334473810857e-06,0.9992078542709351,0.9992603659629822,1.1615610999942874,Easy
11,II.34.11,2.992340114360559e-06,3.202091193088563e-06,0.9994641542434692,0.9995943307876587,5.292326000002504,Easy
11,II.34.29a,2.1218816925738793e-07,2.468424327162211e-07,0.9992698431015015,0.9994184374809265,3.48361229999864,Medium
11,II.34.29b,8.087715832516551e-05,0.00017564826703164726,0.9857372641563416,0.9920802116394043,6.8460722000017995,Easy
11,II.34.2a,9.621190883990494e-07,1.1661758207992534e-06,0.9991375803947449,0.9993407726287842,4.725741799993557,Medium
11,II.34.2,4.70250870421296e-06,5.172574674361385e-06,0.9991356134414673,0.999152660369873,1.2991890000048443,Medium
11,II.35.18,1.6965728718787432e-05,1.8620337868924253e-05,0.9990201592445374,0.9991310834884644,1.0881245999989915,Hard
11,II.35.21,5.901253462070599e-05,0.00010654601646820083,0.9897545576095581,0.9944590926170349,7.061917099999846,Hard
11,II.36.38,0.00135906005743891,0.00434461422264576,0.9615157842636108,0.9905940294265747,7.433465800000704,Hard
11,II.37.1,8.833786705508828e-05,0.00010474072041688487,0.999180018901825,0.9992717504501343,0.34875040000042645,Medium
11,II.38.14,9.58064993028529e-06,9.240669896826148e-06,0.9991806745529175,0.9991617798805237,0.4189518000057433,Easy
11,II.38.3,0.00017137726536020637,0.00047758989967405796,0.980018675327301,0.9941914081573486,7.254590500000631,Easy
11,II.4.23,7.371199330918898e-07,7.599644504807657e-07,0.9991000294685364,0.9991692900657654,2.602601799997501,Easy
11,II.6.11,0.00043101824121549726,0.0005041200784035027,0.7462401390075684,0.7209895253181458,7.0071300999989035,Medium
11,II.6.15a,0.002953139366582036,0.006014925893396139,0.9516158699989319,0.9849666357040405,7.684088800000609,Hard
11,II.6.15b,0.0004775550914928317,0.0006323786801658571,0.9326704144477844,0.9492214322090149,6.708656700000574,Hard
11,II.8.31,1.0394794117019046e-05,9.198806765198242e-06,0.9990088939666748,0.9989445209503174,0.5735522999966634,Easy
11,II.8.7,4.343155808328447e-07,4.4369951979206235e-07,0.9981350898742676,0.9982627630233765,7.172160800000711,Medium
11,III.10.19,0.0002613063552416861,0.0005149569478817284,0.9949967861175537,0.9974721670150757,6.9571431999938795,Hard
11,III.12.43,3.129629112663679e-05,3.6065266613150015e-05,0.999241292476654,0.9993592500686646,0.21523780000279658,Easy
11,III.13.18,0.0008975841919891536,0.000508352997712791,0.9919451475143433,0.9887999892234802,7.043727999996918,Medium
11,III.14.14,0.002169833518564701,0.0014778167242184281,0.9814376831054688,0.9841896295547485,7.068597500001488,Medium
11,III.15.12,0.0008951944764703512,0.0011120025301352143,0.9986975193023682,0.9988689422607422,6.724539000002551,Medium
11,III.15.14,3.318614835734479e-05,4.9284873966826126e-05,0.9990440607070923,0.9993815422058105,6.217145700000401,Medium
11,III.15.27,0.004691207781434059,0.005033540539443493,0.9990438222885132,0.9991519451141357,1.1278214000049047,Easy
11,III.17.37,0.00012908266216982156,0.00014079651737120003,0.9990183115005493,0.9990689754486084,2.4156585999953677,Medium
11,III.19.51,8.74316810950404e-07,1.0081191703648074e-06,-0.7159138917922974,-1.5056250095367432,6.718317800005025,Medium
11,III.21.20,1.762646388669964e-05,2.3602273358847015e-05,0.9990125298500061,0.9994025826454163,3.5089920000027632,Hard
11,III.4.32,0.0015930767403915524,0.003045926569029689,0.9990447759628296,0.999469518661499,0.524949500002549,Medium
11,III.4.33,0.0005004651029594243,0.0006079561426304281,0.9990578293800354,0.9991764426231384,0.47760679999919375,Hard
11,III.7.38,0.00018259036005474627,0.00014153560914564878,0.9993371963500977,0.9992077350616455,1.9125452999942354,Easy
11,III.8.54,0.0003106835938524455,0.0005872751353308558,0.9951834678649902,0.9974994659423828,6.732615299995814,Medium
11,III.9.52,0.00038367987144738436,0.0004896291648037732,0.9763393998146057,0.9850589036941528,7.883429800000158,Hard
14,I.10.7,3.34696305799298e-05,9.80714030447416e-05,0.9991065263748169,0.9997252821922302,1.9269017000042368,Medium
14,I.11.19,0.08746712654829025,0.21236300468444824,0.33626484870910645,0.7518882751464844,7.540322799999558,Medium
14,I.12.11,0.01476732362061739,0.0233042873442173,0.812049388885498,0.886147141456604,7.634880799996608,Medium
14,I.12.1,7.905215170467272e-05,9.490738739259541e-05,0.9990803003311157,0.9993063807487488,0.3736314999987371,Easy
14,I.12.2,8.3804530731868e-05,0.00027674357988871634,0.7485432624816895,0.9330981373786926,7.122358199994778,Medium
14,I.12.4,2.696633782761637e-05,3.1384832254843786e-05,0.9903806447982788,0.992547333240509,7.108371999995143,Easy
14,I.12.5,8.001174865057692e-05,8.301941852550954e-05,0.9991954565048218,0.9992979764938354,0.25148369999806164,Easy
14,I.13.12,6.054047480574809e-05,8.450880704913288e-05,0.9933474659919739,0.9958106279373169,8.00509669999883,Medium
14,I.13.4,3.842436126433313e-05,7.577010546810925e-05,0.9992485642433167,0.9996472001075745,1.4062174999999115,Medium
14,I.14.3,0.0031580389477312565,0.004030968528240919,0.8999574184417725,0.9174233675003052,7.029724400003033,Easy
14,I.14.4,7.669811566302087e-06,8.141575563058723e-06,0.9990481734275818,0.9991877675056458,1.3098474000071292,Easy
14,I.15.10,0.0009092637337744236,0.0009964213240891695,0.9907592535018921,0.9925156235694885,7.664252900001884,Medium
14,I.15.3t,0.009101263247430325,0.022756114602088928,0.950001060962677,0.9817450046539307,7.216756900001201,Hard
14,I.15.3x,0.004396658856421709,0.0073986900970339775,0.9869133830070496,0.9926498532295227,7.015724999997474,Hard
14,I.16.6,0.00028301708516664803,0.0003560178738553077,0.9990046620368958,0.9992052316665649,0.36572679999517277,Medium
14,I.18.12,0.0055502778850495815,0.007743007969111204,0.8444585800170898,0.9038572907447815,7.463223300001118,Easy
14,I.18.16,0.003267603926360607,0.004429464694112539,0.7628461122512817,0.8092458248138428,8.032621500002278,Easy
14,I.18.4,0.0001301679149037227,0.00016419361054431647,0.9990403056144714,0.9992668032646179,6.812990200000058,Medium
14,I.24.6,0.00014208920765668154,0.00014769373228773475,0.9137292504310608,0.9269928932189941,7.629661200000555,Medium
14,I.25.13,0.00028080184711143374,0.0002318431215826422,0.9992609024047852,0.9991452097892761,0.29048940000211587,Easy
14,I.26.2,0.00021067030320409685,0.0002024169370997697,0.9990676045417786,0.9989553093910217,1.1917137000054936,Easy
14,I.27.6,1.890631756396033e-05,2.282788591401186e-05,0.999271810054779,0.999411404132843,1.4685982999944827,Easy
14,I.29.16,0.03369646519422531,0.052977368235588074,0.6173815727233887,0.7607905864715576,7.554553599999053,Hard
14,I.29.4,0.00010840745380846784,0.00011322089994791895,0.9990161061286926,0.9990432262420654,0.3459537999951863,Medium
14,I.30.3,0.026823723688721657,0.04067152738571167,0.7699272632598877,0.8439360857009888,7.044836900000519,Hard
14,I.30.5,0.00010782845492940396,0.00013805326307192445,0.9991246461868286,0.999358057975769,0.4171141000042553,Easy
14,I.32.17,0.009361766278743744,3.3533599376678467,0.26366639137268066,0.9680603742599487,7.9126413999983924,Hard
14,I.32.5,0.0012230622814968228,0.016761645674705505,0.8877528309822083,0.9941393733024597,7.443575699995563,Medium
14,I.34.10,9.663014498073608e-05,0.00022482989879790694,0.9991499781608582,0.9996777176856995,2.3978936999992584,Medium
14,I.34.14,0.0001035821478581056,0.00011868867295561358,0.99917072057724,0.9993497133255005,0.8750097999945865,Hard
14,I.34.27,9.857188706519082e-05,0.00010057041072286665,0.9990254044532776,0.9991351366043091,0.33298419999482576,Medium
14,I.34.8,0.006562315858900547,0.008471420034766197,0.7449610829353333,0.8412500619888306,7.503870799999277,Medium
14,I.37.4,0.0007528620772063732,0.0007844840874895453,0.9990138411521912,0.9989681243896484,0.472802899996168,Hard
14,I.38.12,0.07539287209510803,0.2265075445175171,0.9773255586624146,0.9945894479751587,7.244325799998478,Medium
14,I.39.10,8.74596371431835e-05,9.767746814759448e-05,0.9990867376327515,0.999204158782959,0.38600989999395097,Medium
14,I.39.11,5.614270776277408e-05,5.9598140069283545e-05,0.9990119934082031,0.9990529417991638,0.4649728000003961,Medium
14,I.39.22,0.0006100209429860115,0.0006917410064488649,0.9710590243339539,0.9793242812156677,7.801544000001741,Hard
14,I.40.1,0.001615967252291739,0.0021287724375724792,0.9750003814697266,0.9821286201477051,9.198561499993957,Hard
14,I.41.16,7.493988232454285e-05,6.359777034958825e-05,0.9928010702133179,0.9921023845672607,7.730403900000965,Hard
14,I.43.16,0.00015302587416954339,0.00015861699648667127,0.9933637976646423,0.9948134422302246,6.969277299998794,Easy
14,I.43.31,2.550700264691841e-05,2.348794077988714e-05,0.9990187287330627,0.9988510012626648,0.6529842000018107,Medium
14,I.43.43,4.036564496345818e-05,6.602159555768594e-05,0.9990793466567993,0.9993559122085571,3.325255699994159,Medium
14,I.44.4,0.0001697696279734373,0.00030687020625919104,0.9764013886451721,0.9875562191009521,7.640453899999557,Hard
14,I.47.23,3.1422910979017615e-05,3.635687971836887e-05,0.9991416931152344,0.9992787837982178,0.47975030000088736,Easy
14,I.50.26,0.0036796981003135443,0.00698529276996851,0.9697899222373962,0.9839240908622742,7.60253759999614,Hard
14,I.6.20a,1.5692605302319862e-05,1.7024543922161683e-05,0.9991250038146973,0.9991368651390076,0.20900129999790806,Hard
14,I.6.20b,0.0018913332605734468,0.0022400112356990576,0.874381422996521,0.8976178169250488,7.362689599998703,Hard
14,I.6.20,1.1514497600728646e-05,1.2583721400005743e-05,0.999012291431427,0.9990209341049194,1.2896139999938896,Hard
14,I.9.18,0.000274688471108675,0.0003854827373288572,0.5120521187782288,0.6749463081359863,8.301392599998508,Hard
14,II.10.9,4.1879691707435995e-05,3.9386883145198226e-05,0.9993410706520081,0.9993172883987427,0.41921480000019073,Easy
14,II.11.17,0.0068790242075920105,0.014012281782925129,0.8549177646636963,0.934441864490509,8.121760699999868,Hard
14,II.11.20,8.648063521832228e-05,0.00010327316704206169,0.942646861076355,0.9587668776512146,7.623992000000726,Hard
14,II.11.27,0.005327751860022545,0.009282233193516731,0.9359395503997803,0.9496869444847107,7.1168814999982715,Hard
14,II.11.28,0.0006354628712870181,0.000653550960123539,0.9990831017494202,0.9992138147354126,0.2908928000033484,Hard
14,II.11.3,0.0002449996245559305,0.00023910609888844192,0.9386566281318665,0.9522007703781128,7.999334100000851,Medium
14,II.13.17,0.0002551149227656424,0.00021601203479804099,0.9749207496643066,0.980524480342865,7.453304299997399,Easy
14,II.13.23,7.179929525591433e-05,6.96136339684017e-05,0.9993658065795898,0.9994106888771057,2.479977900002268,Hard
14,II.13.34,0.00015334853378590196,0.00041202452848665416,0.9949646592140198,0.9983377456665039,6.9060370000006515,Hard
14,II.15.4,2.357002995267976e-05,2.5752446163096465e-05,0.999556839466095,0.9995161890983582,2.8042986000000383,Easy
14,II.15.5,0.0009296233765780926,0.001224355073645711,0.9789320826530457,0.9809175729751587,6.8535179999962565,Easy
14,II.2.42,0.00046243384713307023,0.0006400857237167656,0.9670688509941101,0.9747224450111389,7.385688700000173,Easy
14,II.21.32,0.0005837820353917778,0.013949473388493061,0.509842574596405,0.9301705360412598,7.535284199999296,Medium
14,II.24.17,4.62050738860853e-05,6.424955790862441e-05,0.9990459680557251,0.9993335604667664,0.3656745999978739,Hard
14,II.27.16,0.0001275210379390046,0.00013672493514604867,0.9921194314956665,0.9918635487556458,6.802507599997625,Easy
14,II.27.18,2.5275396183133125e-05,2.7531455998541787e-05,0.9991953372955322,0.9993308186531067,0.3454351000036695,Easy
14,II.3.24,1.7850920812634286e-06,1.694198431323457e-06,0.9991342425346375,0.9990575313568115,2.0363201000000117,Easy
14,II.34.11,8.080599218374118e-05,8.237966540036723e-05,0.9862136244773865,0.9890448451042175,6.8495172999973875,Easy
14,II.34.29a,4.104249910596991e-06,3.842097612505313e-06,0.9886348247528076,0.9887513518333435,6.902134299998579,Medium
14,II.34.29b,0.0001416129234712571,0.00027545742341317236,0.9776326417922974,0.9861327409744263,7.572210199999972,Easy
14,II.34.2a,1.242953317159845e-06,1.2821483323932625e-06,0.9990518093109131,0.9991483688354492,5.381562700000359,Medium
14,II.34.2,4.89429021399701e-06,5.846369731443701e-06,0.9990230202674866,0.9991181492805481,1.7454260000013164,Medium
14,II.35.18,9.65397703112103e-06,1.6284519006148912e-05,0.999143123626709,0.9995055794715881,6.339441499992972,Hard
14,II.35.21,0.00017400535580236465,0.00023440255608875304,0.9774598479270935,0.9836620092391968,7.465472500000033,Hard
14,II.36.38,0.0010929718846455216,0.0032571388874202967,0.9711485505104065,0.9924355745315552,7.645954999999958,Hard
14,II.37.1,9.334350761491805e-05,0.00012699261424131691,0.9990058541297913,0.9992305040359497,0.2697461999996449,Medium
14,II.38.14,5.897690243727993e-06,6.608781859540613e-06,0.9994140267372131,0.9994840025901794,0.572296099999221,Easy
14,II.38.3,0.00010385830682935193,0.0003523082996252924,0.9852601885795593,0.996479868888855,6.9139387000032,Easy
14,II.4.23,8.019293318284326e-07,7.518950155827042e-07,0.9991095662117004,0.9990962147712708,3.9211128000024473,Easy
14,II.6.11,0.00024153752019628882,0.0003652113664429635,0.8161628842353821,0.8436458110809326,6.854464399999415,Medium
14,II.6.15a,0.0015054753748700023,0.011899296194314957,0.9042819738388062,0.9923361539840698,7.469829999994545,Hard
14,II.6.15b,0.0005634378758259118,0.0006682232487946749,0.9288540482521057,0.9400894641876221,6.86386830000265,Hard
14,II.8.31,9.307680556958076e-06,9.1897563834209e-06,0.9990098476409912,0.9990549087524414,0.5007152000034694,Easy
14,II.8.7,5.7801371440291405e-06,5.440327640826581e-06,0.9771338105201721,0.9768797755241394,6.7783079000000726,Medium
14,III.10.19,0.00042103149462491274,0.0006666413391940296,0.9935230612754822,0.9959269762039185,6.903604999999516,Hard
14,III.12.43,3.5125540307490155e-05,3.988928074249998e-05,0.999160885810852,0.9992808103561401,0.27669150000292575,Easy
14,III.13.18,0.0001348634104942903,0.00024163490161299706,0.9961712956428528,0.9983171820640564,6.896117299998878,Medium
14,III.14.14,0.0016460182378068566,0.005552665330469608,0.9302550554275513,0.9880064129829407,7.4510353000005125,Medium
14,III.15.12,0.00581965921446681,0.01909332163631916,0.9776360988616943,0.9926469922065735,6.826121199999761,Medium
14,III.15.14,1.7695248970994726e-05,4.284059104975313e-05,0.9991690516471863,0.9996702075004578,3.5473449999990407,Medium
14,III.15.27,0.003382595255970955,0.004639871418476105,0.9991186261177063,0.9993885159492493,1.6209974000012153,Easy
14,III.17.37,0.0007566569838672876,0.0009522009058855474,0.9933609366416931,0.9945424199104309,6.924534199999471,Medium
14,III.19.51,2.0532634437131492e-07,3.839013515971601e-07,0.3465636968612671,0.4115738868713379,7.393475399992894,Medium
14,III.21.20,0.00041145854629576206,0.0008961939602158964,0.9625051617622375,0.9860542416572571,6.95093359999737,Hard
14,III.4.32,0.0014202482998371124,0.002636073622852564,0.9991732835769653,0.999527096748352,0.4244932000001427,Medium
14,III.4.33,0.001568213920108974,0.0018343356205150485,0.9971572756767273,0.9974192976951599,6.983720299998822,Hard
14,III.7.38,0.00018130203534383327,0.000200122274691239,0.9990628361701965,0.9992133378982544,1.7841983000034816,Easy
14,III.8.54,0.0009661981021054089,0.0015702862292528152,0.9871212840080261,0.9922235012054443,6.944729399998323,Medium
14,III.9.52,0.0004990263259969652,0.0009002455626614392,0.9564969539642334,0.9805670976638794,8.074206099998264,Hard
17,I.10.7,0.0005733988364227116,0.0014303858624771237,0.9869686961174011,0.9952935576438904,7.485314900004596,Medium
17,I.11.19,0.035026926547288895,0.07969497889280319,0.7509154081344604,0.9006416201591492,8.764290899998741,Medium
17,I.12.11,0.011642915196716785,0.01872197352349758,0.8490060567855835,0.9102356433868408,7.632305200000701,Medium
17,I.12.1,0.00010760758596006781,0.00010093654418596998,0.9990218281745911,0.9990558624267578,0.4584077999970759,Easy
17,I.12.2,0.000742187025025487,0.001039098366163671,0.0558469295501709,0.4075061082839966,7.594840599995223,Medium
17,I.12.4,0.00042309463606216013,0.0004236470558680594,0.8701533079147339,0.8830692768096924,7.199977600001148,Easy
17,I.12.5,9.918989235302433e-05,0.0001005789017654024,0.9990253448486328,0.9991297125816345,0.4073687999989488,Easy
17,I.13.12,0.00011680281022563577,0.000303774286294356,0.9760868549346924,0.9919172525405884,8.071258500000113,Medium
17,I.13.4,7.043112418614328e-05,8.276368316728622e-05,0.9991791844367981,0.999353289604187,1.7835973999972339,Medium
17,I.14.3,0.0019682771526277065,0.0019663835410028696,0.9511973261833191,0.9485333561897278,7.1864022000008845,Easy
17,I.14.4,6.234346528799506e-06,6.2824278757034335e-06,0.9992655515670776,0.9993398189544678,1.077144800001406,Easy
17,I.15.10,0.0006102135521359742,0.0006595603772439063,0.9938833117485046,0.9949771761894226,7.099137099998188,Medium
17,I.15.3t,0.010184597223997116,0.026727575808763504,0.9412751197814941,0.9795721173286438,7.720358200000192,Hard
17,I.15.3x,0.013759251683950424,0.018486490473151207,0.9673015475273132,0.9769978523254395,8.181597800001327,Hard
17,I.16.6,0.000268914649495855,0.0003532786213327199,0.999012291431427,0.9992448687553406,0.4600272999959998,Medium
17,I.18.12,0.0034112788271158934,0.0037569017149508,0.9245314002037048,0.9409093260765076,7.253399699999136,Easy
17,I.18.16,0.0030934119131416082,0.005128910765051842,0.7253977060317993,0.8194147348403931,8.067377899998974,Easy
17,I.18.4,0.0002629247319418937,0.00029895867919549346,0.9982526302337646,0.9985190629959106,7.850917399999162,Medium
17,I.24.6,9.568669338477775e-05,9.676066838437691e-05,0.9434802532196045,0.9508350491523743,7.685368499995093,Medium
17,I.25.13,0.0003197405021637678,0.00025980445207096636,0.9991717338562012,0.9990267157554626,0.2214791000005789,Easy
17,I.26.2,0.0005371217848733068,0.0006854046368971467,0.9968427419662476,0.9973364472389221,6.9857193999996525,Easy
17,I.27.6,2.5747029212652706e-05,2.836722160282079e-05,0.99909508228302,0.9991984367370605,0.6179096000050777,Easy
17,I.29.16,0.018486257642507553,0.03678864613175392,0.7343013286590576,0.8687670230865479,7.659095399998478,Hard
17,I.29.4,8.295090083265677e-05,9.092836262425408e-05,0.9992098212242126,0.9992679357528687,0.25261760000284994,Medium
17,I.30.3,0.023292500525712967,0.0487520657479763,0.7242168188095093,0.8644812107086182,7.145657900000515,Hard
17,I.30.5,0.0001085697949747555,0.0001443742512492463,0.9990845918655396,0.9993536472320557,0.3875350000016624,Easy
17,I.32.17,0.013185846619307995,4.165282726287842,0.08538371324539185,0.9550137519836426,7.784722199998214,Hard
17,I.32.5,0.0007819695747457445,0.02096543461084366,0.8596014976501465,0.9962529540061951,7.677782300001127,Medium
17,I.34.10,0.00014022459799889475,0.00017719119205139577,0.9993300437927246,0.9995323419570923,1.4772379999994882,Medium
17,I.34.14,0.00011166910553583875,0.0001291268999921158,0.9990978240966797,0.9992989301681519,0.9654538000031607,Hard
17,I.34.27,7.039961201371625e-05,8.0133366282098e-05,0.9992234706878662,0.9993823170661926,0.34841720000258647,Medium
17,I.34.8,0.0026955525390803814,0.00406848918646574,0.8775148391723633,0.9347915053367615,7.7629891999968095,Medium
17,I.37.4,0.000736285699531436,0.0007673738291487098,0.9990353584289551,0.9989908337593079,2.066164000003482,Hard
17,I.38.12,0.16628658771514893,0.0946308821439743,0.9905270338058472,0.988066554069519,8.11806549999892,Medium
17,I.39.10,8.336957398569211e-05,0.00010124865366378799,0.9990533590316772,0.9992413520812988,0.28707919999578735,Medium
17,I.39.11,4.661580533138476e-05,4.936588811688125e-05,0.9991816282272339,0.999213695526123,2.428867299997364,Medium
17,I.39.22,0.0005923008429817855,0.0006859234999865294,0.9713023900985718,0.9799248576164246,7.676570900002844,Hard
17,I.40.1,0.001993996324017644,0.004996200557798147,0.9413262009620667,0.9779478907585144,8.925988999995752,Hard
17,I.41.16,0.0003211569564882666,0.0003103084454778582,0.9648748636245728,0.9661545157432556,8.208301099999517,Hard
17,I.43.16,0.0001045627795974724,9.966913785319775e-05,0.9958300590515137,0.9964560270309448,7.653793400000723,Easy
17,I.43.31,2.2812901079305448e-05,2.3120059267967008e-05,0.9990341067314148,0.9989723563194275,0.4979338000048301,Medium
17,I.43.43,4.0882885514292866e-05,6.516755820484832e-05,0.9990912675857544,0.9993476867675781,2.8412336000037612,Medium
17,I.44.4,0.0005786105175502598,0.00185749726369977,0.8571566939353943,0.9575889706611633,7.770859399999608,Hard
17,I.47.23,4.115428600925952e-05,4.1156446968670934e-05,0.9990283846855164,0.9990553855895996,0.3630554999981541,Easy
17,I.50.26,0.013907980173826218,0.031058568507432938,0.8656775951385498,0.9392386078834534,7.817212200003269,Hard
17,I.6.20a,1.8857806935557164e-05,1.8081811504089274e-05,0.9990706443786621,0.9989627599716187,0.14088069999706931,Hard
17,I.6.20b,0.0003385551681276411,0.0005074600339867175,0.9715419411659241,0.9816732406616211,7.413303300003463,Hard
17,I.6.20,8.102568244794384e-06,1.0386163921793923e-05,0.999184787273407,0.9993110299110413,0.9216806999975233,Hard
17,I.9.18,0.0003219019854441285,0.0004952984745614231,0.37304627895355225,0.6190760731697083,8.921786899998551,Hard
17,II.10.9,5.603619501926005e-05,5.768789924331941e-05,0.9990349411964417,0.9990865588188171,0.40548340000532335,Easy
17,II.11.17,0.011001776903867722,0.03288440778851509,0.6595170497894287,0.8951513767242432,8.0868932999947,Hard
17,II.11.20,1.866133425210137e-05,2.8027152438880876e-05,0.9844350218772888,0.9911024570465088,7.7312891999972635,Hard
17,II.11.27,0.0014024277916178107,0.00584286218509078,0.9596760272979736,0.9867560267448425,8.046182500002033,Hard
17,II.11.28,0.0006468255305662751,0.0006105299107730389,0.9991434216499329,0.9991997480392456,0.5891243000005488,Hard
17,II.11.3,0.0005365699180401862,0.0005397792556323111,0.8615180850028992,0.8953155875205994,8.327851599999121,Medium
17,II.13.17,6.185520760482177e-05,9.713839244795963e-05,0.9887221455574036,0.9952779412269592,7.79818100000557,Easy
17,II.13.23,0.000441415817476809,0.0010719762649387121,0.9902338981628418,0.9963768720626831,7.552997699996922,Hard
17,II.13.34,0.00048073800280690193,0.0007852684357203543,0.9904032349586487,0.9947889447212219,7.230132500000764,Hard
17,II.15.4,0.0013649322791025043,0.0019173517357558012,0.9670074582099915,0.971981942653656,7.167958300000464,Easy
17,II.15.5,0.0001201754785142839,0.0001374614075757563,0.9976346492767334,0.9975331425666809,7.111398299995926,Easy
17,II.2.42,0.0004356311692390591,0.0007614149362780154,0.9608267545700073,0.976187527179718,7.6789325999998255,Easy
17,II.21.32,0.00021565926726907492,0.013807123526930809,0.5148444771766663,0.9742037653923035,7.745740799997293,Medium
17,II.24.17,4.136488860240206e-05,5.904845238546841e-05,0.999123215675354,0.9994033575057983,0.6247285999997985,Hard
17,II.27.16,2.264152317366097e-05,3.2142877898877487e-05,0.9981473684310913,0.9985553622245789,7.1525043999936315,Easy
17,II.27.18,2.9818538678227924e-05,3.399836350581609e-05,0.9990063309669495,0.9992105960845947,0.7905676000009407,Easy
17,II.3.24,8.860760658535582e-07,1.2055767228957848e-06,0.9993839263916016,0.999532163143158,3.2610478999995394,Easy
17,II.34.11,0.00015926941705401987,0.00012217366020195186,0.9795540571212769,0.9784072041511536,7.731075899995631,Easy
17,II.34.29a,2.141079676221125e-06,2.5356478090543533e-06,0.9924994111061096,0.994131863117218,7.1974627999952645,Medium
17,II.34.29b,5.811437586089596e-05,6.305656279437244e-05,0.9948797821998596,0.9943092465400696,7.816595399999642,Easy
17,II.34.2a,6.990556721575558e-05,6.418071279767901e-05,0.9525373578071594,0.9521019458770752,7.2403140000023996,Medium
17,II.34.2,3.893685970979277e-06,4.437449206307065e-06,0.9992584586143494,0.9992983937263489,2.3365611000044737,Medium
17,II.35.18,2.4934422981459647e-05,4.2113872041227296e-05,0.9977839589118958,0.9987229704856873,7.928864900000917,Hard
17,II.35.21,0.0004114075854886323,0.00044550743768922985,0.9571600556373596,0.9613714814186096,8.148489300001529,Hard
17,II.36.38,0.0013469113036990166,0.004963027313351631,0.9560379385948181,0.990678071975708,8.200380100002803,Hard
17,II.37.1,0.00010609295713948086,0.00012597251043189317,0.9990138411521912,0.9991253614425659,0.4013245999958599,Medium
17,II.38.14,7.892186658864375e-06,9.166294148599263e-06,0.9991872310638428,0.9993095397949219,0.2831220000007306,Easy
17,II.38.3,7.249775808304548e-05,7.742614980088547e-05,0.9967606663703918,0.9975427985191345,7.777788400002464,Easy
17,II.4.23,9.068923532140616e-07,7.419068879244151e-07,0.9991214275360107,0.9989779591560364,3.6888894000003347,Easy
17,II.6.11,0.00047338526928797364,0.0005151159130036831,0.740705132484436,0.6935641169548035,8.728035300002375,Medium
17,II.6.15a,0.008326240815222263,0.03848358243703842,0.6904376745223999,0.9576140642166138,9.207040100001905,Hard
17,II.6.15b,0.0003179722698405385,0.0008467361913062632,0.9098477363586426,0.9661899209022522,9.0761818999963,Hard
17,II.8.31,6.3799852796364576e-06,6.1429504967236426e-06,0.9993381500244141,0.9993521571159363,0.5932695999945281,Easy
17,II.8.7,1.257789790543029e-06,1.403563601343194e-06,0.9941006898880005,0.9949688911437988,7.534866399997554,Medium
17,III.10.19,0.0009047455969266593,0.0013322626473382115,0.9870560765266418,0.9912475943565369,8.603781400001026,Hard
17,III.12.43,3.048101280000992e-05,3.3959811844397336e-05,0.9992855787277222,0.9993759393692017,0.513268100003188,Easy
17,III.13.18,0.0007286317413672805,0.0008945742156356573,0.9858254194259644,0.9909082055091858,8.808357299996715,Medium
17,III.14.14,0.01744811050593853,0.008973313495516777,0.8872895836830139,0.8728654980659485,8.756419199999073,Medium
17,III.15.12,0.0029645345639437437,0.00413704477250576,0.9951543211936951,0.9962543845176697,8.207343800000672,Medium
17,III.15.14,0.00014822796219959855,0.00021932665549684316,0.9957459568977356,0.997237503528595,7.614863700000569,Medium
17,III.15.27,0.003907918930053711,0.005198405124247074,0.9990125298500061,0.9992935657501221,1.5491565000047558,Easy
17,III.17.37,0.00011269457900198177,0.00012794035137631,0.9991079568862915,0.999187171459198,5.955552699997497,Medium
17,III.19.51,1.3626668987853918e-05,1.3183145711082034e-05,-21.43895721435547,-38.051429748535156,8.535762700004852,Medium
17,III.21.20,0.00018667093536350876,0.00037973918369971216,0.9841125011444092,0.9936730861663818,8.354356099996949,Hard
17,III.4.32,0.0018601877382025123,0.002753530628979206,0.9991364479064941,0.9993805885314941,1.1074243000039132,Medium
17,III.4.33,0.0008123585139401257,0.0011822434607893229,0.9981678128242493,0.9986631274223328,8.397010200002114,Hard
17,III.7.38,0.00010583132097963244,0.00015934777911752462,0.9992537498474121,0.9995408058166504,0.6782010000024457,Easy
17,III.8.54,0.0011018728837370872,0.001294126152060926,0.9893862009048462,0.9911315441131592,7.822457100002794,Medium
17,III.9.52,0.0002944747684523463,0.0006451721419580281,0.9688230156898499,0.9885326623916626,8.038919099999475,Hard
20,I.10.7,4.518265268416144e-05,0.0001092958336812444,0.9990043044090271,0.9996291399002075,4.071397100000468,Medium
20,I.11.19,0.0761314406991005,0.24650660157203674,0.22954988479614258,0.7840434312820435,7.830865399999311,Medium
20,I.12.11,0.008692381903529167,0.015532753430306911,0.8747273087501526,0.9329836368560791,7.907117000002472,Medium
20,I.12.1,8.674892160343006e-05,9.842421422945336e-05,0.9990462064743042,0.9992388486862183,0.6480902999974205,Easy
20,I.12.2,0.00023681941092945635,0.0005991974612697959,0.455552875995636,0.8109451532363892,7.7054472000017995,Medium
20,I.12.4,4.8573801905149594e-05,4.525394979282282e-05,0.9861297607421875,0.9865756630897522,7.128032200002053,Easy
20,I.12.5,7.073997403495014e-05,7.229428592836484e-05,0.9992994070053101,0.9993793368339539,0.9032126000020071,Easy
20,I.13.12,0.0009350671316497028,0.0012808287283405662,0.8991729021072388,0.9352935552597046,7.731607599998824,Medium
20,I.13.4,5.2680781664093956e-05,9.434123785467818e-05,0.9990643858909607,0.9995162487030029,1.9091145999991568,Medium
20,I.14.3,0.001689269789494574,0.0016243677819147706,0.9596856236457825,0.955828845500946,7.162319399998523,Easy
20,I.14.4,8.403955689573195e-06,8.447869731753599e-06,0.9990124106407166,0.9991100430488586,2.27765989999898,Easy
20,I.15.10,0.0011616179253906012,0.0013391334796324372,0.9875809550285339,0.9904384613037109,7.1691537000006065,Medium
20,I.15.3t,0.0037503622006624937,0.008800086565315723,0.9806647300720215,0.9924776554107666,7.938462600002822,Hard
20,I.15.3x,0.005531331989914179,0.012893261387944221,0.9771947264671326,0.9907529354095459,8.006695299998682,Hard
20,I.16.6,0.00023990131739992648,0.0003503600601106882,0.9990204572677612,0.9993263483047485,0.3831547000008868,Medium
20,I.18.12,0.0046367342583835125,0.006251157261431217,0.8744268417358398,0.9196818470954895,7.251667700002145,Easy
20,I.18.16,0.004495806526392698,0.00699617387726903,0.6254242658615112,0.7375465631484985,7.755063199998403,Easy
20,I.18.4,0.00014573610678780824,0.00017096803640015423,0.9990007281303406,0.9991791248321533,4.050831599997764,Medium
20,I.24.6,8.861829701345414e-05,9.840692655416206e-05,0.9425185918807983,0.9544668793678284,7.65541949999897,Medium
20,I.25.13,0.00026966212317347527,0.0002735693706199527,0.9991278648376465,0.9991791248321533,0.3903321000034339,Easy
20,I.26.2,0.00014793273294344544,0.00016096961917355657,0.9992585182189941,0.9992663860321045,0.7001375000036205,Easy
20,I.27.6,1.928923484229017e-05,2.9556058507296257e-05,0.9990571737289429,0.9993994832038879,0.8834842999931425,Easy
20,I.29.16,0.03070572018623352,0.11502819508314133,0.16923189163208008,0.7820217609405518,7.955260599999747,Hard
20,I.29.4,6.595604645553976e-05,7.650369661860168e-05,0.9993351697921753,0.9994179010391235,0.6006180000040331,Medium
20,I.30.3,0.028737053275108337,0.06731275469064713,0.6192218661308289,0.8328040838241577,7.28417520000221,Hard
20,I.30.5,9.990957914851606e-05,0.00015290894953068346,0.9990304708480835,0.9994052052497864,0.5191757999928086,Easy
20,I.32.17,0.1928260773420334,4.565456867218018,-0.0024869441986083984,0.34213370084762573,7.936740400000417,Hard
20,I.32.5,0.001760995015501976,0.02384243905544281,0.8403351306915283,0.9915617108345032,7.835838300001342,Medium
20,I.34.10,0.0009988241363316774,0.001239135512150824,0.9953150153160095,0.9966688752174377,7.533384500005923,Medium
20,I.34.14,9.873257658910006e-05,0.00012868283374700695,0.999100923538208,0.9993801712989807,3.194141400002991,Hard
20,I.34.27,0.00012306487769819796,0.00015397786046378314,0.9985078573226929,0.998920202255249,7.175200899997435,Medium
20,I.34.8,0.0072174035012722015,0.009306942112743855,0.7198070287704468,0.8254027962684631,7.75504770000407,Medium
20,I.37.4,0.000520855828654021,0.0007202360429801047,0.9990946054458618,0.9992861151695251,0.9984542999955011,Hard
20,I.38.12,0.18431738018989563,0.1867440938949585,0.9813060164451599,0.9867725968360901,7.612632500000473,Medium
20,I.39.10,6.760204996680841e-05,8.690462709637359e-05,0.9991874694824219,0.9993848204612732,0.3097549000012805,Medium
20,I.39.11,5.581679943134077e-05,5.820552905788645e-05,0.999035120010376,0.9990584850311279,1.9983480000009877,Medium
20,I.39.22,9.153410064755008e-05,0.00010560629016254097,0.9955816864967346,0.9968975782394409,7.579597399999329,Hard
20,I.40.1,0.0024289770517498255,0.004585736431181431,0.946146547794342,0.9731373190879822,7.770623399999749,Hard
20,I.41.16,0.0004237339016981423,0.0003868140047416091,0.9562148451805115,0.9553443193435669,7.661400799996045,Hard
20,I.43.16,0.0004109661967959255,0.0003979933972004801,0.9833487868309021,0.9860709309577942,7.651051499997266,Easy
20,I.43.31,1.6398347725044005e-05,2.124959610227961e-05,0.9991122484207153,0.9992613196372986,4.189764399998239,Medium
20,I.43.43,0.00018524462939240038,0.00024105762713588774,0.9966385960578918,0.9970442652702332,7.685457300001872,Medium
20,I.44.4,8.933363278629258e-05,0.00022024664212949574,0.9830628037452698,0.9934520125389099,7.72702019999997,Hard
20,I.47.23,2.180683077313006e-05,2.8252477932255715e-05,0.9993330240249634,0.999499499797821,1.345682899998792,Easy
20,I.50.26,0.010328724980354309,0.02847564034163952,0.8768482804298401,0.9548757076263428,7.752601299995149,Hard
20,I.6.20a,1.5353198250522837e-05,1.633046122151427e-05,0.9991607069969177,0.9991555213928223,0.10919250000006286,Hard
20,I.6.20b,0.001852898159995675,0.0033331336453557014,0.8130797743797302,0.8996983766555786,7.1148188000006485,Hard
20,I.6.20,1.069357676897198e-05,1.2508303370850626e-05,0.9990181922912598,0.9990907311439514,3.2358482999989064,Hard
20,I.9.18,0.0011084144935011864,0.0015096418792381883,-0.9109196662902832,-0.31164658069610596,9.090191299997969,Hard
20,II.10.9,4.8639511078363284e-05,5.4749078117311e-05,0.9990841150283813,0.999207079410553,5.848737799999071,Easy
20,II.11.17,0.007349630817770958,0.03376929461956024,0.6503549814224243,0.9299569129943848,9.962487099997816,Hard
20,II.11.20,9.448982746107504e-05,0.00020656135166063905,0.8852853775024414,0.9549481272697449,9.212120700001833,Hard
20,II.11.27,0.0012980542378500104,0.010378984734416008,0.9283704161643982,0.9877417087554932,9.354849299998023,Hard
20,II.11.28,0.0006009314674884081,0.000613402749877423,0.9991394281387329,0.9992565512657166,0.5625167999969563,Hard
20,II.11.3,4.5160217268858105e-05,4.483794327825308e-05,0.988496720790863,0.9911893010139465,9.094782200001646,Medium
20,II.13.17,6.62592947264784e-06,8.37271181808319e-06,0.9990279078483582,0.999494194984436,6.698894900000596,Easy
20,II.13.23,0.00010025636584032327,0.00022701607667841017,0.9979317784309387,0.999177098274231,8.039916599998833,Hard
20,II.13.34,0.0003044449258595705,0.0005435083876363933,0.99335777759552,0.9966999292373657,7.589027100002568,Hard
20,II.15.4,0.00228771916590631,0.0028612439054995775,0.9507655501365662,0.9530398845672607,7.64475730000413,Easy
20,II.15.5,0.00017240837041754276,0.0002694261784199625,0.9953638911247253,0.9964609742164612,7.640526700000919,Easy
20,II.2.42,0.0006690003210678697,0.0008004605770111084,0.9588178992271423,0.9634310603141785,8.742631599998276,Easy
20,II.21.32,0.0004870546399615705,0.013884315267205238,0.5121320486068726,0.9417406320571899,8.700330799998483,Medium
20,II.24.17,3.2162795832846314e-05,5.366018376662396e-05,0.9992032051086426,0.9995360970497131,0.839685200000531,Hard
20,II.27.16,1.3780990229861345e-05,1.5552677723462693e-05,0.9991035461425781,0.9991207122802734,5.148780799994711,Easy
20,II.27.18,2.840179149643518e-05,3.0270766728790477e-05,0.9991152882575989,0.9992480874061584,1.8860862000001362,Easy
20,II.3.24,1.5811011735422653e-06,1.7414319017916569e-06,0.9991101026535034,0.9991652369499207,6.3228813000023365,Easy
20,II.34.11,0.00010268278856528923,9.787008457351476e-05,0.9836212992668152,0.9860789179801941,8.564434399995662,Easy
20,II.34.29a,8.325053386215586e-06,8.259525202447549e-06,0.9755678176879883,0.9771832823753357,7.63107509999827,Medium
20,II.34.29b,8.943112334236503e-05,0.00017015628691297024,0.9861831665039062,0.9912425875663757,8.572072399998433,Easy
20,II.34.2a,4.216459274175577e-05,4.117020944249816e-05,0.9695539474487305,0.9711095690727234,7.6146867999996175,Medium
20,II.34.2,7.306732732104138e-05,7.611102046212181e-05,0.9872812628746033,0.9868344664573669,7.607225499996275,Medium
20,II.35.18,7.081911462591961e-05,9.862428851192817e-05,0.9948103427886963,0.9963729977607727,8.776325799997721,Hard
20,II.35.21,8.119707490550354e-05,0.00019771231745835394,0.9809880256652832,0.9923760890960693,8.528573899995536,Hard
20,II.36.38,0.005276985000818968,0.011897984892129898,0.8946086168289185,0.9634782075881958,9.031040300003951,Hard
20,II.37.1,8.048682502703741e-05,8.920623076846823e-05,0.9993016123771667,0.9993364810943604,0.9524572000009357,Medium
20,II.38.14,8.33071862871293e-06,9.684677934274077e-06,0.999141275882721,0.9992711544036865,0.6571805999992648,Easy
20,II.38.3,0.0003634484310168773,0.0004205340810585767,0.9824057221412659,0.9876814484596252,8.664615900001081,Easy
20,II.4.23,3.6093613744014874e-05,3.211625516996719e-05,0.9619669318199158,0.9593232870101929,7.4856231000012485,Easy
20,II.6.11,6.050687443348579e-05,0.00010937367915175855,0.9449443817138672,0.9608321785926819,8.504768599996169,Medium
20,II.6.15a,0.009974842891097069,0.04455674812197685,0.6415850520133972,0.9492216110229492,8.530475600004138,Hard
20,II.6.15b,0.0002785185643006116,0.0003649823775049299,0.9611402153968811,0.9703850746154785,8.40303529999801,Hard
20,II.8.31,7.728811397100799e-06,8.526124474883545e-06,0.9990813732147217,0.9992151856422424,0.8462445999975898,Easy
20,II.8.7,7.535383338108659e-05,7.728904893156141e-05,0.6751474142074585,0.6985887289047241,7.391188900000998,Medium
20,III.10.19,0.0023299630265682936,0.0033495721872895956,0.9674564003944397,0.9774601459503174,8.544840100003057,Hard
20,III.12.43,4.176075162831694e-05,4.7012388677103445e-05,0.9990110397338867,0.999144971370697,0.5219096999935573,Easy
20,III.13.18,3.104346978943795e-05,5.8613382861949503e-05,0.9990712404251099,0.9996126294136047,8.413572500001465,Medium
20,III.14.14,0.00682287709787488,0.009161664173007011,0.8849237561225891,0.9502855539321899,9.144108100001176,Medium
20,III.15.12,0.00497846445068717,0.0071652536280453205,0.9916073679924011,0.9937098622322083,7.791225299995858,Medium
20,III.15.14,2.7889944249182008e-05,4.591281322063878e-05,0.9991094470024109,0.9994801878929138,5.086506299994653,Medium
20,III.15.27,0.004705133847892284,0.005167955532670021,0.9990183115005493,0.9991494417190552,1.9738396999964607,Easy
20,III.17.37,0.0017288015224039555,0.002417281037196517,0.9831459522247314,0.987530529499054,7.712672599998768,Medium
20,III.19.51,2.042115283984458e-06,2.3887967017799383e-06,-3.065957546234131,-4.852312088012695,9.215384799994354,Medium
20,III.21.20,5.898036761209369e-05,5.4478779929922894e-05,0.9977207183837891,0.998000979423523,9.150223900003766,Hard
20,III.4.32,0.002135074231773615,0.0029018805362284184,0.9990899562835693,0.9992890954017639,1.6141961000030278,Medium
20,III.4.33,0.0002939935075119138,0.0003954689600504935,0.9993871450424194,0.9995161890983582,1.3692362000001594,Hard
20,III.7.38,7.923965313239023e-05,0.00019421029719524086,0.9990904927253723,0.9996562004089355,6.149553400005971,Easy
20,III.8.54,0.001095345476642251,0.00149258179590106,0.9877585768699646,0.9911840558052063,8.946021000003384,Medium
20,III.9.52,0.0005722399801015854,0.0010933484882116318,0.9471655488014221,0.9777160286903381,9.2982273000016,Hard
23,I.10.7,0.0024288329295814037,0.0035106211435049772,0.9680169820785522,0.9800642132759094,9.390772699996887,Medium
23,I.11.19,0.03050435706973076,0.09059502929449081,0.7168475389480591,0.9134705066680908,9.893479999998817,Medium
23,I.12.11,0.01101134903728962,0.03805924952030182,0.6930496692657471,0.915104866027832,9.768229000001156,Medium
23,I.12.1,7.682493014726788e-05,8.862754475558177e-05,0.9991411566734314,0.9993259310722351,1.8502488999947673,Easy
23,I.12.2,0.0002500566770322621,0.0004268629418220371,0.6121407151222229,0.8003777265548706,9.373347900000226,Medium
23,I.12.4,0.00011818293569376692,0.00014493482012767345,0.9555778503417969,0.9673377871513367,8.94994439999573,Easy
23,I.12.5,7.864274812163785e-05,8.584072202211246e-05,0.9991681575775146,0.9993100166320801,0.4475038000018685,Easy
23,I.13.12,0.001137199578806758,0.0017513728234916925,0.8621315956115723,0.9213060140609741,9.375855099999171,Medium
23,I.13.4,0.003601345932111144,0.006973009090870619,0.930846095085144,0.9669316411018372,8.974408000001858,Medium
23,I.14.3,0.0005946997553110123,0.0007307006162591279,0.9818651080131531,0.9844497442245483,9.028916099996422,Easy
23,I.14.4,3.2945260954875266e-06,3.499976855891873e-06,0.9995908141136169,0.9996511340141296,6.9786315000019385,Easy
23,I.15.10,0.0011927264276891947,0.0015949596418067813,0.9852084517478943,0.9901823997497559,9.011771299999964,Medium
23,I.15.3t,0.013803383335471153,0.046373602002859116,0.8981095552444458,0.9723137021064758,10.12046740000369,Hard
23,I.15.3x,0.011661374941468239,0.025977982208132744,0.9540507793426514,0.9805049896240234,9.14777110000432,Hard
23,I.16.6,0.0002914949436672032,0.0003377388056833297,0.9990557432174683,0.9991814494132996,0.5320586000016192,Medium
23,I.18.12,0.001654192223213613,0.0028468186501413584,0.9428131580352783,0.971345841884613,9.036777899993467,Easy
23,I.18.16,0.004059228114783764,0.010581881739199162,0.4334452152252197,0.7630329132080078,9.048977200000081,Easy
23,I.18.4,0.0006290001329034567,0.0008209425141103566,0.9952017068862915,0.9964571595191956,9.218111200003477,Medium
23,I.24.6,0.00033389986492693424,0.0004230737977195531,0.7528744339942932,0.8284382820129395,9.249761400002171,Medium
23,I.25.13,0.00026150268968194723,0.000301789230434224,0.9990378618240356,0.9992039799690247,0.38105889999860665,Easy
23,I.26.2,0.00014894932974129915,0.00020160069107078016,0.9990713596343994,0.9992613792419434,2.7802178999991156,Easy
23,I.27.6,2.0371981008793227e-05,2.9492761314031668e-05,0.9990592002868652,0.9993658065795898,2.3064755000013974,Easy
23,I.29.16,0.028109507635235786,0.09640292078256607,0.3037492036819458,0.8004521131515503,9.173526300000958,Hard
23,I.29.4,0.00010507497063372284,0.00010661929263733327,0.9990735054016113,0.9990726709365845,0.441286700006458,Medium
23,I.30.3,0.021969664841890335,0.05923749879002571,0.6649023294448853,0.8721776604652405,8.933697499996924,Hard
23,I.30.5,0.00011773962614824995,0.00015112842083908617,0.999041736125946,0.9992990493774414,0.5285237999996752,Easy
23,I.32.17,0.0010564697440713644,4.24484920501709,0.06791245937347412,0.9963956475257874,9.323838399999659,Hard
23,I.32.5,0.009719536639750004,0.02972196787595749,0.8009619116783142,0.95342618227005,9.158337100001518,Medium
23,I.34.10,0.00014813619782216847,0.00024507433408871293,0.9990733861923218,0.9995059370994568,1.3754656999954022,Medium
23,I.34.14,8.832097955746576e-05,0.00013011565897613764,0.9990909099578857,0.9994454979896545,1.2173561000017799,Hard
23,I.34.27,0.0008478480740450323,0.001543814898468554,0.9850393533706665,0.9925609827041626,8.794969900001888,Medium
23,I.34.8,0.005311789456754923,0.010242320597171783,0.6916466951370239,0.8715017437934875,9.256986200001847,Medium
23,I.37.4,0.00048787970445118845,0.0007517423364333808,0.999055027961731,0.9993312954902649,0.8324159999974654,Hard
23,I.38.12,0.21936197578907013,0.36000964045524597,0.9639613628387451,0.9842576384544373,8.96080030000303,Medium
23,I.39.10,6.532351835630834e-05,9.429544297745451e-05,0.9991183876991272,0.999405562877655,0.6529329999975744,Medium
23,I.39.11,4.23705751018133e-05,4.66722522105556e-05,0.9992262721061707,0.9992852807044983,3.1006837999957497,Medium
23,I.39.22,0.00039930519415065646,0.00025309668853878975,0.9894109964370728,0.9864661693572998,9.102348299995356,Hard
23,I.40.1,0.001265019061975181,0.0023878903593868017,0.9719573855400085,0.9860098361968994,9.098380499999621,Hard
23,I.41.16,0.00028676135116256773,0.0002601861779112369,0.9705483913421631,0.9697793126106262,9.33738660000381,Hard
23,I.43.16,0.0005587592604570091,0.0010061931097880006,0.9579030275344849,0.9810616970062256,9.120923100002983,Easy
23,I.43.31,1.9428518498898484e-05,2.261862755403854e-05,0.9990550875663757,0.9991248250007629,1.1604072000045562,Medium
23,I.43.43,0.0005445392453111708,0.0005628196522593498,0.9921517968177795,0.9913114309310913,8.267574600002263,Medium
23,I.44.4,0.00030280364444479346,0.0004622171400114894,0.9644550681114197,0.9778050780296326,8.287921000002825,Hard
23,I.47.23,2.7123805921291932e-05,2.98984505207045e-05,0.9992941617965698,0.999377429485321,0.5478608999983408,Easy
23,I.50.26,0.006042424123734236,0.01337752677500248,0.9421447515487671,0.973601758480072,8.205146400003287,Hard
23,I.6.20a,1.1169685421918985e-05,1.1700781215040479e-05,0.9993986487388611,0.9993856549263,0.15103159999853233,Hard
23,I.6.20b,0.0006616346654482186,0.000770948885474354,0.9567656517028809,0.9641841650009155,8.10312719999638,Hard
23,I.6.20,9.142542694462463e-06,1.2534665984276216e-05,0.9990161061286926,0.9992226362228394,1.586650199998985,Hard
23,I.9.18,0.000719296804163605,0.001255565439350903,-0.5893071889877319,0.14881742000579834,8.544136999997136,Hard
23,II.10.9,2.9228809580672532e-05,4.351376628619619e-05,0.9992720484733582,0.9995235204696655,1.0366329000025871,Easy
23,II.11.17,0.010300345718860626,0.028987817466259003,0.6998621225357056,0.9018361568450928,8.330270300000848,Hard
23,II.11.20,0.0002574646787252277,0.0002728469844441861,0.8484733700752258,0.8772432804107666,8.282333400005882,Hard
23,II.11.27,0.0006848530028946698,0.01005092915147543,0.9306344389915466,0.9935325384140015,8.159121799995773,Hard
23,II.11.28,0.0005213532131165266,0.0006950201350264251,0.9990249276161194,0.9993550181388855,0.3962960999997449,Hard
23,II.11.3,0.0007505874964408576,0.00082732446026057,0.7877475619316101,0.8535609245300293,8.274922799995693,Medium
23,II.13.17,4.3058214941993356e-05,5.725476148654707e-05,0.9933526515960693,0.9967129230499268,8.217592399996647,Easy
23,II.13.23,0.0001616030785953626,0.0007018413161858916,0.9936059713363647,0.9986735582351685,8.095202899996366,Hard
23,II.13.34,0.0009262986131943762,0.0011395288165658712,0.9860738515853882,0.9899592399597168,8.078812200001266,Hard
23,II.15.4,0.0010820373427122831,0.0010846209479495883,0.9813365340232849,0.9777889847755432,8.119347500003641,Easy
23,II.15.5,0.0006925855414010584,0.0006958466256037354,0.9880263209342957,0.9857832789421082,8.139047399999981,Easy
23,II.2.42,0.0009724039118736982,0.0014540973352268338,0.9251896142959595,0.9468464255332947,8.26720970000315,Easy
23,II.21.32,0.0002250202524010092,0.01788889244198799,0.3714190125465393,0.9730840921401978,8.325349499995355,Medium
23,II.24.17,2.5556915716151707e-05,6.144371582195163e-05,0.9990876317024231,0.9996313452720642,1.0989492000007886,Hard
23,II.27.16,9.496287384536117e-05,0.00014984238077886403,0.9913633465766907,0.9939409494400024,8.147434200000134,Easy
23,II.27.18,2.4036738977883942e-05,3.0863931897329167e-05,0.9990979433059692,0.9993636608123779,3.4348882000049343,Easy
23,II.3.24,2.054921424132772e-06,1.9392075500945793e-06,0.9990090131759644,0.9989150166511536,1.3951625999980024,Easy
23,II.34.11,0.00023720803437754512,0.00034512829734012485,0.9422422647476196,0.9678407907485962,8.220082499996352,Easy
23,II.34.29a,2.9058694053674117e-05,2.713519279495813e-05,0.919732391834259,0.9203580021858215,8.16949190000014,Medium
23,II.34.29b,0.00021703654783777893,0.000324970023939386,0.9736121892929077,0.9787470102310181,8.302826600003755,Easy
23,II.34.2a,4.783503300131997e-06,5.215096734900726e-06,0.9961433410644531,0.996722400188446,8.14386899999954,Medium
23,II.34.2,1.6908499674173072e-05,1.9879678802681156e-05,0.9966779351234436,0.9969533681869507,8.154769299995678,Medium
23,II.35.18,0.00021050071518402547,0.0003009363717865199,0.9841645359992981,0.9892191886901855,8.283125599999039,Hard
23,II.35.21,0.00014795972674619406,0.0002553038066253066,0.9754500389099121,0.9861075282096863,8.269762199997786,Hard
23,II.36.38,0.0022643343545496464,0.012727380730211735,0.8872619271278381,0.9843286275863647,8.493506400001934,Hard
23,II.37.1,8.713935676496476e-05,0.00011856071068905294,0.9990718364715576,0.999281644821167,0.8666432000027271,Medium
23,II.38.14,8.2271308201598e-06,1.0779536751215346e-05,0.9990441799163818,0.9992802143096924,0.6721340000003693,Easy
23,II.38.3,5.9451485867612064e-05,6.259357905946672e-05,0.9973812103271484,0.9979850053787231,8.210741900002176,Easy
23,II.4.23,6.537691206176532e-07,6.929142841727298e-07,0.9991794228553772,0.9992632269859314,6.085933299997123,Easy
23,II.6.11,0.00039027491584420204,0.00042673409916460514,0.7851940989494324,0.747363805770874,8.178570500000205,Medium
23,II.6.15a,0.009567859582602978,0.04068710282444954,0.6727125644683838,0.951293408870697,8.334794300004432,Hard
23,II.6.15b,0.00046065833885222673,0.0007396636065095663,0.9212477803230286,0.9510180950164795,8.27928840000095,Hard
23,II.8.31,6.255902917473577e-06,7.268846275110263e-06,0.9992167949676514,0.9993647933006287,1.019352399998752,Easy
23,II.8.7,5.0024605116050225e-06,5.791753665107535e-06,0.9756567478179932,0.9799904227256775,8.156761199999892,Medium
23,III.10.19,0.0004710849607363343,0.0009687937563285232,0.9905874729156494,0.9954427480697632,8.236101000002236,Hard
23,III.12.43,3.0359491574927233e-05,3.76466523448471e-05,0.9992080330848694,0.9993784427642822,0.6821632999999565,Easy
23,III.13.18,0.0006128564127720892,0.0006296876817941666,0.990022599697113,0.9923528432846069,8.194507299995166,Medium
23,III.14.14,0.0009893567766994238,0.005192097742110491,0.9347839951515198,0.9927911162376404,8.318702999997186,Medium
23,III.15.12,0.008518035523593426,0.01222409587353468,0.98568195104599,0.9892376661300659,8.13495910000347,Medium
23,III.15.14,0.00021217043104115874,0.00031085789669305086,0.9939706325531006,0.9960457682609558,8.162264800004777,Medium
23,III.15.27,0.0024196694139391184,0.0036596828140318394,0.9993048310279846,0.9995625615119934,3.4423926999952528,Easy
23,III.17.37,0.0016251524211838841,0.0019366068299859762,0.9864973425865173,0.9882781505584717,8.166303699996206,Medium
23,III.19.51,1.7054774161806563e-06,2.214727146565565e-06,-2.76967453956604,-3.8875722885131836,8.363206200003333,Medium
23,III.21.20,0.0002533517254050821,0.0002987182233482599,0.9875022768974304,0.9914130568504333,8.248126200000115,Hard
23,III.4.32,0.0010496025206521153,0.002642371691763401,0.9991713166236877,0.9996505379676819,1.5390654000002542,Medium
23,III.4.33,0.00034192262683063745,0.00058794766664505,0.9990888237953186,0.9994373321533203,5.605733999997028,Hard
23,III.7.38,0.0001443958026356995,0.00019954923482146114,0.9990655183792114,0.9993734955787659,3.2172707000063383,Easy
23,III.8.54,0.010285872966051102,0.020576247945427895,0.8312437534332275,0.9172136187553406,8.998539499996696,Medium
23,III.9.52,0.0005987516487948596,0.0025367639027535915,0.8774147033691406,0.9766836166381836,9.057636300000013,Hard
