Layers,Nodes,Function,train MSE,test MSE,R2 Score,time,Level
3,2,I.10.7,0.0025290900375694036,0.002218684647232294,0.9797869920730591,9.26549130026251,Medium
3,2,I.11.19,0.12475462257862091,0.13450241088867188,0.579616129398346,8.922873900271952,Medium
3,2,I.12.11,0.021961499005556107,0.022430703043937683,0.8190948963165283,9.765194400213659,Medium
3,2,I.12.1,0.0009665527031756938,0.0007634880603291094,0.9926012754440308,0.9178981999866664,Easy
3,2,I.12.2,0.00020225693879183382,0.00022177628125064075,0.7984880208969116,8.926457399968058,Medium
3,2,I.12.4,0.0001537950010970235,0.00013997300993651152,0.957098662853241,8.992514599580318,Easy
3,2,I.12.5,0.0012921079760417342,0.0009531107498332858,0.9907636642456055,0.6120194997638464,Easy
3,2,I.13.12,0.0005217714351601899,0.0005816592602059245,0.9542116522789001,9.215963100083172,Medium
3,2,I.13.4,0.0009298509685322642,0.0009420550777576864,0.9906572699546814,3.148364400025457,Medium
3,2,I.14.3,0.00029711451497860253,0.0003523529157973826,0.9912551045417786,1.5980906998738647,Easy
3,2,I.14.4,9.132127888733521e-05,8.442336547886953e-05,0.9901303648948669,5.101941199973226,Easy
3,2,I.15.10,0.0010303491726517677,0.000990488100796938,0.9908142685890198,1.8289288999512792,Medium
3,2,I.15.3t,0.016015179455280304,0.013260397128760815,0.9708647131919861,10.007972500286996,Hard
3,2,I.15.3x,0.008152218535542488,0.008154014125466347,0.985577404499054,9.966006899718195,Hard
3,2,I.16.6,0.0028686411678791046,0.002575390739366412,0.9927997589111328,1.4383633001707494,Medium
3,2,I.18.12,0.0059183817356824875,0.006212347652763128,0.875206470489502,9.376252199988812,Easy
3,2,I.18.16,0.005796507466584444,0.005570611450821161,0.7017490267753601,9.237788199912757,Easy
3,2,I.18.4,0.0016064670635387301,0.001603487180545926,0.9906278848648071,0.7101845000870526,Medium
3,2,I.24.6,0.00030913043883629143,0.00028154338360764086,0.8355450630187988,8.889263299759477,Medium
3,2,I.25.13,0.003461135784164071,0.0027313551399856806,0.9912923574447632,0.4507222999818623,Easy
3,2,I.26.2,0.002582327462732792,0.002153926296159625,0.9900780916213989,5.348068099934608,Easy
3,2,I.27.6,0.00031215991475619376,0.00028824846958741546,0.9908048510551453,1.194375399965793,Easy
3,2,I.29.16,0.0694560632109642,0.07520287483930588,0.45686233043670654,9.75295739993453,Hard
3,2,I.29.4,0.0012505162740126252,0.0009271100861951709,0.9919434785842896,0.5718904999084771,Medium
3,2,I.30.3,0.02572724223136902,0.028850587084889412,0.8367965221405029,8.921957700047642,Hard
3,2,I.30.5,0.0014648566721007228,0.0015037774574011564,0.9904651641845703,1.1227102000266314,Easy
3,2,I.32.17,0.17695379257202148,4.2151665687561035,0.07443016767501831,9.771872699726373,Hard
3,2,I.32.5,0.006153509020805359,0.019038615748286247,0.872504711151123,10.847136700060219,Medium
3,2,I.34.10,0.003164054825901985,0.0023729903623461723,0.9910280704498291,0.9473067000508308,Medium
3,2,I.34.14,0.0016669165343046188,0.0013692369684576988,0.990433394908905,0.4526339001022279,Hard
3,2,I.34.27,0.0010407643858343363,0.0010122864041477442,0.9901902675628662,1.043724900111556,Medium
3,2,I.34.8,0.009454506449401379,0.010710659436881542,0.6775469779968262,9.846857800148427,Medium
3,2,I.37.4,0.007376144640147686,0.007888051681220531,0.990084171295166,2.5355381998233497,Hard
3,2,I.38.12,0.3615725338459015,0.4292319715023041,0.9570318460464478,9.850815299898386,Medium
3,2,I.39.10,0.0009160827612504363,0.0008121335995383561,0.9924069046974182,0.4087147996760905,Medium
3,2,I.39.11,0.0005977782420814037,0.0005735831800848246,0.9904913902282715,2.933115500025451,Medium
3,2,I.39.22,0.00020441951346583664,0.00022403466573450714,0.990626871585846,5.1948139001615345,Hard
3,2,I.40.1,0.0017278335290029645,0.001600327785126865,0.9812062382698059,10.129035700112581,Hard
3,2,I.41.16,0.0020581327844411135,0.002005447866395116,0.7729948163032532,9.865984899923205,Hard
3,2,I.43.16,0.0002354013704461977,0.00023533018247690052,0.9901542663574219,9.559178799856454,Easy
3,2,I.43.31,0.00020540659897960722,0.00021960762387607247,0.9908254742622375,2.398192699998617,Medium
3,2,I.43.43,0.0006086424691602588,0.0007007091771811247,0.9902290105819702,1.7925797002390027,Medium
3,2,I.44.4,0.0016749578062444925,0.0014179992722347379,0.8909544944763184,9.588836300186813,Hard
3,2,I.47.23,0.00039419540553353727,0.0003671589947771281,0.9913320541381836,1.6825927998870611,Easy
3,2,I.50.26,0.003926534205675125,0.005472190678119659,0.9763337969779968,9.59331290004775,Hard
3,2,I.6.20a,8.010301098693162e-05,8.217859431169927e-05,0.995776355266571,0.15165589982643723,Hard
3,2,I.6.20b,0.00043467790237627923,0.0004326631024014205,0.9757364988327026,9.51979190018028,Hard
3,2,I.6.20,0.00012642618094105273,0.00012519655865617096,0.9901729226112366,6.673047800082713,Hard
3,2,I.9.18,0.0007949250866658986,0.0008734702714718878,-0.10564732551574707,10.125101400073618,Hard
3,2,II.10.9,0.0006485981866717339,0.0005861580139026046,0.9901940822601318,0.4904895001091063,Easy
3,2,II.11.17,0.014533786103129387,0.012318730354309082,0.8724527359008789,9.881053199991584,Hard
3,2,II.11.20,0.00021521754388231784,0.00023745911312289536,0.8681261539459229,9.71608590008691,Hard
3,2,II.11.27,0.0006968454108573496,0.0014145872555673122,0.9902373552322388,3.2598178000189364,Hard
3,2,II.11.28,0.007891004905104637,0.00656930822879076,0.9907835125923157,0.5129488999955356,Hard
3,2,II.11.3,0.0009525867062620819,0.0007340148440562189,0.8116863965988159,9.790764499921352,Medium
3,2,II.13.17,0.0036483737640082836,0.003002610756084323,0.6513932943344116,9.44047940010205,Easy
3,2,II.13.23,0.002580230822786689,0.0017260931199416518,0.984274685382843,9.471439799759537,Hard
3,2,II.13.34,0.000814975006505847,0.0011988930637016892,0.9853483438491821,9.200836800038815,Hard
3,2,II.15.4,0.00047594899660907686,0.0005672094994224608,0.9902398586273193,5.463862100150436,Easy
3,2,II.15.5,0.0004570817982312292,0.0005528587498702109,0.990486741065979,5.757413899991661,Easy
3,2,II.2.42,0.0032234329264611006,0.0033125842455774546,0.8295741677284241,9.493595000356436,Easy
3,2,II.21.32,0.00045922756544314325,0.014547315426170826,0.48883557319641113,9.595097800251096,Medium
3,2,II.24.17,0.0006154730799607933,0.0006414125091396272,0.9904758930206299,0.5552253997884691,Hard
3,2,II.27.16,0.00015717811766080558,0.00016358138236682862,0.9905714392662048,4.24071570020169,Easy
3,2,II.27.18,0.00039513694355264306,0.00028163735987618566,0.9917687177658081,1.1117827999405563,Easy
3,2,II.3.24,2.3986231099115685e-05,1.9372213500901125e-05,0.9901002645492554,4.115095300134271,Easy
3,2,II.34.11,0.002066993387416005,0.0018371408805251122,0.6925517320632935,10.111211100127548,Easy
3,2,II.34.29a,3.059824666706845e-05,3.131563062197529e-05,0.9073663949966431,9.853441999759525,Medium
3,2,II.34.29b,0.00035066690179519355,0.0004061674408148974,0.9670189023017883,9.246233500074595,Easy
3,2,II.34.2a,1.4170184840622824e-05,1.1925135368073825e-05,0.9911811947822571,7.960745099931955,Medium
3,2,II.34.2,6.003982707625255e-05,5.2104580390732735e-05,0.9912928938865662,4.178044300060719,Medium
3,2,II.35.18,0.0001324304030276835,0.00016366143245249987,0.9913880228996277,3.743825300130993,Hard
3,2,II.35.21,7.92032660683617e-05,0.00010380593448644504,0.9900180101394653,4.367839500308037,Hard
3,2,II.36.38,0.0021497493144124746,0.002223392715677619,0.9803053736686707,9.347918699961156,Hard
3,2,II.37.1,0.0011562090367078781,0.001187749789096415,0.9907016158103943,0.5584163996390998,Medium
3,2,II.38.14,8.863293624017388e-05,9.286571003030986e-05,0.9917657375335693,1.3509414000436664,Easy
3,2,II.38.3,0.00024840154219418764,0.00022389015066437423,0.9906328916549683,3.7520856000483036,Easy
3,2,II.4.23,9.356120426673442e-05,9.036961273523048e-05,0.8929814696311951,8.854253000114113,Easy
3,2,II.6.11,0.00020283382036723197,0.00034781283466145396,0.8249208331108093,8.910346300341189,Medium
3,2,II.6.15a,0.0037441346794366837,0.009979959577322006,0.9197211265563965,9.531910300254822,Hard
3,2,II.6.15b,0.0012480434961616993,0.002096857177093625,0.776746928691864,9.738330000080168,Hard
3,2,II.8.31,9.004679304780439e-05,8.609883661847562e-05,0.9907233119010925,1.4982459000311792,Easy
3,2,II.8.7,0.00024773177574388683,0.0002434105845168233,-0.02307581901550293,9.246027099899948,Medium
3,2,III.10.19,0.0008785541285760701,0.0010136377532035112,0.9901517629623413,7.790591599885374,Hard
3,2,III.12.43,0.00046597421169281006,0.00045516740647144616,0.9904248714447021,0.4624234000220895,Easy
3,2,III.13.18,0.0005945320590399206,0.0006275500636547804,0.9900564551353455,9.424387000035495,Medium
3,2,III.14.14,0.013576223514974117,0.016103997826576233,0.7977237105369568,9.71799710020423,Medium
3,2,III.15.12,0.00792689062654972,0.008237136527895927,0.9903518557548523,3.327872599940747,Medium
3,2,III.15.14,0.0005187374772503972,0.0005105521995574236,0.9900973439216614,2.2412680997513235,Medium
3,2,III.15.27,0.057221703231334686,0.043886080384254456,0.9916635155677795,0.7886540000326931,Easy
3,2,III.17.37,0.001069664373062551,0.0013648398453369737,0.9904839396476746,2.027217300143093,Medium
3,2,III.19.51,2.9132757845218293e-05,2.9472566893673502e-05,-49.16508865356445,10.12363630020991,Medium
3,2,III.21.20,0.00022181936947163194,0.00021673724404536188,0.9909321665763855,3.608945600222796,Hard
3,2,III.4.32,0.024546358734369278,0.029867583885788918,0.9906331896781921,0.45902550034224987,Medium
3,2,III.4.33,0.004965353757143021,0.004415999166667461,0.993156373500824,0.9467659001238644,Hard
3,2,III.7.38,0.0024758828803896904,0.0020289479289203882,0.9904983639717102,0.849106399808079,Easy
3,2,III.8.54,0.004362838342785835,0.008784681558609009,0.9279524087905884,9.784693699795753,Medium
3,2,III.9.52,0.0007335485424846411,0.0007061525830067694,0.9658762216567993,10.091981700155884,Hard
3,10,I.10.7,0.0011199278524145484,0.0008494013454765081,0.9922616481781006,2.427732199896127,Medium
3,10,I.11.19,0.042575545608997345,0.06430581212043762,0.7990138530731201,16.194227600004524,Medium
3,10,I.12.11,0.0193563811480999,0.020839396864175797,0.8319289088249207,15.005478399805725,Medium
3,10,I.12.1,0.001120699685998261,0.0010158135555684566,0.9901560544967651,0.29099700041115284,Easy
3,10,I.12.2,0.00017992121865972877,0.00029814059962518513,0.7291013598442078,14.792099699843675,Medium
3,10,I.12.4,3.936938810511492e-05,3.1165738619165495e-05,0.9904477596282959,10.300560900010169,Easy
3,10,I.12.5,0.0002744543890003115,0.00024530687369406223,0.9976227879524231,0.3480082997120917,Easy
3,10,I.13.12,9.425063035450876e-05,0.00010572046448942274,0.9916776418685913,3.080113799776882,Medium
3,10,I.13.4,0.0008209500228986144,0.0007896659662947059,0.9921686053276062,1.3476444999687374,Medium
3,10,I.14.3,0.0002766936377156526,0.00031596646294929087,0.9921581745147705,1.1975906998850405,Easy
3,10,I.14.4,8.360375795746222e-05,7.512497541029006e-05,0.9912174344062805,0.4763531000353396,Easy
3,10,I.15.10,0.000979275326244533,0.0009319748496636748,0.9913569688796997,0.8874099999666214,Medium
3,10,I.15.3t,0.010642045177519321,0.014037971384823322,0.9691562652587891,14.9450530000031,Hard
3,10,I.15.3x,0.003531539812684059,0.004386613145470619,0.9922410845756531,5.958849500399083,Hard
3,10,I.16.6,0.002683135913684964,0.0025702761486172676,0.9928140640258789,0.1913030999712646,Medium
3,10,I.18.12,0.0024407105520367622,0.0024138744920492172,0.9515101313591003,14.820314500015229,Easy
3,10,I.18.16,0.0011740282643586397,0.0017870086012408137,0.904323399066925,14.83432580018416,Easy
3,10,I.18.4,0.0016931685386225581,0.0016471479320898652,0.9903726577758789,0.5515816998668015,Medium
3,10,I.24.6,1.2997647900192533e-05,1.6665981092955917e-05,0.9902650713920593,9.824130999855697,Medium
3,10,I.25.13,0.0024349249433726072,0.0028608578722923994,0.990879476070404,0.36049399990588427,Easy
3,10,I.26.2,0.002087043598294258,0.0021324637345969677,0.9901769757270813,0.8002235000021756,Easy
3,10,I.27.6,0.000161691103130579,0.000180705901584588,0.9942354559898376,0.46436440013349056,Easy
3,10,I.29.16,0.022966882213950157,0.02650449611246586,0.8085765838623047,14.918076199945062,Hard
3,10,I.29.4,0.0009036096162162721,0.0009348587482236326,0.9918761849403381,0.2938935998827219,Medium
3,10,I.30.3,0.029367052018642426,0.037854667752981186,0.7858618497848511,14.637352799996734,Hard
3,10,I.30.5,0.0014121391577646136,0.0013388043735176325,0.9915112257003784,0.2823450001887977,Easy
3,10,I.32.17,0.0074088298715651035,3.1452207565307617,0.3093698024749756,16.82374340016395,Hard
3,10,I.32.5,0.006473945453763008,0.004900701344013214,0.9671816229820251,15.071758300065994,Medium
3,10,I.34.10,0.0025850662495940924,0.0023291970137506723,0.9911936521530151,1.0791175002232194,Medium
3,10,I.34.14,0.0015480202855542302,0.0013404297642409801,0.9906346797943115,0.4102460998110473,Hard
3,10,I.34.27,0.0006050288211554289,0.0005848552100360394,0.9943323731422424,0.395339900162071,Medium
3,10,I.34.8,0.0012216807808727026,0.0014706628862768412,0.9557245373725891,14.65911170002073,Medium
3,10,I.37.4,0.006470315624028444,0.00632409006357193,0.9920501708984375,0.46842220006510615,Hard
3,10,I.38.12,0.21745455265045166,0.0942249521613121,0.9905676245689392,0.6511362995952368,Medium
3,10,I.39.10,0.0007419194444082677,0.000690424523781985,0.9935448169708252,0.3151365998201072,Medium
3,10,I.39.11,0.0005020735552534461,0.0004698165867011994,0.9922115802764893,1.443115800153464,Medium
3,10,I.39.22,0.0003280258097220212,0.00020261399913579226,0.9915230870246887,1.1999955996870995,Hard
3,10,I.40.1,0.0035434847231954336,0.003665059572085738,0.9569587111473083,17.71488180011511,Hard
3,10,I.41.16,8.018848166102543e-05,7.605473365401849e-05,0.9913910627365112,0.8266422003507614,Hard
3,10,I.43.16,0.0002380488731432706,0.00021367371664382517,0.9910603165626526,1.628861699718982,Easy
3,10,I.43.31,0.0001563497498864308,0.00015594088472425938,0.9934852719306946,1.7877770997583866,Medium
3,10,I.43.43,0.0005730388220399618,0.0006255661137402058,0.9912768602371216,3.8050061999820173,Medium
3,10,I.44.4,0.00011160676513100043,0.00012667554256040603,0.990258514881134,4.05525860004127,Hard
3,10,I.47.23,0.0002726069069467485,0.0002921708219218999,0.9931023716926575,2.4927701000124216,Easy
3,10,I.50.26,0.004834755789488554,0.005496738012880087,0.9762276411056519,16.091762399766594,Hard
3,10,I.6.20a,0.00011290447582723573,0.00011914876085938886,0.9938762187957764,0.4299058998003602,Hard
3,10,I.6.20b,0.00039389365701936185,0.00042122675222344697,0.9763778448104858,17.910003199707717,Hard
3,10,I.6.20,0.00010274686064803973,0.00010591733735054731,0.991686224937439,1.099455100018531,Hard
3,10,I.9.18,0.00044141290709376335,0.0005203222972340882,0.3413708209991455,16.40763289993629,Hard
3,10,II.10.9,0.00020391916041262448,0.00015556285507045686,0.9973976016044617,0.5189200998283923,Easy
3,10,II.11.17,0.004782256670296192,0.009094852022826672,0.9058325290679932,15.92476260010153,Hard
3,10,II.11.20,1.9393362890696153e-05,1.752279422362335e-05,0.9902686476707458,7.712849199771881,Hard
3,10,II.11.27,0.0004698576813098043,0.0012518041767179966,0.9913607835769653,2.6997012002393603,Hard
3,10,II.11.28,0.002123474143445492,0.0019420381868258119,0.9972754120826721,0.8354305000975728,Hard
3,10,II.11.3,2.753207263594959e-05,3.469585135462694e-05,0.9910987019538879,3.0496489997021854,Medium
3,10,II.13.17,5.699013127014041e-05,5.4637217544950545e-05,0.993656575679779,4.675637200009078,Easy
3,10,II.13.23,0.0009050049702636898,0.0009802059503272176,0.9910699725151062,5.088492699898779,Hard
3,10,II.13.34,0.0005742838839069009,0.0005589675856754184,0.9931688904762268,2.432348699774593,Hard
3,10,II.15.4,0.0004049635899718851,0.0004051369905937463,0.9930286407470703,2.670923599973321,Easy
3,10,II.15.5,0.000318348640576005,0.00039673486026003957,0.9931732416152954,0.5599255999550223,Easy
3,10,II.2.42,0.0001680535642663017,0.00019081949722021818,0.9901826977729797,2.6642819000408053,Easy
3,10,II.21.32,0.0003034987021237612,0.012605126015841961,0.5570803284645081,14.200700300280005,Medium
3,10,II.24.17,0.00041067603160627186,0.0005201789899729192,0.9922760725021362,0.6799846002832055,Hard
3,10,II.27.16,7.229410402942449e-05,8.428203727817163e-05,0.9951421022415161,1.565049699973315,Easy
3,10,II.27.18,0.00025049824034795165,0.00023711303947493434,0.9930700063705444,0.5632839999161661,Easy
3,10,II.3.24,1.6172914911294356e-05,1.7234839106095023e-05,0.9911925196647644,1.4635208998806775,Easy
3,10,II.34.11,6.781385309295729e-05,5.8937090216204524e-05,0.9901368021965027,2.0956048001535237,Easy
3,10,II.34.29a,2.4143180326063884e-06,2.615524408611236e-06,0.99226313829422,9.45940939988941,Medium
3,10,II.34.29b,6.703464168822393e-05,0.00011298074969090521,0.990825891494751,1.941715500317514,Easy
3,10,II.34.2a,1.329923816228984e-05,1.2648321899177972e-05,0.9906463623046875,4.33005109988153,Medium
3,10,II.34.2,4.8067449824884534e-05,4.885299858869985e-05,0.9918362498283386,6.264571200124919,Medium
3,10,II.35.18,0.00013349248911254108,0.00013267467147670686,0.9930185675621033,1.6612068000249565,Hard
3,10,II.35.21,6.0747817769879475e-05,0.00010213317000307143,0.9901788830757141,3.8738835998810828,Hard
3,10,II.36.38,0.0006090359529480338,0.0009736842475831509,0.991375207901001,7.931929300073534,Hard
3,10,II.37.1,0.0010086923139169812,0.0009868295164778829,0.9922745227813721,0.36982859997078776,Medium
3,10,II.38.14,3.093503255513497e-05,2.8868756999145262e-05,0.9974402785301208,0.29875920014455914,Easy
3,10,II.38.3,0.00023716870055068284,0.00018067467317450792,0.992440938949585,1.963655799627304,Easy
3,10,II.4.23,8.709283065400086e-06,8.095860721368808e-06,0.9904126524925232,2.204662799835205,Easy
3,10,II.6.11,0.00016289204359054565,0.00019144112593494356,0.9036339521408081,14.599477400071919,Medium
3,10,II.6.15a,0.0018914478132501245,0.00772119639441371,0.9378906488418579,14.48355619981885,Hard
3,10,II.6.15b,0.00017774742445908487,0.0002691863046493381,0.9713396430015564,15.338701999746263,Hard
3,10,II.8.31,6.459734140662476e-05,7.29862367734313e-05,0.9921361207962036,0.39452619990333915,Easy
3,10,II.8.7,1.5079363947734237e-05,1.4756020391359925e-05,0.9379791617393494,16.133578199893236,Medium
3,10,III.10.19,0.0003941044269595295,0.00047946226550266147,0.9953416585922241,0.49171969993039966,Hard
3,10,III.12.43,0.0004742785822600126,0.00041815347503870726,0.9912034869194031,0.4665918997488916,Easy
3,10,III.13.18,0.0003904952318407595,0.00038677421980537474,0.9938715696334839,1.4724028003402054,Medium
3,10,III.14.14,0.00018345344869885594,0.00322670117020607,0.9594706296920776,14.751398399937898,Medium
3,10,III.15.12,0.006025515962392092,0.006470681168138981,0.9924209117889404,4.387643899768591,Medium
3,10,III.15.14,0.00046033019316382706,0.0004862719215452671,0.9905682802200317,1.8549111001193523,Medium
3,10,III.15.27,0.06197628006339073,0.05066617950797081,0.9903755784034729,0.4746289998292923,Easy
3,10,III.17.37,0.0010784293990582228,0.0013422603951767087,0.9906413555145264,4.510914799757302,Medium
3,10,III.19.51,2.3688619421591284e-07,4.2290150759072276e-07,0.28018176555633545,14.963817599695176,Medium
3,10,III.21.20,0.0001834950817283243,0.00017557648243382573,0.9926542639732361,1.1634401995688677,Hard
3,10,III.4.32,0.022621557116508484,0.022921482101082802,0.9928115606307983,0.2318202001042664,Medium
3,10,III.4.33,0.005844093393534422,0.006139918230473995,0.9904847145080566,0.16926029976457357,Hard
3,10,III.7.38,0.002029500436037779,0.0017613349482417107,0.9917516112327576,0.3989304001443088,Easy
3,10,III.8.54,0.005615503527224064,0.006949445232748985,0.9430040717124939,14.477894200012088,Medium
3,10,III.9.52,0.00045522479922510684,0.00048615981359034777,0.9765070676803589,14.339295400306582,Hard
3,18,I.10.7,0.0016168232541531324,0.0010684528388082981,0.9902660250663757,2.340023399796337,Medium
3,18,I.11.19,0.03511987254023552,0.057674840092659,0.8197387456893921,15.839237499982119,Medium
3,18,I.12.11,0.00878480076789856,0.010517425835132599,0.915176272392273,15.296365499962121,Medium
3,18,I.12.1,0.0005950700142420828,0.0005261226906441152,0.9949014782905579,0.40624829987064004,Easy
3,18,I.12.2,0.00045003174454905093,0.0006449937936849892,0.41394108533859253,15.159068800043315,Medium
3,18,I.12.4,1.3977874004922342e-05,1.672314465395175e-05,0.9948744177818298,3.8022184004075825,Easy
3,18,I.12.5,0.00043565654777921736,0.00043538762838579714,0.9957807660102844,0.3424136000685394,Easy
3,18,I.13.12,8.949908806243911e-05,0.00011549657938303426,0.9909080862998962,2.6135829999111593,Medium
3,18,I.13.4,0.0006440182332880795,0.0006290503079071641,0.9937614798545837,1.0483196997083724,Medium
3,18,I.14.3,0.00036831109900958836,0.0003850666107609868,0.990443229675293,1.0161762000061572,Easy
3,18,I.14.4,8.24787566671148e-05,7.526593253714964e-05,0.9912009239196777,0.41456300020217896,Easy
3,18,I.15.10,0.0009071471868082881,0.0008051555487327278,0.9925330281257629,0.693743500392884,Medium
3,18,I.15.3t,0.007972403429448605,0.016163088381290436,0.9644870162010193,16.329142599832267,Hard
3,18,I.15.3x,0.013152692466974258,0.013918383978307247,0.9753814935684204,17.603457699995488,Hard
3,18,I.16.6,0.0017406748374924064,0.0015357178635895252,0.9957064390182495,0.20601810002699494,Medium
3,18,I.18.12,0.003819453064352274,0.004424187354743481,0.911126971244812,17.814654999878258,Easy
3,18,I.18.16,0.0022764888126403093,0.00333012524060905,0.8217048645019531,16.352380799595267,Easy
3,18,I.18.4,0.0010500946082174778,0.0009601782076060772,0.9943879246711731,0.32455299980938435,Medium
3,18,I.24.6,5.100063935969956e-05,5.399781366577372e-05,0.9684588313102722,16.07854330027476,Medium
3,18,I.25.13,0.002067660680040717,0.0016709305346012115,0.9946730136871338,0.23405590001493692,Easy
3,18,I.26.2,0.0018138854065909982,0.001709717558696866,0.9921243190765381,0.39831530023366213,Easy
3,18,I.27.6,0.00017343705985695124,0.0001907916011987254,0.9939137101173401,0.38945369981229305,Easy
3,18,I.29.16,0.009054004214704037,0.011810507625341415,0.914700984954834,15.462136199697852,Hard
3,18,I.29.4,0.0014902935363352299,0.0011237857397645712,0.990234375,0.22901330003514886,Medium
3,18,I.30.3,0.022163184359669685,0.032906487584114075,0.8138529062271118,15.840600199997425,Hard
3,18,I.30.5,0.000490736507344991,0.0005155014805495739,0.9967314004898071,0.35696859983727336,Easy
3,18,I.32.17,0.012920727021992207,3.679034471511841,0.19215452671051025,17.219047300051898,Hard
3,18,I.32.5,0.012301590293645859,0.014888843521475792,0.9002943634986877,15.838303599972278,Medium
3,18,I.34.10,0.002024330897256732,0.0017782114446163177,0.993276834487915,0.6991166998632252,Medium
3,18,I.34.14,0.0016310893697664142,0.0014251709217205644,0.9900426268577576,0.4375129002146423,Hard
3,18,I.34.27,0.0007122443639673293,0.0007291124784387648,0.9929344058036804,0.4159021000377834,Medium
3,18,I.34.8,0.0028138128109276295,0.0031914710998535156,0.9039182066917419,15.943335500080138,Medium
3,18,I.37.4,0.006497110705822706,0.007234489545226097,0.99090576171875,0.46179560013115406,Hard
3,18,I.38.12,0.21572452783584595,0.09964453428983688,0.9900251030921936,2.058265700004995,Medium
3,18,I.39.10,0.0008312523132190108,0.0008105834713205695,0.9924213886260986,0.25952939968556166,Medium
3,18,I.39.11,0.0005378480418585241,0.0005646838108077645,0.9906389117240906,0.27915919991210103,Medium
3,18,I.39.22,0.00022209696180652827,0.0001879624032881111,0.9921360611915588,1.0597927002236247,Hard
3,18,I.40.1,0.001616474473848939,0.0016454043798148632,0.9806768894195557,15.992777899838984,Hard
3,18,I.41.16,8.305509254569188e-05,7.459321204805747e-05,0.9915564656257629,1.4321810002438724,Hard
3,18,I.43.16,0.00018212923896498978,0.00019306638569105417,0.9919224977493286,2.79322940018028,Easy
3,18,I.43.31,0.00023826403776183724,0.00022957593319006264,0.9904090166091919,0.6430085003376007,Medium
3,18,I.43.43,0.000526254007127136,0.0005263438797555864,0.9926604628562927,0.6805950999259949,Medium
3,18,I.44.4,0.00012058336869813502,0.0001237577380379662,0.9904829263687134,4.468989099841565,Hard
3,18,I.47.23,0.00042537585250101984,0.00041367235826328397,0.9902339577674866,0.395862499717623,Easy
3,18,I.50.26,0.004109179601073265,0.00613873265683651,0.9734511375427246,15.81720279995352,Hard
3,18,I.6.20a,5.472110933624208e-05,4.7848901886027306e-05,0.9975407719612122,0.27983100013807416,Hard
3,18,I.6.20b,0.00010694006050471216,0.00011367413389962167,0.9936252236366272,4.738777200225741,Hard
3,18,I.6.20,7.368447404587641e-05,8.50011347210966e-05,0.9933279752731323,3.4278865000233054,Hard
3,18,I.9.18,0.0003404722083359957,0.00037120631895959377,0.5301233530044556,15.96191280009225,Hard
3,18,II.10.9,0.00028574568568728864,0.0002470144536346197,0.9958676695823669,0.6095679998397827,Easy
3,18,II.11.17,0.007080076728016138,0.01137642003595829,0.882209300994873,15.553104400169104,Hard
3,18,II.11.20,1.4621962691308e-05,1.65598867170047e-05,0.9908034205436707,11.433377999812365,Hard
3,18,II.11.27,0.00047723730676807463,0.0014106858288869262,0.9902642965316772,4.105715799611062,Hard
3,18,II.11.28,0.0037274917121976614,0.002999150427058339,0.9957923293113708,0.23153450014069676,Hard
3,18,II.11.3,3.127274612779729e-05,3.62723003490828e-05,0.9906942248344421,3.1944471998140216,Medium
3,18,II.13.17,7.507340342272073e-05,5.0620088586583734e-05,0.9941229224205017,2.356538000050932,Easy
3,18,II.13.23,0.0006348448223434389,0.0010769057553261518,0.9901890158653259,5.222754399757832,Hard
3,18,II.13.34,0.000539931992534548,0.0005376527551561594,0.9934293627738953,1.6496902997605503,Hard
3,18,II.15.4,0.000438967312220484,0.000492787454277277,0.9915204048156738,0.753885599784553,Easy
3,18,II.15.5,0.0004733245586976409,0.0005688170786015689,0.9902121424674988,1.0572325000539422,Easy
3,18,II.2.42,7.763237954350188e-05,0.00012751633767038584,0.9934395551681519,6.013814399950206,Easy
3,18,II.21.32,0.0009773684432730079,0.016907477751374245,0.40590399503707886,16.45051130000502,Medium
3,18,II.24.17,0.00032647079206071794,0.00033410696778446436,0.9950389862060547,0.3492410001344979,Hard
3,18,II.27.16,0.00015188285033218563,0.00014979677507653832,0.9913659691810608,0.6125162998214364,Easy
3,18,II.27.18,0.0002805299882311374,0.00023719559249002486,0.9930676221847534,0.42301700031384826,Easy
3,18,II.3.24,1.848904139478691e-05,1.5681735021644272e-05,0.9919861555099487,0.8588803000748158,Easy
3,18,II.34.11,5.789581700810231e-05,5.382745439419523e-05,0.9909918904304504,0.7743967003189027,Easy
3,18,II.34.29a,2.1431505956570618e-06,1.9985277504019905e-06,0.9940882325172424,4.258246600162238,Medium
3,18,II.34.29b,5.263295679469593e-05,9.885370673146099e-05,0.9919729828834534,2.944536699913442,Easy
3,18,II.34.2a,1.5141518815653399e-05,1.3474495062837377e-05,0.9900354146957397,1.4091041996143758,Medium
3,18,II.34.2,5.416946078184992e-05,5.0869104597950354e-05,0.9914993643760681,1.16498770006001,Medium
3,18,II.35.18,0.00011034919589292258,0.0001837259769672528,0.9903321862220764,1.335058799944818,Hard
3,18,II.35.21,4.426189843798056e-05,7.282737351488322e-05,0.9929969310760498,3.6700555998831987,Hard
3,18,II.36.38,0.0009508954826742411,0.0008998079574666917,0.9920295476913452,6.711552699562162,Hard
3,18,II.37.1,0.0013886115048080683,0.001251636422239244,0.990201473236084,0.3269024998880923,Medium
3,18,II.38.14,5.838577271788381e-05,5.4817370255477726e-05,0.9951394200325012,0.28522769967094064,Easy
3,18,II.38.3,0.000251007208134979,0.00023110341862775385,0.9903311133384705,0.5640162001363933,Easy
3,18,II.4.23,7.446880772477016e-06,8.338322913914453e-06,0.9901254773139954,0.9357026000507176,Easy
3,18,II.6.11,3.484529224806465e-05,4.8081958084367216e-05,0.9757968783378601,16.747890600003302,Medium
3,18,II.6.15a,0.004421858116984367,0.01261319499462843,0.8985393047332764,18.487499200273305,Hard
3,18,II.6.15b,0.0002941833809018135,0.0003397352120373398,0.9638282656669617,16.61845980025828,Hard
3,18,II.8.31,8.897672523744404e-05,8.849653386278078e-05,0.990464985370636,0.3018324999138713,Easy
3,18,II.8.7,1.986231609407696e-06,2.0418272015376715e-06,0.9914180040359497,10.118717900011688,Medium
3,18,III.10.19,0.0007597488001920283,0.000940662925131619,0.9908607602119446,0.9713365999050438,Hard
3,18,III.12.43,0.0003066413919441402,0.000280024076346308,0.9941092729568481,0.17940039979293942,Easy
3,18,III.13.18,0.0007093461463227868,0.0005799146601930261,0.9908112287521362,0.782922999933362,Medium
3,18,III.14.14,0.0063926344737410545,0.005052570253610611,0.9365365505218506,16.76913070026785,Medium
3,18,III.15.12,0.0068416958674788475,0.008463515900075436,0.9900867342948914,2.3329016002826393,Medium
3,18,III.15.14,0.00031732223578728735,0.0004042208311147988,0.9921597242355347,4.9688372001983225,Medium
3,18,III.15.27,0.05302160605788231,0.04127967730164528,0.9921585917472839,1.4211504999548197,Easy
3,18,III.17.37,0.001065810676664114,0.0012173501309007406,0.9915122389793396,1.5795579999685287,Medium
3,18,III.19.51,9.44361602250865e-07,1.1747347343771253e-06,-0.999509334564209,16.69150960026309,Medium
3,18,III.21.20,0.00012025377509417012,0.00011985750461462885,0.9949854016304016,2.5395019999705255,Hard
3,18,III.4.32,0.0245404951274395,0.03141118586063385,0.9901491403579712,0.4853308000601828,Medium
3,18,III.4.33,0.004375837277621031,0.0047454433515667915,0.992645800113678,0.5506478999741375,Hard
3,18,III.7.38,0.00221076188609004,0.002042945474386215,0.9904327988624573,0.38112680008634925,Easy
3,18,III.8.54,0.0011097581591457129,0.0011379492934793234,0.9906671047210693,7.0576706998981535,Medium
3,18,III.9.52,9.747059812070802e-05,0.0001968621218111366,0.9904869198799133,12.611247099936008,Hard
3,26,I.10.7,0.0011368191335350275,0.0009752009063959122,0.9911155700683594,2.8938120999373496,Medium
3,26,I.11.19,0.10754962265491486,0.15075555443763733,0.528817355632782,16.022144299931824,Medium
3,26,I.12.11,0.011580751277506351,0.01330880168825388,0.8926636576652527,15.827219699975103,Medium
3,26,I.12.1,0.0010284283198416233,0.0009745429852046072,0.990556001663208,0.4763281997293234,Easy
3,26,I.12.2,0.00012547960795927793,0.0002522153954487294,0.7708302736282349,15.630419400054961,Medium
3,26,I.12.4,2.356762888666708e-05,3.183424269082025e-05,0.9902428984642029,2.7038763999007642,Easy
3,26,I.12.5,0.0009077217546291649,0.0009946016361936927,0.9903616309165955,0.3103188998065889,Easy
3,26,I.13.12,8.680913742864504e-05,9.079913434106857e-05,0.9928522706031799,8.24436099966988,Medium
3,26,I.13.4,0.000991555629298091,0.000933545408770442,0.9907416701316833,0.8084117998369038,Medium
3,26,I.14.3,0.00031772273359820247,0.00037399036227725446,0.9907181262969971,1.1689214003272355,Easy
3,26,I.14.4,8.893581252777949e-05,8.414571493631229e-05,0.9901628494262695,1.1552803996019065,Easy
3,26,I.15.10,0.0010557153727859259,0.0009583147475495934,0.9911126494407654,0.9281747997738421,Medium
3,26,I.15.3t,0.013271219097077847,0.020613091066479683,0.9547096490859985,15.86342030018568,Hard
3,26,I.15.3x,0.007086147088557482,0.008875556290149689,0.9843011498451233,15.789295400027186,Hard
3,26,I.16.6,0.00173842569347471,0.0016243347199633718,0.995458722114563,0.18807699996978045,Medium
3,26,I.18.12,0.0022986293770372868,0.002732699504122138,0.9451055526733398,15.468840999994427,Easy
3,26,I.18.16,0.0015260676154866815,0.0020474079065024853,0.8903816342353821,15.611004000063986,Easy
3,26,I.18.4,0.0010642281267791986,0.00118277280125767,0.9930868744850159,0.7047902997583151,Medium
3,26,I.24.6,1.2901258742203936e-05,1.3696080713998526e-05,0.9919998645782471,14.002429699990898,Medium
3,26,I.25.13,0.0029776711016893387,0.002865126356482506,0.9908658862113953,0.3647190001793206,Easy
3,26,I.26.2,0.0022959343623369932,0.002021849388256669,0.9906865358352661,0.30133849987760186,Easy
3,26,I.27.6,0.0002635048876982182,0.00026395003078505397,0.9915799498558044,0.3156558000482619,Easy
3,26,I.29.16,0.013172485865652561,0.016847262158989906,0.878324031829834,15.634928799699992,Hard
3,26,I.29.4,0.00030327108106575906,0.0002790663274936378,0.9975749254226685,0.4823257001116872,Medium
3,26,I.30.3,0.02748221531510353,0.03494691103696823,0.802310585975647,15.249815800227225,Hard
3,26,I.30.5,0.0006441624136641622,0.0005676742293871939,0.9964005947113037,0.3615794996730983,Easy
3,26,I.32.17,0.009179714135825634,3.551290273666382,0.22020471096038818,15.864755100104958,Hard
3,26,I.32.5,0.0050631132908165455,0.00827787071466446,0.9445658326148987,15.54584649996832,Medium
3,26,I.34.10,0.0024664760567247868,0.0021450454369187355,0.9918898940086365,0.5439940001815557,Medium
3,26,I.34.14,0.0015141107141971588,0.0014116198290139437,0.9901372790336609,0.6068527000024915,Hard
3,26,I.34.27,0.0006698861834593117,0.0006609974079765379,0.9935944676399231,0.30151630006730556,Medium
3,26,I.34.8,0.003713848302140832,0.004311435390263796,0.8702007532119751,15.796740000136197,Medium
3,26,I.37.4,0.006568996235728264,0.0067224218510091305,0.9915494322776794,0.5497411997057498,Hard
3,26,I.38.12,0.09086337685585022,0.0790429413318634,0.9920874238014221,2.902462000027299,Medium
3,26,I.39.10,0.0005846081767231226,0.0005083639989607036,0.9952470064163208,0.2448112997226417,Medium
3,26,I.39.11,0.00027029370539821684,0.0002511512429919094,0.9958365559577942,0.368949799798429,Medium
3,26,I.39.22,0.00015057154814712703,0.00016686253366060555,0.9930188059806824,1.2938163001090288,Hard
3,26,I.40.1,0.0020855236798524857,0.0021481516305357218,0.9747728109359741,16.17272159969434,Hard
3,26,I.41.16,5.916852387599647e-05,6.126386870164424e-05,0.9930652976036072,0.8568317000754178,Hard
3,26,I.43.16,0.000241751316934824,0.00020270305685698986,0.9915193319320679,1.9864984997548163,Easy
3,26,I.43.31,0.00014524758444167674,0.00015230645658448339,0.9936370849609375,0.5444610002450645,Medium
3,26,I.43.43,0.00031847748323343694,0.0003349505423102528,0.9953293204307556,0.5623682998120785,Medium
3,26,I.44.4,9.305287676397711e-05,0.00010646834562066942,0.9918124675750732,10.493814500048757,Hard
3,26,I.47.23,0.00026069575687870383,0.0002426694700261578,0.9942710399627686,0.30776859959587455,Easy
3,26,I.50.26,0.003703439375385642,0.004673822317272425,0.9797866344451904,15.444405000191182,Hard
3,26,I.6.20a,0.0001221688580699265,0.00010566272248979658,0.9945693612098694,0.16871159989386797,Hard
3,26,I.6.20b,0.0005043684504926205,0.0005236577708274126,0.9706335663795471,15.157099800184369,Hard
3,26,I.6.20,0.00010695630771806464,0.00011597505363170058,0.9908967614173889,0.5380968996323645,Hard
3,26,I.9.18,8.210432133637369e-05,8.727140084374696e-05,0.8895310163497925,17.700381999835372,Hard
3,26,II.10.9,0.00021119535085745156,0.00017984717851504683,0.9969913363456726,0.6233776998706162,Easy
3,26,II.11.17,0.007426322903484106,0.009866593405604362,0.8978419303894043,16.164748600218445,Hard
3,26,II.11.20,1.529759174445644e-05,1.469693688704865e-05,0.9918379783630371,7.045650499872863,Hard
3,26,II.11.27,0.0006832013023085892,0.0013200294924899936,0.9908899664878845,3.4629293996840715,Hard
3,26,II.11.28,0.0018773807678371668,0.0016990812728181481,0.9976162314414978,0.424025799613446,Hard
3,26,II.11.3,4.82146097056102e-05,3.849653876386583e-05,0.9901236295700073,2.8131986996158957,Medium
3,26,II.13.17,9.268888243241236e-05,5.0031863793265074e-05,0.9941912293434143,2.7614641999825835,Easy
3,26,II.13.23,0.0015501749003306031,0.001063573989085853,0.9903104305267334,0.7983559998683631,Hard
3,26,II.13.34,0.00036242572241462767,0.000766688259318471,0.9906303286552429,2.6179332002066076,Hard
3,26,II.15.4,0.00047530350275337696,0.0005017009098082781,0.9913670420646667,2.1466139000840485,Easy
3,26,II.15.5,0.00041134015191346407,0.000551031727809459,0.9905182123184204,0.8623524000868201,Easy
3,26,II.2.42,0.00010341076995246112,0.00015631479618605226,0.9919579029083252,6.078769399784505,Easy
3,26,II.21.32,0.00029085433925502,0.0124226538464427,0.5634920597076416,15.700622899923474,Medium
3,26,II.24.17,0.00042287056567147374,0.00043088060920126736,0.9936019778251648,0.42631160002201796,Hard
3,26,II.27.16,0.0009240643703378737,0.000940046738833189,0.9458173513412476,15.595179399941117,Easy
3,26,II.27.18,0.00024358319933526218,0.0001895698078442365,0.9944595098495483,0.38211669959127903,Easy
3,26,II.3.24,2.2282980353338644e-05,1.8606826415634714e-05,0.9904913902282715,0.774722000118345,Easy
3,26,II.34.11,2.6148993129027076e-05,2.841205605363939e-05,0.9952452182769775,1.921585800126195,Easy
3,26,II.34.29a,2.9754933166259434e-06,2.855063485185383e-06,0.9915545582771301,2.6348442998714745,Medium
3,26,II.34.29b,6.932339601917192e-05,0.00012246811820659786,0.990055501461029,3.273759599775076,Easy
3,26,II.34.2a,1.2885849173471797e-05,1.14581480374909e-05,0.9915265440940857,0.8475159001536667,Medium
3,26,II.34.2,4.276512117940001e-05,4.4113276089774445e-05,0.9926283359527588,0.6895622001029551,Medium
3,26,II.35.18,0.00018467276822775602,0.00016762308951001614,0.9911795854568481,3.0137730999849737,Hard
3,26,II.35.21,7.250650378409773e-05,0.00010393348202342167,0.9900057911872864,2.562329700216651,Hard
3,26,II.36.38,0.0006322049302980304,0.0011030507739633322,0.9902292490005493,7.400452900212258,Hard
3,26,II.37.1,0.0010186716681346297,0.0009283419931307435,0.9927324056625366,0.24508869973942637,Medium
3,26,II.38.14,7.096896297298372e-05,6.417864642571658e-05,0.9943093657493591,0.3116033002734184,Easy
3,26,II.38.3,0.00022848340449854732,0.00021852151257917285,0.9908575415611267,1.036724700126797,Easy
3,26,II.4.23,8.639008228783496e-06,8.305464689328801e-06,0.9901643991470337,1.7312126997858286,Easy
3,26,II.6.11,2.4670232960488647e-05,3.2913096219999716e-05,0.9834324717521667,15.537097499705851,Medium
3,26,II.6.15a,0.01298543531447649,0.01851842924952507,0.8510375618934631,16.13118699984625,Hard
3,26,II.6.15b,0.00019572791643440723,0.00028210377786308527,0.969964325428009,15.60300729982555,Hard
3,26,II.8.31,5.0461960199754685e-05,4.716642069979571e-05,0.9949180483818054,0.3631374998949468,Easy
3,26,II.8.7,2.1775699678983074e-06,2.346349674553494e-06,0.9901381134986877,1.277889400254935,Medium
3,26,III.10.19,0.000664296792820096,0.0008473140769638121,0.9917677044868469,1.3173278998583555,Hard
3,26,III.12.43,0.000287684059003368,0.00028831700910814106,0.9939348101615906,0.32075840001925826,Easy
3,26,III.13.18,0.0006474384572356939,0.0004292030935175717,0.9931992888450623,0.743576199747622,Medium
3,26,III.14.14,0.0031253828201442957,0.003346309531480074,0.9579682350158691,15.739470300264657,Medium
3,26,III.15.12,0.006529724691063166,0.008379543200135231,0.9901850819587708,1.0980215999297798,Medium
3,26,III.15.14,0.0004208986065350473,0.00034933144343085587,0.9932243824005127,0.97101050009951,Medium
3,26,III.15.27,0.04497406631708145,0.03609548136591911,0.9931433796882629,0.30390219995751977,Easy
3,26,III.17.37,0.00107702543027699,0.0011492790654301643,0.991986870765686,1.57127849990502,Medium
3,26,III.19.51,5.466255288411048e-07,7.512809361287509e-07,-0.278751015663147,15.947953499853611,Medium
3,26,III.21.20,0.00024344652774743736,0.0002182085154345259,0.9908705949783325,0.760561800096184,Hard
3,26,III.4.32,0.013595763593912125,0.015991555526852608,0.9949848651885986,0.4856221000663936,Medium
3,26,III.4.33,0.0061551607213914394,0.005857203155755997,0.9909228682518005,0.6328116999939084,Hard
3,26,III.7.38,0.0020580883137881756,0.001563144032843411,0.9926797151565552,0.4331791000440717,Easy
3,26,III.8.54,0.0010374642442911863,0.0017854917095974088,0.9853562712669373,15.259152699727565,Medium
3,26,III.9.52,0.00011534662189660594,0.0002021282271016389,0.9902324676513672,13.036992899607867,Hard
3,34,I.10.7,0.0006624097586609423,0.0008109518093988299,0.9926119446754456,6.023846199735999,Medium
3,34,I.11.19,0.03637295588850975,0.053086407482624054,0.8340798020362854,18.244345700368285,Medium
3,34,I.12.11,0.012858047150075436,0.01430539321154356,0.8846260905265808,16.645838600117713,Medium
3,34,I.12.1,0.0010563466930761933,0.0009992560371756554,0.9903165102005005,0.2508614999242127,Easy
3,34,I.12.2,0.00041700879228301346,0.0004976966301910579,0.5477793216705322,16.374310600105673,Medium
3,34,I.12.4,2.2019703465048224e-05,2.7437603421276435e-05,0.9915904402732849,5.495105999987572,Easy
3,34,I.12.5,0.0005629812949337065,0.000551089528016746,0.9946595430374146,0.5614857999607921,Easy
3,34,I.13.12,0.00013289949856698513,0.00012487306958064437,0.9901699423789978,4.051930599845946,Medium
3,34,I.13.4,0.0005949502228759229,0.000623483385425061,0.9938166737556458,0.7880490999668837,Medium
3,34,I.14.3,0.00033287660335190594,0.0003130508412141353,0.9922305345535278,0.6385095999576151,Easy
3,34,I.14.4,3.283339538029395e-05,3.329538230900653e-05,0.9961075782775879,0.8093384001404047,Easy
3,34,I.15.10,0.0008516285452060401,0.0008544197771698236,0.9920761585235596,1.7962401998229325,Medium
3,34,I.15.3t,0.008076787926256657,0.013874826952815056,0.9695147275924683,16.746519499924034,Hard
3,34,I.15.3x,0.007456038147211075,0.008318227715790272,0.9852869510650635,16.751657499931753,Hard
3,34,I.16.6,0.0017930548638105392,0.0017203185707330704,0.9951903223991394,0.5833037002012134,Medium
3,34,I.18.12,0.0024899127893149853,0.002647140994668007,0.9468242526054382,16.399448399897665,Easy
3,34,I.18.16,0.004680463578552008,0.005509275943040848,0.7050329446792603,16.42805380001664,Easy
3,34,I.18.4,0.0008496647933498025,0.0008553473744541407,0.9950006008148193,0.5864621000364423,Medium
3,34,I.24.6,1.3889626643504016e-05,1.7075419236789457e-05,0.9900259375572205,11.586104599758983,Medium
3,34,I.25.13,0.0029321645852178335,0.002649288158863783,0.9915539622306824,0.4312962000258267,Easy
3,34,I.26.2,0.0020728991366922855,0.0020648562349379063,0.9904884099960327,1.7615955998189747,Easy
3,34,I.27.6,0.00018973421538248658,0.0001660753187024966,0.994702160358429,1.1134540997445583,Easy
3,34,I.29.16,0.011753745377063751,0.014162873849272728,0.897711455821991,19.491388299968094,Hard
3,34,I.29.4,0.0004040993517264724,0.0004320379230193794,0.9962456226348877,0.4852435998618603,Medium
3,34,I.30.3,0.02438574843108654,0.030108513310551643,0.8296806812286377,17.8699554996565,Hard
3,34,I.30.5,0.001394948223605752,0.0012529826490208507,0.992055356502533,0.29643879970535636,Easy
3,34,I.32.17,0.020024806261062622,3.3945398330688477,0.25462406873703003,18.709637299645692,Hard
3,34,I.32.5,0.002091160276904702,0.004614903591573238,0.9690955281257629,16.48868150031194,Medium
3,34,I.34.10,0.003057073801755905,0.002279972890391946,0.9913797378540039,0.8386192000471056,Medium
3,34,I.34.14,0.001185950473882258,0.001024138182401657,0.9928445816040039,0.4103488000109792,Hard
3,34,I.34.27,0.0007372837280854583,0.0007212218479253352,0.9930108785629272,0.8135721003636718,Medium
3,34,I.34.8,0.004783888813108206,0.005125487223267555,0.8456931114196777,16.611278200056404,Medium
3,34,I.37.4,0.0031516081653535366,0.003302063560113311,0.995849072933197,1.4897536998614669,Hard
3,34,I.38.12,0.14329804480075836,0.09860292822122574,0.9901294112205505,2.9384429999627173,Medium
3,34,I.39.10,0.0008668664959259331,0.0008182303863577545,0.9923499226570129,0.3766093999147415,Medium
3,34,I.39.11,0.0005670005921274424,0.0004918459453620017,0.9918463826179504,1.164205300156027,Medium
3,34,I.39.22,0.00029027657001279294,0.0002268321259180084,0.9905098080635071,2.148431899957359,Hard
3,34,I.40.1,0.0021038728300482035,0.0018759453669190407,0.9779694676399231,18.044404200278223,Hard
3,34,I.41.16,8.047184383030981e-05,8.189396612579003e-05,0.9907300472259521,1.395663300063461,Hard
3,34,I.43.16,0.00020452536409720778,0.00022350322979036719,0.9906491041183472,0.8844242999330163,Easy
3,34,I.43.31,0.00023264953051693738,0.00023358684848062694,0.9902414679527283,0.47383130015805364,Medium
3,34,I.43.43,0.0004950471920892596,0.00048625541967339814,0.9932194352149963,1.1195646999403834,Medium
3,34,I.44.4,9.378718095831573e-05,0.00010772945097414777,0.9917154908180237,3.6086150999180973,Hard
3,34,I.47.23,0.00017013920296449214,0.00014849101717118174,0.9964944124221802,0.4556244001723826,Easy
3,34,I.50.26,0.0034407780040055513,0.005727843381464481,0.9752281904220581,16.45196990016848,Hard
3,34,I.6.20a,8.019345114007592e-05,7.859910692786798e-05,0.9959602952003479,0.2459539002738893,Hard
3,34,I.6.20b,0.0004187963786534965,0.00045732929720543325,0.9743532538414001,16.344640099909157,Hard
3,34,I.6.20,9.656880865804851e-05,0.00010378783917985857,0.9918533563613892,0.815507700201124,Hard
3,34,I.9.18,8.849569712765515e-05,0.00011315528536215425,0.856766939163208,19.130549299996346,Hard
3,34,II.10.9,0.00047400579205714166,0.00042040078551508486,0.9929670691490173,0.7111865999177098,Easy
3,34,II.11.17,0.010092060081660748,0.013417328707873821,0.8610779047012329,18.082970600109547,Hard
3,34,II.11.20,1.727818016661331e-05,1.426214657840319e-05,0.9920794367790222,3.131695100106299,Hard
3,34,II.11.27,0.0006555891595780849,0.001270906999707222,0.9912289381027222,3.5025113001465797,Hard
3,34,II.11.28,0.005483236163854599,0.005362587980926037,0.9924765229225159,0.5829944997094572,Hard
3,34,II.11.3,3.839750570477918e-05,3.3524989703437313e-05,0.9913990497589111,2.174293200019747,Medium
3,34,II.13.17,0.00012471571972128004,5.9903959481744096e-05,0.9930450916290283,3.6233462002128363,Easy
3,34,II.13.23,0.0008424794650636613,0.0009361064294353127,0.9914717078208923,2.68873029993847,Hard
3,34,II.13.34,0.0002726790844462812,0.0007916689501143992,0.9903250336647034,4.20302680041641,Hard
3,34,II.15.4,0.0004667486355174333,0.0005613612593151629,0.9903404712677002,3.836458799894899,Easy
3,34,II.15.5,0.0005077787791378796,0.0004805221105925739,0.9917314648628235,1.027937099803239,Easy
3,34,II.2.42,0.00010402755287941545,0.00016904818767216057,0.9913027882575989,7.734140300191939,Easy
3,34,II.21.32,6.973591371206567e-05,0.012412871234118938,0.5638357400894165,16.87884849961847,Medium
3,34,II.24.17,0.0004976008785888553,0.0005790750146843493,0.9914014935493469,0.31870989967137575,Hard
3,34,II.27.16,0.00012012875231448561,0.00012151090777479112,0.992996335029602,0.6457348000258207,Easy
3,34,II.27.18,0.00016655190847814083,0.00016248838801402599,0.9952509999275208,0.5082486001774669,Easy
3,34,II.3.24,1.547303509141784e-05,1.870152300398331e-05,0.9904429912567139,0.8746374002657831,Easy
3,34,II.34.11,5.616752969217487e-05,4.663886284106411e-05,0.9921948909759521,2.9976625996641815,Easy
3,34,II.34.29a,2.6228433398500783e-06,3.047569862246746e-06,0.990985095500946,2.1894469000399113,Medium
3,34,II.34.29b,6.187859980855137e-05,0.0001168624876299873,0.9905107021331787,4.308396199718118,Easy
3,34,II.34.2a,1.0666525668057147e-05,1.0565538104856387e-05,0.9921866059303284,1.544690600130707,Medium
3,34,II.34.2,4.9163289077114314e-05,4.9212885642191395e-05,0.9917761087417603,0.6458045998588204,Medium
3,34,II.35.18,0.00021849384938832372,0.0001748234935803339,0.990800678730011,3.1562216002494097,Hard
3,34,II.35.21,5.3020914492662996e-05,8.399754733545706e-05,0.9919227957725525,1.7777980999089777,Hard
3,34,II.36.38,0.000481150287669152,0.0006795130902901292,0.9939809441566467,6.740063200239092,Hard
3,34,II.37.1,0.0010619445238262415,0.0009296729695051908,0.9927219748497009,0.26301619969308376,Medium
3,34,II.38.14,0.00010318654676666483,9.447499905945733e-05,0.991623044013977,0.37033240031450987,Easy
3,34,II.38.3,0.00025960782659240067,0.00019704173610080034,0.9917562007904053,1.1096727000549436,Easy
3,34,II.4.23,6.743139238096774e-06,5.877273451915244e-06,0.9930399656295776,1.099469699896872,Easy
3,34,II.6.11,0.00021427373576443642,0.0002899131504818797,0.8540658950805664,17.877246600110084,Medium
3,34,II.6.15a,0.003695109160616994,0.01317684631794691,0.894005298614502,20.558580699842423,Hard
3,34,II.6.15b,0.00029433693271130323,0.0004519177891779691,0.9518841505050659,18.380814099684358,Hard
3,34,II.8.31,7.090023427736014e-05,7.872855348978192e-05,0.9915174245834351,0.5577875999733806,Easy
3,34,II.8.7,1.7804635490392684e-06,1.8658703311302816e-06,0.9921575784683228,1.8425301001407206,Medium
3,34,III.10.19,0.0006969630485400558,0.000954431714490056,0.9907270073890686,2.1559032001532614,Hard
3,34,III.12.43,0.00035814387956634164,0.000338242418365553,0.9928845763206482,0.36610900005325675,Easy
3,34,III.13.18,0.000388596294214949,0.00031382942688651383,0.9950273633003235,3.6843262002803385,Medium
3,34,III.14.14,0.007162029389292002,0.0056799957528710365,0.9286556839942932,18.371063600294292,Medium
3,34,III.15.12,0.007534749805927277,0.008080100640654564,0.9905357956886292,3.225513100158423,Medium
3,34,III.15.14,0.00037266648723743856,0.00043367844773456454,0.9915883541107178,1.082611400168389,Medium
3,34,III.15.27,0.04736516624689102,0.04225891828536987,0.9919725656509399,0.7142500998452306,Easy
3,34,III.17.37,0.0012375407386571169,0.0012176091549918056,0.9915104508399963,2.0675848997198045,Medium
3,34,III.19.51,1.490176231300211e-07,3.5159632716386113e-07,0.4015498757362366,18.465046299621463,Medium
3,34,III.21.20,0.00014613122039008886,0.00016630812024232,0.9930419921875,2.5350678004324436,Hard
3,34,III.4.32,0.018358100205659866,0.021654384210705757,0.9932089447975159,0.49494339991360903,Medium
3,34,III.4.33,0.0041017550975084305,0.004160661716014147,0.9935520887374878,0.7727720001712441,Hard
3,34,III.7.38,0.002137855626642704,0.0017382052028551698,0.9918599128723145,0.8318205000832677,Easy
3,34,III.8.54,0.00047068207641132176,0.001069803605787456,0.9912260174751282,15.063763899728656,Medium
3,34,III.9.52,0.00011723733769031242,0.00020001507073175162,0.9903345704078674,15.138411100022495,Hard
3,42,I.10.7,0.001098593813367188,0.0010611930629238486,0.9903321266174316,5.693371099885553,Medium
3,42,I.11.19,0.0503261461853981,0.06925036758184433,0.7835597395896912,20.371238000225276,Medium
3,42,I.12.11,0.010949268937110901,0.012988291680812836,0.8952485918998718,19.680716400034726,Medium
3,42,I.12.1,0.0005688864621333778,0.000550963741261512,0.9946607947349548,0.4971503000706434,Easy
3,42,I.12.2,0.0001544717379147187,0.0002652626426424831,0.7589751482009888,18.804446199908853,Medium
3,42,I.12.4,3.023930185008794e-05,2.7254260203335434e-05,0.9916466474533081,6.481952300295234,Easy
3,42,I.12.5,0.0009827212197706103,0.0008389551658183336,0.9918699264526367,0.597672900184989,Easy
3,42,I.13.12,0.00012160730693722144,0.00012291260645724833,0.9903243184089661,7.356334500014782,Medium
3,42,I.13.4,0.0007083936943672597,0.0007217370439320803,0.9928422570228577,1.1640567001886666,Medium
3,42,I.14.3,0.00031501028570346534,0.00031955205486156046,0.9920691847801208,0.7390144998207688,Easy
3,42,I.14.4,7.144826668081805e-05,6.521806790260598e-05,0.9923756122589111,0.9748851000331342,Easy
3,42,I.15.10,0.0010975003242492676,0.001072258222848177,0.9900559782981873,2.0282259001396596,Medium
3,42,I.15.3t,0.003632297972217202,0.006287863478064537,0.9861845374107361,17.865061199758202,Hard
3,42,I.15.3x,0.0038440809585154057,0.004786895588040352,0.9915330410003662,14.210568299982697,Hard
3,42,I.16.6,0.003185649635270238,0.0032470934092998505,0.9909217953681946,0.3325859000906348,Medium
3,42,I.18.12,0.0019532411824911833,0.0021277079358696938,0.9572586417198181,18.702102600131184,Easy
3,42,I.18.16,0.0034523233771324158,0.0045236931182444096,0.7578011155128479,19.321520399767905,Easy
3,42,I.18.4,0.0012198927579447627,0.0012455459218472242,0.9927199482917786,0.6732095000334084,Medium
3,42,I.24.6,0.0014267286751419306,0.0013957673218101263,0.1847054362297058,20.557353199925274,Medium
3,42,I.25.13,0.002151310443878174,0.001923636649735272,0.9938673973083496,0.7752368003129959,Easy
3,42,I.26.2,0.0020682618487626314,0.0019519408233463764,0.9910085201263428,1.145118999760598,Easy
3,42,I.27.6,0.0002182284224545583,0.00020302121993154287,0.9935235977172852,0.896132200025022,Easy
3,42,I.29.16,0.024233533069491386,0.03170659393072128,0.7710055112838745,18.912474799901247,Hard
3,42,I.29.4,0.0005390908336266875,0.00046409768401645124,0.9959670305252075,0.3924005003646016,Medium
3,42,I.30.3,0.01676935888826847,0.023640291765332222,0.8662704229354858,19.027048000134528,Hard
3,42,I.30.5,0.0017906691646203399,0.001528272987343371,0.9903098940849304,0.5113397003151476,Easy
3,42,I.32.17,0.0105960788205266,4.435244560241699,0.026105225086212158,22.033325700089335,Hard
3,42,I.32.5,0.007081394549459219,0.01476922444999218,0.901095449924469,18.970394199714065,Medium
3,42,I.34.10,0.00302030798047781,0.0026046361308544874,0.9901522397994995,1.2673063999973238,Medium
3,42,I.34.14,0.001510088099166751,0.0012159054167568684,0.9915047287940979,0.5759221999906003,Hard
3,42,I.34.27,0.0006575947045348585,0.0005965054151602089,0.9942194223403931,0.4987699999473989,Medium
3,42,I.34.8,0.0026956265792250633,0.0027738281060010195,0.916491687297821,18.6630378998816,Medium
3,42,I.37.4,0.005864616483449936,0.006581311114132404,0.991726815700531,0.5785425999201834,Hard
3,42,I.38.12,0.0820346400141716,0.09773203730583191,0.9902165532112122,1.8695275001227856,Medium
3,42,I.39.10,0.00031265075085684657,0.0002920306578744203,0.9972696304321289,0.359672199934721,Medium
3,42,I.39.11,0.0005032382323406637,0.0005458889645524323,0.9909505248069763,0.38254430005326867,Medium
3,42,I.39.22,0.00017910088354256004,0.00016905477968975902,0.9929271340370178,1.6382301999256015,Hard
3,42,I.40.1,0.0013312166556715965,0.0011645486811175942,0.986323893070221,21.10354089969769,Hard
3,42,I.41.16,6.576854502782226e-05,8.123726001940668e-05,0.9908044338226318,1.598703000228852,Hard
3,42,I.43.16,0.00017628255591262132,0.0002006500435527414,0.9916052222251892,2.069859200157225,Easy
3,42,I.43.31,0.0001972279860638082,0.00021036207908764482,0.9912117123603821,0.8349796002730727,Medium
3,42,I.43.43,0.0003500602033454925,0.0003056007844861597,0.9957385659217834,1.7012213999405503,Medium
3,42,I.44.4,8.013744809431955e-05,9.781033440958709e-05,0.9924783110618591,2.9381452999077737,Hard
3,42,I.47.23,0.0002550073550082743,0.000244871829636395,0.9942190647125244,0.6529784998856485,Easy
3,42,I.50.26,0.003191774943843484,0.004943368025124073,0.9786208868026733,19.12733139982447,Hard
3,42,I.6.20a,7.753500540275127e-05,7.96449021436274e-05,0.9959065318107605,0.34869250003248453,Hard
3,42,I.6.20b,0.002250554272904992,0.0022035581059753895,0.8764257431030273,18.86904799984768,Hard
3,42,I.6.20,8.090618212008849e-05,8.300096669699997e-05,0.9934849739074707,0.7226712997071445,Hard
3,42,I.9.18,6.342927372315899e-05,7.526938134105876e-05,0.9047232866287231,24.986337299924344,Hard
3,42,II.10.9,0.00045178105938248336,0.0003806097083725035,0.9936327338218689,0.38073320034891367,Easy
3,42,II.11.17,0.008665990084409714,0.010940964333713055,0.8867179751396179,21.182543400209397,Hard
3,42,II.11.20,1.4568871847586706e-05,1.6683068679412827e-05,0.9907349944114685,8.21979540027678,Hard
3,42,II.11.27,0.00043989019468426704,0.0013884881045669317,0.99041748046875,5.554903000127524,Hard
3,42,II.11.28,0.003260366152971983,0.002587060211226344,0.9963704347610474,0.36922150012105703,Hard
3,42,II.11.3,2.4476636099279858e-05,3.246578125981614e-05,0.9916707873344421,4.146983900107443,Medium
3,42,II.13.17,0.00010623245179885998,6.820771523052827e-05,0.9920809864997864,4.780502500012517,Easy
3,42,II.13.23,0.0009718671790324152,0.0009264459949918091,0.9915597438812256,6.24371730023995,Hard
3,42,II.13.34,0.00034529651748016477,0.0004954867763444781,0.9939446449279785,7.155210299883038,Hard
3,42,II.15.4,0.0019010165706276894,0.0023274787236005068,0.9599502682685852,18.860086699947715,Easy
3,42,II.15.5,0.00044160918332636356,0.0005023551057092845,0.9913557767868042,2.5152560002170503,Easy
3,42,II.2.42,0.0001356314605800435,0.00018165165965911,0.9906544089317322,7.042228499893099,Easy
3,42,II.21.32,8.59146166476421e-05,0.01208843570202589,0.5752358436584473,20.692265500314534,Medium
3,42,II.24.17,0.000353913230355829,0.00036976824048906565,0.9945094585418701,0.5094163999892771,Hard
3,42,II.27.16,0.00014582090079784393,0.00014839950017631054,0.9914464950561523,1.297149599995464,Easy
3,42,II.27.18,0.00028904288774356246,0.00025426558568142354,0.9925686717033386,0.6350924000144005,Easy
3,42,II.3.24,1.0229760846414138e-05,1.0456818927195854e-05,0.9946562647819519,0.9511547996662557,Easy
3,42,II.34.11,5.513599171536043e-05,5.39084903721232e-05,0.9909783601760864,1.4307681997306645,Easy
3,42,II.34.29a,2.332577423658222e-06,2.5250562885048566e-06,0.9925307035446167,2.2242972999811172,Medium
3,42,II.34.29b,7.112754246918485e-05,0.00011962689313804731,0.9902862310409546,6.127862600143999,Easy
3,42,II.34.2a,1.3130656043358613e-05,1.3442753697745502e-05,0.9900588989257812,2.2501385998912156,Medium
3,42,II.34.2,5.5306012654909864e-05,5.6132717872969806e-05,0.9906197786331177,1.6452875998802483,Medium
3,42,II.35.18,0.0001652438659220934,0.00014102557906880975,0.9925791621208191,1.395473999902606,Hard
3,42,II.35.21,7.265667227329686e-05,9.031355148181319e-05,0.991315484046936,1.8306317999958992,Hard
3,42,II.36.38,0.0005142625304870307,0.0010156097123399377,0.9910038113594055,13.965579300187528,Hard
3,42,II.37.1,0.0008142457227222621,0.000881875806953758,0.9930961728096008,1.1829681997187436,Medium
3,42,II.38.14,7.804977940395474e-05,7.56920562707819e-05,0.993288516998291,0.46752650011330843,Easy
3,42,II.38.3,0.00021110537636559457,0.0001632070488994941,0.993171751499176,3.9060719995759428,Easy
3,42,II.4.23,7.489187737519387e-06,7.234726581373252e-06,0.9914324283599854,1.3946846998296678,Easy
3,42,II.6.11,1.1880317288159858e-05,1.6136031263158657e-05,0.991877555847168,7.539600000251085,Medium
3,42,II.6.15a,0.03347848728299141,0.05809253081679344,0.5327031016349792,20.374044000171125,Hard
3,42,II.6.15b,0.000608410278800875,0.00046207194100134075,0.9508030414581299,19.965786600019783,Hard
3,42,II.8.31,5.471532131196e-05,5.480783511302434e-05,0.994094729423523,0.3924364000558853,Easy
3,42,II.8.7,1.8159785213356372e-06,2.1220271264610346e-06,0.9910809397697449,1.6387086999602616,Medium
3,42,III.10.19,0.000490830629132688,0.00059274781960994,0.9942409992218018,1.4563289997167885,Hard
3,42,III.12.43,0.00015719354269094765,0.0001629273610888049,0.9965725541114807,0.49028460029512644,Easy
3,42,III.13.18,0.0006315188948065042,0.0006010799552313983,0.9904758930206299,2.2479513003490865,Medium
3,42,III.14.14,0.0007453858270309865,0.0024494780227541924,0.9692330360412598,20.794016799889505,Medium
3,42,III.15.12,0.005676943808794022,0.007204386405646801,0.9915615320205688,5.299164200201631,Medium
3,42,III.15.14,0.0005249753012321889,0.00048354847240261734,0.9906210899353027,1.100909199565649,Medium
3,42,III.15.27,0.05026257410645485,0.04007511958479881,0.9923874139785767,0.896841200068593,Easy
3,42,III.17.37,0.0007378190639428794,0.0007972413441166282,0.9944413900375366,1.1144377999007702,Medium
3,42,III.19.51,6.329283905870398e-07,8.650903851048497e-07,-0.4724653959274292,20.53628270002082,Medium
3,42,III.21.20,0.00021666855900548398,0.00021381268743425608,0.9910545349121094,2.704340800177306,Hard
3,42,III.4.32,0.01605691760778427,0.021018899977207184,0.9934082627296448,0.8776843999512494,Medium
3,42,III.4.33,0.0028064060024917126,0.002794453874230385,0.9956693053245544,0.7274357997812331,Hard
3,42,III.7.38,0.0021553949918597937,0.0016799623845145106,0.9921326637268066,0.5758380996994674,Easy
3,42,III.8.54,0.0009641583892516792,0.0011960671981796622,0.9901904463768005,10.0763640999794,Medium
3,42,III.9.52,0.00022297825489658862,0.0003810553753282875,0.9815860986709595,21.041207499802113,Hard
3,50,I.10.7,0.0007795438868924975,0.0008108958718366921,0.9926124215126038,5.305676100309938,Medium
3,50,I.11.19,0.04493306577205658,0.06026921421289444,0.811630129814148,21.60967390006408,Medium
3,50,I.12.11,0.009868240915238857,0.012507806532084942,0.8991237282752991,21.243181300349534,Medium
3,50,I.12.1,0.0009084238554351032,0.0008888427983038127,0.9913864731788635,0.6027239002287388,Easy
3,50,I.12.2,0.0001047283731168136,0.0002044527791440487,0.8142286539077759,18.855812899768353,Medium
3,50,I.12.4,2.0263154510757886e-05,2.813880746543873e-05,0.9913755059242249,6.585414099972695,Easy
3,50,I.12.5,0.0008262090850621462,0.0007266857428476214,0.9929578900337219,0.7265441999770701,Easy
3,50,I.13.12,8.722277561901137e-05,9.360753756482154e-05,0.992631196975708,16.7741760998033,Medium
3,50,I.13.4,0.0009076891583390534,0.0009617921314202249,0.990461528301239,3.805850800126791,Medium
3,50,I.14.3,0.00039043923607096076,0.000373915012460202,0.9907199740409851,0.5531357997097075,Easy
3,50,I.14.4,4.2131236114073545e-05,4.454235750017688e-05,0.9947926998138428,0.5455380999483168,Easy
3,50,I.15.10,0.0008636790444143116,0.0008346436661668122,0.9922595620155334,1.6952408999204636,Medium
3,50,I.15.3t,0.011991500854492188,0.019742801785469055,0.9566218256950378,18.64935200009495,Hard
3,50,I.15.3x,0.012356548570096493,0.017428288236260414,0.9691733121871948,18.893868300132453,Hard
3,50,I.16.6,0.0030193987768143415,0.002880872692912817,0.9919456839561462,0.553341600112617,Medium
3,50,I.18.12,0.0011804916430264711,0.0011348678963258862,0.9772027730941772,17.093003900256008,Easy
3,50,I.18.16,0.0028733706567436457,0.003750560339540243,0.7991946935653687,18.485818499699235,Easy
3,50,I.18.4,0.0008886578725650907,0.0009646998951211572,0.9943614602088928,0.5938578001223505,Medium
3,50,I.24.6,9.97653987724334e-05,8.75804980751127e-05,0.9488425254821777,18.592165700159967,Medium
3,50,I.25.13,0.001097794040106237,0.0010452007409185171,0.9966678619384766,0.538982099853456,Easy
3,50,I.26.2,0.0015949547523632646,0.0017680729506537318,0.9918555021286011,0.5329144997522235,Easy
3,50,I.27.6,0.0001683011360000819,0.00015560559404548258,0.9950361847877502,0.49556579999625683,Easy
3,50,I.29.16,0.011652017943561077,0.014995280653238297,0.8916996121406555,19.156169100198895,Hard
3,50,I.29.4,0.0006076375721022487,0.0005263729253783822,0.9954258799552917,0.596394999884069,Medium
3,50,I.30.3,0.022395407781004906,0.04516099393367767,0.7445310354232788,17.06573330005631,Hard
3,50,I.30.5,0.0006835736567154527,0.0006519458838738501,0.9958662986755371,1.9786642002873123,Easy
3,50,I.32.17,0.05215832218527794,4.257373809814453,0.06516224145889282,22.411442200187594,Hard
3,50,I.32.5,0.003786982037127018,0.006174431182444096,0.9586519002914429,18.943265300244093,Medium
3,50,I.34.10,0.0023056622594594955,0.0017768106190487742,0.9932821393013,0.8123842999339104,Medium
3,50,I.34.14,0.0007044504163786769,0.0006230301805771887,0.9956470131874084,1.254149700049311,Hard
3,50,I.34.27,0.0011140655260533094,0.0009687170968391001,0.9906124472618103,1.1253070002421737,Medium
3,50,I.34.8,0.009362448006868362,0.009626155719161034,0.710196852684021,18.793509799987078,Medium
3,50,I.37.4,0.006655968260020018,0.0072640907019376755,0.9908685088157654,0.8965135999023914,Hard
3,50,I.38.12,0.14245709776878357,0.08956494182348251,0.9910341501235962,3.2989027998410165,Medium
3,50,I.39.10,0.0009429572965018451,0.000955664727371186,0.9910649657249451,0.2665317999199033,Medium
3,50,I.39.11,0.0005118592525832355,0.0005390217411331832,0.9910643696784973,0.6122878999449313,Medium
3,50,I.39.22,0.00034895550925284624,0.00020932775805704296,0.9912421703338623,1.9874530001543462,Hard
3,50,I.40.1,0.001363574294373393,0.0034119519405066967,0.9599311351776123,21.53301679994911,Hard
3,50,I.41.16,8.549512858735397e-05,8.483600686304271e-05,0.990397036075592,1.1781192999333143,Hard
3,50,I.43.16,0.00015296728815883398,0.00015453393280040473,0.9935346245765686,3.5457698996178806,Easy
3,50,I.43.31,9.098446025745943e-05,0.0001022160067805089,0.9957297444343567,1.5021017002873123,Medium
3,50,I.43.43,0.00017396775365341455,0.00016719286213628948,0.9976685643196106,2.392998700030148,Medium
3,50,I.44.4,0.00011198892025277019,0.00012705718108918518,0.9902291893959045,11.637705400120467,Hard
3,50,I.47.23,0.00036631207331083715,0.0003253876056987792,0.9923182129859924,0.41892389999702573,Easy
3,50,I.50.26,0.005062188021838665,0.0071900212205946445,0.9689045548439026,18.827859700191766,Hard
3,50,I.6.20a,6.777973612770438e-05,6.923533510416746e-05,0.9964415431022644,0.3281245999969542,Hard
3,50,I.6.20b,0.00015294882177840918,0.00017212172679137439,0.9903475046157837,5.604060799814761,Hard
3,50,I.6.20,0.00012038853310514241,0.00011823933164123446,0.9907190203666687,0.9925775998272002,Hard
3,50,I.9.18,5.68526957067661e-05,8.267999510280788e-05,0.8953428268432617,23.107147899921983,Hard
3,50,II.10.9,0.00036949431523680687,0.00030180945759639144,0.9949510097503662,0.6717822998762131,Easy
3,50,II.11.17,0.007770648691803217,0.008081130683422089,0.9163285493850708,25.56045059999451,Hard
3,50,II.11.20,3.323804048704915e-05,3.488194852252491e-05,0.9806281924247742,23.91556859994307,Hard
3,50,II.11.27,0.0006103260675445199,0.0014105255249887705,0.9902653694152832,2.0646188999526203,Hard
3,50,II.11.28,0.0067605627700686455,0.006697980687022209,0.990602970123291,0.5420190999284387,Hard
3,50,II.11.3,2.893993405450601e-05,3.7262005207594484e-05,0.990440309047699,3.302216100040823,Medium
3,50,II.13.17,6.440464494517073e-05,5.651887840940617e-05,0.9934380650520325,4.139040399808437,Easy
3,50,II.13.23,0.00034190635778941214,0.0009759077220223844,0.9911091327667236,9.133137499913573,Hard
3,50,II.13.34,0.0002466682926751673,0.0008040809188969433,0.99017333984375,9.193338499870151,Hard
3,50,II.15.4,0.0003128801181446761,0.0003498047008179128,0.9939807653427124,0.9757288997061551,Easy
3,50,II.15.5,0.0004217173845972866,0.0004927195841446519,0.9915215969085693,1.8975676000118256,Easy
3,50,II.2.42,0.0001664271840127185,0.000191154598724097,0.9901654720306396,4.379973100032657,Easy
3,50,II.21.32,0.0007493324810639024,0.01439068652689457,0.4943391680717468,22.2168066999875,Medium
3,50,II.24.17,0.0004974471521563828,0.0005397116183303297,0.9919860363006592,0.6454075002111495,Hard
3,50,II.27.16,0.00013197709631640464,0.00014458567602559924,0.991666316986084,1.4790102001279593,Easy
3,50,II.27.18,0.00026130201877094805,0.0002497573441360146,0.992700457572937,0.5656825001351535,Easy
3,50,II.3.24,1.045419503498124e-05,8.432208232989069e-06,0.9956908822059631,0.6953199002891779,Easy
3,50,II.34.11,5.1318751502549276e-05,5.852871254319325e-05,0.9902051091194153,5.014806800056249,Easy
3,50,II.34.29a,2.7911703455174575e-06,3.347375468365499e-06,0.990098237991333,4.352102600038052,Medium
3,50,II.34.29b,5.1929891924373806e-05,0.00010438299068482593,0.9915240406990051,3.388545300345868,Easy
3,50,II.34.2a,1.0866465345316101e-05,1.1175498002558015e-05,0.9917355179786682,1.9443777003325522,Medium
3,50,II.34.2,5.266641892376356e-05,4.513935709837824e-05,0.99245685338974,0.972465599887073,Medium
3,50,II.35.18,0.00014560468844138086,0.00015355052892118692,0.9919200539588928,1.4898566002957523,Hard
3,50,II.35.21,5.047187732998282e-05,9.546990622766316e-05,0.9908196330070496,3.444831999950111,Hard
3,50,II.36.38,0.00048737978795543313,0.0009022184531204402,0.9920082092285156,15.274656400084496,Hard
3,50,II.37.1,0.0008843319956213236,0.0008560027345083654,0.9932987093925476,1.0237639001570642,Medium
3,50,II.38.14,0.0001039922353811562,9.05260385479778e-05,0.9919732213020325,0.502018999774009,Easy
3,50,II.38.3,0.0002385366678936407,0.00015415942471008748,0.9935503005981445,1.5652272999286652,Easy
3,50,II.4.23,8.123586667352356e-06,6.930946256034076e-06,0.9917921423912048,0.8313314998522401,Easy
3,50,II.6.11,0.00012119495659135282,0.0001510645670350641,0.9239583611488342,19.71060650004074,Medium
3,50,II.6.15a,0.00892474502325058,0.006931370124220848,0.9442439675331116,23.40576930018142,Hard
3,50,II.6.15b,0.0013254971709102392,0.0019682657439261675,0.7904380559921265,20.111463100183755,Hard
3,50,II.8.31,7.525654655182734e-05,6.97377763572149e-05,0.9924861192703247,0.644962599966675,Easy
3,50,II.8.7,2.636817498569144e-06,2.286213430124917e-06,0.9903908371925354,2.4109163000248373,Medium
3,50,III.10.19,0.0008118058321997523,0.0010243054712191224,0.9900481104850769,1.054367700126022,Hard
3,50,III.12.43,0.0004781142342835665,0.0004676943935919553,0.9901613593101501,0.4515689997933805,Easy
3,50,III.13.18,0.0004293732636142522,0.0003892167878802866,0.9938328266143799,1.7335056001320481,Medium
3,50,III.14.14,0.009916984476149082,0.01016670186072588,0.87229984998703,22.26133480016142,Medium
3,50,III.15.12,0.005130446050316095,0.007243774831295013,0.9915153980255127,2.5586068998090923,Medium
3,50,III.15.14,0.0004007545066997409,0.00044680407154373825,0.9913337826728821,1.310996700078249,Medium
3,50,III.15.27,0.0451599545776844,0.039231933653354645,0.9925475716590881,0.9453718001022935,Easy
3,50,III.17.37,0.0011896907817572355,0.0012929934309795499,0.9909848570823669,0.811134799849242,Medium
3,50,III.19.51,2.5304211703769397e-07,4.1037742448679637e-07,0.3014989495277405,22.194017300382257,Medium
3,50,III.21.20,0.00022101649665273726,0.0002102538855979219,0.9912034273147583,1.5455883000977337,Hard
3,50,III.4.32,0.025163492187857628,0.02805427461862564,0.9912018775939941,1.344302300363779,Medium
3,50,III.4.33,0.005767195485532284,0.005823691375553608,0.9909747838973999,0.5601822999306023,Hard
3,50,III.7.38,0.0014797624899074435,0.0011621895246207714,0.9945574402809143,0.734680799767375,Easy
3,50,III.8.54,0.0006439444841817021,0.00120140693616122,0.9901466369628906,11.886214700061828,Medium
3,50,III.9.52,0.00011560928396647796,0.00020168322953395545,0.9902539849281311,20.20805689971894,Hard
3,58,I.10.7,0.00031804764876142144,0.0008190670632757246,0.9925379753112793,6.6999216000549495,Medium
3,58,I.11.19,0.08636937290430069,0.1384035050868988,0.5674233436584473,23.679041900206357,Medium
3,58,I.12.11,0.020208805799484253,0.028571341186761856,0.7695702314376831,23.091215500142425,Medium
3,58,I.12.1,0.0006315016653388739,0.0005859375814907253,0.994321882724762,0.949240599758923,Easy
3,58,I.12.2,0.0005035782232880592,0.0006018962594680488,0.45310068130493164,23.43848690018058,Medium
3,58,I.12.4,2.455730464134831e-05,3.092811311944388e-05,0.9905205965042114,6.595223899930716,Easy
3,58,I.12.5,0.00038720827433280647,0.0003167320683132857,0.9969306588172913,0.7600270002149045,Easy
3,58,I.13.12,0.00010426508379168808,0.0001207808090839535,0.9904921054840088,10.042404200416058,Medium
3,58,I.13.4,0.0009965611388906837,0.0010071248980239034,0.990011990070343,2.002472400199622,Medium
3,58,I.14.3,0.00029725104104727507,0.00027437115204520524,0.9931905269622803,1.0569937997497618,Easy
3,58,I.14.4,8.801073272479698e-05,8.320872439071536e-05,0.9902724027633667,1.0835106000304222,Easy
3,58,I.15.10,0.0008049055468291044,0.0007161545217968524,0.9933584332466125,3.305463000200689,Medium
3,58,I.15.3t,0.011376419104635715,0.021926604211330414,0.9518236517906189,23.261515100020915,Hard
3,58,I.15.3x,0.005035465583205223,0.0077245174907147884,0.9863370656967163,23.005649900063872,Hard
3,58,I.16.6,0.0024302350357174873,0.002453835215419531,0.9931395649909973,0.49272159999236465,Medium
3,58,I.18.12,0.003092775586992502,0.0032612355425953865,0.9344883561134338,19.8998521999456,Easy
3,58,I.18.16,0.002350958762690425,0.0029894292820245028,0.8399457335472107,22.508820400107652,Easy
3,58,I.18.4,0.0015654227463528514,0.0015605714870616794,0.990878701210022,1.6979072000831366,Medium
3,58,I.24.6,1.195384538732469e-05,1.6184747437364422e-05,0.9905461668968201,13.52485160017386,Medium
3,58,I.25.13,0.00301364716142416,0.002746799262240529,0.9912431240081787,0.2929473998956382,Easy
3,58,I.26.2,0.0020096665248274803,0.0020707976073026657,0.9904610514640808,1.1700927000492811,Easy
3,58,I.27.6,0.00028461802867241204,0.00029500576783902943,0.9905892610549927,0.6363184000365436,Easy
3,58,I.29.16,0.01493747066706419,0.01653682254254818,0.8805661201477051,22.77372259972617,Hard
3,58,I.29.4,0.0009425453026778996,0.0007811735267750919,0.9932116866111755,0.6191909001208842,Medium
3,58,I.30.3,0.02465173974633217,0.033247046172618866,0.8119264245033264,19.795327600091696,Hard
3,58,I.30.5,0.0009298730874434114,0.0009353311033919454,0.9940694570541382,0.5795626002363861,Easy
3,58,I.32.17,0.011603806167840958,3.060642957687378,0.3279414176940918,22.185072700027376,Hard
3,58,I.32.5,0.003721080254763365,0.011192955076694489,0.9250445365905762,21.656729700043797,Medium
3,58,I.34.10,0.0036404693964868784,0.0023611553478986025,0.9910728335380554,0.6094344998709857,Medium
3,58,I.34.14,0.000926369393710047,0.0009036432602442801,0.9936864376068115,0.9090796001255512,Hard
3,58,I.34.27,0.0008962050778791308,0.0008530878694728017,0.9917329549789429,0.5665231999009848,Medium
3,58,I.34.8,0.007033563684672117,0.0069788238033652306,0.7898969054222107,21.513566700275987,Medium
3,58,I.37.4,0.004287707153707743,0.00475481990724802,0.9940228462219238,0.8222583997994661,Hard
3,58,I.38.12,0.14468660950660706,0.08134065568447113,0.9918574094772339,8.136608900036663,Medium
3,58,I.39.10,0.0007221540436148643,0.0006497090798802674,0.9939255118370056,0.36756790010258555,Medium
3,58,I.39.11,0.0004953325842507184,0.0004509395221248269,0.9925245046615601,1.2764475997537374,Medium
3,58,I.39.22,0.00030188882374204695,0.00023236058768816292,0.9902785420417786,2.4252288001589477,Hard
3,58,I.40.1,0.0008715828880667686,0.0012180294143036008,0.9856958389282227,23.993987000081688,Hard
3,58,I.41.16,4.4633088691625744e-05,5.202986721997149e-05,0.9941105246543884,4.539460300002247,Hard
3,58,I.43.16,0.00026417465414851904,0.00022047471429686993,0.9907758235931396,1.950916999951005,Easy
3,58,I.43.31,0.00022904793149791658,0.0002102123253280297,0.9912179708480835,0.7276824000291526,Medium
3,58,I.43.43,0.00042889389442279935,0.00041494303150102496,0.994213879108429,1.00495700025931,Medium
3,58,I.44.4,7.168864249251783e-05,9.340789256384596e-05,0.9928168654441833,9.423741600010544,Hard
3,58,I.47.23,0.0002074178628390655,0.00021405464212875813,0.9949465990066528,0.9636741001158953,Easy
3,58,I.50.26,0.005442445632070303,0.007700397167354822,0.9666972756385803,22.76113720005378,Hard
3,58,I.6.20a,9.762175614014268e-05,9.677956404630095e-05,0.9950259327888489,0.3270545001141727,Hard
3,58,I.6.20b,0.000539527100045234,0.0006281920941546559,0.9647713303565979,20.26010370021686,Hard
3,58,I.6.20,5.0244099838892e-05,5.4206844652071595e-05,0.9957451224327087,0.5988600002601743,Hard
3,58,I.9.18,0.00011029389861505479,0.00014595375978387892,0.8152502775192261,27.490830699913204,Hard
3,58,II.10.9,0.0005804028478451073,0.00043168957927264273,0.9927782416343689,0.8818373000249267,Easy
3,58,II.11.17,0.008228536695241928,0.008548147976398468,0.9114930629730225,25.047691400162876,Hard
3,58,II.11.20,1.4236691640689969e-05,1.5990834071999416e-05,0.9911194443702698,13.813138599973172,Hard
3,58,II.11.27,0.0007355606066994369,0.0013434311840683222,0.9907284379005432,3.2801335998810828,Hard
3,58,II.11.28,0.004612198565155268,0.004849432501941919,0.993196427822113,1.4275042000226676,Hard
3,58,II.11.3,2.7619427783065476e-05,3.145698065054603e-05,0.9919296503067017,12.321719700004905,Medium
3,58,II.13.17,9.527687507215887e-05,5.629414226859808e-05,0.9934641718864441,4.78808750025928,Easy
3,58,II.13.23,0.0007670418708585203,0.0007533460156992078,0.9931367635726929,4.13251330005005,Hard
3,58,II.13.34,0.0002807443670462817,0.0007942186202853918,0.9902938604354858,9.539100999943912,Hard
3,58,II.15.4,0.0005715890438295901,0.0005701244808733463,0.9901896715164185,1.6454375004395843,Easy
3,58,II.15.5,0.00048091536154970527,0.0005498871905729175,0.9905378818511963,3.301232900004834,Easy
3,58,II.2.42,0.00012472932576201856,0.00016299932030960917,0.9916139841079712,5.221149299759418,Easy
3,58,II.21.32,0.0006345098954625428,0.01570226065814495,0.4482530355453491,22.909628900233656,Medium
3,58,II.24.17,0.0005048917955718935,0.0005868547013960779,0.9912859797477722,0.9063738002441823,Hard
3,58,II.27.16,0.0001586958533152938,0.000158655020641163,0.9908553957939148,1.043098900001496,Easy
3,58,II.27.18,0.0002871176111511886,0.0002736880851443857,0.9920010566711426,0.9299587998539209,Easy
3,58,II.3.24,6.089869202696718e-06,5.327851340553025e-06,0.9972773194313049,1.3703501001000404,Easy
3,58,II.34.11,5.559897545026615e-05,5.5958706070668995e-05,0.9906352162361145,2.2781762001104653,Easy
3,58,II.34.29a,3.517407094477676e-06,3.2899695270316442e-06,0.9902680516242981,1.5697686998173594,Medium
3,58,II.34.29b,4.0264239942189306e-05,7.369917148025706e-05,0.9940155744552612,3.5275286003015935,Easy
3,58,II.34.2a,1.3404744095169008e-05,1.3012952877033968e-05,0.9903767108917236,0.8648907002061605,Medium
3,58,II.34.2,3.1559720810037106e-05,2.9301019822014496e-05,0.9951035380363464,1.0429201000370085,Medium
3,58,II.35.18,0.00023769406834617257,0.0001882126380223781,0.9900960922241211,1.1880993000231683,Hard
3,58,II.35.21,6.519849557662383e-05,9.372707427246496e-05,0.990987241268158,2.789102000184357,Hard
3,58,II.36.38,0.0005060654366388917,0.0011045812861993909,0.9902157187461853,11.57275169994682,Hard
3,58,II.37.1,0.0010721759172156453,0.0011363287921994925,0.9911041259765625,0.9163998002186418,Medium
3,58,II.38.14,0.00010579177614999935,0.00010299871792085469,0.9908672571182251,0.8859374998137355,Easy
3,58,II.38.3,0.00023175918613560498,0.000194137726793997,0.9918776750564575,1.2847985001280904,Easy
3,58,II.4.23,4.067136615049094e-06,3.563095560821239e-06,0.9957804679870605,2.977863200008869,Easy
3,58,II.6.11,0.0001177494996227324,0.0001596832153154537,0.9196199774742126,22.872648700140417,Medium
3,58,II.6.15a,0.0038871443830430508,0.004020660649985075,0.967657744884491,22.97363780019805,Hard
3,58,II.6.15b,0.001019545248709619,0.0013443829957395792,0.8568630814552307,23.705418800003827,Hard
3,58,II.8.31,8.808050188235939e-05,7.727248885203153e-05,0.9916743040084839,0.43342990009114146,Easy
3,58,II.8.7,2.378865019636578e-06,2.3722486730548553e-06,0.9900292158126831,6.238734600134194,Medium
3,58,III.10.19,0.0006250212318263948,0.0009374429355375469,0.9908920526504517,2.5571326999925077,Hard
3,58,III.12.43,0.0002847961150109768,0.00027833975036628544,0.9941446781158447,0.49942340003326535,Easy
3,58,III.13.18,0.0004739149590022862,0.0004280925204511732,0.993216872215271,3.154062299989164,Medium
3,58,III.14.14,0.006422111764550209,0.011043461039662361,0.8612872362136841,24.563525199890137,Medium
3,58,III.15.12,0.007374098990112543,0.008319576270878315,0.9902552962303162,2.5061466000042856,Medium
3,58,III.15.14,0.00035447796108201146,0.0003166422829963267,0.9938583970069885,1.428613900206983,Medium
3,58,III.15.27,0.04629113897681236,0.03993171826004982,0.992414653301239,0.9041491998359561,Easy
3,58,III.17.37,0.0013333699898794293,0.0014039227971807122,0.9902114272117615,1.7404539003036916,Medium
3,58,III.19.51,3.14100219611646e-07,6.202215558914759e-07,-0.055675506591796875,22.561534599866718,Medium
3,58,III.21.20,0.00016203972336370498,0.00016207894077524543,0.9932189583778381,1.2058151001110673,Hard
3,58,III.4.32,0.02603020705282688,0.030922915786504745,0.9903022646903992,1.6886303997598588,Medium
3,58,III.4.33,0.0019014228601008654,0.0019640757236629725,0.9969561696052551,1.4204130000434816,Hard
3,58,III.7.38,0.002160834614187479,0.0020113710779696703,0.990580677986145,1.0295067001134157,Easy
3,58,III.8.54,0.022204698994755745,0.024192143231630325,0.8015879988670349,22.583488800097257,Medium
3,58,III.9.52,0.00010137757635675371,0.00020492574549280107,0.9900972843170166,22.4266600003466,Hard
